{
"type": "FeatureCollection",
"name": "corrego_bigorrilho",
"crs": { "type": "name", "properties": { "name": "urn:ogc:def:crs:EPSG::4674" } },
"features": [
{ "type": "Feature", "properties": { "ar_hectare": 34005.0155858 }, "geometry": { "type": "MultiPolygon", "coordinates": [ [ [ [ -49.288934022009627, -25.431988936254683 ], [ -49.288935594142387, -25.431987544756101 ], [ -49.288937166275112, -25.431986153257505 ], [ -49.288938738407801, -25.431984761758887 ], [ -49.288940310540454, -25.431983370260248 ], [ -49.288941882673065, -25.431981978761591 ], [ -49.288943454805647, -25.431980587262917 ], [ -49.288945026938194, -25.431979195764214 ], [ -49.288946599070698, -25.431977804265504 ], [ -49.288948171203174, -25.431976412766772 ], [ -49.288949743335607, -25.43197502126802 ], [ -49.288951315468005, -25.431973629769249 ], [ -49.288952887600367, -25.431972238270461 ], [ -49.288954459732693, -25.431970846771648 ], [ -49.288956031864984, -25.431969455272824 ], [ -49.28895760399724, -25.431968063773983 ], [ -49.28895917612946, -25.431966672275113 ], [ -49.288960748261644, -25.431965280776225 ], [ -49.288962320393793, -25.431963889277331 ], [ -49.288963892525899, -25.4319624977784 ], [ -49.288965464657977, -25.431961106279459 ], [ -49.288967036790019, -25.431959714780508 ], [ -49.288968608922019, -25.431958323281521 ], [ -49.288970181053983, -25.431956931782526 ], [ -49.288971753185919, -25.431955540283514 ], [ -49.288973325317812, -25.43195414878447 ], [ -49.28897489744967, -25.431952757285419 ], [ -49.288976469581492, -25.431951365786347 ], [ -49.288978041713278, -25.431949974287249 ], [ -49.288979613845029, -25.431948582788138 ], [ -49.288981185976738, -25.431947191289012 ], [ -49.288982758108418, -25.431945799789858 ], [ -49.288984330240062, -25.43194440829069 ], [ -49.288985902371664, -25.431943016791511 ], [ -49.288987474503237, -25.431941625292293 ], [ -49.288989046634768, -25.431940233793071 ], [ -49.288990618766263, -25.431938842293828 ], [ -49.28899219089773, -25.43193745079456 ], [ -49.288993763029154, -25.431936059295278 ], [ -49.288995335160536, -25.431934667795982 ], [ -49.288996907291889, -25.431933276296657 ], [ -49.288998479423206, -25.431931884797319 ], [ -49.289000051554488, -25.431930493297966 ], [ -49.289001623685735, -25.431929101798584 ], [ -49.289003195816946, -25.431927710299188 ], [ -49.289004767948114, -25.431926318799778 ], [ -49.289006340079254, -25.43192492730034 ], [ -49.289007912210351, -25.431923535800891 ], [ -49.28900948434142, -25.431922144301424 ], [ -49.28901105647244, -25.431920752801922 ], [ -49.289012628603437, -25.43191936130242 ], [ -49.289014200734393, -25.431917969802893 ], [ -49.289015772865312, -25.431916578303337 ], [ -49.289017344996196, -25.431915186803774 ], [ -49.289018917127045, -25.431913795304194 ], [ -49.289020489257858, -25.431912403804581 ], [ -49.289022061388629, -25.431911012304958 ], [ -49.289023633519371, -25.431909620805321 ], [ -49.28902520565007, -25.431908229305652 ], [ -49.289026777780741, -25.431906837805979 ], [ -49.289028349911376, -25.431905446306274 ], [ -49.289029922041962, -25.431904054806559 ], [ -49.289031494172526, -25.431902663306825 ], [ -49.289033066303048, -25.431901271807071 ], [ -49.289034638433542, -25.431899880307292 ], [ -49.289036210563992, -25.431898488807505 ], [ -49.2890377826944, -25.431897097307687 ], [ -49.289039354824787, -25.431895705807857 ], [ -49.289040926955124, -25.431894314308007 ], [ -49.289042499085433, -25.431892922808125 ], [ -49.289044071215699, -25.431891531308246 ], [ -49.289045643345929, -25.431890139808342 ], [ -49.289047215476131, -25.43188874830841 ], [ -49.289048787606298, -25.43188735680846 ], [ -49.289050359736414, -25.431885965308503 ], [ -49.28905193186651, -25.43188457380851 ], [ -49.289053503996563, -25.431883182308511 ], [ -49.28905507612658, -25.431881790808497 ], [ -49.289056648256562, -25.431880399308451 ], [ -49.289058220386508, -25.431879007808391 ], [ -49.289059792516419, -25.431877616308316 ], [ -49.289061364646287, -25.431876224808214 ], [ -49.289062936776133, -25.431874833308104 ], [ -49.28906450890593, -25.431873441807966 ], [ -49.289066081035692, -25.43187205030781 ], [ -49.289067653165418, -25.431870658807636 ], [ -49.289069225295115, -25.431869267307452 ], [ -49.289070797424777, -25.431867875807232 ], [ -49.289072369554397, -25.431866484307001 ], [ -49.289073941683981, -25.431865092806756 ], [ -49.289075513813529, -25.431863701306479 ], [ -49.289077085943042, -25.431862309806199 ], [ -49.289078658072519, -25.431860918305897 ], [ -49.289080230201961, -25.431859526805564 ], [ -49.28908180233136, -25.431858135305223 ], [ -49.289083374460731, -25.431856743804868 ], [ -49.289088051025004, -25.431855388464896 ], [ -49.289092727589185, -25.431854033124779 ], [ -49.28909740415326, -25.431852677784516 ], [ -49.28910208071725, -25.431851322444082 ], [ -49.289106757281132, -25.431849967103506 ], [ -49.289111433844923, -25.431848611762778 ], [ -49.289116110408621, -25.431847256421879 ], [ -49.289120786972219, -25.431845901080838 ], [ -49.289125463535719, -25.431844545739644 ], [ -49.289130140099125, -25.431843190398279 ], [ -49.28913481666244, -25.43184183505678 ], [ -49.289139493225655, -25.431840479715117 ], [ -49.28914416978877, -25.431839124373298 ], [ -49.289148846351793, -25.431837769031326 ], [ -49.289153522914717, -25.431836413689201 ], [ -49.289158199477548, -25.431835058346913 ], [ -49.28916287604028, -25.431833703004482 ], [ -49.289167552602919, -25.431832347661896 ], [ -49.289172229165459, -25.431830992319149 ], [ -49.289176905727899, -25.431829636976257 ], [ -49.289181582290247, -25.431828281633202 ], [ -49.289186258852496, -25.431826926289979 ], [ -49.289190935414652, -25.431825570946625 ], [ -49.289195611976709, -25.431824215603108 ], [ -49.289200288538673, -25.431822860259427 ], [ -49.289204965100538, -25.431821504915604 ], [ -49.28920964166231, -25.431820149571625 ], [ -49.289214318223983, -25.431818794227482 ], [ -49.289218994785557, -25.431817438883193 ], [ -49.289223671347038, -25.431816083538752 ], [ -49.28922834790842, -25.431814728194141 ], [ -49.289233024469709, -25.431813372849394 ], [ -49.289237701030906, -25.431812017504487 ], [ -49.289242377591997, -25.431810662159421 ], [ -49.289247054152995, -25.431809306814205 ], [ -49.2892517307139, -25.43180795146883 ], [ -49.289256407274699, -25.431806596123298 ], [ -49.289261083835413, -25.431805240777617 ], [ -49.289265760396027, -25.43180388543178 ], [ -49.289270436956542, -25.431802530085783 ], [ -49.289275113516965, -25.431801174739643 ], [ -49.289279790077288, -25.431799819393344 ], [ -49.289284466637518, -25.431798464046885 ], [ -49.289289143197649, -25.431797108700273 ], [ -49.289293819757688, -25.431795753353512 ], [ -49.28929849631762, -25.431794398006584 ], [ -49.289303172877467, -25.431793042659518 ], [ -49.289307849437215, -25.431791687312284 ], [ -49.289312525996863, -25.431790331964905 ], [ -49.289317202556418, -25.431788976617366 ], [ -49.289321879115874, -25.431787621269677 ], [ -49.289326555675238, -25.431786265921822 ], [ -49.289331232234495, -25.431784910573828 ], [ -49.289335908793674, -25.431783555225671 ], [ -49.28934058535274, -25.431782199877354 ], [ -49.28934526191172, -25.431780844528891 ], [ -49.2893499384706, -25.431779489180272 ], [ -49.289354615029382, -25.431778133831493 ], [ -49.28935929158807, -25.431776778482565 ], [ -49.28936396814666, -25.431775423133487 ], [ -49.289368644705156, -25.431774067784239 ], [ -49.289373321263554, -25.431772712434846 ], [ -49.289377997821859, -25.431771357085307 ], [ -49.289382674380064, -25.431770001735597 ], [ -49.289387350938171, -25.431768646385745 ], [ -49.289392027496184, -25.431767291035737 ], [ -49.289396704054099, -25.431765935685561 ], [ -49.28940138061192, -25.431764580335244 ], [ -49.289406057169643, -25.431763224984774 ], [ -49.289410733727273, -25.431761869634133 ], [ -49.289415410284811, -25.431760514283354 ], [ -49.289420086842235, -25.431759158932415 ], [ -49.28942476339958, -25.431757803581316 ], [ -49.289429439956827, -25.431756448230072 ], [ -49.289434116513966, -25.431755092878671 ], [ -49.289438793071014, -25.431753737527103 ], [ -49.289443469627969, -25.431752382175397 ], [ -49.289448146184824, -25.431751026823534 ], [ -49.289452822741588, -25.431749671471501 ], [ -49.289457499298251, -25.431748316119332 ], [ -49.289462175854823, -25.431746960767004 ], [ -49.289466852411294, -25.431745605414513 ], [ -49.289471528967667, -25.431744250061875 ], [ -49.289476205523947, -25.431742894709085 ], [ -49.289480882080127, -25.431741539356128 ], [ -49.289485558636216, -25.431740184003019 ], [ -49.289490235192211, -25.431738828649767 ], [ -49.289494911748108, -25.431737473296359 ], [ -49.289499588303904, -25.431736117942787 ], [ -49.289504264859602, -25.431734762589063 ], [ -49.289508941415207, -25.431733407235182 ], [ -49.289513617970712, -25.431732051881156 ], [ -49.289518294526125, -25.431730696526969 ], [ -49.289522971081446, -25.431729341172627 ], [ -49.289527647636667, -25.431727985818135 ], [ -49.289532324191789, -25.431726630463483 ], [ -49.289537000746812, -25.431725275108676 ], [ -49.289541677301742, -25.431723919753715 ], [ -49.289546353856586, -25.431722564398601 ], [ -49.289551030411317, -25.431721209043332 ], [ -49.289555706965963, -25.431719853687905 ], [ -49.289560383520509, -25.43171849833233 ], [ -49.289565060074956, -25.431717142976595 ], [ -49.289569736629311, -25.431715787620714 ], [ -49.289574413183573, -25.431714432264673 ], [ -49.289579089737721, -25.431713076908476 ], [ -49.289583766291791, -25.431711721552126 ], [ -49.289588442845755, -25.43171036619562 ], [ -49.289593119399633, -25.431709010838958 ], [ -49.289597795953405, -25.431707655482146 ], [ -49.289602472507084, -25.431706300125175 ], [ -49.289607149060672, -25.431704944768047 ], [ -49.289611825614152, -25.43170358941077 ], [ -49.289616502167547, -25.431702234053336 ], [ -49.289621178720836, -25.431700878695743 ], [ -49.289625855274032, -25.431699523338001 ], [ -49.289630531827129, -25.431698167980109 ], [ -49.28963520838014, -25.431696812622057 ], [ -49.289639884933045, -25.431695457263853 ], [ -49.289644561485858, -25.431694101905492 ], [ -49.289649238038578, -25.431692746546975 ], [ -49.289653914591199, -25.431691391188302 ], [ -49.289658591143713, -25.431690035829483 ], [ -49.289663267696142, -25.431688680470497 ], [ -49.289667944248471, -25.431687325111366 ], [ -49.289672620800708, -25.431685969752078 ], [ -49.289677297352846, -25.43168461439263 ], [ -49.289681973904884, -25.431683259033036 ], [ -49.289683546025366, -25.431681867525743 ], [ -49.289685118145805, -25.431680476018421 ], [ -49.289686690266208, -25.431679084511092 ], [ -49.289688262386576, -25.431677693003738 ], [ -49.289689834506909, -25.43167630149637 ], [ -49.289691406627199, -25.431674909988978 ], [ -49.28969297874746, -25.431673518481574 ], [ -49.289694550867686, -25.431672126974139 ], [ -49.28969612298787, -25.431670735466692 ], [ -49.289697695108025, -25.431669343959229 ], [ -49.289699267228137, -25.431667952451747 ], [ -49.289700839348221, -25.43166656094424 ], [ -49.289702411468262, -25.43166516943672 ], [ -49.289703983588268, -25.431663777929174 ], [ -49.289705555708245, -25.43166238642161 ], [ -49.289707127828173, -25.43166099491404 ], [ -49.289708699948072, -25.431659603406434 ], [ -49.289710272067936, -25.431658211898821 ], [ -49.289711844187764, -25.431656820391186 ], [ -49.289713416307549, -25.431655428883523 ], [ -49.289714988427306, -25.431654037375854 ], [ -49.289716560547021, -25.431652645868166 ], [ -49.289718132666707, -25.431651254360442 ], [ -49.28971970478635, -25.431649862852716 ], [ -49.289721276905965, -25.431648471344971 ], [ -49.289722849025537, -25.431647079837195 ], [ -49.289724421145074, -25.431645688329411 ], [ -49.289725993264575, -25.431644296821606 ], [ -49.289727565384041, -25.431642905313772 ], [ -49.289729137503471, -25.431641513805928 ], [ -49.289730709622866, -25.43164012229807 ], [ -49.289732281742225, -25.43163873079018 ], [ -49.289733853861541, -25.431637339282275 ], [ -49.28973542598083, -25.431635947774364 ], [ -49.289736998100082, -25.431634556266417 ], [ -49.289738570219292, -25.431633164758459 ], [ -49.289740142338466, -25.431631773250484 ], [ -49.289741714457612, -25.431630381742483 ], [ -49.289743286576716, -25.431628990234469 ], [ -49.289744858695784, -25.43162759872644 ], [ -49.289746430814816, -25.431626207218379 ], [ -49.289748002933813, -25.431624815710308 ], [ -49.289749575052774, -25.431623424202225 ], [ -49.2897511471717, -25.431622032694108 ], [ -49.289752719290583, -25.431620641185976 ], [ -49.289754291409437, -25.431619249677833 ], [ -49.289755863528256, -25.431617858169663 ], [ -49.289757435647033, -25.43161646666147 ], [ -49.289759007765774, -25.431615075153271 ], [ -49.289760579884486, -25.431613683645047 ], [ -49.289762152003156, -25.431612292136805 ], [ -49.289763724121791, -25.431610900628552 ], [ -49.28976529624039, -25.431609509120257 ], [ -49.289766868358953, -25.431608117611958 ], [ -49.289768440477481, -25.431606726103649 ], [ -49.289770012595973, -25.431605334595304 ], [ -49.28977158471443, -25.431603943086948 ], [ -49.289773156832844, -25.431602551578582 ], [ -49.28977472895123, -25.431601160070173 ], [ -49.28977630106958, -25.431599768561764 ], [ -49.289777873187887, -25.431598377053337 ], [ -49.289779445306166, -25.431596985544875 ], [ -49.289781017424403, -25.431595594036406 ], [ -49.289782589542604, -25.431594202527922 ], [ -49.289784161660776, -25.431592811019414 ], [ -49.289785733778906, -25.431591419510887 ], [ -49.289787305896994, -25.431590028002343 ], [ -49.289788878015052, -25.431588636493771 ], [ -49.289790450133076, -25.431587244985185 ], [ -49.289792022251063, -25.431585853476587 ], [ -49.289793594369016, -25.431584461967962 ], [ -49.289795166486925, -25.431583070459322 ], [ -49.289796738604799, -25.431581678950668 ], [ -49.289798310722645, -25.431580287441978 ], [ -49.289799882840448, -25.431578895933281 ], [ -49.289801454958223, -25.43157750442457 ], [ -49.289803027075955, -25.431576112915828 ], [ -49.289804599193651, -25.43157472140707 ], [ -49.289806171311312, -25.431573329898303 ], [ -49.289807743428938, -25.431571938389506 ], [ -49.289809315546528, -25.431570546880696 ], [ -49.289810887664082, -25.431569155371871 ], [ -49.289812459781594, -25.431567763863015 ], [ -49.289814031899077, -25.431566372354151 ], [ -49.289815604016525, -25.431564980845266 ], [ -49.28981717613393, -25.431563589336353 ], [ -49.289818748251299, -25.431562197827429 ], [ -49.289820320368641, -25.431560806318494 ], [ -49.289821892485946, -25.43155941480952 ], [ -49.289823464603209, -25.431558023300539 ], [ -49.289825036720437, -25.431556631791544 ], [ -49.289826608837629, -25.431555240282513 ], [ -49.289828180954785, -25.431553848773476 ], [ -49.289829753071899, -25.431552457264416 ], [ -49.289831325188985, -25.43155106575534 ], [ -49.289832897306034, -25.431549674246252 ], [ -49.289834469423042, -25.431548282737136 ], [ -49.289836041540021, -25.431546891227995 ], [ -49.289837613656964, -25.431545499718844 ], [ -49.289839185773864, -25.431544108209678 ], [ -49.289840757890737, -25.431542716700481 ], [ -49.289842330007559, -25.431541325191272 ], [ -49.28984390212436, -25.43153993368205 ], [ -49.289845474241112, -25.431538542172792 ], [ -49.289847046357835, -25.43153715066353 ], [ -49.289848618474529, -25.431535759154247 ], [ -49.289850190591174, -25.431534367644932 ], [ -49.289851762707791, -25.431532976135617 ], [ -49.289853334824372, -25.431531584626271 ], [ -49.28985490694091, -25.43153019311691 ], [ -49.28985647905742, -25.431528801607534 ], [ -49.289858051173887, -25.431527410098134 ], [ -49.289859623290326, -25.431526018588709 ], [ -49.289861195406722, -25.431524627079273 ], [ -49.289862767523083, -25.431523235569824 ], [ -49.289864339639415, -25.431521844060342 ], [ -49.289865911755697, -25.431520452550853 ], [ -49.289867483871959, -25.431519061041342 ], [ -49.28986905598817, -25.4315176695318 ], [ -49.289870628104353, -25.431516278022258 ], [ -49.289872200220501, -25.431514886512684 ], [ -49.289873772336612, -25.431513495003092 ], [ -49.289875344452689, -25.431512103493489 ], [ -49.289876916568723, -25.431510711983865 ], [ -49.289878488684721, -25.431509320474213 ], [ -49.289880060800691, -25.431507928964553 ], [ -49.289881632916618, -25.431506537454869 ], [ -49.28988320503251, -25.43150514594516 ], [ -49.289884777148373, -25.43150375443544 ], [ -49.289886349264194, -25.431502362925702 ], [ -49.289887921379972, -25.431500971415936 ], [ -49.289889493495721, -25.431499579906166 ], [ -49.289891065611435, -25.431498188396372 ], [ -49.289892637727107, -25.431496796886542 ], [ -49.28989420984275, -25.431495405376722 ], [ -49.289895781958357, -25.431494013866864 ], [ -49.289897354073929, -25.431492622356981 ], [ -49.289898926189458, -25.431491230847097 ], [ -49.289900498304959, -25.431489839337186 ], [ -49.28990207042041, -25.431488447827249 ], [ -49.28990364253584, -25.431487056317309 ], [ -49.289905214651228, -25.431485664807344 ], [ -49.289906786766579, -25.431484273297347 ], [ -49.289908358881895, -25.431482881787346 ], [ -49.289909930997176, -25.431481490277321 ], [ -49.289911503112414, -25.43148009876727 ], [ -49.289913075227624, -25.43147870725722 ], [ -49.289914647342798, -25.431477315747134 ], [ -49.289916219457929, -25.431475924237027 ], [ -49.289917791573032, -25.431474532726913 ], [ -49.289919363688092, -25.431473141216774 ], [ -49.289920935803117, -25.43147174970661 ], [ -49.289922507918114, -25.431470358196435 ], [ -49.289924080033067, -25.431468966686246 ], [ -49.289925652147986, -25.431467575176029 ], [ -49.289927224262868, -25.431466183665794 ], [ -49.289928796377716, -25.431464792155541 ], [ -49.28993036849252, -25.431463400645274 ], [ -49.289931940607303, -25.431462009134979 ], [ -49.289933512722037, -25.431460617624673 ], [ -49.289935045033538, -25.431462045276984 ], [ -49.289936577345074, -25.431463472929281 ], [ -49.289938109656646, -25.43146490058157 ], [ -49.289939641968253, -25.431466328233842 ], [ -49.289941174279903, -25.431467755886093 ], [ -49.289942706591582, -25.43146918353834 ], [ -49.289944238903303, -25.431470611190559 ], [ -49.289945771215052, -25.431472038842774 ], [ -49.289947303526844, -25.431473466494978 ], [ -49.289948835838665, -25.431474894147158 ], [ -49.289950368150528, -25.431476321799323 ], [ -49.289951900462427, -25.431477749451485 ], [ -49.289953432774361, -25.431479177103622 ], [ -49.289954965086331, -25.431480604755741 ], [ -49.289956497398336, -25.431482032407864 ], [ -49.289958029710384, -25.431483460059951 ], [ -49.289959562022453, -25.431484887712035 ], [ -49.289961094334572, -25.431486315364111 ], [ -49.289962626646719, -25.431487743016163 ], [ -49.289964158958902, -25.431489170668197 ], [ -49.289965691271135, -25.431490598320224 ], [ -49.289967223583389, -25.431492025972236 ], [ -49.289968755895686, -25.431493453624224 ], [ -49.289970288208011, -25.431494881276219 ], [ -49.289971820520378, -25.431496308928189 ], [ -49.289973352832789, -25.431497736580134 ], [ -49.289974885145227, -25.431499164232079 ], [ -49.289976417457702, -25.431500591884003 ], [ -49.289977949770211, -25.431502019535916 ], [ -49.289979482082764, -25.431503447187811 ], [ -49.289981014395337, -25.431504874839689 ], [ -49.289982546707961, -25.431506302491552 ], [ -49.289990287875611, -25.431507802425269 ], [ -49.289998029043481, -25.431509302358585 ], [ -49.290005770211565, -25.431510802291495 ], [ -49.290013511379868, -25.431512302224021 ], [ -49.290021252548385, -25.431513802156136 ], [ -49.290028993717115, -25.431515302087845 ], [ -49.290036734886066, -25.431516802019178 ], [ -49.290044476055229, -25.431518301950103 ], [ -49.290052217224613, -25.431519801880622 ], [ -49.29005995839421, -25.431521301810751 ], [ -49.290067699564034, -25.431522801740478 ], [ -49.290075440734057, -25.431524301669807 ], [ -49.290083181904301, -25.431525801598742 ], [ -49.290090923074771, -25.431527301527268 ], [ -49.290098664245448, -25.431528801455396 ], [ -49.290106405416338, -25.431530301383141 ], [ -49.290114146587456, -25.431531801310477 ], [ -49.290121887758787, -25.431533301237408 ], [ -49.29012962893033, -25.431534801163952 ], [ -49.290137370102094, -25.431536301090091 ], [ -49.290145111274065, -25.431537801015828 ], [ -49.290152852446262, -25.431539300941182 ], [ -49.290160593618673, -25.431540800866127 ], [ -49.290168334791296, -25.431542300790667 ], [ -49.290176075964141, -25.43154380071482 ], [ -49.290183817137198, -25.431545300638572 ], [ -49.290191558310468, -25.431546800561915 ], [ -49.290199299483966, -25.431548300484874 ], [ -49.29020704065767, -25.431549800407424 ], [ -49.290214781831594, -25.431551300329581 ], [ -49.290222523005738, -25.431552800251339 ], [ -49.290230264180089, -25.431554300172699 ], [ -49.290238045150986, -25.431552980930608 ], [ -49.290245826121726, -25.43155166168809 ], [ -49.290253607092332, -25.431550342445156 ], [ -49.290261388062795, -25.431549023201804 ], [ -49.290269169033103, -25.431547703958021 ], [ -49.290276950003275, -25.431546384713826 ], [ -49.290284730973298, -25.431545065469205 ], [ -49.290292511943179, -25.431543746224161 ], [ -49.29030029291291, -25.431542426978698 ], [ -49.2903080738825, -25.431541107732819 ], [ -49.290315854851947, -25.431539788486504 ], [ -49.290323635821252, -25.431538469239779 ], [ -49.290331416790409, -25.431537149992636 ], [ -49.290339197759415, -25.431535830745055 ], [ -49.29034697872828, -25.431534511497077 ], [ -49.290354759697003, -25.431533192248665 ], [ -49.290362540665583, -25.43153187299982 ], [ -49.290370321634022, -25.431530553750569 ], [ -49.290378102602311, -25.431529234500896 ], [ -49.290385883570451, -25.43152791525079 ], [ -49.290393664538449, -25.431526596000278 ], [ -49.290401445506305, -25.431525276749337 ], [ -49.290409226474019, -25.431523957497969 ], [ -49.290417007441583, -25.431522638246189 ], [ -49.290424788409005, -25.431521318993983 ], [ -49.290432569376279, -25.431519999741347 ], [ -49.29044035034341, -25.43151868048831 ], [ -49.290448131310399, -25.431517361234842 ], [ -49.290455912277238, -25.431516041980949 ], [ -49.290463693243936, -25.431514722726636 ], [ -49.290471474210491, -25.431513403471911 ], [ -49.290479255176898, -25.431512084216749 ], [ -49.290485483928968, -25.431510746895977 ], [ -49.290491712680918, -25.431509409574939 ], [ -49.290497941432747, -25.431508072253621 ], [ -49.290504170184455, -25.431506734932043 ], [ -49.290510398936036, -25.431505397610184 ], [ -49.290516627687495, -25.431504060288056 ], [ -49.290522856438841, -25.431502722965654 ], [ -49.290529085190059, -25.431501385642989 ], [ -49.290535313941149, -25.431500048320039 ], [ -49.290541542692125, -25.431498710996827 ], [ -49.290547771442974, -25.431497373673341 ], [ -49.290554000193701, -25.431496036349579 ], [ -49.290560228944308, -25.431494699025553 ], [ -49.290566457694794, -25.431493361701257 ], [ -49.290572686445159, -25.431492024376674 ], [ -49.290578915195404, -25.431490687051834 ], [ -49.29058514394552, -25.431489349726721 ], [ -49.290591372695523, -25.431488012401331 ], [ -49.290597601445398, -25.431486675075675 ], [ -49.290603830195153, -25.431485337749749 ], [ -49.290610058944779, -25.431484000423538 ], [ -49.290616287694291, -25.431482663097068 ], [ -49.290622516443676, -25.431481325770324 ], [ -49.290628745192947, -25.431479988443307 ], [ -49.29063497394209, -25.431478651116013 ], [ -49.290641202691113, -25.431477313788456 ], [ -49.290647431440014, -25.431475976460625 ], [ -49.290653660188788, -25.431474639132524 ], [ -49.290659888937441, -25.431473301804147 ], [ -49.29066611768598, -25.431471964475495 ], [ -49.290672346434391, -25.431470627146584 ], [ -49.290678575182682, -25.431469289817393 ], [ -49.290684764145077, -25.431470771651675 ], [ -49.290690953107642, -25.431472253485701 ], [ -49.290697142070371, -25.431473735319482 ], [ -49.290703331033271, -25.431475217153 ], [ -49.290709519996334, -25.431476698986273 ], [ -49.29071570895956, -25.43147818081929 ], [ -49.290721897922957, -25.431479662652052 ], [ -49.290728086886524, -25.431481144484561 ], [ -49.290734275850255, -25.431482626316821 ], [ -49.290740464814149, -25.431484108148826 ], [ -49.290746653778214, -25.431485589980568 ], [ -49.290752842742442, -25.431487071812064 ], [ -49.290759031706841, -25.431488553643309 ], [ -49.290765220671403, -25.431490035474297 ], [ -49.290771409636129, -25.431491517305034 ], [ -49.290777598601032, -25.431492999135518 ], [ -49.290783787566099, -25.431494480965736 ], [ -49.290789976531322, -25.431495962795726 ], [ -49.290796165496729, -25.431497444625446 ], [ -49.290802354462286, -25.431498926454911 ], [ -49.290808543428021, -25.431500408284133 ], [ -49.290814732393912, -25.43150189011309 ], [ -49.29082092135998, -25.431503371941794 ], [ -49.290827110326219, -25.43150485377026 ], [ -49.290833299292615, -25.43150633559846 ], [ -49.290839488259174, -25.431507817426407 ], [ -49.290845677225903, -25.43150929925411 ], [ -49.290851866192803, -25.431510781081546 ], [ -49.290858055159866, -25.431512262908736 ], [ -49.2908642441271, -25.431513744735678 ], [ -49.290870433094504, -25.431515226562357 ], [ -49.290876622062058, -25.431516708388781 ], [ -49.290881258815183, -25.431518172153947 ], [ -49.290885895568422, -25.43151963591896 ], [ -49.290890532321789, -25.431521099683835 ], [ -49.290895169075277, -25.431522563448567 ], [ -49.290899805828879, -25.431524027213165 ], [ -49.290904442582601, -25.431525490977613 ], [ -49.290909079336444, -25.43152695474193 ], [ -49.290913716090408, -25.431528418506101 ], [ -49.290918352844486, -25.43152988227013 ], [ -49.290922989598691, -25.431531346034024 ], [ -49.290927626353024, -25.431532809797769 ], [ -49.290932263107464, -25.431534273561379 ], [ -49.290936899862025, -25.431535737324843 ], [ -49.290941536616714, -25.431537201088165 ], [ -49.290946173371523, -25.431538664851349 ], [ -49.290950810126439, -25.431540128614401 ], [ -49.290955446881483, -25.431541592377304 ], [ -49.290960083636655, -25.431543056140061 ], [ -49.290964720391941, -25.431544519902687 ], [ -49.290969357147347, -25.431545983665163 ], [ -49.290973993902874, -25.431547447427498 ], [ -49.290978630658515, -25.431548911189708 ], [ -49.290983267414283, -25.431550374951758 ], [ -49.290987904170166, -25.43155183871367 ], [ -49.290992540926183, -25.431553302475454 ], [ -49.2909971776823, -25.431554766237088 ], [ -49.291001814438552, -25.431556229998577 ], [ -49.291006451194917, -25.431557693759938 ], [ -49.291011087951404, -25.431559157521143 ], [ -49.291015724708018, -25.431560621282213 ], [ -49.291020361464739, -25.431562085043151 ], [ -49.291024998221594, -25.431563548803936 ], [ -49.291029674756473, -25.431562193400367 ], [ -49.291034351291266, -25.431560837996642 ], [ -49.291039027825953, -25.431559482592771 ], [ -49.291043704360547, -25.431558127188737 ], [ -49.291048380895042, -25.431556771784546 ], [ -49.291053057429444, -25.431555416380206 ], [ -49.291057733963754, -25.431554060975717 ], [ -49.291062410497965, -25.431552705571058 ], [ -49.291067087032076, -25.431551350166256 ], [ -49.291071763566094, -25.431549994761301 ], [ -49.291076440100014, -25.431548639356176 ], [ -49.291081116633841, -25.431547283950913 ], [ -49.291085793167568, -25.431545928545493 ], [ -49.291090469701203, -25.431544573139906 ], [ -49.291095146234731, -25.43154321773418 ], [ -49.291099822768174, -25.431541862328292 ], [ -49.291104499301518, -25.431540506922246 ], [ -49.291109175834762, -25.431539151516052 ], [ -49.291113852367914, -25.431537796109705 ], [ -49.291118528900974, -25.431536440703198 ], [ -49.291123205433919, -25.431535085296538 ], [ -49.291127881966787, -25.431533729889725 ], [ -49.291132558499548, -25.431532374482746 ], [ -49.291137235032217, -25.431531019075628 ], [ -49.291141911564793, -25.431529663668357 ], [ -49.291146588097263, -25.431528308260905 ], [ -49.291151264629647, -25.431526952853332 ], [ -49.291155941161932, -25.431525597445589 ], [ -49.291160617694111, -25.431524242037689 ], [ -49.291165294226204, -25.43152288662964 ], [ -49.291169970758197, -25.431521531221435 ], [ -49.291174647290092, -25.431520175813066 ], [ -49.291179323821893, -25.431518820404559 ], [ -49.291184000353603, -25.431517464995888 ], [ -49.291188676885213, -25.431516109587054 ], [ -49.291193353416723, -25.431514754178089 ], [ -49.291198029948141, -25.431513398768953 ], [ -49.29120270647946, -25.431512043359653 ], [ -49.291207383010686, -25.431510687950219 ], [ -49.291212059541813, -25.431509332540617 ], [ -49.29121673607284, -25.43150797713086 ], [ -49.291221412603782, -25.43150662172096 ], [ -49.291226089134611, -25.4315052663109 ], [ -49.291230765665361, -25.431503910900677 ], [ -49.291235442196005, -25.431502555490312 ], [ -49.291240118726549, -25.43150120007979 ], [ -49.291244795257008, -25.431499844669098 ], [ -49.29124947178736, -25.431498489258274 ], [ -49.29125414831762, -25.43149713384728 ], [ -49.291258824847787, -25.431495778436137 ], [ -49.291263501377856, -25.431494423024841 ], [ -49.291268177907824, -25.431493067613392 ], [ -49.2912728544377, -25.43149171220178 ], [ -49.291277530967477, -25.431490356790018 ], [ -49.291282207497161, -25.4314890013781 ], [ -49.291286884026746, -25.431487645966026 ], [ -49.291291560556239, -25.431486290553799 ], [ -49.291296237085632, -25.431484935141427 ], [ -49.291300913614926, -25.431483579728887 ], [ -49.291305590144127, -25.431482224316198 ], [ -49.291310266673229, -25.43148086890336 ], [ -49.291314943202238, -25.431479513490356 ], [ -49.291319619731148, -25.431478158077201 ], [ -49.291324296259965, -25.431476802663894 ], [ -49.291328972788683, -25.431475447250435 ], [ -49.291333649317309, -25.431474091836819 ], [ -49.291338325845835, -25.431472736423039 ], [ -49.291343002374262, -25.431471381009121 ], [ -49.291347678902596, -25.431470025595043 ], [ -49.291352355430838, -25.431468670180795 ], [ -49.291357031958974, -25.431467314766408 ], [ -49.291361708487024, -25.431465959351865 ], [ -49.291366385014967, -25.431464603937158 ], [ -49.291371061542819, -25.431463248522306 ], [ -49.29137573807057, -25.431461893107308 ], [ -49.291380414598237, -25.431460537692136 ], [ -49.291385091125797, -25.431459182276821 ], [ -49.291389767653264, -25.431457826861351 ], [ -49.291394444180632, -25.431456471445713 ], [ -49.291399120707908, -25.431455116029941 ], [ -49.291403797235091, -25.431453760614005 ], [ -49.291408473762168, -25.431452405197909 ], [ -49.291413150289159, -25.431451049781671 ], [ -49.291417826816044, -25.431449694365266 ], [ -49.291422503342837, -25.431448338948702 ], [ -49.291427179869537, -25.431446983531998 ], [ -49.29143185639613, -25.431445628115139 ], [ -49.291436532922631, -25.431444272698108 ], [ -49.29144120944904, -25.431442917280943 ], [ -49.291445885975349, -25.431441561863618 ], [ -49.291450562501566, -25.431440206446123 ], [ -49.291455239027691, -25.431438851028499 ], [ -49.291459915553709, -25.431437495610702 ], [ -49.291464592079627, -25.431436140192751 ], [ -49.291469268605461, -25.431434784774655 ], [ -49.291473945131195, -25.4314334293564 ], [ -49.291483278298806, -25.431432128101889 ], [ -49.291492611466261, -25.431430826846785 ], [ -49.291501944633545, -25.431429525591071 ], [ -49.291511277800666, -25.431428224334741 ], [ -49.291520610967623, -25.431426923077826 ], [ -49.291529944134417, -25.431425621820299 ], [ -49.291539277301048, -25.431424320562162 ], [ -49.291548610467515, -25.431423019303434 ], [ -49.291557943633812, -25.431421718044096 ], [ -49.291567276799945, -25.43142041678415 ], [ -49.291576609965922, -25.43141911552361 ], [ -49.291585943131729, -25.43141781426246 ], [ -49.291595276297372, -25.431416513000698 ], [ -49.291604609462851, -25.431415211738344 ], [ -49.291613942628167, -25.431413910475385 ], [ -49.291623275793313, -25.431412609211819 ], [ -49.291632608958302, -25.431411307947659 ], [ -49.291641942123121, -25.431410006682881 ], [ -49.291651275287776, -25.431408705417496 ], [ -49.291660608452275, -25.431407404151521 ], [ -49.291669941616597, -25.431406102884942 ], [ -49.291679274780762, -25.431404801617745 ], [ -49.291688607944756, -25.431403500349955 ], [ -49.291697941108595, -25.431402199081564 ], [ -49.29170727427227, -25.431400897812562 ], [ -49.291716607435781, -25.431399596542953 ], [ -49.291725940599115, -25.43139829527275 ], [ -49.291735273762299, -25.431396994001933 ], [ -49.291744606925306, -25.431395692730522 ], [ -49.291753940088164, -25.4313943914585 ], [ -49.291763273250844, -25.431393090185875 ], [ -49.29177260641336, -25.431391788912652 ], [ -49.291781959455768, -25.431389078056121 ], [ -49.291791312497793, -25.431386367198982 ], [ -49.291800665539427, -25.431383656341215 ], [ -49.291810018580676, -25.431380945482829 ], [ -49.291819371621543, -25.431378234623825 ], [ -49.291828724662018, -25.43137552376421 ], [ -49.29183807770211, -25.43137281290397 ], [ -49.291847430741818, -25.431370102043122 ], [ -49.291856783781149, -25.431367391181642 ], [ -49.291866136820083, -25.431364680319543 ], [ -49.291875489858633, -25.431361969456841 ], [ -49.291884842896806, -25.43135925859351 ], [ -49.291894195934589, -25.431356547729557 ], [ -49.29190354897198, -25.431353836864997 ], [ -49.291912902008995, -25.431351125999807 ], [ -49.291922255045627, -25.431348415134 ], [ -49.29193160808186, -25.431345704267585 ], [ -49.291940961117724, -25.431342993400545 ], [ -49.291950314153191, -25.431340282532883 ], [ -49.291959667188273, -25.43133757166461 ], [ -49.291969020222972, -25.431334860795712 ], [ -49.291978373257287, -25.431332149926199 ], [ -49.291987726291211, -25.431329439056068 ], [ -49.291997079324759, -25.431326728185315 ], [ -49.292006432357915, -25.431324017313944 ], [ -49.292015785390696, -25.431321306441966 ], [ -49.292025138423078, -25.431318595569355 ], [ -49.292034491455084, -25.431315884696126 ], [ -49.292043844486699, -25.431313173822289 ], [ -49.29205319751793, -25.431310462947824 ], [ -49.292062550548778, -25.431307752072744 ], [ -49.292071903579242, -25.431305041197053 ], [ -49.292073495545246, -25.431302240079493 ], [ -49.292075087511172, -25.431299438961911 ], [ -49.292076679477034, -25.431296637844316 ], [ -49.292078271442811, -25.431293836726692 ], [ -49.29207986340851, -25.43129103560905 ], [ -49.292081455374131, -25.431288234491383 ], [ -49.29208304733968, -25.431285433373695 ], [ -49.292084639305152, -25.431282632255982 ], [ -49.292086231270545, -25.431279831138262 ], [ -49.292087823235867, -25.4312770300205 ], [ -49.292089415201104, -25.431274228902719 ], [ -49.292091007166263, -25.431271427784925 ], [ -49.292092599131358, -25.431268626667102 ], [ -49.292094191096368, -25.431265825549257 ], [ -49.292095783061299, -25.431263024431395 ], [ -49.29209737502616, -25.431260223313505 ], [ -49.292098966990942, -25.431257422195596 ], [ -49.292100558955646, -25.431254621077667 ], [ -49.292102150920272, -25.431251819959712 ], [ -49.292103742884827, -25.43124901884174 ], [ -49.292105334849296, -25.431246217723746 ], [ -49.292106926813702, -25.431243416605717 ], [ -49.292108518778015, -25.431240615487678 ], [ -49.292110110742264, -25.431237814369624 ], [ -49.292111702706428, -25.431235013251538 ], [ -49.292113294670521, -25.431232212133416 ], [ -49.292114886634536, -25.431229411015295 ], [ -49.292116478598473, -25.431226609897141 ], [ -49.292118070562331, -25.431223808778963 ], [ -49.292119662526119, -25.431221007660774 ], [ -49.292121254489828, -25.431218206542557 ], [ -49.292122846453459, -25.431215405424311 ], [ -49.292124458292918, -25.431211194723062 ], [ -49.292126070132255, -25.431206984021792 ], [ -49.292127681971479, -25.431202773320493 ], [ -49.292129293810582, -25.431198562619176 ], [ -49.292130905649564, -25.431194351917821 ], [ -49.292132517488419, -25.431190141216454 ], [ -49.29213412932716, -25.431185930515056 ], [ -49.292135741165779, -25.43118171981363 ], [ -49.292137353004279, -25.431177509112175 ], [ -49.292138964842657, -25.431173298410698 ], [ -49.292140576680922, -25.431169087709193 ], [ -49.292142188519058, -25.431164877007667 ], [ -49.292143800357074, -25.431160666306109 ], [ -49.292145412194969, -25.431156455604533 ], [ -49.292147024032751, -25.431152244902925 ], [ -49.292148635870404, -25.431148034201289 ], [ -49.292150247707944, -25.431143823499639 ], [ -49.292151859545363, -25.431139612797953 ], [ -49.292153471382655, -25.431135402096245 ], [ -49.292155083219839, -25.43113119139451 ], [ -49.292156695056896, -25.431126980692749 ], [ -49.292158306893832, -25.431122769990964 ], [ -49.292159918730647, -25.431118559289146 ], [ -49.292161530567348, -25.431114348587311 ], [ -49.292163142403922, -25.431110137885451 ], [ -49.292164754240375, -25.431105927183555 ], [ -49.292166366076714, -25.431101716481642 ], [ -49.292167977912925, -25.4310975057797 ], [ -49.292169589749022, -25.431093295077737 ], [ -49.292171201585006, -25.431089084375746 ], [ -49.292172813420855, -25.431084873673722 ], [ -49.292174425256597, -25.431080662971677 ], [ -49.292176037092204, -25.431076452269608 ], [ -49.292177648927705, -25.431072241567513 ], [ -49.292179260763078, -25.43106803086539 ], [ -49.29218087259833, -25.431063820163242 ], [ -49.292182484433468, -25.431059609461073 ], [ -49.292184096268478, -25.431055398758868 ], [ -49.292185708103375, -25.431051188056646 ], [ -49.292187319938144, -25.431046977354395 ], [ -49.292188931772799, -25.431042766652116 ], [ -49.292190543607333, -25.431038555949815 ], [ -49.292192155441747, -25.431034345247483 ], [ -49.292193767276039, -25.431030134545132 ], [ -49.292195379110211, -25.43102592384275 ], [ -49.292196990944262, -25.431021713140346 ], [ -49.2921986027782, -25.431017502437918 ], [ -49.292200214612009, -25.431013291735457 ], [ -49.292201826445698, -25.431009081032975 ], [ -49.292203438279273, -25.431004870330462 ], [ -49.29220505011272, -25.431000659627927 ], [ -49.292206661946054, -25.43099644892537 ], [ -49.292208273779266, -25.430992238222785 ], [ -49.292209885612351, -25.430988027520176 ], [ -49.292211497445322, -25.430983816817538 ], [ -49.292213109278173, -25.430979606114867 ], [ -49.292214721110909, -25.43097539541218 ], [ -49.292216332943518, -25.430971184709463 ], [ -49.292217944776006, -25.430966974006726 ], [ -49.29221955660838, -25.43096276330396 ], [ -49.292221168440626, -25.430958552601169 ], [ -49.292222780272759, -25.430954341898342 ], [ -49.292224392104771, -25.430950131195498 ], [ -49.292226003936662, -25.43094592049264 ], [ -49.292229108353396, -25.430945956585493 ], [ -49.292232212770145, -25.430945992678279 ], [ -49.292235317186893, -25.430946028771004 ], [ -49.292238421603656, -25.430946064863654 ], [ -49.292241526020419, -25.430946100956245 ], [ -49.292244630437189, -25.430946137048778 ], [ -49.292247734853966, -25.43094617314123 ], [ -49.29225083927075, -25.430946209233625 ], [ -49.292253943687534, -25.430946245325952 ], [ -49.292257048104332, -25.430946281418219 ], [ -49.292260152521123, -25.430946317510411 ], [ -49.292263256937936, -25.430946353602543 ], [ -49.292266361354748, -25.430946389694608 ], [ -49.292269465771561, -25.430946425786612 ], [ -49.292272570188388, -25.430946461878541 ], [ -49.292275674605214, -25.430946497970417 ], [ -49.292278779022055, -25.430946534062219 ], [ -49.292281883438896, -25.430946570153953 ], [ -49.292284987855744, -25.43094660624563 ], [ -49.292288092272592, -25.430946642337233 ], [ -49.292291196689462, -25.430946678428775 ], [ -49.292294301106324, -25.43094671452025 ], [ -49.292297405523193, -25.43094675061166 ], [ -49.29230050994007, -25.430946786703004 ], [ -49.292303614356953, -25.430946822794287 ], [ -49.292306718773844, -25.430946858885495 ], [ -49.292309823190742, -25.430946894976646 ], [ -49.292312927607639, -25.43094693106773 ], [ -49.292316032024551, -25.430946967158743 ], [ -49.292319136441463, -25.430947003249699 ], [ -49.292322240858375, -25.430947039340584 ], [ -49.292325345275309, -25.430947075431401 ], [ -49.29232691735708, -25.430945683893608 ], [ -49.292328489438823, -25.430944292355797 ], [ -49.292330061520531, -25.430942900817957 ], [ -49.292331633602203, -25.43094150928011 ], [ -49.292333205683832, -25.430940117742232 ], [ -49.292334777765433, -25.430938726204339 ], [ -49.292336349846998, -25.430937334666432 ], [ -49.292337921928521, -25.430935943128496 ], [ -49.292339494010015, -25.430934551590546 ], [ -49.29234106609146, -25.430933160052586 ], [ -49.292342638172883, -25.430931768514593 ], [ -49.292344210254264, -25.430930376976587 ], [ -49.292345782335609, -25.430928985438573 ], [ -49.292347354416911, -25.43092759390052 ], [ -49.292348926498185, -25.43092620236246 ], [ -49.292350498579424, -25.430924810824383 ], [ -49.292352070660627, -25.430923419286277 ], [ -49.292353642741794, -25.43092202774816 ], [ -49.292355214822919, -25.430920636210026 ], [ -49.292356786904008, -25.430919244671859 ], [ -49.292358358985062, -25.430917853133685 ], [ -49.292359931066088, -25.430916461595498 ], [ -49.29236150314707, -25.430915070057278 ], [ -49.292363075228018, -25.430913678519044 ], [ -49.292364647308929, -25.430912286980803 ], [ -49.292366219389805, -25.430910895442523 ], [ -49.292367791470646, -25.430909503904232 ], [ -49.292369363551451, -25.43090811236593 ], [ -49.292370935632221, -25.430906720827593 ], [ -49.292372507712955, -25.430905329289249 ], [ -49.292374079793646, -25.430903937750887 ], [ -49.292375651874309, -25.430902546212501 ], [ -49.292380328370768, -25.430901190763695 ], [ -49.292385004867135, -25.43089983531474 ], [ -49.292389681363403, -25.430898479865611 ], [ -49.292394357859578, -25.430897124416351 ], [ -49.292399034355654, -25.430895768966934 ], [ -49.292403710851637, -25.430894413517347 ], [ -49.292408387347514, -25.430893058067614 ], [ -49.292413063843306, -25.430891702617732 ], [ -49.292417740338998, -25.430890347167683 ], [ -49.292422416834597, -25.430888991717492 ], [ -49.29242709333009, -25.430887636267144 ], [ -49.292431769825498, -25.43088628081663 ], [ -49.292436446320799, -25.430884925365977 ], [ -49.292441122816008, -25.430883569915164 ], [ -49.292445799311125, -25.430882214464191 ], [ -49.292450475806142, -25.430880859013062 ], [ -49.292455152301059, -25.430879503561791 ], [ -49.292459828795884, -25.430878148110349 ], [ -49.292464505290617, -25.430876792658765 ], [ -49.292469181785243, -25.430875437207021 ], [ -49.292473858279784, -25.430874081755118 ], [ -49.292478534774219, -25.430872726303068 ], [ -49.292483211268561, -25.43087137085087 ], [ -49.29248788776281, -25.430870015398508 ], [ -49.29249256425696, -25.43086865994599 ], [ -49.292497240751011, -25.430867304493322 ], [ -49.292501917244969, -25.430865949040484 ], [ -49.292506593738828, -25.430864593587515 ], [ -49.292511270232595, -25.430863238134382 ], [ -49.292515946726262, -25.430861882681089 ], [ -49.292520623219836, -25.430860527227651 ], [ -49.292525299713311, -25.430859171774053 ], [ -49.292529996077562, -25.43085640673695 ], [ -49.292534692441599, -25.430853641699684 ], [ -49.29253938880543, -25.430850876662266 ], [ -49.292544085169062, -25.43084811162467 ], [ -49.292548781532474, -25.430845346586917 ], [ -49.292553477895673, -25.430842581549008 ], [ -49.292558174258673, -25.430839816510939 ], [ -49.29256287062146, -25.43083705147269 ], [ -49.29256756698404, -25.430834286434298 ], [ -49.292572263346408, -25.430831521395728 ], [ -49.292576959708569, -25.430828756356998 ], [ -49.292581656070517, -25.43082599131812 ], [ -49.292586352432252, -25.430823226279063 ], [ -49.292591048793788, -25.430820461239854 ], [ -49.292595745155118, -25.430817696200485 ], [ -49.292600441516228, -25.430814931160949 ], [ -49.292605137877132, -25.430812166121243 ], [ -49.29260983423783, -25.430809401081394 ], [ -49.292614530598314, -25.430806636041364 ], [ -49.292619226958593, -25.430803871001174 ], [ -49.292623923318665, -25.430801105960835 ], [ -49.292628619678524, -25.430798340920326 ], [ -49.292633316038177, -25.43079557587965 ], [ -49.292638012397617, -25.430792810838817 ], [ -49.292642708756851, -25.430790045797824 ], [ -49.292647405115872, -25.430787280756658 ], [ -49.292652101474694, -25.430784515715342 ], [ -49.292656797833295, -25.430781750673852 ], [ -49.292661494191684, -25.430778985632205 ], [ -49.292666190549873, -25.430776220590399 ], [ -49.292670886907857, -25.430773455548429 ], [ -49.292675583265627, -25.430770690506296 ], [ -49.292677175210272, -25.430767889380917 ], [ -49.292678767154854, -25.430765088255512 ], [ -49.292680359099343, -25.430762287130086 ], [ -49.292681951043761, -25.430759486004646 ], [ -49.292683542988108, -25.430756684879178 ], [ -49.29268513493237, -25.430753883753685 ], [ -49.29268672687656, -25.43075108262817 ], [ -49.29268831882068, -25.430748281502641 ], [ -49.292689910764707, -25.43074548037708 ], [ -49.292691502708678, -25.430742679251502 ], [ -49.292693094652556, -25.430739878125898 ], [ -49.292694686596363, -25.430737077000277 ], [ -49.292696278540099, -25.430734275874634 ], [ -49.29269787048375, -25.430731474748967 ], [ -49.292699462427322, -25.430728673623278 ], [ -49.292701054370823, -25.430725872497565 ], [ -49.292702646314247, -25.430723071371833 ], [ -49.292704238257592, -25.430720270246074 ], [ -49.292705830200866, -25.4307174691203 ], [ -49.292707422144055, -25.430714667994504 ], [ -49.292709014087173, -25.43071186686868 ], [ -49.292710606030212, -25.430709065742835 ], [ -49.292712197973181, -25.430706264616969 ], [ -49.292713789916064, -25.430703463491074 ], [ -49.292715381858876, -25.430700662365172 ], [ -49.29271697380161, -25.430697861239242 ], [ -49.292718565744266, -25.430695060113283 ], [ -49.292720157686851, -25.430692258987307 ], [ -49.292721749629351, -25.430689457861309 ], [ -49.292723341571772, -25.43068665673529 ], [ -49.29272493351413, -25.430683855609249 ], [ -49.292726525456402, -25.430681054483184 ], [ -49.292728097530194, -25.430679662940626 ], [ -49.292729669603951, -25.430678271398044 ], [ -49.292731241677664, -25.430676879855451 ], [ -49.29273281375135, -25.430675488312843 ], [ -49.292734385824993, -25.430674096770201 ], [ -49.2927359578986, -25.430672705227558 ], [ -49.292737529972179, -25.43067131368489 ], [ -49.292739102045715, -25.43066992214219 ], [ -49.292740674119216, -25.43066853059948 ], [ -49.292742246192681, -25.430667139056762 ], [ -49.292743818266111, -25.430665747514013 ], [ -49.292745390339505, -25.430664355971246 ], [ -49.292746962412863, -25.430662964428468 ], [ -49.292748534486186, -25.430661572885651 ], [ -49.292750106559467, -25.430660181342834 ], [ -49.292751678632719, -25.430658789799992 ], [ -49.292753250705935, -25.430657398257125 ], [ -49.292754822779109, -25.430656006714248 ], [ -49.292756394852248, -25.43065461517136 ], [ -49.29275796692535, -25.430653223628433 ], [ -49.292759538998425, -25.430651832085502 ], [ -49.292761111071449, -25.430650440542546 ], [ -49.292762683144453, -25.430649048999562 ], [ -49.292764255217406, -25.430647657456579 ], [ -49.292765827290339, -25.430646265913573 ], [ -49.292767399363228, -25.430644874370536 ], [ -49.292768971436075, -25.430643482827485 ], [ -49.292770543508894, -25.430642091284422 ], [ -49.292772115581677, -25.430640699741325 ], [ -49.292773687654417, -25.43063930819822 ], [ -49.292775259727122, -25.430637916655098 ], [ -49.292776831799799, -25.430636525111947 ], [ -49.292778403872433, -25.430635133568785 ], [ -49.292779975945031, -25.430633742025606 ], [ -49.292781548017594, -25.430632350482398 ], [ -49.292783120090121, -25.430630958939179 ], [ -49.292784692162613, -25.430629567395947 ], [ -49.292786264235069, -25.430628175852679 ], [ -49.29278783630749, -25.430626784309407 ], [ -49.292789408379875, -25.430625392766117 ], [ -49.292790980452224, -25.430624001222792 ], [ -49.292792552524531, -25.430622609679457 ], [ -49.292794124596803, -25.430621218136114 ], [ -49.292795696669046, -25.430619826592732 ], [ -49.292797268741246, -25.430618435049347 ], [ -49.292798840813411, -25.43061704350594 ], [ -49.292800412885541, -25.430615651962505 ], [ -49.292801984957634, -25.430614260419055 ], [ -49.2928035570297, -25.430612868875592 ], [ -49.292805129101723, -25.430611477332103 ], [ -49.292806701173703, -25.430610085788601 ], [ -49.292808273245655, -25.43060869424508 ], [ -49.292809845317571, -25.430607302701532 ], [ -49.292811417389444, -25.430605911157969 ], [ -49.292812989461289, -25.430604519614395 ], [ -49.292814561533092, -25.430603128070796 ], [ -49.292816133604866, -25.430601736527173 ], [ -49.292817705676597, -25.430600344983542 ], [ -49.292819277748293, -25.430598953439876 ], [ -49.292820849819954, -25.430597561896203 ], [ -49.292822421891579, -25.430596170352516 ], [ -49.292823993963168, -25.430594778808793 ], [ -49.292825566034722, -25.430593387265066 ], [ -49.29282713810624, -25.430591995721318 ], [ -49.292828710177723, -25.430590604177549 ], [ -49.292830282249163, -25.430589212633762 ], [ -49.292831854320575, -25.430587821089954 ], [ -49.292833426391951, -25.430586429546128 ], [ -49.292834998463285, -25.430585038002288 ], [ -49.292836570534583, -25.430583646458416 ], [ -49.292838142605852, -25.430582254914526 ], [ -49.292839714677072, -25.430580863370636 ], [ -49.292841286748271, -25.430579471826707 ], [ -49.292842858819419, -25.430578080282771 ], [ -49.29284443089054, -25.43057668873881 ], [ -49.292846002961632, -25.430575297194828 ], [ -49.292847575032674, -25.430573905650828 ], [ -49.292849147103688, -25.430572514106821 ], [ -49.292850719174659, -25.430571122562782 ], [ -49.292852291245602, -25.430569731018725 ], [ -49.292853863316509, -25.430568339474654 ], [ -49.292855435387374, -25.430566947930561 ], [ -49.29285700745821, -25.430565556386451 ], [ -49.292858579528996, -25.430564164842323 ], [ -49.292860151599761, -25.430562773298163 ], [ -49.292861723670484, -25.430561381754 ], [ -49.292863295741171, -25.430559990209815 ], [ -49.292864867811822, -25.430558598665609 ], [ -49.292866439882438, -25.430557207121385 ], [ -49.292868011953018, -25.430555815577147 ], [ -49.292869584023563, -25.430554424032874 ], [ -49.292871156094066, -25.4305530324886 ], [ -49.292872728164539, -25.430551640944302 ], [ -49.292874300234971, -25.430550249399971 ], [ -49.292875872305373, -25.430548857855637 ], [ -49.292877444375733, -25.430547466311285 ], [ -49.292879016446058, -25.430546074766905 ], [ -49.292880588516347, -25.430544683222507 ], [ -49.292882160586601, -25.430543291678099 ], [ -49.292883732656819, -25.430541900133658 ], [ -49.292885304727008, -25.430540508589207 ], [ -49.292886876797148, -25.430539117044738 ], [ -49.292888448867259, -25.430537725500248 ], [ -49.292890020937335, -25.43053633395574 ], [ -49.292891593007369, -25.430534942411221 ], [ -49.292893165077373, -25.430533550866663 ], [ -49.292894737147336, -25.430532159322095 ], [ -49.292896309217269, -25.430530767777515 ], [ -49.292897881287161, -25.430529376232908 ], [ -49.292899453357016, -25.430527984688286 ], [ -49.292901025426836, -25.430526593143647 ], [ -49.292902597496621, -25.430525201598979 ], [ -49.29290416956637, -25.4305238100543 ], [ -49.292905741636083, -25.430522418509611 ], [ -49.292907313705761, -25.430521026964886 ], [ -49.292908885775397, -25.430519635420147 ], [ -49.292910457845004, -25.430518243875401 ], [ -49.292912029914575, -25.430516852330616 ], [ -49.292913601984111, -25.430515460785831 ], [ -49.292915174053604, -25.430514069241017 ], [ -49.292916746123062, -25.430512677696182 ], [ -49.292918318192491, -25.430511286151333 ], [ -49.292919890261878, -25.43050989460647 ], [ -49.292921462331229, -25.430508503061574 ], [ -49.292923034400545, -25.430507111516668 ], [ -49.292924606469825, -25.430505719971752 ], [ -49.292926178539069, -25.4305043284268 ], [ -49.292927750608271, -25.43050293688184 ], [ -49.292929362409261, -25.430498726169425 ], [ -49.292930974210122, -25.430494515457003 ], [ -49.292932586010863, -25.430490304744538 ], [ -49.292934197811483, -25.430486094032055 ], [ -49.29293580961199, -25.430481883319544 ], [ -49.292937421412375, -25.430477672607005 ], [ -49.292939033212633, -25.430473461894447 ], [ -49.292940645012777, -25.430469251181858 ], [ -49.2929422568128, -25.430465040469244 ], [ -49.292943868612696, -25.430460829756608 ], [ -49.292945480412477, -25.430456619043944 ], [ -49.292947092212138, -25.430452408331252 ], [ -49.292948704011685, -25.430448197618535 ], [ -49.292950315811105, -25.430443986905789 ], [ -49.292951927610403, -25.430439776193023 ], [ -49.292953539409588, -25.430435565480227 ], [ -49.292955151208645, -25.430431354767418 ], [ -49.292956763007581, -25.430427144054566 ], [ -49.292958374806403, -25.430422933341688 ], [ -49.292959986605105, -25.430418722628797 ], [ -49.292961598403686, -25.43041451191587 ], [ -49.292963210202146, -25.430410301202929 ], [ -49.292964822000485, -25.430406090489949 ], [ -49.292966433798703, -25.430401879776948 ], [ -49.292968045596801, -25.430397669063929 ], [ -49.292969657394778, -25.430393458350871 ], [ -49.292971269192634, -25.430389247637802 ], [ -49.292972880990384, -25.430385036924694 ], [ -49.292974492787998, -25.430380826211564 ], [ -49.292976104585499, -25.43037661549841 ], [ -49.292977716382872, -25.430372404785224 ], [ -49.292979328180131, -25.430368194072027 ], [ -49.292979407640949, -25.430362555736924 ], [ -49.292979487101739, -25.43035691740182 ], [ -49.292979566562501, -25.430351279066716 ], [ -49.292979646023241, -25.430345640731606 ], [ -49.29297972548396, -25.430340002396481 ], [ -49.292979804944657, -25.430334364061363 ], [ -49.292979884405327, -25.430328725726234 ], [ -49.292979963865974, -25.430323087391098 ], [ -49.292980043326601, -25.430317449055966 ], [ -49.292980122787199, -25.430311810720838 ], [ -49.292980202247769, -25.430306172385684 ], [ -49.292980281708324, -25.430300534050531 ], [ -49.292980361168851, -25.430294895715388 ], [ -49.29298044062935, -25.430289257380217 ], [ -49.292980520089841, -25.430283619045063 ], [ -49.29298059955029, -25.430277980709896 ], [ -49.292980679010725, -25.430272342374725 ], [ -49.292980758471131, -25.430266704039543 ], [ -49.292980837931523, -25.430261065704372 ], [ -49.29298091739188, -25.430255427369179 ], [ -49.292980996852215, -25.430249789033986 ], [ -49.292981076312529, -25.430244150698801 ], [ -49.292981155772814, -25.430238512363594 ], [ -49.292981235233086, -25.430232874028391 ], [ -49.292981314693328, -25.430227235693192 ], [ -49.29298139415355, -25.430221597357964 ], [ -49.292981473613736, -25.430215959022757 ], [ -49.292981553073915, -25.430210320687536 ], [ -49.292981632534051, -25.430204682352301 ], [ -49.29298171199418, -25.43019904401708 ], [ -49.292981791454281, -25.430193405681845 ], [ -49.292981870914353, -25.430187767346595 ], [ -49.292983442978617, -25.430186375800741 ], [ -49.292985015042852, -25.430184984254854 ], [ -49.292986587107045, -25.430183592708946 ], [ -49.292988159171202, -25.430182201163039 ], [ -49.292989731235323, -25.430180809617099 ], [ -49.292991303299416, -25.43017941807113 ], [ -49.29299287536346, -25.430178026525162 ], [ -49.292994447427475, -25.430176634979169 ], [ -49.292996019491454, -25.430175243433144 ], [ -49.292997591555398, -25.430173851887119 ], [ -49.292999163619299, -25.430172460341069 ], [ -49.293000735683172, -25.430171068794994 ], [ -49.293002307747003, -25.430169677248909 ], [ -49.293003879810804, -25.430168285702798 ], [ -49.293005451874564, -25.430166894156667 ], [ -49.293007023938287, -25.430165502610524 ], [ -49.293008596001975, -25.430164111064354 ], [ -49.293010168065628, -25.430162719518169 ], [ -49.293011740129252, -25.430161327971962 ], [ -49.293013312192826, -25.430159936425746 ], [ -49.293014884256372, -25.4301585448795 ], [ -49.293016456319883, -25.430157153333244 ], [ -49.293018028383358, -25.430155761786967 ], [ -49.293019600446797, -25.430154370240654 ], [ -49.293021172510194, -25.430152978694345 ], [ -49.293022744573562, -25.430151587148007 ], [ -49.293024316636888, -25.430150195601644 ], [ -49.293025888700178, -25.430148804055285 ], [ -49.293027460763433, -25.430147412508891 ], [ -49.293029032826659, -25.430146020962468 ], [ -49.293030604889836, -25.430144629416041 ], [ -49.293032176952991, -25.430143237869597 ], [ -49.293033749016104, -25.430141846323128 ], [ -49.293035321079174, -25.430140454776641 ], [ -49.293036893142215, -25.430139063230129 ], [ -49.293038465205221, -25.430137671683607 ], [ -49.293040037268185, -25.430136280137067 ], [ -49.293041609331119, -25.430134888590498 ], [ -49.293043181394012, -25.430133497043919 ], [ -49.293044753456876, -25.430132105497318 ], [ -49.293046325519697, -25.430130713950692 ], [ -49.293047897582483, -25.430129322404056 ], [ -49.293049469645233, -25.430127930857399 ], [ -49.293051041707955, -25.430126539310717 ], [ -49.293052613770627, -25.430125147764027 ], [ -49.29305418583327, -25.430123756217313 ], [ -49.293055757895878, -25.43012236467057 ], [ -49.293057329958451, -25.43012097312382 ], [ -49.293058902020981, -25.430119581577049 ], [ -49.293060474083482, -25.43011819003025 ], [ -49.293062046145948, -25.430116798483443 ], [ -49.293063618208372, -25.430115406936618 ], [ -49.29306519027076, -25.430114015389766 ], [ -49.293066762333119, -25.430112623842902 ], [ -49.293068334395436, -25.430111232296017 ], [ -49.29306990645771, -25.430109840749104 ], [ -49.293071478519963, -25.430108449202191 ], [ -49.293073050582173, -25.430107057655242 ], [ -49.293074622644347, -25.430105666108275 ], [ -49.293076194706487, -25.430104274561302 ], [ -49.293077766768583, -25.430102883014303 ], [ -49.293079338830644, -25.430101491467273 ], [ -49.293080910892677, -25.430100099920246 ], [ -49.293082482954667, -25.430098708373187 ], [ -49.293084055016628, -25.430097316826107 ], [ -49.293085627078554, -25.430095925279016 ], [ -49.293087199140437, -25.4300945337319 ], [ -49.293088771202285, -25.430093142184766 ], [ -49.293090343264097, -25.430091750637622 ], [ -49.293091915325874, -25.430090359090457 ], [ -49.293093487387615, -25.430088967543259 ], [ -49.293095059449321, -25.430087575996058 ], [ -49.293096631510991, -25.430086184448829 ], [ -49.293098203572619, -25.430084792901578 ], [ -49.293099775634218, -25.430083401354317 ], [ -49.293101347695782, -25.430082009807034 ], [ -49.293102919757303, -25.430080618259719 ], [ -49.293104491818788, -25.430079226712405 ], [ -49.293106063880245, -25.430077835165068 ], [ -49.293107635941659, -25.430076443617697 ], [ -49.293109208003038, -25.430075052070322 ], [ -49.293110780064382, -25.430073660522929 ], [ -49.293112352125696, -25.430072268975504 ], [ -49.293113924186962, -25.430070877428076 ], [ -49.293115496248198, -25.430069485880626 ], [ -49.2931170683094, -25.430068094333144 ], [ -49.293118640370565, -25.430066702785656 ], [ -49.293120212431695, -25.430065311238145 ], [ -49.293121784492783, -25.430063919690614 ], [ -49.293123356553842, -25.430062528143068 ], [ -49.293124928614859, -25.430061136595501 ], [ -49.293126500675839, -25.43005974504791 ], [ -49.293128072736785, -25.4300583535003 ], [ -49.293129644797695, -25.43005696195268 ], [ -49.293131216858569, -25.430055570405031 ], [ -49.293132788919408, -25.430054178857368 ], [ -49.293134360980211, -25.430052787309691 ], [ -49.293135933040979, -25.430051395761986 ], [ -49.293137505101704, -25.430050004214269 ], [ -49.293139077162401, -25.430048612666532 ], [ -49.293140649223062, -25.430047221118766 ], [ -49.293142221283681, -25.430045829570997 ], [ -49.293143793344271, -25.430044438023202 ], [ -49.293145365404818, -25.430043046475387 ], [ -49.293146937465337, -25.430041654927553 ], [ -49.293148509525814, -25.430040263379706 ], [ -49.293150081586255, -25.430038871831826 ], [ -49.293151653646653, -25.430037480283936 ], [ -49.293153225707023, -25.430036088736028 ], [ -49.293154797767357, -25.430034697188095 ], [ -49.293156369827656, -25.430033305640151 ], [ -49.29315794188792, -25.430031914092186 ], [ -49.293159513948147, -25.4300305225442 ], [ -49.29316108600834, -25.430029130996196 ], [ -49.293162658068482, -25.430027739448178 ], [ -49.293164230128603, -25.430026347900135 ], [ -49.293165802188682, -25.430024956352071 ], [ -49.293167374248732, -25.430023564803992 ], [ -49.293168946308739, -25.430022173255896 ], [ -49.293170518368711, -25.430020781707778 ], [ -49.293172090428648, -25.430019390159647 ], [ -49.293173662488549, -25.430017998611483 ], [ -49.293175234548414, -25.430016607063308 ], [ -49.293176806608244, -25.430015215515116 ], [ -49.293178378668031, -25.430013823966899 ], [ -49.29317995072779, -25.430012432418668 ], [ -49.293181522787506, -25.430011040870419 ], [ -49.293183094847194, -25.430009649322148 ], [ -49.293186219103973, -25.430008275809538 ], [ -49.293189343360687, -25.430006902296874 ], [ -49.293192467617338, -25.43000552878414 ], [ -49.293195591873918, -25.430004155271323 ], [ -49.293198716130426, -25.430002781758446 ], [ -49.293201840386871, -25.430001408245495 ], [ -49.293204964643252, -25.430000034732466 ], [ -49.293208088899554, -25.429998661219376 ], [ -49.2932112131558, -25.429997287706218 ], [ -49.293214337411975, -25.429995914192972 ], [ -49.293217461668078, -25.429994540679676 ], [ -49.293220585924118, -25.429993167166302 ], [ -49.293223710180087, -25.429991793652849 ], [ -49.293226834435991, -25.42999042013934 ], [ -49.293229958691818, -25.42998904662576 ], [ -49.293233082947594, -25.429987673112098 ], [ -49.293236207203286, -25.429986299598372 ], [ -49.293239331458921, -25.429984926084579 ], [ -49.293242455714484, -25.429983552570711 ], [ -49.293245579969977, -25.429982179056772 ], [ -49.293248704225405, -25.429980805542769 ], [ -49.29325182848077, -25.429979432028684 ], [ -49.293254952736064, -25.429978058514543 ], [ -49.293258076991286, -25.429976685000327 ], [ -49.293261201246445, -25.429975311486032 ], [ -49.293264325501532, -25.429973937971674 ], [ -49.293267449756556, -25.429972564457248 ], [ -49.293270574011515, -25.429971190942741 ], [ -49.293273698266404, -25.429969817428173 ], [ -49.293276822521221, -25.429968443913541 ], [ -49.293279946775968, -25.429967070398817 ], [ -49.29328307103065, -25.429965696884036 ], [ -49.293286215146544, -25.429962913785108 ], [ -49.293289359262289, -25.429960130686108 ], [ -49.293292503377891, -25.42995734758702 ], [ -49.293295647493352, -25.429954564487861 ], [ -49.293298791608663, -25.429951781388635 ], [ -49.293301935723839, -25.429948998289326 ], [ -49.293305079838859, -25.429946215189933 ], [ -49.293308223953737, -25.429943432090479 ], [ -49.293311368068473, -25.429940648990947 ], [ -49.293314512183066, -25.429937865891322 ], [ -49.293317656297518, -25.429935082791648 ], [ -49.29332080041182, -25.429932299691878 ], [ -49.293323944525973, -25.429929516592036 ], [ -49.293327088639991, -25.429926733492128 ], [ -49.29333023275386, -25.42992395039213 ], [ -49.293333376867587, -25.429921167292065 ], [ -49.293336520981171, -25.429918384191929 ], [ -49.293339665094607, -25.429915601091711 ], [ -49.2933428092079, -25.429912817991408 ], [ -49.293345953321051, -25.429910034891044 ], [ -49.29334909743406, -25.429907251790599 ], [ -49.29335224154692, -25.429904468690065 ], [ -49.29335538565963, -25.429901685589478 ], [ -49.293358529772206, -25.429898902488802 ], [ -49.293361673884633, -25.429896119388051 ], [ -49.29336481799691, -25.429893336287225 ], [ -49.293367962109052, -25.429890553186326 ], [ -49.293371106221045, -25.429887770085351 ], [ -49.293374250332896, -25.429884986984309 ], [ -49.293377394444597, -25.429882203883174 ], [ -49.293380538556164, -25.429879420781965 ], [ -49.293383682667574, -25.429876637680692 ], [ -49.293386826778843, -25.429873854579345 ], [ -49.293389970889976, -25.429871071477905 ], [ -49.29339311500096, -25.429868288376401 ], [ -49.293396259111802, -25.429865505274815 ], [ -49.293399403222494, -25.429862722173162 ], [ -49.293402547333045, -25.42985993907142 ], [ -49.293405691443454, -25.429857155969618 ], [ -49.293408835553713, -25.429854372867734 ], [ -49.29341197966383, -25.429851589765764 ], [ -49.293415123773805, -25.429848806663735 ], [ -49.293418267883631, -25.429846023561616 ], [ -49.293421411993322, -25.429843240459423 ], [ -49.293424556102856, -25.429840457357162 ], [ -49.293427700212256, -25.429837674254824 ], [ -49.293430844321506, -25.429834891152403 ], [ -49.293433988430614, -25.429832108049922 ], [ -49.293437132539573, -25.429829324947342 ], [ -49.293440276648397, -25.429826541844701 ], [ -49.293443420757072, -25.429823758741986 ], [ -49.293446564865604, -25.429820975639188 ], [ -49.293449708973981, -25.42981819253631 ], [ -49.293452853082222, -25.429815409433374 ], [ -49.293455997190328, -25.429812626330349 ], [ -49.293459141298271, -25.429809843227243 ], [ -49.293462285406079, -25.429807060124073 ], [ -49.293465429513752, -25.429804277020825 ], [ -49.293468573621269, -25.429801493917498 ], [ -49.293471717728643, -25.429798710814097 ], [ -49.293474861835868, -25.429795927710614 ], [ -49.293478005942958, -25.429793144607061 ], [ -49.293481150049907, -25.429790361503439 ], [ -49.293484294156698, -25.429787578399729 ], [ -49.293487458122122, -25.429783385711691 ], [ -49.293490622087333, -25.429779193023563 ], [ -49.293493786052309, -25.429775000335365 ], [ -49.293496950017065, -25.429770807647074 ], [ -49.293500113981601, -25.429766614958712 ], [ -49.293503277945909, -25.429762422270255 ], [ -49.29350644190999, -25.429758229581726 ], [ -49.293509605873851, -25.429754036893112 ], [ -49.293512769837484, -25.429749844204423 ], [ -49.293515933800897, -25.429745651515638 ], [ -49.293519097764083, -25.429741458826779 ], [ -49.293522261727048, -25.429737266137842 ], [ -49.293525425689786, -25.429733073448816 ], [ -49.293528589652297, -25.429728880759711 ], [ -49.293531753614594, -25.429724688070529 ], [ -49.293534917576658, -25.429720495381261 ], [ -49.293538081538507, -25.429716302691908 ], [ -49.29354124550013, -25.429712110002477 ], [ -49.293544409461525, -25.429707917312964 ], [ -49.293547573422693, -25.429703724623366 ], [ -49.293550737383647, -25.429699531933696 ], [ -49.293553901344367, -25.429695339243938 ], [ -49.293557065304867, -25.429691146554092 ], [ -49.293560229265147, -25.429686953864177 ], [ -49.293563393225199, -25.42968276117417 ], [ -49.293566557185024, -25.429678568484086 ], [ -49.293569721144628, -25.429674375793915 ], [ -49.293572885104005, -25.429670183103667 ], [ -49.293576049063162, -25.429665990413341 ], [ -49.293579213022099, -25.429661797722922 ], [ -49.293582376980808, -25.429657605032428 ], [ -49.29358554093929, -25.429653412341853 ], [ -49.293584048318969, -25.429649165557546 ], [ -49.293582555698748, -25.429644918773231 ], [ -49.293581063078634, -25.429640671988899 ], [ -49.293579570458597, -25.42963642520456 ], [ -49.293578077838667, -25.429632178420199 ], [ -49.293576585218837, -25.429627931635835 ], [ -49.293575092599092, -25.429623684851453 ], [ -49.293573599979446, -25.429619438067064 ], [ -49.2935721073599, -25.429615191282657 ], [ -49.293570614740446, -25.429610944498247 ], [ -49.293569122121099, -25.429606697713815 ], [ -49.293567629501837, -25.429602450929373 ], [ -49.293566136882674, -25.429598204144924 ], [ -49.293564644263611, -25.429593957360456 ], [ -49.293563151644641, -25.429589710575986 ], [ -49.293561659025769, -25.429585463791494 ], [ -49.293560166406991, -25.429581217006994 ], [ -49.293558673788311, -25.429576970222485 ], [ -49.293557181169724, -25.42957272343796 ], [ -49.293555688551237, -25.429568476653422 ], [ -49.293554195932849, -25.429564229868873 ], [ -49.293552703314553, -25.429559983084314 ], [ -49.293551210696357, -25.429555736299736 ], [ -49.293549718078253, -25.429551489515156 ], [ -49.293548225460242, -25.429547242730557 ], [ -49.293546732842337, -25.429542995945948 ], [ -49.293545240224525, -25.429538749161328 ], [ -49.293543747606805, -25.42953450237669 ], [ -49.293542254989184, -25.429530255592049 ], [ -49.293540762371663, -25.429526008807382 ], [ -49.293539269754234, -25.429521762022713 ], [ -49.293537777136898, -25.429517515238036 ], [ -49.293536324235589, -25.429510449284638 ], [ -49.293534871334423, -25.429503383331248 ], [ -49.293533418433405, -25.429496317377822 ], [ -49.29353196553253, -25.429489251424396 ], [ -49.29353051263179, -25.429482185470956 ], [ -49.293529059731206, -25.429475119517502 ], [ -49.293527606830764, -25.429468053564044 ], [ -49.293526153930458, -25.429460987610568 ], [ -49.293524701030307, -25.429453921657078 ], [ -49.293523248130299, -25.429446855703574 ], [ -49.29352179523044, -25.429439789750067 ], [ -49.293520342330716, -25.429432723796545 ], [ -49.293518889431141, -25.429425657843005 ], [ -49.293517436531708, -25.429418591889455 ], [ -49.293515983632425, -25.42941152593589 ], [ -49.293514530733283, -25.429404459982322 ], [ -49.293513077834291, -25.42939739402874 ], [ -49.293511624935434, -25.429390328075144 ], [ -49.293510172036733, -25.429383262121526 ], [ -49.293508719138167, -25.429376196167912 ], [ -49.29350726623975, -25.42936913021428 ], [ -49.293505813341476, -25.429362064260626 ], [ -49.29350436044335, -25.429354998306973 ], [ -49.29350290754536, -25.429347932353302 ], [ -49.293501454647526, -25.42934086639962 ], [ -49.293500001749834, -25.429333800445928 ], [ -49.293498548852284, -25.429326734492218 ], [ -49.293497095954876, -25.429319668538497 ], [ -49.293495643057611, -25.429312602584773 ], [ -49.293494190160494, -25.429305536631031 ], [ -49.293492737263527, -25.429298470677271 ], [ -49.293491284366702, -25.429291404723514 ], [ -49.293492935846238, -25.429284374833692 ], [ -49.293494587325554, -25.429277344943834 ], [ -49.293496238804657, -25.429270315053948 ], [ -49.293497890283547, -25.429263285164023 ], [ -49.293499541762216, -25.429256255274058 ], [ -49.293501193240672, -25.429249225384062 ], [ -49.293502844718908, -25.429242195494034 ], [ -49.293504496196938, -25.429235165603966 ], [ -49.293506147674741, -25.429228135713863 ], [ -49.29350779915233, -25.429221105823736 ], [ -49.293509450629706, -25.429214075933569 ], [ -49.293511102106862, -25.429207046043359 ], [ -49.293512753583805, -25.429200016153125 ], [ -49.293514405060527, -25.429192986262848 ], [ -49.293516056537044, -25.429185956372532 ], [ -49.293517708013333, -25.429178926482198 ], [ -49.293519359489416, -25.429171896591818 ], [ -49.293521010965272, -25.429164866701399 ], [ -49.293522662440921, -25.429157836810958 ], [ -49.29352431391635, -25.429150806920468 ], [ -49.293525965391559, -25.42914377702995 ], [ -49.293527616866555, -25.429136747139399 ], [ -49.293529268341338, -25.429129717248809 ], [ -49.2935309198159, -25.429122687358181 ], [ -49.29353257129025, -25.429115657467531 ], [ -49.293534222764379, -25.429108627576838 ], [ -49.293535874238295, -25.429101597686103 ], [ -49.29353752571199, -25.429094567795346 ], [ -49.293539177185473, -25.429087537904543 ], [ -49.293540828658742, -25.429080508013712 ], [ -49.293542480131791, -25.429073478122849 ], [ -49.293544131604627, -25.429066448231943 ], [ -49.29354582279214, -25.429056599172121 ], [ -49.293547513979327, -25.429046750112249 ], [ -49.293549205166187, -25.429036901052331 ], [ -49.293550896352734, -25.429027051992378 ], [ -49.293552587538947, -25.429017202932368 ], [ -49.293554278724841, -25.429007353872311 ], [ -49.2935559699104, -25.428997504812216 ], [ -49.293557661095647, -25.428987655752064 ], [ -49.293559352280568, -25.428977806691876 ], [ -49.293561043465168, -25.428967957631642 ], [ -49.293562734649434, -25.428958108571347 ], [ -49.293564425833381, -25.428948259511024 ], [ -49.293566117017001, -25.428938410450645 ], [ -49.293567808200301, -25.428928561390215 ], [ -49.293569499383274, -25.42891871232974 ], [ -49.293571190565928, -25.428908863269235 ], [ -49.293572881748254, -25.428899014208671 ], [ -49.293574572930254, -25.428889165148071 ], [ -49.293576264111927, -25.428879316087404 ], [ -49.293577955293287, -25.428869467026704 ], [ -49.293579646474313, -25.428859617965962 ], [ -49.293581337655027, -25.428849768905156 ], [ -49.293583028835407, -25.428839919844325 ], [ -49.29358472001546, -25.428830070783437 ], [ -49.293586411195193, -25.4288202217225 ], [ -49.293588102374606, -25.428810372661523 ], [ -49.293589793553693, -25.428800523600493 ], [ -49.29359148473246, -25.428790674539417 ], [ -49.293593175910893, -25.428780825478302 ], [ -49.293594867089006, -25.428770976417141 ], [ -49.293596558266792, -25.428761127355923 ], [ -49.293598249444258, -25.428751278294669 ], [ -49.293598408296717, -25.428740001618337 ], [ -49.293598567149068, -25.428728724941998 ], [ -49.293598726001328, -25.42871744826563 ], [ -49.293598884853495, -25.428706171589244 ], [ -49.293599043705562, -25.428694894912844 ], [ -49.293599202557537, -25.42868361823642 ], [ -49.29359936140942, -25.428672341559988 ], [ -49.293599520261196, -25.428661064883535 ], [ -49.293599679112887, -25.428649788207061 ], [ -49.293599837964486, -25.428638511530558 ], [ -49.293599996815985, -25.428627234854059 ], [ -49.293600155667384, -25.428615958177527 ], [ -49.293600314518692, -25.428604681500975 ], [ -49.293600473369906, -25.428593404824415 ], [ -49.293600632221022, -25.428582128147831 ], [ -49.293600791072045, -25.428570851471225 ], [ -49.293600949922968, -25.428559574794612 ], [ -49.2936011087738, -25.428548298117967 ], [ -49.293601267624538, -25.428537021441308 ], [ -49.293601426475171, -25.428525744764638 ], [ -49.293601585325717, -25.428514468087947 ], [ -49.293601744176165, -25.428503191411224 ], [ -49.29360190302652, -25.428491914734508 ], [ -49.293602061876783, -25.428480638057756 ], [ -49.293602220726946, -25.428469361380987 ], [ -49.293602379577017, -25.428458084704211 ], [ -49.293602538426988, -25.428446808027402 ], [ -49.293602697276867, -25.42843553135058 ], [ -49.293602856126647, -25.428424254673743 ], [ -49.293603014976334, -25.428412977996881 ], [ -49.293603173825922, -25.428401701320006 ], [ -49.293603332675424, -25.428390424643123 ], [ -49.293604904708339, -25.428389033088695 ], [ -49.293606476741211, -25.428387641534268 ], [ -49.293608048774047, -25.42838624997982 ], [ -49.293609620806855, -25.428384858425339 ], [ -49.29361119283962, -25.428383466870851 ], [ -49.29361276487235, -25.42838207531635 ], [ -49.293614336905044, -25.428380683761809 ], [ -49.293615908937703, -25.428379292207261 ], [ -49.293617480970326, -25.428377900652698 ], [ -49.293619053002914, -25.428376509098108 ], [ -49.293620625035466, -25.428375117543506 ], [ -49.293622197067975, -25.428373725988887 ], [ -49.293623769100456, -25.428372334434236 ], [ -49.293625341132902, -25.428370942879578 ], [ -49.293626913165305, -25.428369551324899 ], [ -49.293628485197679, -25.428368159770198 ], [ -49.293630057230011, -25.428366768215483 ], [ -49.293631629262308, -25.42836537666075 ], [ -49.293633201294575, -25.428363985105982 ], [ -49.293634773326794, -25.428362593551206 ], [ -49.293636345358983, -25.42836120199642 ], [ -49.293637917391138, -25.428359810441595 ], [ -49.293639489423256, -25.428358418886774 ], [ -49.29364106145534, -25.428357027331927 ], [ -49.293642633487387, -25.428355635777049 ], [ -49.293644205519399, -25.42835424422216 ], [ -49.293645777551369, -25.42835285266726 ], [ -49.293647349583303, -25.428351461112324 ], [ -49.293648921615208, -25.428350069557379 ], [ -49.293650493647071, -25.428348678002418 ], [ -49.293652065678899, -25.42834728644743 ], [ -49.29365363771069, -25.428345894892438 ], [ -49.293655209742447, -25.428344503337414 ], [ -49.293656781774168, -25.428343111782368 ], [ -49.293658353805853, -25.428341720227309 ], [ -49.293659925837503, -25.428340328672235 ], [ -49.293661497869117, -25.428338937117129 ], [ -49.293663069900688, -25.428337545562012 ], [ -49.293664641932232, -25.428336154006889 ], [ -49.293666213963739, -25.42833476245173 ], [ -49.293667785995204, -25.428333370896556 ], [ -49.293669358026634, -25.428331979341369 ], [ -49.293670930058028, -25.428330587786146 ], [ -49.293672502089393, -25.428329196230923 ], [ -49.293674074120716, -25.428327804675675 ], [ -49.293675646152003, -25.428326413120402 ], [ -49.293677218183255, -25.428325021565115 ], [ -49.293678790214472, -25.42832363000981 ], [ -49.293680362245652, -25.428322238454484 ], [ -49.29368193427679, -25.428320846899144 ], [ -49.2936835063079, -25.428319455343786 ], [ -49.293685078338974, -25.428318063788392 ], [ -49.293686650370006, -25.428316672232995 ], [ -49.293688222401009, -25.428315280677584 ], [ -49.29368979443197, -25.428313889122141 ], [ -49.293691366462895, -25.428312497566683 ], [ -49.293692938493791, -25.428311106011215 ], [ -49.293694510524645, -25.428309714455708 ], [ -49.293696082555456, -25.428308322900193 ], [ -49.293697654586246, -25.428306931344672 ], [ -49.293699226616994, -25.428305539789115 ], [ -49.293700798647698, -25.428304148233543 ], [ -49.293702370678375, -25.428302756677954 ], [ -49.293703942709016, -25.428301365122341 ], [ -49.293710171266639, -25.428300027653847 ], [ -49.293716399824142, -25.42829869018508 ], [ -49.293722628381524, -25.428297352716033 ], [ -49.293728856938792, -25.428296015246723 ], [ -49.293735085495932, -25.428294677777142 ], [ -49.293741314052937, -25.428293340307281 ], [ -49.293747542609836, -25.428292002837164 ], [ -49.293753771166607, -25.428290665366767 ], [ -49.293759999723264, -25.428289327896088 ], [ -49.293766228279786, -25.428287990425151 ], [ -49.293772456836194, -25.42828665295394 ], [ -49.293778685392482, -25.428285315482448 ], [ -49.293784913948642, -25.428283978010697 ], [ -49.293791142504688, -25.428282640538672 ], [ -49.293797371060606, -25.428281303066367 ], [ -49.293803599616396, -25.428279965593806 ], [ -49.293809828172073, -25.428278628120964 ], [ -49.293816056727628, -25.428277290647841 ], [ -49.293822285283056, -25.42827595317446 ], [ -49.293828513838363, -25.428274615700804 ], [ -49.293834742393557, -25.428273278226872 ], [ -49.293840970948622, -25.428271940752676 ], [ -49.293847199503567, -25.428270603278211 ], [ -49.293853428058384, -25.428269265803454 ], [ -49.29385965661308, -25.428267928328449 ], [ -49.293865885167655, -25.428266590853159 ], [ -49.293872113722109, -25.428265253377599 ], [ -49.293878342276443, -25.428263915901777 ], [ -49.293884570830656, -25.428262578425674 ], [ -49.293890799384741, -25.428261240949301 ], [ -49.293897027938712, -25.428259903472661 ], [ -49.293903256492555, -25.428258565995741 ], [ -49.293909485046278, -25.428257228518564 ], [ -49.29391571359988, -25.428255891041104 ], [ -49.293921942153361, -25.42825455356337 ], [ -49.293928170706714, -25.428253216085366 ], [ -49.293934399259946, -25.428251878607103 ], [ -49.293940627813065, -25.428250541128556 ], [ -49.293946856366055, -25.428249203649735 ], [ -49.293953084918925, -25.428247866170658 ], [ -49.293959313471674, -25.428246528691293 ], [ -49.293965542024296, -25.428245191211658 ], [ -49.293971770576803, -25.428243853731757 ], [ -49.293977999129183, -25.428242516251579 ], [ -49.293984227681442, -25.428241178771142 ], [ -49.29399045623358, -25.428239841290427 ], [ -49.29399668478559, -25.428238503809432 ], [ -49.294002913337486, -25.428237166328174 ], [ -49.294009141889255, -25.428235828846645 ], [ -49.29401537044091, -25.428234491364837 ], [ -49.294021598992437, -25.428233153882765 ], [ -49.294027827543843, -25.428231816400423 ], [ -49.294034056095121, -25.428230478917801 ], [ -49.294040284646286, -25.428229141434908 ], [ -49.294046513197323, -25.428227803951756 ], [ -49.294052741748246, -25.428226466468313 ], [ -49.294058970299034, -25.428225128984614 ], [ -49.294065198849708, -25.428223791500645 ], [ -49.294071427400254, -25.428222454016396 ], [ -49.294077655950694, -25.42822111653188 ], [ -49.294083884500999, -25.428219779047094 ], [ -49.294090113051183, -25.428218441562024 ], [ -49.294096341601247, -25.428217104076698 ], [ -49.294102570151189, -25.428215766591091 ], [ -49.294101037826501, -25.428214338981245 ], [ -49.294099505501862, -25.4282129113714 ], [ -49.294097973177252, -25.428211483761526 ], [ -49.294096440852684, -25.428210056151645 ], [ -49.294094908528145, -25.428208628541753 ], [ -49.294093376203648, -25.428207200931844 ], [ -49.29409184387918, -25.428205773321906 ], [ -49.294090311554754, -25.428204345711976 ], [ -49.294088779230364, -25.42820291810202 ], [ -49.29408724690601, -25.428201490492047 ], [ -49.294085714581691, -25.428200062882066 ], [ -49.294084182257407, -25.428198635272071 ], [ -49.294082649933159, -25.428197207662052 ], [ -49.294081117608954, -25.428195780052029 ], [ -49.29407958528477, -25.428194352441992 ], [ -49.294078052960636, -25.428192924831926 ], [ -49.29407652063653, -25.42819149722186 ], [ -49.294074988312467, -25.42819006961178 ], [ -49.294073455988432, -25.428188642001679 ], [ -49.29407192366444, -25.428187214391571 ], [ -49.294070391340476, -25.428185786781441 ], [ -49.294068859016562, -25.428184359171293 ], [ -49.294067326692669, -25.428182931561143 ], [ -49.294065794368819, -25.428181503950974 ], [ -49.294064262045012, -25.428180076340787 ], [ -49.294062729721233, -25.428178648730587 ], [ -49.29406119739749, -25.428177221120379 ], [ -49.294059665073789, -25.428175793510142 ], [ -49.294058132750116, -25.428174365899906 ], [ -49.29405660042648, -25.428172938289652 ], [ -49.294055068102878, -25.428171510679373 ], [ -49.294053535779327, -25.428170083069091 ], [ -49.294052023306556, -25.428167245873805 ], [ -49.294050510833863, -25.428164408678516 ], [ -49.294048998361234, -25.428161571483191 ], [ -49.294047485888683, -25.428158734287869 ], [ -49.294045973416189, -25.428155897092537 ], [ -49.294044460943759, -25.428153059897181 ], [ -49.294042948471407, -25.428150222701813 ], [ -49.294041435999119, -25.428147385506445 ], [ -49.294039923526896, -25.428144548311053 ], [ -49.294038411054743, -25.428141711115643 ], [ -49.294036898582654, -25.428138873920236 ], [ -49.294035386110636, -25.428136036724808 ], [ -49.294033873638689, -25.428133199529359 ], [ -49.294032361166806, -25.428130362333913 ], [ -49.294030848694995, -25.428127525138446 ], [ -49.294029336223247, -25.428124687942962 ], [ -49.294027823751563, -25.428121850747477 ], [ -49.294026311279957, -25.428119013551964 ], [ -49.294024798808408, -25.428116176356436 ], [ -49.29402328633693, -25.428113339160916 ], [ -49.294021773865524, -25.428110501965367 ], [ -49.294020261394188, -25.428107664769804 ], [ -49.294018748922909, -25.428104827574238 ], [ -49.294017236451701, -25.428101990378654 ], [ -49.294015723980564, -25.428099153183055 ], [ -49.294014211509491, -25.42809631598745 ], [ -49.294012699038497, -25.428093478791826 ], [ -49.294011186567559, -25.428090641596185 ], [ -49.294009674096692, -25.428087804400544 ], [ -49.294008161625896, -25.428084967204878 ], [ -49.294006649155165, -25.428082130009201 ], [ -49.294005136684497, -25.428079292813518 ], [ -49.29400828073306, -25.428076509695064 ], [ -49.29401142478148, -25.428073726576528 ], [ -49.294014568829759, -25.428070943457914 ], [ -49.294017712877888, -25.428068160339233 ], [ -49.294020856925876, -25.428065377220467 ], [ -49.294024000973714, -25.428062594101625 ], [ -49.29402714502141, -25.428059810982717 ], [ -49.294030289068964, -25.428057027863726 ], [ -49.294033433116368, -25.428054244744654 ], [ -49.294036577163638, -25.428051461625518 ], [ -49.294039721210758, -25.4280486785063 ], [ -49.294042865257737, -25.428045895387005 ], [ -49.294046009304566, -25.428043112267641 ], [ -49.294049153351253, -25.428040329148192 ], [ -49.294052297397798, -25.428037546028673 ], [ -49.294055441444193, -25.428034762909082 ], [ -49.294058585490454, -25.428031979789406 ], [ -49.294061729536558, -25.428029196669659 ], [ -49.294064873582521, -25.428026413549841 ], [ -49.294068017628341, -25.428023630429934 ], [ -49.294071161674026, -25.428020847309963 ], [ -49.294074305719555, -25.428018064189917 ], [ -49.294077449764941, -25.42801528106979 ], [ -49.294080593810186, -25.428012497949585 ], [ -49.294083737855289, -25.428009714829308 ], [ -49.294086881900242, -25.428006931708957 ], [ -49.294090025945053, -25.428004148588517 ], [ -49.294093169989722, -25.428001365468013 ], [ -49.294096314034242, -25.427998582347438 ], [ -49.294099458078627, -25.427995799226785 ], [ -49.294102602122855, -25.427993016106051 ], [ -49.294105746166942, -25.427990232985234 ], [ -49.294108890210893, -25.427987449864357 ], [ -49.294112034254688, -25.427984666743399 ], [ -49.294115178298348, -25.427981883622355 ], [ -49.294118322341859, -25.427979100501243 ], [ -49.294121466385228, -25.427976317380061 ], [ -49.294124610428447, -25.427973534258797 ], [ -49.294127754471525, -25.427970751137451 ], [ -49.294130898514467, -25.427967968016041 ], [ -49.29413404255726, -25.42796518489455 ], [ -49.294137186599905, -25.42796240177298 ], [ -49.294140330642399, -25.427959618651339 ], [ -49.294143474684759, -25.427956835529621 ], [ -49.29414661872697, -25.427954052407827 ], [ -49.294149762769038, -25.427951269285959 ], [ -49.294152906810965, -25.427948486164013 ], [ -49.294156050852749, -25.427945703041992 ], [ -49.294159194894384, -25.4279429199199 ], [ -49.294162338935877, -25.427940136797723 ], [ -49.29416548297722, -25.427937353675478 ], [ -49.294168627018422, -25.427934570553155 ], [ -49.294171771059482, -25.427931787430754 ], [ -49.294174915100399, -25.427929004308272 ], [ -49.294178059141167, -25.427926221185725 ], [ -49.294181203181793, -25.427923438063097 ], [ -49.294184347222277, -25.42792065494039 ], [ -49.294187491262612, -25.42791787181762 ], [ -49.294190635302805, -25.427915088694764 ], [ -49.294193779342855, -25.427912305571827 ], [ -49.294196923382756, -25.427909522448832 ], [ -49.294200067422523, -25.427906739325742 ], [ -49.294203211462133, -25.427903956202581 ], [ -49.294206355501608, -25.427901173079359 ], [ -49.294206494442676, -25.427891305983284 ], [ -49.294206633383673, -25.427881438887212 ], [ -49.2942067723246, -25.427871571791133 ], [ -49.294206911265448, -25.427861704695019 ], [ -49.294207050206225, -25.427851837598908 ], [ -49.294207189146931, -25.427841970502783 ], [ -49.294207328087566, -25.427832103406633 ], [ -49.29420746702813, -25.427822236310472 ], [ -49.294207605968609, -25.427812369214301 ], [ -49.294207744909023, -25.427802502118112 ], [ -49.294207883849367, -25.427792635021916 ], [ -49.294208022789633, -25.427782767925699 ], [ -49.294208161729827, -25.427772900829467 ], [ -49.294208300669951, -25.427763033733232 ], [ -49.294208439610003, -25.427753166636979 ], [ -49.294208578549977, -25.427743299540701 ], [ -49.29420871748988, -25.42773343244442 ], [ -49.294208856429705, -25.427723565348124 ], [ -49.294208995369466, -25.427713698251811 ], [ -49.294209134309149, -25.427703831155483 ], [ -49.294209273248754, -25.427693964059145 ], [ -49.294209412188302, -25.427684096962786 ], [ -49.294209551127764, -25.427674229866426 ], [ -49.294209690067156, -25.427664362770042 ], [ -49.294209829006476, -25.427654495673636 ], [ -49.294209967945719, -25.427644628577234 ], [ -49.29421010688489, -25.427634761480817 ], [ -49.294210245823997, -25.427624894384369 ], [ -49.294210384763019, -25.427615027287921 ], [ -49.294210523701977, -25.427605160191462 ], [ -49.294210662640857, -25.427595293094974 ], [ -49.294210801579666, -25.427585425998483 ], [ -49.294209348654789, -25.427578360049147 ], [ -49.294207895730061, -25.427571294099799 ], [ -49.294206442805468, -25.427564228150434 ], [ -49.294204989881024, -25.427557162201058 ], [ -49.294203536956729, -25.427550096251682 ], [ -49.294202084032577, -25.427543030302282 ], [ -49.294200631108573, -25.42753596435287 ], [ -49.294199178184705, -25.427528898403448 ], [ -49.294197725260986, -25.427521832454012 ], [ -49.294196272337409, -25.427514766504562 ], [ -49.294194819413981, -25.427507700555108 ], [ -49.294193366490695, -25.427500634605636 ], [ -49.294191913567552, -25.427493568656153 ], [ -49.294190460644558, -25.427486502706664 ], [ -49.294189007721705, -25.427479436757157 ], [ -49.294187554798995, -25.427472370807628 ], [ -49.294186101876434, -25.427465304858103 ], [ -49.294184648954023, -25.427458238908557 ], [ -49.294183196031746, -25.427451172959003 ], [ -49.294181743109618, -25.427444107009432 ], [ -49.294180290187633, -25.427437041059857 ], [ -49.294178837265797, -25.427429975110261 ], [ -49.294177384344103, -25.427422909160665 ], [ -49.294175931422551, -25.427415843211044 ], [ -49.294174478501148, -25.427408777261409 ], [ -49.294173025579887, -25.427401711311774 ], [ -49.294171572658776, -25.427394645362124 ], [ -49.294170119737799, -25.427387579412454 ], [ -49.294168666816979, -25.427380513462786 ], [ -49.294167213896294, -25.427373447513091 ], [ -49.294165760975751, -25.427366381563388 ], [ -49.294164308055358, -25.427359315613678 ], [ -49.294162815437616, -25.427355068834405 ], [ -49.294161322819974, -25.427350822055114 ], [ -49.294159830202432, -25.427346575275813 ], [ -49.294158337584975, -25.427342328496497 ], [ -49.294156844967617, -25.427338081717171 ], [ -49.294155352350359, -25.42733383493783 ], [ -49.294153859733193, -25.427329588158479 ], [ -49.294152367116126, -25.427325341379113 ], [ -49.294150874499159, -25.427321094599744 ], [ -49.294149381882278, -25.427316847820354 ], [ -49.294147889265496, -25.42731260104096 ], [ -49.29414639664882, -25.427308354261545 ], [ -49.29414490403223, -25.427304107482119 ], [ -49.294143411415739, -25.427299860702686 ], [ -49.294141918799347, -25.427295613923235 ], [ -49.294140426183048, -25.427291367143773 ], [ -49.294138933566849, -25.427287120364305 ], [ -49.294137440950749, -25.427282873584822 ], [ -49.294135948334741, -25.427278626805322 ], [ -49.294134455718826, -25.427274380025814 ], [ -49.294132963103017, -25.427270133246292 ], [ -49.294131470487294, -25.427265886466763 ], [ -49.294129977871677, -25.427261639687217 ], [ -49.294128485256145, -25.427257392907663 ], [ -49.294126992640713, -25.427253146128095 ], [ -49.29412550002538, -25.427248899348513 ], [ -49.29412400741014, -25.42724465256892 ], [ -49.294122514794999, -25.427240405789316 ], [ -49.294121022179958, -25.427236159009702 ], [ -49.294119529565009, -25.427231912230063 ], [ -49.294118036950152, -25.42722766545042 ], [ -49.294116544335402, -25.427223418670771 ], [ -49.294113499558584, -25.427219153867068 ], [ -49.294110454781972, -25.427214889063308 ], [ -49.294107410005573, -25.427210624259498 ], [ -49.29410436522938, -25.427206359455628 ], [ -49.2941013204534, -25.427202094651708 ], [ -49.294098275677619, -25.427197829847735 ], [ -49.294095230902059, -25.427193565043705 ], [ -49.294092186126697, -25.427189300239618 ], [ -49.294089141351556, -25.427185035435478 ], [ -49.294086096576621, -25.427180770631285 ], [ -49.294083051801891, -25.427176505827035 ], [ -49.294080007027375, -25.427172241022731 ], [ -49.294076962253058, -25.427167976218374 ], [ -49.294073917478961, -25.427163711413968 ], [ -49.294070872705063, -25.427159446609501 ], [ -49.294067827931379, -25.427155181804984 ], [ -49.294064783157907, -25.427150917000407 ], [ -49.294061738384642, -25.427146652195773 ], [ -49.294058693611589, -25.427142387391093 ], [ -49.294055648838736, -25.427138122586356 ], [ -49.294052604066103, -25.427133857781563 ], [ -49.294049559293668, -25.427129592976719 ], [ -49.294046514521447, -25.427125328171812 ], [ -49.294043469749433, -25.427121063366865 ], [ -49.294040424977631, -25.427116798561855 ], [ -49.294037380206042, -25.427112533756787 ], [ -49.29403433543466, -25.42710826895167 ], [ -49.294031290663476, -25.427104004146496 ], [ -49.29402824589252, -25.427099739341273 ], [ -49.294025201121755, -25.427095474535989 ], [ -49.294022156351211, -25.427091209730651 ], [ -49.294019111580866, -25.427086944925257 ], [ -49.294014455099713, -25.427086890850319 ], [ -49.294009798618568, -25.427086836775231 ], [ -49.294005142137436, -25.427086782699995 ], [ -49.294000485656312, -25.427086728624612 ], [ -49.293995829175209, -25.427086674549081 ], [ -49.293991172694113, -25.427086620473403 ], [ -49.293986516213039, -25.42708656639758 ], [ -49.293981859731964, -25.427086512321601 ], [ -49.293977203250918, -25.427086458245483 ], [ -49.293972546769879, -25.427086404169216 ], [ -49.293967890288855, -25.4270863500928 ], [ -49.293963233807844, -25.427086296016235 ], [ -49.293958577326848, -25.42708624193952 ], [ -49.293953920845858, -25.427086187862667 ], [ -49.293949264364883, -25.427086133785664 ], [ -49.293944607883923, -25.427086079708509 ], [ -49.293939951402983, -25.427086025631208 ], [ -49.293935294922044, -25.427085971553769 ], [ -49.293930638441132, -25.427085917476166 ], [ -49.293925981960228, -25.427085863398421 ], [ -49.293921325479339, -25.427085809320538 ], [ -49.293916668998456, -25.427085755242498 ], [ -49.293912012517595, -25.427085701164312 ], [ -49.29390735603674, -25.427085647085981 ], [ -49.2939026995559, -25.427085593007497 ], [ -49.293898043075082, -25.427085538928871 ], [ -49.293893386594263, -25.427085484850092 ], [ -49.293888730113466, -25.427085430771175 ], [ -49.29388407363269, -25.427085376692105 ], [ -49.293879417151913, -25.427085322612889 ], [ -49.293874760671159, -25.427085268533521 ], [ -49.293870104190411, -25.42708521445401 ], [ -49.293868611585957, -25.4270809676723 ], [ -49.293867118981588, -25.427076720890572 ], [ -49.293865626377325, -25.427072474108833 ], [ -49.293864133773148, -25.427068227327084 ], [ -49.293862641169078, -25.427063980545324 ], [ -49.293861148565099, -25.427059733763549 ], [ -49.293859655961221, -25.427055486981764 ], [ -49.293858163357427, -25.427051240199965 ], [ -49.293856670753748, -25.427046993418152 ], [ -49.293855178150153, -25.427042746636339 ], [ -49.293853685546651, -25.4270384998545 ], [ -49.293852192943255, -25.427034253072655 ], [ -49.293850700339952, -25.427030006290792 ], [ -49.293849207736741, -25.427025759508926 ], [ -49.29384771513363, -25.427021512727041 ], [ -49.293846222530618, -25.427017265945146 ], [ -49.293844729927699, -25.42701301916324 ], [ -49.293843237324879, -25.427008772381321 ], [ -49.293841744722151, -25.42700452559939 ], [ -49.293840252119523, -25.427000278817445 ], [ -49.293838759516987, -25.42699603203549 ], [ -49.293837266914551, -25.426991785253524 ], [ -49.293835774312214, -25.42698753847155 ], [ -49.29383428170997, -25.426983291689549 ], [ -49.293832789107817, -25.426979044907551 ], [ -49.293831296505765, -25.426974798125531 ], [ -49.293829803903812, -25.426970551343505 ], [ -49.293828311301951, -25.426966304561464 ], [ -49.29382681870019, -25.426962057779413 ], [ -49.293825326098521, -25.426957810997347 ], [ -49.293823833496951, -25.426953564215271 ], [ -49.293822340895481, -25.426949317433188 ], [ -49.293820848294104, -25.426945070651083 ], [ -49.293819355692825, -25.426940823868968 ], [ -49.29381786309164, -25.426936577086845 ], [ -49.293816370490553, -25.426932330304705 ], [ -49.29381487788956, -25.426928083522562 ], [ -49.293813385288658, -25.426923836740396 ], [ -49.293811892687856, -25.426919589958221 ], [ -49.29381040008716, -25.426915343176042 ], [ -49.29380890748655, -25.426911096393841 ], [ -49.293807414886039, -25.42690684961163 ], [ -49.293805922285628, -25.426902602829408 ], [ -49.293804429685309, -25.426898356047172 ], [ -49.293802937085083, -25.426894109264929 ], [ -49.293801444484963, -25.426889862482671 ], [ -49.293799951884935, -25.426885615700403 ], [ -49.293798459285, -25.426881368918117 ], [ -49.293796966685157, -25.426877122135828 ], [ -49.293795474085428, -25.426872875353521 ], [ -49.293793981485784, -25.426868628571199 ], [ -49.293792488886233, -25.426864381788871 ], [ -49.293790996286781, -25.426860135006525 ], [ -49.293789503687428, -25.426855888224171 ], [ -49.293788011088168, -25.4268516414418 ], [ -49.293786518489007, -25.426847394659418 ], [ -49.293785025889946, -25.42684314787703 ], [ -49.29378353329097, -25.42683890109463 ], [ -49.293782040692101, -25.42683465431222 ], [ -49.293780548093316, -25.426830407529788 ], [ -49.293779055494646, -25.42682616074735 ], [ -49.293777562896061, -25.426821913964893 ], [ -49.293776070297568, -25.426817667182434 ], [ -49.293774577699175, -25.426813420399963 ], [ -49.293773045395291, -25.42681199278756 ], [ -49.293771513091436, -25.426810565175131 ], [ -49.293769980787623, -25.426809137562699 ], [ -49.293768448483846, -25.426807709950257 ], [ -49.293766916180097, -25.426806282337783 ], [ -49.293765383876391, -25.426804854725308 ], [ -49.29376385157272, -25.426803427112819 ], [ -49.293762319269085, -25.426801999500302 ], [ -49.293760786965485, -25.426800571887785 ], [ -49.293759254661921, -25.426799144275247 ], [ -49.293757722358393, -25.426797716662691 ], [ -49.293756190054907, -25.426796289050138 ], [ -49.29375465775145, -25.426794861437557 ], [ -49.293753125448035, -25.426793433824951 ], [ -49.293751593144648, -25.426792006212349 ], [ -49.293750060841305, -25.426790578599729 ], [ -49.293748528537989, -25.426789150987087 ], [ -49.293746996234724, -25.426787723374439 ], [ -49.293745463931479, -25.426786295761776 ], [ -49.293743931628278, -25.426784868149095 ], [ -49.293742399325112, -25.426783440536401 ], [ -49.293740867021981, -25.426782012923695 ], [ -49.293739334718893, -25.426780585310961 ], [ -49.293737802415826, -25.426779157698224 ], [ -49.293736270112809, -25.426777730085476 ], [ -49.293734737809821, -25.426776302472707 ], [ -49.293733205506875, -25.426774874859934 ], [ -49.293731673203958, -25.426773447247133 ], [ -49.293730140901083, -25.426772019634317 ], [ -49.293728608598236, -25.426770592021498 ], [ -49.29372707629544, -25.426769164408665 ], [ -49.293725543992664, -25.426767736795803 ], [ -49.293724011689932, -25.426766309182941 ], [ -49.293722479387235, -25.426764881570062 ], [ -49.293720947084573, -25.426763453957154 ], [ -49.293719414781947, -25.426762026344257 ], [ -49.293717882479356, -25.426760598731331 ], [ -49.293716350176808, -25.42675917111838 ], [ -49.293714817874289, -25.42675774350543 ], [ -49.293713285571805, -25.426756315892469 ], [ -49.293711753269363, -25.426754888279476 ], [ -49.29371022096695, -25.42675346066649 ], [ -49.29370868866458, -25.426752033053479 ], [ -49.293707156362245, -25.426750605440446 ], [ -49.293705624059946, -25.426749177827404 ], [ -49.293704091757682, -25.426747750214354 ], [ -49.293702559455454, -25.426746322601282 ], [ -49.293701027153261, -25.426744894988204 ], [ -49.293699494851104, -25.426743467375111 ], [ -49.293697962548983, -25.42674203976199 ], [ -49.293696430246904, -25.426740612148869 ], [ -49.293694897944853, -25.426739184535723 ], [ -49.293693365642845, -25.42673775692257 ], [ -49.293691833340866, -25.426736329309399 ], [ -49.293690301038929, -25.426734901696218 ], [ -49.29368876873702, -25.426733474083019 ], [ -49.293687236435154, -25.426732046469809 ], [ -49.293685704133324, -25.426730618856585 ], [ -49.293684171831529, -25.426729191243339 ], [ -49.29368263952977, -25.426727763630083 ], [ -49.293681107228046, -25.426726336016809 ], [ -49.293679574926365, -25.426724908403529 ], [ -49.293678042624705, -25.426723480790223 ], [ -49.293676510323095, -25.42672205317692 ], [ -49.293674978021514, -25.426720625563583 ], [ -49.293673445719968, -25.426719197950245 ], [ -49.293671913418464, -25.426717770336889 ], [ -49.293670381116996, -25.42671634272352 ], [ -49.293668848815564, -25.426714915110132 ], [ -49.29366731651416, -25.426713487496734 ], [ -49.293665784212799, -25.426712059883311 ], [ -49.293664251911473, -25.426710632269891 ], [ -49.29366271961019, -25.426709204656447 ], [ -49.293661187308935, -25.426707777042989 ], [ -49.293659655007708, -25.426706349429519 ], [ -49.293658122706532, -25.426704921816032 ], [ -49.293656590405384, -25.426703494202531 ], [ -49.293655058104271, -25.426702066589016 ], [ -49.293653525803201, -25.42670063897549 ], [ -49.293651993502166, -25.426699211361942 ], [ -49.29365046120116, -25.426697783748388 ], [ -49.293648928900197, -25.426696356134819 ], [ -49.293647396599269, -25.426694928521222 ], [ -49.293645864298377, -25.426693500907625 ], [ -49.293644331997513, -25.426692073294006 ], [ -49.293642799696691, -25.426690645680377 ], [ -49.293641267395905, -25.426689218066734 ], [ -49.293639735095162, -25.426687790453073 ], [ -49.293638202794448, -25.426686362839401 ], [ -49.293636670493768, -25.426684935225719 ], [ -49.293635138193125, -25.426683507612015 ], [ -49.293633605892524, -25.426682079998297 ], [ -49.293632073591951, -25.426680652384565 ], [ -49.293630541291421, -25.426679224770822 ], [ -49.293629008990926, -25.426677797157058 ], [ -49.293627476690467, -25.426676369543287 ], [ -49.293624392235252, -25.426674923900659 ], [ -49.293621307780114, -25.426673478257957 ], [ -49.293618223325048, -25.426672032615201 ], [ -49.293615138870059, -25.426670586972389 ], [ -49.293612054415149, -25.426669141329512 ], [ -49.293608969960317, -25.426667695686572 ], [ -49.293605885505556, -25.426666250043571 ], [ -49.293602801050881, -25.426664804400506 ], [ -49.293599716596276, -25.426663358757388 ], [ -49.29359663214175, -25.426661913114199 ], [ -49.293593547687301, -25.426660467470949 ], [ -49.293590463232924, -25.426659021827646 ], [ -49.293587378778632, -25.426657576184279 ], [ -49.293584294324404, -25.426656130540845 ], [ -49.293581209870261, -25.426654684897358 ], [ -49.293578125416197, -25.426653239253806 ], [ -49.293575040962203, -25.426651793610191 ], [ -49.293571956508288, -25.426650347966515 ], [ -49.293568872054458, -25.426648902322782 ], [ -49.293565787600691, -25.426647456678978 ], [ -49.29356270314701, -25.426646011035125 ], [ -49.293559618693408, -25.426644565391207 ], [ -49.293556534239869, -25.426643119747219 ], [ -49.293553449786423, -25.42664167410318 ], [ -49.293550365333047, -25.426640228459078 ], [ -49.293547280879736, -25.426638782814909 ], [ -49.293544196426517, -25.426637337170686 ], [ -49.293541111973369, -25.426635891526406 ], [ -49.293538027520299, -25.426634445882048 ], [ -49.293534943067307, -25.426633000237636 ], [ -49.293531858614386, -25.426631554593168 ], [ -49.293528774161544, -25.426630108948633 ], [ -49.293525649997754, -25.42663148247383 ], [ -49.293522525833893, -25.426632855998953 ], [ -49.293519401669968, -25.426634229523998 ], [ -49.293516277505972, -25.42663560304899 ], [ -49.293513153341912, -25.426636976573896 ], [ -49.293510029177781, -25.426638350098738 ], [ -49.293506905013594, -25.426639723623513 ], [ -49.293503780849328, -25.426641097148206 ], [ -49.293500656684991, -25.426642470672835 ], [ -49.29349753252059, -25.4266438441974 ], [ -49.293494408356125, -25.426645217721884 ], [ -49.293491284191596, -25.426646591246303 ], [ -49.293488160026989, -25.426647964770659 ], [ -49.293485035862318, -25.426649338294926 ], [ -49.293481911697583, -25.426650711819139 ], [ -49.293478787532777, -25.426652085343282 ], [ -49.2934756633679, -25.426653458867342 ], [ -49.293472539202959, -25.426654832391336 ], [ -49.293469415037954, -25.426656205915261 ], [ -49.293466290872878, -25.426657579439123 ], [ -49.293463166707731, -25.426658952962903 ], [ -49.29346004254252, -25.426660326486619 ], [ -49.293456918377238, -25.426661700010264 ], [ -49.293453794211899, -25.426663073533835 ], [ -49.293450670046475, -25.426664447057348 ], [ -49.293447545880994, -25.426665820580777 ], [ -49.293444421715449, -25.426667194104137 ], [ -49.293441297549826, -25.426668567627427 ], [ -49.293438173384139, -25.426669941150653 ], [ -49.293435049218388, -25.426671314673801 ], [ -49.293431925052573, -25.426672688196888 ], [ -49.29342880088668, -25.426674061719897 ], [ -49.293427228875359, -25.426675453273781 ], [ -49.293425656864002, -25.426676844827657 ], [ -49.293424084852617, -25.426678236381498 ], [ -49.293422512841197, -25.426679627935322 ], [ -49.293420940829726, -25.426681019489138 ], [ -49.293419368818228, -25.426682411042925 ], [ -49.293417796806693, -25.426683802596692 ], [ -49.293416224795116, -25.426685194150448 ], [ -49.293414652783511, -25.426686585704186 ], [ -49.29341308077187, -25.426687977257895 ], [ -49.293411508760194, -25.426689368811591 ], [ -49.293409936748475, -25.426690760365272 ], [ -49.29340836473672, -25.426692151918925 ], [ -49.293406792724937, -25.426693543472567 ], [ -49.293405220713112, -25.426694935026187 ], [ -49.293403648701251, -25.426696326579787 ], [ -49.293402076689354, -25.426697718133372 ], [ -49.293400504677422, -25.426699109686933 ], [ -49.293398932665454, -25.426700501240475 ], [ -49.293397360653458, -25.426701892794004 ], [ -49.293395788641412, -25.426703284347504 ], [ -49.293394216629331, -25.426704675900993 ], [ -49.293392644617228, -25.426706067454464 ], [ -49.293391072605068, -25.426707459007911 ], [ -49.293389500592887, -25.42670885056134 ], [ -49.293387928580671, -25.426710242114758 ], [ -49.293386356568412, -25.426711633668145 ], [ -49.293384784556125, -25.42671302522152 ], [ -49.293383212543787, -25.426714416774878 ], [ -49.293381640531429, -25.426715808328215 ], [ -49.293380068519028, -25.42671719988153 ], [ -49.293378496506584, -25.426718591434831 ], [ -49.293376964208754, -25.426717163818576 ], [ -49.293375431910967, -25.426715736202304 ], [ -49.293373899613208, -25.426714308586021 ], [ -49.293372367315484, -25.42671288096972 ], [ -49.293370835017797, -25.426711453353409 ], [ -49.293369302720151, -25.426710025737087 ], [ -49.293367770422542, -25.426708598120744 ], [ -49.29336623812496, -25.426707170504386 ], [ -49.293364705827422, -25.426705742888021 ], [ -49.293363173529912, -25.426704315271635 ], [ -49.293361641232451, -25.426702887655232 ], [ -49.293360108935012, -25.426701460038824 ], [ -49.293358576637623, -25.426700032422396 ], [ -49.293357044340254, -25.426698604805956 ], [ -49.293355512042936, -25.426697177189499 ], [ -49.293353979745646, -25.426695749573025 ], [ -49.293352447448392, -25.426694321956546 ], [ -49.29335091515118, -25.426692894340047 ], [ -49.293349382854004, -25.426691466723533 ], [ -49.293347850556856, -25.426690039107001 ], [ -49.293346318259751, -25.426688611490462 ], [ -49.293344785962674, -25.426687183873902 ], [ -49.29334325366564, -25.426685756257335 ], [ -49.293341721368634, -25.426684328640746 ], [ -49.293340189071671, -25.426682901024147 ], [ -49.293338656774743, -25.426681473407534 ], [ -49.293337124477851, -25.426680045790906 ], [ -49.293335592181002, -25.426678618174257 ], [ -49.293334059884181, -25.426677190557605 ], [ -49.293332527587395, -25.426675762940931 ], [ -49.293330995290653, -25.426674335324243 ], [ -49.293329462993938, -25.426672907707545 ], [ -49.293327930697266, -25.426671480090832 ], [ -49.29332639840063, -25.426670052474098 ], [ -49.293324866104022, -25.42666862485736 ], [ -49.293323333807457, -25.426667197240597 ], [ -49.293321801510928, -25.426665769623824 ], [ -49.293320269214426, -25.42666434200704 ], [ -49.293318736917968, -25.426662914390239 ], [ -49.293317204621552, -25.426661486773423 ], [ -49.293315672325164, -25.426660059156596 ], [ -49.293314140028812, -25.426658631539748 ], [ -49.293312607732496, -25.426657203922886 ], [ -49.293311075436222, -25.426655776306017 ], [ -49.293309543139976, -25.42665434868913 ], [ -49.293308010843774, -25.426652921072222 ], [ -49.293306478547606, -25.42665149345531 ], [ -49.293304946251467, -25.42665006583838 ], [ -49.293303413955371, -25.426648638221433 ], [ -49.29330188165931, -25.426647210604475 ], [ -49.293300349363285, -25.426645782987503 ], [ -49.293298817067296, -25.426644355370513 ], [ -49.293297284771342, -25.426642927753509 ], [ -49.293295752475423, -25.426641500136498 ], [ -49.293294220179547, -25.426640072519458 ], [ -49.293292687883692, -25.426638644902411 ], [ -49.293291155587887, -25.426637217285357 ], [ -49.293289623292111, -25.426635789668278 ], [ -49.293288090996384, -25.426634362051193 ], [ -49.293286558700679, -25.426632934434092 ], [ -49.293285026405016, -25.426631506816964 ], [ -49.293283494109382, -25.426630079199835 ], [ -49.29328196181379, -25.426628651582696 ], [ -49.293280429518234, -25.426627223965529 ], [ -49.293278917081089, -25.426624386763645 ], [ -49.293277404644023, -25.426621549561741 ], [ -49.293275892207014, -25.426618712359822 ], [ -49.293274379770075, -25.426615875157903 ], [ -49.293272867333201, -25.42661303795596 ], [ -49.293271354896397, -25.426610200754009 ], [ -49.293269842459665, -25.426607363552048 ], [ -49.293268330022997, -25.426604526350065 ], [ -49.293266817586399, -25.426601689148072 ], [ -49.293265305149859, -25.426598851946078 ], [ -49.293263792713397, -25.426596014744053 ], [ -49.293262280277006, -25.426593177542024 ], [ -49.293260767840671, -25.426590340339981 ], [ -49.293259255404408, -25.42658750313792 ], [ -49.293257742968215, -25.426584665935845 ], [ -49.293256230532094, -25.426581828733777 ], [ -49.29325471809603, -25.426578991531677 ], [ -49.293253205660044, -25.426576154329563 ], [ -49.293251693224114, -25.426573317127446 ], [ -49.293250180788263, -25.42657047992531 ], [ -49.293248668352476, -25.426567642723164 ], [ -49.293247155916752, -25.426564805521011 ], [ -49.2932456434811, -25.426561968318829 ], [ -49.293244131045519, -25.426559131116637 ], [ -49.293242618610002, -25.426556293914448 ], [ -49.293241106174548, -25.426553456712238 ], [ -49.293239593739166, -25.426550619510003 ], [ -49.293238081303848, -25.426547782307772 ], [ -49.293236568868608, -25.426544945105519 ], [ -49.293235056433424, -25.426542107903252 ], [ -49.293233543998319, -25.426539270700982 ], [ -49.293232031563271, -25.426536433498686 ], [ -49.293230519128294, -25.426533596296384 ], [ -49.293229006693387, -25.426530759094071 ], [ -49.293227494258545, -25.426527921891743 ], [ -49.293225981823774, -25.426525084689398 ], [ -49.293224469389074, -25.42652224748705 ], [ -49.29322295695443, -25.426519410284673 ], [ -49.293221444519865, -25.426516573082292 ], [ -49.293219932085357, -25.426513735879908 ], [ -49.29321841965092, -25.426510898677495 ], [ -49.293216907216561, -25.426508061475076 ], [ -49.293215394782266, -25.426505224272649 ], [ -49.293213882348027, -25.426502387070201 ], [ -49.29321236991386, -25.426499549867732 ], [ -49.293210857479771, -25.426496712665269 ], [ -49.293209345045746, -25.426493875462789 ], [ -49.293207832611778, -25.426491038260288 ], [ -49.293206320177887, -25.426488201057783 ], [ -49.293204807744061, -25.42648536385526 ], [ -49.293203295310306, -25.426482526652713 ], [ -49.293201782876615, -25.426479689450176 ], [ -49.293200270442995, -25.426476852247603 ], [ -49.293198758009439, -25.426474015045031 ], [ -49.293197245575954, -25.426471177842455 ], [ -49.293195733142532, -25.426468340639847 ], [ -49.293194220709182, -25.426465503437228 ], [ -49.293192708275896, -25.426462666234606 ], [ -49.293191195842681, -25.426459829031966 ], [ -49.29318968340953, -25.426456991829312 ], [ -49.29318817097645, -25.426454154626647 ], [ -49.293186658543441, -25.426451317423968 ], [ -49.293185146110496, -25.426448480221275 ], [ -49.293183633677621, -25.426445643018571 ], [ -49.293182121244804, -25.42644280581586 ], [ -49.293180608812065, -25.426439968613131 ], [ -49.29317909637939, -25.426437131410385 ], [ -49.293177583946786, -25.426434294207628 ], [ -49.293176071514246, -25.42643145700486 ], [ -49.293174559081777, -25.426428619802071 ], [ -49.293173046649372, -25.426425782599289 ], [ -49.293171534217031, -25.426422945396475 ], [ -49.293170021784768, -25.42642010819365 ], [ -49.293168509352562, -25.426417270990822 ], [ -49.293166996920434, -25.426414433787972 ], [ -49.293165484488362, -25.426411596585108 ], [ -49.293163972056362, -25.426408759382237 ], [ -49.293162459624433, -25.426405922179356 ], [ -49.293160947192575, -25.426403084976446 ], [ -49.293159434760781, -25.426400247773543 ], [ -49.293157922329051, -25.426397410570619 ], [ -49.293156409897392, -25.426394573367674 ], [ -49.293154897465797, -25.426391736164732 ], [ -49.29315338503428, -25.426388898961765 ], [ -49.29315187260282, -25.426386061758784 ], [ -49.293150360171431, -25.426383224555796 ], [ -49.293148847740113, -25.42638038735279 ], [ -49.293147335308859, -25.426377550149777 ], [ -49.293145822877676, -25.426374712946753 ], [ -49.29314431044655, -25.426371875743708 ], [ -49.293142798015509, -25.426369038540653 ], [ -49.293141285584518, -25.42636620133759 ], [ -49.293139773153612, -25.426363364134506 ], [ -49.293138260722763, -25.426360526931415 ], [ -49.293136748291985, -25.426357689728309 ], [ -49.293135235861271, -25.426354852525186 ], [ -49.293132171280369, -25.426351997288219 ], [ -49.293129106699617, -25.426349142051208 ], [ -49.293126042118999, -25.42634628681412 ], [ -49.29312297753853, -25.426343431576985 ], [ -49.293119912958211, -25.426340576339793 ], [ -49.293116848378034, -25.426337721102534 ], [ -49.293113783797999, -25.426334865865229 ], [ -49.293110719218099, -25.426332010627863 ], [ -49.293107654638355, -25.426329155390437 ], [ -49.293104590058753, -25.426326300152958 ], [ -49.293101525479294, -25.426323444915422 ], [ -49.293098460899984, -25.426320589677822 ], [ -49.293095396320815, -25.426317734440168 ], [ -49.293092331741789, -25.426314879202454 ], [ -49.293089267162912, -25.426312023964687 ], [ -49.293086202584171, -25.426309168726856 ], [ -49.293083138005578, -25.426306313488976 ], [ -49.293080073427134, -25.426303458251031 ], [ -49.293077008848826, -25.426300603013033 ], [ -49.293073944270667, -25.426297747774978 ], [ -49.293070879692657, -25.426294892536863 ], [ -49.293067815114782, -25.42629203729869 ], [ -49.293064750537063, -25.426289182060462 ], [ -49.293061685959472, -25.426286326822169 ], [ -49.293058621382038, -25.426283471583826 ], [ -49.293055556804745, -25.42628061634543 ], [ -49.293052492227595, -25.42627776110697 ], [ -49.293049427650587, -25.426274905868439 ], [ -49.293046363073735, -25.426272050629876 ], [ -49.293043298497011, -25.426269195391239 ], [ -49.293040233920443, -25.426266340152541 ], [ -49.293037169344018, -25.426263484913807 ], [ -49.293034045185024, -25.426264858428798 ], [ -49.293030921025959, -25.426266231943732 ], [ -49.293027796866838, -25.426267605458595 ], [ -49.293024672707645, -25.426268978973376 ], [ -49.293021548548374, -25.426270352488096 ], [ -49.293018424389047, -25.426271726002749 ], [ -49.293015300229648, -25.426273099517314 ], [ -49.293012176070185, -25.426274473031825 ], [ -49.293009051910651, -25.426275846546268 ], [ -49.293005927751047, -25.42627722006063 ], [ -49.293002803591378, -25.426278593574921 ], [ -49.292999679431645, -25.426279967089155 ], [ -49.292996555271834, -25.426281340603303 ], [ -49.292993431111967, -25.426282714117391 ], [ -49.292990306952028, -25.426284087631405 ], [ -49.292987182792018, -25.426285461145348 ], [ -49.292984058631937, -25.426286834659219 ], [ -49.2929809344718, -25.42628820817303 ], [ -49.292977810311591, -25.426289581686756 ], [ -49.292974686151311, -25.426290955200418 ], [ -49.292971561990967, -25.426292328714013 ], [ -49.292968437830552, -25.426293702227532 ], [ -49.292965313670067, -25.426295075740981 ], [ -49.292962189509524, -25.426296449254369 ], [ -49.292959065348903, -25.426297822767676 ], [ -49.292955941188218, -25.426299196280922 ], [ -49.292952817027469, -25.42630056979409 ], [ -49.292949692866642, -25.426301943307191 ], [ -49.292946568705759, -25.426303316820217 ], [ -49.292943444544804, -25.426304690333176 ], [ -49.292940320383785, -25.426306063846067 ], [ -49.292937196222688, -25.426307437358879 ], [ -49.29292941561291, -25.426308756763856 ], [ -49.29292163500299, -25.426310076168388 ], [ -49.292913854392921, -25.426311395572508 ], [ -49.29290607378271, -25.426312714976213 ], [ -49.29289829317235, -25.426314034379484 ], [ -49.292890512561854, -25.426315353782343 ], [ -49.292882731951202, -25.426316673184783 ], [ -49.292874951340416, -25.426317992586799 ], [ -49.29286717072948, -25.42631931198839 ], [ -49.292859390118394, -25.426320631389569 ], [ -49.292851609507174, -25.426321950790317 ], [ -49.292843828895805, -25.426323270190647 ], [ -49.292836048284293, -25.426324589590561 ], [ -49.292828267672633, -25.426325908990041 ], [ -49.29282048706083, -25.426327228389106 ], [ -49.292812706448878, -25.426328547787755 ], [ -49.292804925836791, -25.426329867185977 ], [ -49.292797145224547, -25.426331186583777 ], [ -49.292789364612169, -25.426332505981161 ], [ -49.292781583999648, -25.426333825378123 ], [ -49.292773803386972, -25.426335144774658 ], [ -49.292766022774153, -25.426336464170785 ], [ -49.292758242161199, -25.426337783566471 ], [ -49.292750461548088, -25.426339102961748 ], [ -49.292742680934836, -25.42634042235661 ], [ -49.292734900321449, -25.426341741751038 ], [ -49.292727119707912, -25.426343061145047 ], [ -49.292719339094226, -25.426344380538641 ], [ -49.292711558480399, -25.426345699931808 ], [ -49.292703777866429, -25.426347019324556 ], [ -49.292695997252302, -25.426348338716885 ], [ -49.292688216638041, -25.426349658108791 ], [ -49.292680475753826, -25.426348158331624 ], [ -49.292672734869825, -25.426346658554053 ], [ -49.292664993986037, -25.426345158776098 ], [ -49.292657253102469, -25.426343658997737 ], [ -49.292649512219114, -25.426342159218972 ], [ -49.292641771335973, -25.42634065943982 ], [ -49.292634030453058, -25.426339159660262 ], [ -49.292626289570343, -25.426337659880311 ], [ -49.292618548687862, -25.426336160099957 ], [ -49.29261080780558, -25.426334660319203 ], [ -49.292603066923526, -25.426333160538046 ], [ -49.292595326041692, -25.426331660756507 ], [ -49.292587585160064, -25.426330160974562 ], [ -49.292579844278656, -25.426328661192215 ], [ -49.292572103397461, -25.426327161409475 ], [ -49.292564362516487, -25.426325661626333 ], [ -49.292556621635718, -25.426324161842793 ], [ -49.292548880755177, -25.426322662058851 ], [ -49.292541139874849, -25.426321162274515 ], [ -49.292533398994735, -25.426319662489782 ], [ -49.292525658114847, -25.42631816270465 ], [ -49.292517917235159, -25.426316662919117 ], [ -49.292510176355698, -25.426315163133182 ], [ -49.29250243547645, -25.426313663346853 ], [ -49.292494694597423, -25.42631216356013 ], [ -49.292486953718601, -25.426310663772995 ], [ -49.29247921284, -25.426309163985472 ], [ -49.292471471961626, -25.426307664197552 ], [ -49.292463731083458, -25.426306164409223 ], [ -49.292455990205504, -25.426304664620517 ], [ -49.292448249327769, -25.426303164831392 ], [ -49.292440508450255, -25.426301665041869 ], [ -49.292438976169066, -25.426300237416601 ], [ -49.292437443887913, -25.426298809791305 ], [ -49.292435911606788, -25.426297382166002 ], [ -49.292434379325712, -25.426295954540688 ], [ -49.292432847044658, -25.426294526915353 ], [ -49.292431314763654, -25.426293099290003 ], [ -49.292429782482678, -25.426291671664639 ], [ -49.292428250201738, -25.426290244039262 ], [ -49.29242671792084, -25.426288816413869 ], [ -49.292425185639971, -25.426287388788467 ], [ -49.292423653359144, -25.426285961163043 ], [ -49.292422121078353, -25.426284533537611 ], [ -49.29242058879759, -25.426283105912162 ], [ -49.29241905651687, -25.426281678286706 ], [ -49.292417524236185, -25.426280250661215 ], [ -49.292415991955536, -25.426278823035727 ], [ -49.292414459674923, -25.426277395410228 ], [ -49.292412927394345, -25.426275967784704 ], [ -49.292411395113803, -25.42627454015917 ], [ -49.292409862833303, -25.426273112533625 ], [ -49.292408330552831, -25.426271684908055 ], [ -49.292406798272395, -25.426270257282479 ], [ -49.292405265992002, -25.426268829656891 ], [ -49.292403733711645, -25.426267402031272 ], [ -49.292402201431315, -25.426265974405656 ], [ -49.292400669151029, -25.426264546780022 ], [ -49.292399136870777, -25.42626311915437 ], [ -49.292397604590562, -25.426261691528705 ], [ -49.292396072310382, -25.426260263903032 ], [ -49.292394540030244, -25.426258836277331 ], [ -49.292393007750128, -25.426257408651626 ], [ -49.292391475470055, -25.426255981025907 ], [ -49.29238837117321, -25.426255944942678 ], [ -49.292385266876366, -25.426255908859378 ], [ -49.292382162579536, -25.426255872776018 ], [ -49.292379058282705, -25.426255836692587 ], [ -49.292375953985875, -25.426255800609095 ], [ -49.292372849689059, -25.426255764525536 ], [ -49.292369745392243, -25.426255728441909 ], [ -49.292366641095434, -25.426255692358218 ], [ -49.292363536798639, -25.42625565627446 ], [ -49.292360432501845, -25.426255620190641 ], [ -49.292357328205057, -25.426255584106748 ], [ -49.292354223908269, -25.426255548022795 ], [ -49.292351119611496, -25.426255511938781 ], [ -49.292348015314722, -25.426255475854695 ], [ -49.292344911017963, -25.426255439770546 ], [ -49.292341806721204, -25.426255403686334 ], [ -49.292338702424445, -25.426255367602053 ], [ -49.292335598127707, -25.426255331517705 ], [ -49.292332493830962, -25.4262552954333 ], [ -49.292329389534231, -25.426255259348817 ], [ -49.2923262852375, -25.42625522326427 ], [ -49.292323180940777, -25.42625518717967 ], [ -49.29232007664406, -25.426255151094995 ], [ -49.292316972347351, -25.426255115010253 ], [ -49.292313868050641, -25.426255078925447 ], [ -49.292310763753939, -25.426255042840584 ], [ -49.292307659457251, -25.426255006755646 ], [ -49.292304555160563, -25.426254970670637 ], [ -49.292301450863881, -25.426254934585575 ], [ -49.2922983465672, -25.426254898500442 ], [ -49.292295242270541, -25.426254862415249 ], [ -49.292292137973874, -25.426254826329984 ], [ -49.292290605695086, -25.426253398703267 ], [ -49.292289073416335, -25.426251971076542 ], [ -49.292287541137625, -25.426250543449807 ], [ -49.292286008858945, -25.426249115823047 ], [ -49.292284476580306, -25.426247688196277 ], [ -49.292282944301704, -25.426246260569496 ], [ -49.292281412023129, -25.426244832942686 ], [ -49.292279879744598, -25.42624340531588 ], [ -49.292278347466095, -25.426241977689056 ], [ -49.292276815187641, -25.426240550062214 ], [ -49.292275282909216, -25.426239122435359 ], [ -49.29227375063082, -25.426237694808488 ], [ -49.292272218352466, -25.426236267181601 ], [ -49.292270686074147, -25.426234839554702 ], [ -49.292269153795871, -25.426233411927793 ], [ -49.292267621517624, -25.426231984300859 ], [ -49.292266089239412, -25.426230556673922 ], [ -49.292264556961243, -25.426229129046973 ], [ -49.292263024683109, -25.426227701419993 ], [ -49.292261492405004, -25.426226273793006 ], [ -49.292259960126941, -25.426224846166011 ], [ -49.292258427848914, -25.426223418538992 ], [ -49.292256895570922, -25.426221990911966 ], [ -49.292255363292966, -25.426220563284922 ], [ -49.292253831015046, -25.426219135657863 ], [ -49.292252298737161, -25.426217708030794 ], [ -49.292250766459311, -25.426216280403711 ], [ -49.292249234181497, -25.426214852776607 ], [ -49.292247701903726, -25.426213425149484 ], [ -49.292246169625983, -25.426211997522369 ], [ -49.292244637348283, -25.426210569895215 ], [ -49.292243105070611, -25.426209142268064 ], [ -49.292241572792982, -25.426207714640896 ], [ -49.292240040515381, -25.426206287013702 ], [ -49.292238508237823, -25.426204859386502 ], [ -49.2922369759603, -25.426203431759291 ], [ -49.29223544368282, -25.426202004132051 ], [ -49.292233911405368, -25.426200576504808 ], [ -49.292232379127945, -25.426199148877551 ], [ -49.292230846850572, -25.426197721250283 ], [ -49.292229314573227, -25.426196293622993 ], [ -49.292227782295917, -25.426194865995694 ], [ -49.292226250018651, -25.426193438368376 ], [ -49.292224717741412, -25.426192010741044 ], [ -49.292223185464216, -25.426190583113705 ], [ -49.292221653187049, -25.426189155486334 ], [ -49.292220120909924, -25.426187727858963 ], [ -49.292218588632835, -25.426186300231581 ], [ -49.292217056355781, -25.426184872604175 ], [ -49.292215524078763, -25.426183444976761 ], [ -49.292213991801781, -25.426182017349333 ], [ -49.292212459524833, -25.426180589721881 ], [ -49.292210927247922, -25.426179162094421 ], [ -49.292209394971053, -25.42617773446695 ], [ -49.292207862694212, -25.426176306839459 ], [ -49.292206330417415, -25.42617487921196 ], [ -49.292204798140645, -25.426173451584443 ], [ -49.292203265863918, -25.426172023956902 ], [ -49.29220173358722, -25.426170596329364 ], [ -49.292200201310564, -25.426169168701801 ], [ -49.292198669033944, -25.426167741074224 ], [ -49.292197136757359, -25.42616631344664 ], [ -49.292195604480803, -25.426164885819034 ], [ -49.292194072204296, -25.426163458191407 ], [ -49.292192539927818, -25.426162030563784 ], [ -49.292191007651375, -25.426160602936136 ], [ -49.292189475374975, -25.426159175308467 ], [ -49.292187943098604, -25.426157747680797 ], [ -49.292186410822275, -25.426156320053103 ], [ -49.292184878545974, -25.426154892425401 ], [ -49.292183346269709, -25.426153464797682 ], [ -49.292181813993487, -25.426152037169953 ], [ -49.2921802817173, -25.426150609542198 ], [ -49.292178749441149, -25.426149181914443 ], [ -49.292177217165033, -25.426147754286664 ], [ -49.292175684888946, -25.42614632665887 ], [ -49.292174152612908, -25.426144899031069 ], [ -49.292172620336899, -25.426143471403254 ], [ -49.292171088060925, -25.426142043775407 ], [ -49.292169555784987, -25.426140616147563 ], [ -49.292168023509085, -25.426139188519706 ], [ -49.292166491233225, -25.426137760891816 ], [ -49.292164958957393, -25.426136333263941 ], [ -49.292163426681604, -25.426134905636026 ], [ -49.292161894405851, -25.426133478008101 ], [ -49.292160362130133, -25.426132050380172 ], [ -49.292158829854444, -25.426130622752222 ], [ -49.292157297578804, -25.426129195124258 ], [ -49.292155765303185, -25.426127767496283 ], [ -49.29215423302761, -25.426126339868294 ], [ -49.292152700752077, -25.426124912240279 ], [ -49.292151168476572, -25.426123484612265 ], [ -49.292149636201103, -25.42612205698423 ], [ -49.292148103925676, -25.42612062935617 ], [ -49.292146571650278, -25.426119201728113 ], [ -49.292145039374923, -25.426117774100035 ], [ -49.292143507099595, -25.426116346471932 ], [ -49.292141974824311, -25.42611491884383 ], [ -49.292140442549062, -25.426113491215705 ], [ -49.292138910273849, -25.426112063587574 ], [ -49.292137377998664, -25.426110635959425 ], [ -49.292135845723521, -25.426109208331258 ], [ -49.292134313448422, -25.42610778070307 ], [ -49.292132781173343, -25.426106353074886 ], [ -49.292131248898315, -25.42610492544668 ], [ -49.292129716623315, -25.426103497818453 ], [ -49.29212818434835, -25.426102070190222 ], [ -49.292126652073428, -25.42610064256197 ], [ -49.292125119798534, -25.426099214933696 ], [ -49.292123587523683, -25.426097787305419 ], [ -49.292122055248861, -25.426096359677128 ], [ -49.292120522974081, -25.426094932048809 ], [ -49.292118990699343, -25.426093504420493 ], [ -49.292117458424627, -25.426092076792155 ], [ -49.292115926149954, -25.426090649163804 ], [ -49.292114393875316, -25.426089221535438 ], [ -49.292112861600714, -25.426087793907062 ], [ -49.292111329326154, -25.426086366278653 ], [ -49.292109797051623, -25.426084938650256 ], [ -49.292108264777127, -25.426083511021826 ], [ -49.292106732502674, -25.426082083393393 ], [ -49.292105200228249, -25.426080655764938 ], [ -49.292103667953867, -25.426079228136473 ], [ -49.292102135679514, -25.426077800507986 ], [ -49.292100603405203, -25.426076372879496 ], [ -49.292099071130927, -25.426074945250985 ], [ -49.292097538856687, -25.426073517622456 ], [ -49.292096006582483, -25.426072089993912 ], [ -49.29209453392329, -25.426066433613528 ], [ -49.292093061264218, -25.426060777233118 ], [ -49.292091588605274, -25.426055120852705 ], [ -49.292090115946444, -25.426049464472278 ], [ -49.292088643287734, -25.426043808091826 ], [ -49.292087170629152, -25.426038151711378 ], [ -49.292085697970698, -25.426032495330919 ], [ -49.292084225312351, -25.426026838950435 ], [ -49.292082752654139, -25.426021182569947 ], [ -49.29208127999604, -25.426015526189456 ], [ -49.292079807338062, -25.426009869808933 ], [ -49.29207833468022, -25.426004213428413 ], [ -49.292076862022491, -25.425998557047876 ], [ -49.292075389364875, -25.425992900667328 ], [ -49.292073916707395, -25.42598724428677 ], [ -49.292072444050028, -25.425981587906207 ], [ -49.292070971392789, -25.42597593152562 ], [ -49.292069498735671, -25.425970275145023 ], [ -49.292068026078667, -25.425964618764418 ], [ -49.292066553421797, -25.425958962383799 ], [ -49.292065080765035, -25.425953306003173 ], [ -49.292063608108407, -25.425947649622529 ], [ -49.292062135451893, -25.425941993241871 ], [ -49.292060662795507, -25.425936336861209 ], [ -49.292059190139248, -25.425930680480533 ], [ -49.292057717483097, -25.425925024099836 ], [ -49.29205624482708, -25.425919367719139 ], [ -49.292054772171177, -25.425913711338431 ], [ -49.292053299515402, -25.425908054957702 ], [ -49.292051826859741, -25.425902398576962 ], [ -49.292050354204207, -25.425896742196226 ], [ -49.292048881548794, -25.425891085815461 ], [ -49.292047408893502, -25.425885429434693 ], [ -49.292045936238331, -25.425879773053907 ], [ -49.292044463583281, -25.425874116673111 ], [ -49.292042990928365, -25.4258684602923 ], [ -49.292041518273557, -25.425862803911482 ], [ -49.292040045618876, -25.425857147530653 ], [ -49.292038572964316, -25.42585149114981 ], [ -49.292037100309884, -25.425845834768953 ], [ -49.292035627655565, -25.425840178388082 ], [ -49.292034155001367, -25.425834522007214 ], [ -49.292032682347305, -25.425828865626318 ], [ -49.292031209693349, -25.425823209245412 ], [ -49.292029737039528, -25.425817552864505 ], [ -49.29202826438582, -25.42581189648358 ], [ -49.292026791732233, -25.425806240102638 ], [ -49.292025319078775, -25.425800583721692 ], [ -49.29202384642543, -25.425794927340736 ], [ -49.292022373772213, -25.425789270959754 ], [ -49.292020901119123, -25.42578361457878 ], [ -49.292019428466148, -25.425777958197777 ], [ -49.292017955813293, -25.425772301816771 ], [ -49.292016483160566, -25.42576664543575 ], [ -49.29201501050796, -25.425760989054726 ], [ -49.292013537855468, -25.42575533267367 ], [ -49.292012065203103, -25.425749676292622 ], [ -49.292010592550866, -25.425744019911551 ], [ -49.292009119898744, -25.425738363530471 ], [ -49.292007647246741, -25.425732707149386 ], [ -49.292006174594867, -25.42572705076828 ], [ -49.292004701943121, -25.425721394387161 ], [ -49.292003229291481, -25.42571573800603 ], [ -49.292001756639969, -25.425710081624906 ], [ -49.29200032373344, -25.425701606075854 ], [ -49.291998890827067, -25.425693130526803 ], [ -49.291997457920864, -25.425684654977733 ], [ -49.291996025014825, -25.425676179428653 ], [ -49.291994592108942, -25.425667703879547 ], [ -49.291993159203237, -25.425659228330439 ], [ -49.291991726297688, -25.425650752781319 ], [ -49.291990293392303, -25.425642277232182 ], [ -49.291988860487081, -25.425633801683031 ], [ -49.291987427582029, -25.425625326133872 ], [ -49.291985994677134, -25.425616850584696 ], [ -49.291984561772409, -25.425608375035509 ], [ -49.291983128867848, -25.425599899486311 ], [ -49.29198169596345, -25.425591423937099 ], [ -49.291980263059216, -25.425582948387873 ], [ -49.291978830155152, -25.425574472838633 ], [ -49.291977397251237, -25.425565997289375 ], [ -49.2919759643475, -25.42555752174011 ], [ -49.291974531443927, -25.425549046190838 ], [ -49.291973098540517, -25.425540570641548 ], [ -49.29197166563727, -25.42553209509224 ], [ -49.29197023273418, -25.425523619542918 ], [ -49.29196879983126, -25.425515143993596 ], [ -49.291967366928503, -25.42550666844425 ], [ -49.29196593402591, -25.425498192894892 ], [ -49.291964501123488, -25.425489717345524 ], [ -49.291963068221229, -25.425481241796145 ], [ -49.291961635319126, -25.425472766246752 ], [ -49.291960202417194, -25.425464290697342 ], [ -49.291958769515425, -25.425455815147924 ], [ -49.29195733661382, -25.425447339598485 ], [ -49.291955903712378, -25.425438864049045 ], [ -49.291954470811099, -25.425430388499588 ], [ -49.291953037909984, -25.425421912950114 ], [ -49.291951605009039, -25.425413437400632 ], [ -49.291950172108258, -25.425404961851129 ], [ -49.291948739207633, -25.425396486301619 ], [ -49.291947306307179, -25.425388010752094 ], [ -49.291945873406888, -25.425379535202556 ], [ -49.291944440506761, -25.42537105965301 ], [ -49.291943007606797, -25.425362584103443 ], [ -49.291941574706996, -25.425354108553869 ], [ -49.291940141807366, -25.425345633004277 ], [ -49.291938708907892, -25.425337157454678 ], [ -49.291937276008596, -25.425328681905061 ], [ -49.291935843109449, -25.425320206355433 ], [ -49.291934410210473, -25.425311730805788 ], [ -49.29193297731166, -25.425303255256136 ], [ -49.291931544413011, -25.425294779706469 ], [ -49.291930111514525, -25.425286304156792 ], [ -49.291928678616209, -25.425277828607094 ], [ -49.29192724571805, -25.425269353057395 ], [ -49.291925812820061, -25.425260877507675 ], [ -49.291924379922229, -25.425252401957945 ], [ -49.291922947024567, -25.425243926408204 ], [ -49.291921514127075, -25.425235450858441 ], [ -49.291920081229733, -25.425226975308671 ], [ -49.291918648332569, -25.425218499758891 ], [ -49.291917215435561, -25.425210024209093 ], [ -49.291915782538723, -25.425201548659281 ], [ -49.291914349642042, -25.425193073109458 ], [ -49.291912916745531, -25.425184597559628 ], [ -49.291911483849184, -25.425176122009777 ], [ -49.291910050953, -25.425167646459926 ], [ -49.291908518691919, -25.425166218829975 ], [ -49.291906986430881, -25.42516479119999 ], [ -49.291905454169871, -25.425163363570014 ], [ -49.291903921908897, -25.425161935940015 ], [ -49.291902389647959, -25.425160508309997 ], [ -49.29190085738707, -25.425159080679972 ], [ -49.291899325126209, -25.425157653049929 ], [ -49.291897792865377, -25.425156225419865 ], [ -49.291896260604581, -25.425154797789805 ], [ -49.291894728343834, -25.425153370159709 ], [ -49.291893196083116, -25.425151942529606 ], [ -49.291891663822433, -25.425150514899496 ], [ -49.291890131561786, -25.425149087269372 ], [ -49.291888599301181, -25.425147659639222 ], [ -49.291887067040605, -25.425146232009066 ], [ -49.291885534780064, -25.425144804378895 ], [ -49.291884002519566, -25.425143376748704 ], [ -49.291882470259097, -25.425141949118501 ], [ -49.29188093799867, -25.425140521488292 ], [ -49.291879405738278, -25.42513909385805 ], [ -49.291877873477915, -25.425137666227808 ], [ -49.291876341217595, -25.425136238597553 ], [ -49.291874808957317, -25.425134810967279 ], [ -49.291873276697061, -25.425133383336988 ], [ -49.291871744436847, -25.425131955706693 ], [ -49.291870212176669, -25.425130528076373 ], [ -49.291868679916533, -25.425129100446043 ], [ -49.291867147656426, -25.425127672815702 ], [ -49.291865615396361, -25.425126245185336 ], [ -49.291864083136325, -25.425124817554966 ], [ -49.291862550876331, -25.425123389924579 ], [ -49.291861018616373, -25.42512196229417 ], [ -49.291857934222996, -25.42512051661728 ], [ -49.291854849829697, -25.425119070940323 ], [ -49.291851765436469, -25.425117625263297 ], [ -49.291848681043334, -25.425116179586226 ], [ -49.291845596650255, -25.425114733909087 ], [ -49.291842512257269, -25.425113288231881 ], [ -49.291839427864353, -25.425111842554625 ], [ -49.291836343471509, -25.425110396877301 ], [ -49.29183325907875, -25.42510895119991 ], [ -49.291830174686069, -25.425107505522465 ], [ -49.291827090293459, -25.425106059844964 ], [ -49.291824005900928, -25.425104614167392 ], [ -49.291820921508474, -25.425103168489766 ], [ -49.291817837116092, -25.42510172281208 ], [ -49.291814752723788, -25.42510027713432 ], [ -49.291811668331562, -25.425098831456509 ], [ -49.291808583939414, -25.425097385778635 ], [ -49.291805499547344, -25.42509594010069 ], [ -49.291802415155345, -25.425094494422702 ], [ -49.291799330763425, -25.425093048744642 ], [ -49.291796246371582, -25.425091603066523 ], [ -49.291793161979818, -25.425090157388343 ], [ -49.291790077588125, -25.425088711710103 ], [ -49.291786993196517, -25.425087266031792 ], [ -49.29178390880498, -25.425085820353431 ], [ -49.291780824413522, -25.425084374675006 ], [ -49.291777740022141, -25.425082928996517 ], [ -49.291774655630832, -25.425081483317971 ], [ -49.291771571239607, -25.425080037639365 ], [ -49.291768486848454, -25.425078591960688 ], [ -49.291765402457372, -25.425077146281961 ], [ -49.291762318066375, -25.42507570060317 ], [ -49.29175923367545, -25.425074254924308 ], [ -49.291756149284602, -25.425072809245396 ], [ -49.291753064893832, -25.425071363566421 ], [ -49.291749980503141, -25.425069917887377 ], [ -49.291746896112521, -25.425068472208281 ], [ -49.291743811721986, -25.425067026529124 ], [ -49.291740727331522, -25.425065580849896 ], [ -49.291737642941136, -25.425064135170615 ], [ -49.291734558550829, -25.425062689491277 ], [ -49.291731474160592, -25.425061243811861 ], [ -49.291728389770441, -25.425059798132398 ], [ -49.291725305380353, -25.425058352452872 ], [ -49.291722220990351, -25.425056906773282 ], [ -49.291719136600427, -25.425055461093628 ], [ -49.291716052210575, -25.42505401541392 ], [ -49.2917129678208, -25.425052569734142 ], [ -49.291709883431096, -25.425051124054306 ], [ -49.291706799041478, -25.425049678374418 ], [ -49.291703714651938, -25.425048232694454 ], [ -49.291700630262476, -25.425046787014441 ], [ -49.291697545873078, -25.425045341334364 ], [ -49.291694461483765, -25.425043895654216 ], [ -49.29169137709453, -25.425042449974022 ], [ -49.291688292705366, -25.425041004293757 ], [ -49.291685208316281, -25.425039558613427 ], [ -49.291682123927274, -25.425038112933041 ], [ -49.291679039538344, -25.425036667252598 ], [ -49.291675955149486, -25.425035221572088 ], [ -49.291672870760713, -25.425033775891517 ], [ -49.291669786372012, -25.42503233021089 ], [ -49.291666701983388, -25.425030884530194 ], [ -49.291663617594843, -25.425029438849439 ], [ -49.291663657346319, -25.42502661968178 ], [ -49.291663697097789, -25.425023800514129 ], [ -49.291663736849259, -25.425020981346464 ], [ -49.291663776600721, -25.425018162178805 ], [ -49.291663816352177, -25.425015343011147 ], [ -49.291663856103632, -25.425012523843481 ], [ -49.291663895855073, -25.425009704675812 ], [ -49.291663935606515, -25.425006885508154 ], [ -49.291663975357949, -25.425004066340485 ], [ -49.291664015109376, -25.425001247172819 ], [ -49.291664054860789, -25.42499842800515 ], [ -49.291664094612209, -25.424995608837474 ], [ -49.291664134363614, -25.424992789669808 ], [ -49.29166417411502, -25.424989970502132 ], [ -49.291664213866419, -25.424987151334459 ], [ -49.29166425361781, -25.42498433216678 ], [ -49.291664293369195, -25.424981512999114 ], [ -49.291664333120572, -25.424978693831431 ], [ -49.291664372871949, -25.424975874663755 ], [ -49.291664412623319, -25.424973055496082 ], [ -49.291664452374675, -25.424970236328395 ], [ -49.291664492126031, -25.424967417160715 ], [ -49.29166453187738, -25.424964597993036 ], [ -49.291664571628722, -25.424961778825352 ], [ -49.291664611380057, -25.424958959657662 ], [ -49.291664651131391, -25.424956140489979 ], [ -49.291664690882719, -25.424953321322288 ], [ -49.291664730634032, -25.424950502154598 ], [ -49.291664770385353, -25.424947682986915 ], [ -49.291664810136652, -25.424944863819224 ], [ -49.291664849887958, -25.42494204465153 ], [ -49.291664889639257, -25.424939225483843 ], [ -49.291666461645853, -25.424937833948384 ], [ -49.291668033652421, -25.424936442412914 ], [ -49.291669605658939, -25.42493505087743 ], [ -49.291671177665435, -25.424933659341917 ], [ -49.291672749671889, -25.42493226780639 ], [ -49.291674321678308, -25.424930876270849 ], [ -49.29167589368469, -25.424929484735276 ], [ -49.291677465691038, -25.424928093199696 ], [ -49.291679037697349, -25.424926701664102 ], [ -49.291680609703626, -25.424925310128469 ], [ -49.291682181709866, -25.424923918592828 ], [ -49.291683753716072, -25.424922527057173 ], [ -49.291685325722234, -25.42492113552149 ], [ -49.291686897728368, -25.424919743985797 ], [ -49.291688469734453, -25.424918352450085 ], [ -49.291690041740516, -25.424916960914338 ], [ -49.291691613746544, -25.424915569378591 ], [ -49.291693185752528, -25.424914177842815 ], [ -49.291694757758478, -25.424912786307022 ], [ -49.291696329764392, -25.424911394771215 ], [ -49.29169790177027, -25.424910003235382 ], [ -49.291699473776113, -25.424908611699529 ], [ -49.29170104578192, -25.424907220163664 ], [ -49.291702617787685, -25.424905828627779 ], [ -49.291704189793421, -25.424904437091865 ], [ -49.291705761799115, -25.42490304555594 ], [ -49.29170733380478, -25.424901654020001 ], [ -49.29170890581041, -25.424900262484037 ], [ -49.291710477815997, -25.424898870948056 ], [ -49.291712049821548, -25.42489747941206 ], [ -49.291713621827064, -25.424896087876032 ], [ -49.291715193832545, -25.424894696339994 ], [ -49.29171676583799, -25.424893304803945 ], [ -49.291718337843406, -25.424891913267864 ], [ -49.291719909848773, -25.424890521731768 ], [ -49.291721481854111, -25.424889130195655 ], [ -49.291723053859414, -25.424887738659518 ], [ -49.291724625864674, -25.424886347123365 ], [ -49.291726197869899, -25.424884955587203 ], [ -49.291727769875095, -25.424883564050997 ], [ -49.291729341880249, -25.424882172514792 ], [ -49.291730913885374, -25.424880780978569 ], [ -49.291732485890456, -25.424879389442317 ], [ -49.291734057895511, -25.424877997906059 ], [ -49.291735629900515, -25.424876606369772 ], [ -49.291737201905498, -25.424875214833463 ], [ -49.291738773910438, -25.424873823297144 ], [ -49.291740345915336, -25.424872431760804 ], [ -49.291741917920206, -25.424871040224438 ], [ -49.29174348992504, -25.424869648688063 ], [ -49.291745061929831, -25.424868257151665 ], [ -49.291746633934594, -25.424866865615236 ], [ -49.291748205939314, -25.42486547407881 ], [ -49.291749777943998, -25.424864082542356 ], [ -49.291751349948655, -25.42486269100587 ], [ -49.291752921953268, -25.424861299469381 ], [ -49.291754493957853, -25.42485990793287 ], [ -49.291756065962389, -25.424858516396331 ], [ -49.291757637966903, -25.424857124859784 ], [ -49.291759209971374, -25.42485573332322 ], [ -49.29176078197581, -25.424854341786624 ], [ -49.291762353980211, -25.424852950250028 ], [ -49.291763925984569, -25.424851558713403 ], [ -49.291765497988898, -25.42485016717675 ], [ -49.291767069993192, -25.424848775640093 ], [ -49.291768641997443, -25.424847384103408 ], [ -49.291770214001666, -25.424845992566702 ], [ -49.291771786005846, -25.424844601029989 ], [ -49.291773358009991, -25.424843209493243 ], [ -49.291774930014107, -25.424841817956477 ], [ -49.29177650201818, -25.424840426419703 ], [ -49.291778074022211, -25.424839034882911 ], [ -49.291779646026221, -25.424837643346088 ], [ -49.291781218030188, -25.424836251809264 ], [ -49.291782790034112, -25.424834860272412 ], [ -49.291784362038001, -25.424833468735528 ], [ -49.291785934041862, -25.424832077198644 ], [ -49.291787506045686, -25.424830685661739 ], [ -49.291789078049469, -25.424829294124802 ], [ -49.291790650053223, -25.424827902587854 ], [ -49.291792222056941, -25.424826511050892 ], [ -49.291793794060609, -25.424825119513901 ], [ -49.291795366064257, -25.424823727976893 ], [ -49.291796938067854, -25.424822336439874 ], [ -49.29179851007143, -25.424820944902823 ], [ -49.291800082074964, -25.424819553365765 ], [ -49.291801654078462, -25.424818161828689 ], [ -49.291803226081925, -25.424816770291578 ], [ -49.291804798085344, -25.424815378754467 ], [ -49.291806370088736, -25.424813987217334 ], [ -49.291807942092085, -25.424812595680166 ], [ -49.291809514095405, -25.424811204143001 ], [ -49.291811086098683, -25.424809812605801 ], [ -49.291812658101932, -25.424808421068583 ], [ -49.291814230105139, -25.424807029531358 ], [ -49.29181580210831, -25.424805637994112 ], [ -49.291817413858951, -25.42480142728887 ], [ -49.291819025609463, -25.424797216583595 ], [ -49.291820637359862, -25.42479300587831 ], [ -49.291822249110133, -25.424788795172987 ], [ -49.291823860860298, -25.424784584467648 ], [ -49.291825472610334, -25.424780373762278 ], [ -49.29182708436025, -25.42477616305688 ], [ -49.291828696110045, -25.424771952351456 ], [ -49.291830307859719, -25.424767741646011 ], [ -49.29183191960928, -25.424763530940542 ], [ -49.291833531358712, -25.424759320235044 ], [ -49.291835143108031, -25.424755109529521 ], [ -49.291836754857229, -25.424750898823966 ], [ -49.291838366606299, -25.424746688118393 ], [ -49.291839978355256, -25.424742477412789 ], [ -49.291841590104092, -25.424738266707163 ], [ -49.291843201852814, -25.424734056001505 ], [ -49.291844813601401, -25.424729845295829 ], [ -49.291846425349881, -25.424725634590121 ], [ -49.291848037098234, -25.424721423884392 ], [ -49.291849648846473, -25.424717213178635 ], [ -49.291851260594584, -25.424713002472853 ], [ -49.291852872342581, -25.424708791767046 ], [ -49.29185448409045, -25.424704581061206 ], [ -49.291856095838206, -25.42470037035536 ], [ -49.291857707585841, -25.424696159649471 ], [ -49.291859319333355, -25.424691948943558 ], [ -49.291860931080748, -25.424687738237619 ], [ -49.291862542828028, -25.424683527531656 ], [ -49.291864154575173, -25.424679316825671 ], [ -49.291865766322211, -25.424675106119654 ], [ -49.291867378069121, -25.424670895413616 ], [ -49.291865885560625, -25.424666648615379 ], [ -49.291864393052222, -25.424662401817123 ], [ -49.291862900543919, -25.424658155018868 ], [ -49.291861408035714, -25.424653908220595 ], [ -49.291859915527596, -25.424649661422315 ], [ -49.291858423019583, -25.42464541462401 ], [ -49.291856930511663, -25.424641167825701 ], [ -49.291855438003843, -25.424636921027385 ], [ -49.291853945496115, -25.424632674229041 ], [ -49.291852452988486, -25.424628427430704 ], [ -49.29185096048095, -25.424624180632343 ], [ -49.291849467973513, -25.42461993383397 ], [ -49.291847975466176, -25.42461568703559 ], [ -49.291846482958924, -25.424611440237193 ], [ -49.291844990451779, -25.424607193438788 ], [ -49.291843497944726, -25.424602946640373 ], [ -49.291842005437772, -25.42459869984194 ], [ -49.291840512930911, -25.424594453043497 ], [ -49.291839020424149, -25.424590206245043 ], [ -49.29183752791748, -25.424585959446578 ], [ -49.291836035410903, -25.424581712648095 ], [ -49.291834542904432, -25.424577465849605 ], [ -49.291833050398054, -25.424573219051101 ], [ -49.291831557891776, -25.424568972252587 ], [ -49.291830065385582, -25.424564725454058 ], [ -49.291828572879496, -25.424560478655518 ], [ -49.291827080373508, -25.424556231856968 ], [ -49.291825587867606, -25.424551985058407 ], [ -49.291824095361804, -25.424547738259825 ], [ -49.291822602856101, -25.424543491461247 ], [ -49.291821110350497, -25.42453924466264 ], [ -49.291819617844986, -25.424534997864029 ], [ -49.291818105466071, -25.424532160649449 ], [ -49.291816593087219, -25.424529323434843 ], [ -49.291815080708439, -25.424526486220223 ], [ -49.291813568329729, -25.424523649005611 ], [ -49.291812055951077, -25.42452081179097 ], [ -49.29181054357251, -25.424517974576315 ], [ -49.291809031193992, -25.424515137361659 ], [ -49.291807518815553, -25.424512300146972 ], [ -49.291806006437177, -25.424509462932278 ], [ -49.291804494058873, -25.424506625717584 ], [ -49.291802981680632, -25.424503788502861 ], [ -49.291801469302463, -25.424500951288135 ], [ -49.291799956924358, -25.424498114073401 ], [ -49.29179844454633, -25.424495276858639 ], [ -49.29179693216836, -25.424492439643863 ], [ -49.291795419790461, -25.424489602429095 ], [ -49.291793907412625, -25.424486765214297 ], [ -49.291792395034861, -25.424483927999486 ], [ -49.291790882657168, -25.424481090784674 ], [ -49.291789370279531, -25.424478253569841 ], [ -49.291787857901973, -25.424475416354987 ], [ -49.291786345524486, -25.424472579140136 ], [ -49.291784833147055, -25.424469741925265 ], [ -49.291783320769689, -25.424466904710378 ], [ -49.291781808392408, -25.424464067495485 ], [ -49.291780296015183, -25.424461230280567 ], [ -49.291778783638023, -25.424458393065645 ], [ -49.291777271260941, -25.424455555850713 ], [ -49.291775758883908, -25.424452718635759 ], [ -49.291774246506961, -25.424449881420792 ], [ -49.291772734130078, -25.424447044205824 ], [ -49.291771221753258, -25.424444206990835 ], [ -49.29176970937651, -25.424441369775824 ], [ -49.291768196999833, -25.424438532560821 ], [ -49.291766684623219, -25.424435695345796 ], [ -49.29176517224667, -25.424432858130746 ], [ -49.291763659870185, -25.4244300209157 ], [ -49.291762147493777, -25.424427183700637 ], [ -49.291760635117434, -25.424424346485548 ], [ -49.291759122741155, -25.424421509270463 ], [ -49.291757610364947, -25.424418672055356 ], [ -49.291756097988809, -25.424415834840239 ], [ -49.291754585612736, -25.424412997625115 ], [ -49.291753073236727, -25.424410160409963 ], [ -49.291751560860789, -25.424407323194803 ], [ -49.291750048484921, -25.424404485979633 ], [ -49.291748536109125, -25.424401648764455 ], [ -49.291747023733386, -25.424398811549256 ], [ -49.291745511357718, -25.424395974334054 ], [ -49.29174399898212, -25.42439313711883 ], [ -49.291742486606587, -25.424390299903592 ], [ -49.291740974231125, -25.424387462688347 ], [ -49.291739461855734, -25.424384625473088 ], [ -49.2917379494804, -25.424381788257811 ], [ -49.291736437105136, -25.424378951042531 ], [ -49.291734924729944, -25.424376113827226 ], [ -49.291733412354816, -25.424373276611913 ], [ -49.291731899979759, -25.424370439396593 ], [ -49.291730387604773, -25.424367602181256 ], [ -49.29172887522985, -25.424364764965901 ], [ -49.291727362854999, -25.424361927750539 ], [ -49.291725850480212, -25.424359090535162 ], [ -49.291724338105489, -25.424356253319768 ], [ -49.291722825730837, -25.424353416104367 ], [ -49.291721313356248, -25.424350578888955 ], [ -49.291719800981731, -25.424347741673529 ], [ -49.291718288607285, -25.424344904458081 ], [ -49.291716776232903, -25.424342067242634 ], [ -49.291715263858592, -25.424339230027165 ], [ -49.291713751484345, -25.424336392811679 ], [ -49.291712239110169, -25.424333555596188 ], [ -49.291710726736056, -25.424330718380681 ], [ -49.291709214362015, -25.424327881165162 ], [ -49.291707701988045, -25.424325043949636 ], [ -49.291706189614132, -25.424322206734082 ], [ -49.29170467724029, -25.424319369518525 ], [ -49.291703164866519, -25.424316532302957 ], [ -49.291701652492812, -25.424313695087374 ], [ -49.291700140119175, -25.42431085787177 ], [ -49.29169862774561, -25.424308020656163 ], [ -49.291697115372109, -25.424305183440545 ], [ -49.291695602998672, -25.424302346224898 ], [ -49.291694090625306, -25.424299509009259 ], [ -49.291692578252011, -25.424296671793595 ], [ -49.29169106587878, -25.424293834577913 ], [ -49.291689553505613, -25.424290997362228 ], [ -49.291688041132517, -25.424288160146531 ], [ -49.291686528759492, -25.424285322930814 ], [ -49.291685016386531, -25.424282485715093 ], [ -49.291683504013641, -25.424279648499351 ], [ -49.291681991640814, -25.42427681128359 ], [ -49.291680479268059, -25.42427397406783 ], [ -49.291678966895368, -25.424271136852049 ], [ -49.291677454522748, -25.424268299636253 ], [ -49.291675942150192, -25.424265462420454 ], [ -49.291674429777707, -25.424262625204634 ], [ -49.291672917405286, -25.424259787988806 ], [ -49.291671405032936, -25.424256950772971 ], [ -49.291669892660657, -25.424254113557097 ], [ -49.291668380288442, -25.424251276341234 ], [ -49.291666867916291, -25.424248439125357 ], [ -49.291665355544211, -25.424245601909458 ], [ -49.291663843172202, -25.424242764693549 ], [ -49.29166233080025, -25.424239927477636 ], [ -49.291660818428376, -25.424237090261695 ], [ -49.291659306056566, -25.424234253045743 ], [ -49.291657793684827, -25.424231415829791 ], [ -49.291656281313152, -25.424228578613818 ], [ -49.291654768941541, -25.424225741397827 ], [ -49.291653256570008, -25.424222904181836 ], [ -49.291651744198532, -25.42422006696582 ], [ -49.291650231827127, -25.424217229749786 ], [ -49.291648719455793, -25.424214392533763 ], [ -49.29164720708453, -25.424211555317701 ], [ -49.291645694713324, -25.424208718101639 ], [ -49.291644182342189, -25.424205880885562 ], [ -49.291642669971125, -25.424203043669472 ], [ -49.291641157600132, -25.424200206453367 ], [ -49.291639645229196, -25.424197369237259 ], [ -49.291638132858338, -25.424194532021126 ], [ -49.291636620487544, -25.424191694804982 ], [ -49.291635108116814, -25.424188857588831 ], [ -49.291633595746156, -25.424186020372662 ], [ -49.291632083375568, -25.42418318315648 ], [ -49.291630571005044, -25.42418034594029 ], [ -49.291629058634584, -25.424177508724078 ], [ -49.291627546264195, -25.424174671507863 ], [ -49.29162603389387, -25.424171834291638 ], [ -49.291624521523623, -25.424168997075384 ], [ -49.29162300915344, -25.424166159859123 ], [ -49.291621496783321, -25.424163322642858 ], [ -49.291619984413266, -25.424160485426572 ], [ -49.29161847204329, -25.424157648210276 ], [ -49.29161695967337, -25.424154810993972 ], [ -49.291615447303521, -25.424151973777644 ], [ -49.29161393493375, -25.424149136561301 ], [ -49.291612422564029, -25.424146299344965 ], [ -49.291610910194386, -25.424143462128594 ], [ -49.291609397824814, -25.424140624912223 ], [ -49.291607885455306, -25.424137787695834 ], [ -49.291606373085862, -25.424134950479434 ], [ -49.29160486071649, -25.424132113263013 ], [ -49.291603348347181, -25.424129276046592 ], [ -49.29160183597795, -25.424126438830154 ], [ -49.291600323608776, -25.424123601613697 ], [ -49.291598811239673, -25.424120764397237 ], [ -49.291597298870641, -25.424117927180756 ], [ -49.291595786501667, -25.424115089964261 ], [ -49.29159427413277, -25.424112252747769 ], [ -49.291592761763937, -25.424109415531248 ], [ -49.291591249395175, -25.42410657831471 ], [ -49.291589737026477, -25.424103741098172 ], [ -49.291588224657851, -25.424100903881619 ], [ -49.291586712289288, -25.424098066665039 ], [ -49.291585199920796, -25.424095229448465 ], [ -49.291583687552368, -25.42409239223187 ], [ -49.291582175184004, -25.424089555015254 ], [ -49.291580662815711, -25.424086717798637 ], [ -49.291579150447497, -25.424083880582007 ], [ -49.291577638079339, -25.424081043365351 ], [ -49.291576125711252, -25.424078206148703 ], [ -49.291574613343229, -25.424075368932023 ], [ -49.291573100975285, -25.424072531715336 ], [ -49.291571588607397, -25.424069694498641 ], [ -49.291570076239573, -25.424066857281929 ], [ -49.291568563871827, -25.424064020065199 ], [ -49.291567051504146, -25.424061182848472 ], [ -49.291565539136528, -25.424058345631718 ], [ -49.291564026768988, -25.424055508414948 ], [ -49.291562514401505, -25.424052671198179 ], [ -49.291561002034094, -25.424049833981385 ], [ -49.291559489666753, -25.424046996764581 ], [ -49.291557977299476, -25.424044159547773 ], [ -49.29155646493227, -25.42404132233094 ], [ -49.291554952565129, -25.424038485114096 ], [ -49.291553440198058, -25.424035647897245 ], [ -49.291551927831051, -25.42403281068038 ], [ -49.291550415464116, -25.424029973463497 ], [ -49.291548903097244, -25.424027136246607 ], [ -49.291547390730443, -25.424024299029696 ], [ -49.291545878363706, -25.424021461812774 ], [ -49.291544365997041, -25.424018624595853 ], [ -49.291542853630439, -25.424015787378899 ], [ -49.291541341263908, -25.424012950161941 ], [ -49.291539828897449, -25.424010112944973 ], [ -49.291538316531053, -25.424007275727988 ], [ -49.291536804164728, -25.424004438510988 ], [ -49.291535291798461, -25.42400160129398 ], [ -49.291533779432271, -25.423998764076959 ], [ -49.291532267066145, -25.42399592685992 ], [ -49.291530754700084, -25.423993089642877 ], [ -49.2915292423341, -25.423990252425806 ], [ -49.291526138096685, -25.423990216327358 ], [ -49.291523033859278, -25.423990180228838 ], [ -49.291519929621877, -25.423990144130251 ], [ -49.291516825384491, -25.423990108031603 ], [ -49.291513721147098, -25.423990071932888 ], [ -49.291510616909719, -25.423990035834102 ], [ -49.291507512672332, -25.423989999735259 ], [ -49.291504408434967, -25.423989963636341 ], [ -49.291501304197602, -25.423989927537367 ], [ -49.291498199960245, -25.423989891438321 ], [ -49.291495095722894, -25.423989855339212 ], [ -49.291491991485543, -25.423989819240031 ], [ -49.2914888872482, -25.423989783140794 ], [ -49.291485783010863, -25.423989747041489 ], [ -49.291482678773534, -25.423989710942113 ], [ -49.291479574536211, -25.423989674842677 ], [ -49.291476470298896, -25.423989638743176 ], [ -49.291473366061588, -25.423989602643605 ], [ -49.291470261824287, -25.423989566543973 ], [ -49.291467157586986, -25.42398953044427 ], [ -49.291464053349692, -25.423989494344504 ], [ -49.291460949112405, -25.423989458244677 ], [ -49.291457844875119, -25.423989422144786 ], [ -49.291454740637846, -25.423989386044816 ], [ -49.291451636400573, -25.42398934994479 ], [ -49.291448532163315, -25.4239893138447 ], [ -49.291445427926057, -25.423989277744539 ], [ -49.291442323688806, -25.423989241644318 ], [ -49.291439219451561, -25.423989205544029 ], [ -49.291436115214317, -25.423989169443676 ], [ -49.291433010977087, -25.423989133343259 ], [ -49.291429906739857, -25.423989097242767 ], [ -49.2914283744988, -25.423987669608646 ], [ -49.291426842257771, -25.423986241974507 ], [ -49.291425310016777, -25.423984814340361 ], [ -49.291423777775819, -25.423983386706205 ], [ -49.291422245534903, -25.423981959072012 ], [ -49.291420713294016, -25.42398053143782 ], [ -49.291419181053172, -25.42397910380361 ], [ -49.291417648812356, -25.42397767616939 ], [ -49.291416116571583, -25.423976248535155 ], [ -49.291414584330845, -25.423974820900902 ], [ -49.291413052090142, -25.423973393266635 ], [ -49.291411519849468, -25.423971965632354 ], [ -49.291409987608844, -25.423970537998063 ], [ -49.291408455368249, -25.42396911036375 ], [ -49.291406923127688, -25.423967682729433 ], [ -49.291405390887164, -25.423966255095092 ], [ -49.291403858646675, -25.42396482746074 ], [ -49.291402326406228, -25.423963399826377 ], [ -49.29140079416581, -25.423961972191996 ], [ -49.291399261925434, -25.423960544557595 ], [ -49.291397729685087, -25.423959116923186 ], [ -49.291396197444783, -25.42395768928877 ], [ -49.291394665204507, -25.423956261654322 ], [ -49.291393132964281, -25.423954834019874 ], [ -49.291391600724076, -25.423953406385412 ], [ -49.291390068483921, -25.423951978750921 ], [ -49.291388536243787, -25.423950551116427 ], [ -49.291387004003703, -25.423949123481918 ], [ -49.291385471763647, -25.423947695847396 ], [ -49.291383939523627, -25.423946268212852 ], [ -49.291382407283649, -25.423944840578304 ], [ -49.2913808750437, -25.423943412943729 ], [ -49.291379342803793, -25.423941985309153 ], [ -49.291377810563915, -25.423940557674559 ], [ -49.29137627832408, -25.423939130039937 ], [ -49.291374746084273, -25.423937702405311 ], [ -49.291373213844516, -25.423936274770686 ], [ -49.291371681604787, -25.423934847136021 ], [ -49.291370149365093, -25.42393341950136 ], [ -49.291368617125428, -25.423931991866674 ], [ -49.291367084885806, -25.423930564231966 ], [ -49.291365552646226, -25.423929136597263 ], [ -49.291364020406675, -25.423927708962538 ], [ -49.291362488167167, -25.423926281327791 ], [ -49.291360955927686, -25.423924853693038 ], [ -49.291359423688249, -25.423923426058277 ], [ -49.29135789144884, -25.423921998423484 ], [ -49.291356359209473, -25.423920570788681 ], [ -49.291354826970135, -25.423919143153881 ], [ -49.29135329473084, -25.42391771551905 ], [ -49.29135176249158, -25.423916287884207 ], [ -49.291350230252355, -25.423914860249358 ], [ -49.291348698013167, -25.42391343261448 ], [ -49.29134716577402, -25.423912004979599 ], [ -49.291345633534903, -25.423910577344703 ], [ -49.29134410129582, -25.423909149709786 ], [ -49.291342569056781, -25.423907722074858 ], [ -49.291341036817769, -25.423906294439924 ], [ -49.291339504578794, -25.423904866804957 ], [ -49.291337972339861, -25.42390343916999 ], [ -49.291336440100963, -25.423902011535002 ], [ -49.291334907862094, -25.4239005839 ], [ -49.291333375623267, -25.423899156264994 ], [ -49.291331843384484, -25.423897728629971 ], [ -49.291330350902932, -25.423893481827321 ], [ -49.29132885842148, -25.423889235024667 ], [ -49.291327365940127, -25.423884988221999 ], [ -49.291325873458867, -25.423880741419318 ], [ -49.291324380977706, -25.423876494616632 ], [ -49.291322888496637, -25.423872247813929 ], [ -49.291321396015668, -25.423868001011211 ], [ -49.291319903534799, -25.423863754208483 ], [ -49.291318411054014, -25.423859507405744 ], [ -49.291316918573337, -25.423855260602991 ], [ -49.291315426092751, -25.423851013800228 ], [ -49.291313933612258, -25.42384676699745 ], [ -49.291312441131872, -25.423842520194661 ], [ -49.291310948651571, -25.423838273391862 ], [ -49.291309456171376, -25.423834026589049 ], [ -49.291307963691274, -25.423829779786224 ], [ -49.291306471211264, -25.42382553298339 ], [ -49.291304978731361, -25.423821286180537 ], [ -49.291303486251536, -25.423817039377674 ], [ -49.291301993771818, -25.423812792574804 ], [ -49.291300501292199, -25.423808545771916 ], [ -49.291299008812679, -25.423804298969024 ], [ -49.291297516333245, -25.423800052166108 ], [ -49.291296023853917, -25.423795805363191 ], [ -49.291294531374675, -25.423791558560257 ], [ -49.291293038895539, -25.423787311757312 ], [ -49.291291546416495, -25.423783064954353 ], [ -49.291290053937544, -25.423778818151387 ], [ -49.291288561458693, -25.4237745713484 ], [ -49.29128706897994, -25.423770324545409 ], [ -49.291285576501281, -25.423766077742403 ], [ -49.29128408402272, -25.423761830939384 ], [ -49.291282591544245, -25.423757584136354 ], [ -49.291281099065877, -25.423753337333313 ], [ -49.291279606587608, -25.423749090530254 ], [ -49.291278114109431, -25.423744843727189 ], [ -49.291276621631347, -25.423740596924112 ], [ -49.291275129153362, -25.423736350121018 ], [ -49.291273636675477, -25.42373210331791 ], [ -49.291272144197684, -25.423727856514802 ], [ -49.291270651719991, -25.423723609711676 ], [ -49.29126915924239, -25.423719362908539 ], [ -49.291267666764881, -25.423715116105381 ], [ -49.291266174287472, -25.423710869302223 ], [ -49.291264681810162, -25.423706622499044 ], [ -49.291263189332952, -25.423702375695854 ], [ -49.291261696855827, -25.423698128892656 ], [ -49.291260204378808, -25.423693882089445 ], [ -49.291258711901882, -25.42368963528622 ], [ -49.291257219425049, -25.423685388482987 ], [ -49.291255726948322, -25.42368114167974 ], [ -49.291254234471687, -25.423676894876476 ], [ -49.291252741995137, -25.423672648073204 ], [ -49.291251249518695, -25.423668401269921 ], [ -49.291249757042351, -25.423664154466625 ], [ -49.291248264566093, -25.423659907663318 ], [ -49.291246772089941, -25.423655660860003 ], [ -49.291245279613882, -25.423651414056661 ], [ -49.291243787137923, -25.423647167253318 ], [ -49.291242294662048, -25.423642920449968 ], [ -49.29124080218628, -25.423638673646593 ], [ -49.291239309710612, -25.423634426843215 ], [ -49.291237817235036, -25.423630180039819 ], [ -49.291236324759552, -25.423625933236412 ], [ -49.291234792525223, -25.423624505600557 ], [ -49.291233260290923, -25.423623077964695 ], [ -49.291231728056673, -25.423621650328812 ], [ -49.29123019582245, -25.423620222692922 ], [ -49.291228663588264, -25.423618795056999 ], [ -49.291227131354113, -25.423617367421073 ], [ -49.291225599120004, -25.423615939785137 ], [ -49.291224066885924, -25.423614512149186 ], [ -49.29122253465188, -25.423613084513214 ], [ -49.291221002417878, -25.423611656877231 ], [ -49.291219470183911, -25.423610229241234 ], [ -49.29121793794998, -25.423608801605219 ], [ -49.291216405716085, -25.423607373969194 ], [ -49.291214873482225, -25.423605946333154 ], [ -49.291213341248394, -25.4236045186971 ], [ -49.291211809014605, -25.423603091061029 ], [ -49.291210276780859, -25.42360166342495 ], [ -49.291208744547141, -25.423600235788843 ], [ -49.291207212313466, -25.423598808152736 ], [ -49.29120568007982, -25.423597380516611 ], [ -49.291204147846209, -25.423595952880468 ], [ -49.29120261561264, -25.423594525244312 ], [ -49.2912010833791, -25.423593097608148 ], [ -49.29119955114561, -25.423591669971952 ], [ -49.291198018912141, -25.423590242335756 ], [ -49.291196486678707, -25.423588814699549 ], [ -49.291194954445324, -25.423587387063318 ], [ -49.291193422211968, -25.423585959427076 ], [ -49.291191889978649, -25.423584531790823 ], [ -49.291190357745357, -25.423583104154545 ], [ -49.291188825512116, -25.423581676518261 ], [ -49.291187293278902, -25.423580248881969 ], [ -49.291185761045732, -25.423578821245645 ], [ -49.29118422881259, -25.423577393609321 ], [ -49.29118269657949, -25.423575965972983 ], [ -49.291181164346426, -25.42357453833662 ], [ -49.291179632113391, -25.423573110700247 ], [ -49.291178099880398, -25.423571683063866 ], [ -49.291176567647433, -25.42357025542746 ], [ -49.291175035414511, -25.423568827791051 ], [ -49.291173503181625, -25.423567400154624 ], [ -49.291171970948781, -25.42356597251818 ], [ -49.291170438715966, -25.423564544881717 ], [ -49.291168906483186, -25.423563117245248 ], [ -49.291167374250442, -25.423561689608757 ], [ -49.29116584201774, -25.423560261972263 ], [ -49.291164309785067, -25.423558834335751 ], [ -49.291162777552429, -25.42355740669921 ], [ -49.291161245319834, -25.42355597906267 ], [ -49.291159713087268, -25.423554551426122 ], [ -49.291158180854751, -25.423553123789539 ], [ -49.291156648622255, -25.423551696152948 ], [ -49.291155116389803, -25.423550268516358 ], [ -49.291153584157385, -25.423548840879736 ], [ -49.291152051925003, -25.423547413243107 ], [ -49.291150519692657, -25.423545985606467 ], [ -49.291148987460353, -25.423544557969798 ], [ -49.291147455228078, -25.423543130333123 ], [ -49.291145922995838, -25.423541702696443 ], [ -49.291144390763641, -25.423540275059736 ], [ -49.291142858531472, -25.423538847423021 ], [ -49.291141326299346, -25.423537419786292 ], [ -49.291139794067256, -25.423535992149542 ], [ -49.291138261835201, -25.423534564512785 ], [ -49.291136729603174, -25.423533136876014 ], [ -49.29113519737119, -25.423531709239214 ], [ -49.291133665139242, -25.423530281602417 ], [ -49.291132132907329, -25.423528853965603 ], [ -49.291130600675451, -25.423527426328771 ], [ -49.291129068443617, -25.423525998691922 ], [ -49.29112753621181, -25.423524571055065 ], [ -49.291126003980047, -25.423523143418183 ], [ -49.291124471748311, -25.423521715781298 ], [ -49.291122939516612, -25.423520288144395 ], [ -49.291121407284948, -25.423518860507478 ], [ -49.291119875053326, -25.423517432870543 ], [ -49.29111834282174, -25.423516005233605 ], [ -49.291116810590182, -25.423514577596634 ], [ -49.291115278358674, -25.42351314995966 ], [ -49.291113746127195, -25.423511722322679 ], [ -49.291112213895751, -25.423510294685659 ], [ -49.291110681664343, -25.42350886704865 ], [ -49.29110914943297, -25.423507439411615 ], [ -49.291107617201639, -25.42350601177457 ], [ -49.291106084970338, -25.423504584137504 ], [ -49.291104552739071, -25.423503156500434 ], [ -49.291103020507848, -25.423501728863336 ], [ -49.291101488276652, -25.423500301226234 ], [ -49.2910999560455, -25.423498873589118 ], [ -49.291098423814375, -25.42349744595198 ], [ -49.291096891583301, -25.423496018314836 ], [ -49.291095359352255, -25.42349459067767 ], [ -49.291093827121237, -25.423493163040487 ], [ -49.291092294890262, -25.423491735403303 ], [ -49.29109076265933, -25.423490307766105 ], [ -49.291089230428426, -25.423488880128875 ], [ -49.291086146085654, -25.423487434438094 ], [ -49.291083061742953, -25.423485988747249 ], [ -49.291079977400329, -25.423484543056336 ], [ -49.291076893057785, -25.423483097365374 ], [ -49.291073808715311, -25.423481651674347 ], [ -49.291070724372922, -25.423480205983246 ], [ -49.291067640030604, -25.423478760292099 ], [ -49.291064555688365, -25.423477314600888 ], [ -49.291061471346197, -25.423475868909609 ], [ -49.291058387004114, -25.423474423218273 ], [ -49.291055302662102, -25.423472977526881 ], [ -49.291052218320168, -25.423471531835414 ], [ -49.291049133978312, -25.423470086143897 ], [ -49.291046049636535, -25.423468640452324 ], [ -49.291042965294835, -25.423467194760676 ], [ -49.2910398809532, -25.423465749068974 ], [ -49.291036796611657, -25.423464303377209 ], [ -49.291033712270178, -25.423462857685379 ], [ -49.291030627928784, -25.423461411993497 ], [ -49.291027543587461, -25.423459966301547 ], [ -49.291024459246223, -25.423458520609532 ], [ -49.29102137490505, -25.423457074917469 ], [ -49.291018290563962, -25.423455629225334 ], [ -49.291015206222944, -25.423454183533138 ], [ -49.291012121882012, -25.42345273784089 ], [ -49.291009037541151, -25.423451292148574 ], [ -49.291005953200369, -25.423449846456187 ], [ -49.291002868859657, -25.423448400763753 ], [ -49.29099978451903, -25.42344695507126 ], [ -49.290996700178475, -25.423445509378695 ], [ -49.290993615837998, -25.423444063686066 ], [ -49.290990531497599, -25.423442617993391 ], [ -49.290985875163834, -25.423442563829703 ], [ -49.290981218830083, -25.423442509665865 ], [ -49.290976562496347, -25.423442455501878 ], [ -49.290971906162618, -25.423442401337745 ], [ -49.29096724982891, -25.423442347173467 ], [ -49.290962593495209, -25.423442293009039 ], [ -49.290957937161529, -25.423442238844462 ], [ -49.290953280827857, -25.423442184679743 ], [ -49.290948624494199, -25.423442130514875 ], [ -49.290943968160555, -25.423442076349858 ], [ -49.290939311826925, -25.423442022184695 ], [ -49.290934655493309, -25.423441968019386 ], [ -49.290929999159701, -25.423441913853924 ], [ -49.290925342826121, -25.423441859688317 ], [ -49.290920686492541, -25.423441805522561 ], [ -49.290916030158975, -25.423441751356663 ], [ -49.290911373825431, -25.423441697190608 ], [ -49.290906717491886, -25.423441643024418 ], [ -49.290902061158363, -25.423441588858072 ], [ -49.290897404824854, -25.423441534691584 ], [ -49.290892748491359, -25.423441480524946 ], [ -49.290888092157878, -25.423441426358156 ], [ -49.290883435824412, -25.423441372191224 ], [ -49.290878779490953, -25.423441318024143 ], [ -49.290874123157508, -25.423441263856912 ], [ -49.290869466824084, -25.423441209689539 ], [ -49.290864810490667, -25.423441155522017 ], [ -49.290860154157265, -25.423441101354349 ], [ -49.290855497823877, -25.423441047186529 ], [ -49.290850841490496, -25.423440993018566 ], [ -49.290846185157136, -25.423440938850451 ], [ -49.29084152882379, -25.42344088468219 ], [ -49.290839996596581, -25.423439457042544 ], [ -49.290838464369401, -25.423438029402895 ], [ -49.290836932142255, -25.423436601763214 ], [ -49.290835399915153, -25.423435174123529 ], [ -49.290833867688079, -25.423433746483827 ], [ -49.290832335461054, -25.4234323188441 ], [ -49.290830803234059, -25.423430891204376 ], [ -49.290829271007098, -25.423429463564631 ], [ -49.290827738780173, -25.423428035924868 ], [ -49.290826206553284, -25.423426608285094 ], [ -49.290824674326437, -25.42342518064531 ], [ -49.290823142099619, -25.423423753005498 ], [ -49.290821609872836, -25.423422325365681 ], [ -49.290820077646089, -25.423420897725858 ], [ -49.290818545419391, -25.423419470086003 ], [ -49.290817013192708, -25.423418042446141 ], [ -49.290815480966081, -25.423416614806268 ], [ -49.290813948739476, -25.42341518716638 ], [ -49.290812416512914, -25.423413759526476 ], [ -49.290810884286387, -25.423412331886556 ], [ -49.290809352059895, -25.423410904246619 ], [ -49.290807819833439, -25.423409476606675 ], [ -49.290806287607019, -25.423408048966717 ], [ -49.290804755380641, -25.423406621326734 ], [ -49.290803223154292, -25.423405193686747 ], [ -49.290801690927978, -25.42340376604675 ], [ -49.290800158701707, -25.423402338406721 ], [ -49.290798626475464, -25.423400910766688 ], [ -49.290797094249264, -25.423399483126644 ], [ -49.290795562023099, -25.423398055486572 ], [ -49.290794029796963, -25.423396627846504 ], [ -49.290792497570877, -25.423395200206414 ], [ -49.290790965344812, -25.423393772566303 ], [ -49.290789433118789, -25.423392344926185 ], [ -49.290787900892802, -25.423390917286056 ], [ -49.290786368666858, -25.423389489645899 ], [ -49.290784836440942, -25.423388062005735 ], [ -49.290783304215061, -25.423386634365563 ], [ -49.290781771989217, -25.423385206725367 ], [ -49.290780239763407, -25.423383779085167 ], [ -49.29077870753764, -25.423382351444946 ], [ -49.290777175311909, -25.4233809238047 ], [ -49.290775643086207, -25.423379496164458 ], [ -49.290774110860546, -25.423378068524197 ], [ -49.290772578634922, -25.423376640883912 ], [ -49.290771046409333, -25.42337521324362 ], [ -49.290769514183779, -25.423373785603321 ], [ -49.290767981958261, -25.42337235796299 ], [ -49.290766449732779, -25.423370930322662 ], [ -49.290764917507339, -25.423369502682309 ], [ -49.290763385281927, -25.423368075041939 ], [ -49.290761853056551, -25.423366647401565 ], [ -49.290760320831218, -25.423365219761173 ], [ -49.29075878860592, -25.42336379212076 ], [ -49.290757256380651, -25.423362364480344 ], [ -49.290755724155424, -25.423360936839913 ], [ -49.290754191930233, -25.42335950919945 ], [ -49.290752659705078, -25.423358081558995 ], [ -49.29075112747995, -25.423356653918514 ], [ -49.290749595254873, -25.423355226278012 ], [ -49.290748063029824, -25.423353798637507 ], [ -49.29074653080481, -25.423352370996987 ], [ -49.290744998579832, -25.423350943356443 ], [ -49.29074346635489, -25.423349515715898 ], [ -49.290741973899898, -25.423345268908388 ], [ -49.290740481445006, -25.423341022100871 ], [ -49.290738988990206, -25.423336775293333 ], [ -49.290737496535506, -25.423332528485787 ], [ -49.290736004080905, -25.423328281678234 ], [ -49.290734511626397, -25.42332403487066 ], [ -49.290733019171981, -25.423319788063083 ], [ -49.290731526717664, -25.423315541255487 ], [ -49.290730034263447, -25.423311294447878 ], [ -49.290728541809322, -25.423307047640264 ], [ -49.290727049355297, -25.423302800832634 ], [ -49.290725556901364, -25.423298554024989 ], [ -49.290724064447531, -25.423294307217336 ], [ -49.29072257199379, -25.423290060409666 ], [ -49.290721079540148, -25.423285813601996 ], [ -49.290719587086599, -25.423281566794305 ], [ -49.290718094633149, -25.423277319986603 ], [ -49.290716602179792, -25.423273073178887 ], [ -49.290715109726541, -25.423268826371157 ], [ -49.290713617273376, -25.423264579563419 ], [ -49.29071212482031, -25.423260332755671 ], [ -49.290710632367343, -25.423256085947905 ], [ -49.290709139914476, -25.423251839140132 ], [ -49.290707647461694, -25.423247592332341 ], [ -49.290706155009019, -25.423243345524543 ], [ -49.290704662556429, -25.423239098716735 ], [ -49.290703170103946, -25.423234851908912 ], [ -49.290701677651555, -25.423230605101075 ], [ -49.290700185199263, -25.423226358293228 ], [ -49.290698692747057, -25.423222111485366 ], [ -49.290697200294964, -25.423217864677493 ], [ -49.29069570784295, -25.423213617869614 ], [ -49.290694215391049, -25.423209371061716 ], [ -49.290692722939234, -25.423205124253805 ], [ -49.290691230487518, -25.42320087744589 ], [ -49.290689738035894, -25.423196630637953 ], [ -49.29068824558437, -25.423192383830006 ], [ -49.290686753132938, -25.423188137022048 ], [ -49.290685260681613, -25.42318389021408 ], [ -49.290683768230373, -25.423179643406101 ], [ -49.290682275779233, -25.423175396598111 ], [ -49.290680783328192, -25.423171149790104 ], [ -49.29067929087725, -25.423166902982082 ], [ -49.290677798426394, -25.42316265617406 ], [ -49.290676305975637, -25.423158409366014 ], [ -49.290674813524987, -25.423154162557964 ], [ -49.290673321074422, -25.423149915749903 ], [ -49.290671828623957, -25.423145668941821 ], [ -49.290670336173591, -25.423141422133728 ], [ -49.290668843723317, -25.423137175325625 ], [ -49.290667351273143, -25.423132928517514 ], [ -49.290665858823061, -25.423128681709393 ], [ -49.290664366373072, -25.423124434901254 ], [ -49.290662873923189, -25.423120188093105 ], [ -49.290661381473399, -25.423115941284944 ], [ -49.290659889023701, -25.42311169447677 ], [ -49.290658396574102, -25.423107447668585 ], [ -49.290656904124596, -25.423103200860382 ], [ -49.290655411675189, -25.423098954052168 ], [ -49.290653919225889, -25.423094707243951 ], [ -49.290652426776667, -25.423090460435713 ], [ -49.290650934327552, -25.423086213627467 ], [ -49.290649441878529, -25.423081966819211 ], [ -49.290647949429605, -25.423077720010934 ], [ -49.290646437094956, -25.4230748827861 ], [ -49.290644924760372, -25.423072045561266 ], [ -49.290643412425851, -25.423069208336408 ], [ -49.290641900091408, -25.423066371111538 ], [ -49.290640387757016, -25.423063533886662 ], [ -49.290638875422708, -25.423060696661771 ], [ -49.290637363088457, -25.423057859436849 ], [ -49.290635850754278, -25.423055022211937 ], [ -49.290634338420169, -25.423052184987 ], [ -49.290632826086132, -25.423049347762053 ], [ -49.290631313752151, -25.423046510537095 ], [ -49.290629801418241, -25.423043673312126 ], [ -49.290628289084403, -25.423040836087132 ], [ -49.290626776750628, -25.423037998862139 ], [ -49.290625264416924, -25.423035161637127 ], [ -49.290623752083285, -25.423032324412109 ], [ -49.290622239749716, -25.423029487187069 ], [ -49.290620727416211, -25.423026649962015 ], [ -49.290619215082778, -25.423023812736957 ], [ -49.290617702749415, -25.423020975511882 ], [ -49.29061619041611, -25.423018138286789 ], [ -49.290614678082882, -25.423015301061689 ], [ -49.290613165749718, -25.423012463836574 ], [ -49.290611653416619, -25.423009626611446 ], [ -49.290610141083583, -25.423006789386303 ], [ -49.290608628750633, -25.423003952161149 ], [ -49.290607116417739, -25.423001114935982 ], [ -49.290605604084909, -25.4229982777108 ], [ -49.290604091752151, -25.422995440485614 ], [ -49.290602579419456, -25.422992603260415 ], [ -49.29060106708684, -25.422989766035187 ], [ -49.29059955475428, -25.422986928809959 ], [ -49.290598042421799, -25.42298409158472 ], [ -49.290596530089374, -25.42298125435946 ], [ -49.29059501775702, -25.422978417134185 ], [ -49.290593505424738, -25.422975579908911 ], [ -49.290591993092519, -25.422972742683616 ], [ -49.290590480760372, -25.422969905458299 ], [ -49.290588968428295, -25.422967068232985 ], [ -49.290587456096283, -25.422964231007644 ], [ -49.290585943764334, -25.422961393782291 ], [ -49.29058443143245, -25.422958556556939 ], [ -49.290582919100643, -25.422955719331561 ], [ -49.290581406768901, -25.422952882106173 ], [ -49.290579894437222, -25.422950044880778 ], [ -49.290578382105615, -25.422947207655362 ], [ -49.290576869774078, -25.422944370429935 ], [ -49.290575357442606, -25.422941533204504 ], [ -49.290573845111197, -25.422938695979045 ], [ -49.29057233277986, -25.422935858753586 ], [ -49.290570820448593, -25.422933021528106 ], [ -49.290569308117391, -25.422930184302615 ], [ -49.290567795786259, -25.422927347077113 ], [ -49.290566283455192, -25.422924509851601 ], [ -49.290564771124195, -25.42292167262606 ], [ -49.290563258793263, -25.422918835400523 ], [ -49.290561746462394, -25.422915998174968 ], [ -49.290560234131604, -25.422913160949399 ], [ -49.290558721800871, -25.422910323723816 ], [ -49.290557209470215, -25.422907486498222 ], [ -49.290555697139624, -25.422904649272621 ], [ -49.290554184809096, -25.422901812046995 ], [ -49.29055267247864, -25.422898974821365 ], [ -49.290551160148247, -25.422896137595718 ], [ -49.290549588157553, -25.422897529120302 ], [ -49.290548016166824, -25.422898920644876 ], [ -49.290546444176059, -25.422900312169428 ], [ -49.290544872185258, -25.42290170369396 ], [ -49.290543300194422, -25.42290309521848 ], [ -49.29054172820355, -25.422904486742969 ], [ -49.290540156212643, -25.422905878267443 ], [ -49.290538584221693, -25.422907269791907 ], [ -49.290537012230715, -25.422908661316342 ], [ -49.290535440239694, -25.422910052840759 ], [ -49.290533868248637, -25.422911444365166 ], [ -49.290532296257553, -25.422912835889541 ], [ -49.290530724266425, -25.422914227413905 ], [ -49.290529152275262, -25.422915618938251 ], [ -49.290527580284063, -25.422917010462577 ], [ -49.290526008292829, -25.42291840198688 ], [ -49.29052443630156, -25.422919793511163 ], [ -49.290522864310255, -25.422921185035431 ], [ -49.290521292318914, -25.422922576559682 ], [ -49.290519720327531, -25.422923968083914 ], [ -49.290518148336119, -25.422925359608126 ], [ -49.290516576344665, -25.422926751132316 ], [ -49.290515004353182, -25.422928142656488 ], [ -49.290513432361656, -25.422929534180643 ], [ -49.290511860370103, -25.422930925704772 ], [ -49.290510288378506, -25.422932317228895 ], [ -49.290508716386874, -25.422933708752993 ], [ -49.290507144395207, -25.422935100277069 ], [ -49.290505572403504, -25.422936491801128 ], [ -49.290504000411765, -25.422937883325165 ], [ -49.290502428419991, -25.422939274849188 ], [ -49.290500856428181, -25.422940666373194 ], [ -49.290499284436329, -25.422942057897174 ], [ -49.290497712444449, -25.422943449421133 ], [ -49.290496140452525, -25.422944840945085 ], [ -49.290494568460574, -25.422946232469016 ], [ -49.290492996468579, -25.422947623992915 ], [ -49.290491424476556, -25.422949015516807 ], [ -49.290489852484491, -25.422950407040673 ], [ -49.29048828049239, -25.422951798564519 ], [ -49.290486708500254, -25.422953190088364 ], [ -49.290485136508082, -25.422954581612174 ], [ -49.290483564515874, -25.422955973135963 ], [ -49.290481992523624, -25.422957364659741 ], [ -49.290480420531352, -25.42295875618349 ], [ -49.290478848539031, -25.422960147707233 ], [ -49.290477276546682, -25.422961539230961 ], [ -49.290475704554289, -25.42296293075465 ], [ -49.290474132561869, -25.422964322278332 ], [ -49.290472560569405, -25.422965713802 ], [ -49.290470988576907, -25.422967105325636 ], [ -49.290469416584379, -25.422968496849258 ], [ -49.290467844591809, -25.422969888372865 ], [ -49.290466272599211, -25.422971279896448 ], [ -49.290464700606563, -25.422972671420013 ], [ -49.290463128613887, -25.422974062943567 ], [ -49.290461556621175, -25.422975454467093 ], [ -49.29045998462842, -25.422976845990597 ], [ -49.290458412635637, -25.422978237514098 ], [ -49.290456840642818, -25.422979629037567 ], [ -49.290455268649957, -25.422981020561014 ], [ -49.290453696657067, -25.422982412084455 ], [ -49.290452124664135, -25.422983803607867 ], [ -49.290450552671174, -25.422985195131258 ], [ -49.290448980678171, -25.422986586654638 ], [ -49.290447408685132, -25.422987978177989 ], [ -49.290445836692065, -25.422989369701334 ], [ -49.290444264698955, -25.422990761224654 ], [ -49.29044269270581, -25.422992152747952 ], [ -49.290441120712622, -25.422993544271236 ], [ -49.290439548719405, -25.422994935794499 ], [ -49.290437976726153, -25.42299632731774 ], [ -49.290436404732858, -25.422997718840971 ], [ -49.290434832739535, -25.422999110364177 ], [ -49.290433260746177, -25.423000501887362 ], [ -49.290431688752776, -25.423001893410532 ], [ -49.290430116759339, -25.423003284933682 ], [ -49.290428544765874, -25.423004676456809 ], [ -49.290426972772359, -25.423006067979927 ], [ -49.290425400778823, -25.423007459503019 ], [ -49.290423828785244, -25.423008851026083 ], [ -49.290422256791629, -25.42301024254915 ], [ -49.290420684797979, -25.423011634072179 ], [ -49.290419112804294, -25.423013025595196 ], [ -49.290417540810566, -25.423014417118196 ], [ -49.290415968816809, -25.423015808641178 ], [ -49.29041439682301, -25.423017200164132 ], [ -49.290412824829183, -25.423018591687082 ], [ -49.290411252835312, -25.423019983209997 ], [ -49.290409680841407, -25.423021374732908 ], [ -49.290408108847473, -25.423022766255787 ], [ -49.290406536853496, -25.423024157778652 ], [ -49.290404964859484, -25.423025549301496 ], [ -49.290403392865436, -25.423026940824329 ], [ -49.290401820871352, -25.423028332347137 ], [ -49.290400248877233, -25.423029723869924 ], [ -49.290398676883072, -25.423031115392703 ], [ -49.290397104888882, -25.423032506915447 ], [ -49.290395532894657, -25.423033898438177 ], [ -49.290393960900388, -25.4230352899609 ], [ -49.290392388906092, -25.423036681483591 ], [ -49.29039081691176, -25.423038073006261 ], [ -49.290389244917385, -25.423039464528927 ], [ -49.290387672922975, -25.423040856051557 ], [ -49.290386100928529, -25.42304224757418 ], [ -49.290384528934048, -25.423043639096786 ], [ -49.290382956939531, -25.423045030619363 ], [ -49.290381384944979, -25.423046422141923 ], [ -49.290379812950391, -25.423047813664468 ], [ -49.290378240955768, -25.423049205186992 ], [ -49.290376668961109, -25.423050596709491 ], [ -49.290375096966415, -25.423051988231983 ], [ -49.290373524971677, -25.423053379754453 ], [ -49.290371952976905, -25.423054771276899 ], [ -49.290370380982097, -25.42305616279933 ], [ -49.29036880898726, -25.423057554321744 ], [ -49.290367236992388, -25.423058945844129 ], [ -49.290365664997474, -25.423060337366515 ], [ -49.290364093002516, -25.423061728888861 ], [ -49.290362521007538, -25.423063120411193 ], [ -49.290360949012509, -25.423064511933514 ], [ -49.29035937701746, -25.423065903455807 ], [ -49.290357805022367, -25.423067294978082 ], [ -49.290356233027232, -25.423068686500347 ], [ -49.290354661032062, -25.423070078022587 ], [ -49.290353089036863, -25.423071469544801 ], [ -49.290351517041628, -25.423072861067009 ], [ -49.290349945046351, -25.423074252589196 ], [ -49.290348412829623, -25.423072824944892 ], [ -49.29034688061293, -25.423071397300571 ], [ -49.290345348396279, -25.42306996965624 ], [ -49.290343816179657, -25.423068542011901 ], [ -49.290342283963071, -25.42306711436753 ], [ -49.290340751746527, -25.423065686723159 ], [ -49.290339219530004, -25.423064259078775 ], [ -49.290337687313531, -25.423062831434368 ], [ -49.290336155097087, -25.423061403789958 ], [ -49.290334622880685, -25.423059976145524 ], [ -49.290333090664319, -25.423058548501071 ], [ -49.290331558447988, -25.423057120856612 ], [ -49.290330026231686, -25.423055693212142 ], [ -49.290328494015434, -25.423054265567639 ], [ -49.290326961799202, -25.423052837923141 ], [ -49.290325429583021, -25.423051410278624 ], [ -49.290323897366868, -25.42304998263409 ], [ -49.29032236515075, -25.423048554989546 ], [ -49.290320832934668, -25.423047127344987 ], [ -49.290319300718629, -25.423045699700406 ], [ -49.290317768502618, -25.423044272055819 ], [ -49.29031623628665, -25.423042844411214 ], [ -49.290314704070717, -25.423041416766594 ], [ -49.290313171854812, -25.423039989121964 ], [ -49.290311639638951, -25.423038561477313 ], [ -49.290310107423124, -25.423037133832644 ], [ -49.290308575207334, -25.423035706187974 ], [ -49.290307042991579, -25.423034278543284 ], [ -49.290305510775859, -25.423032850898579 ], [ -49.290303978560175, -25.423031423253857 ], [ -49.290302446344526, -25.423029995609127 ], [ -49.29030091412892, -25.423028567964376 ], [ -49.290299381913343, -25.423027140319615 ], [ -49.290297849697801, -25.423025712674839 ], [ -49.290296317482301, -25.423024285030042 ], [ -49.290294785266831, -25.423022857385238 ], [ -49.290293253051402, -25.423021429740423 ], [ -49.290291720836009, -25.423020002095583 ], [ -49.290290188620645, -25.42301857445074 ], [ -49.290288656405323, -25.423017146805879 ], [ -49.290287124190037, -25.423015719160993 ], [ -49.290285591974786, -25.423014291516104 ], [ -49.290284059759571, -25.4230128638712 ], [ -49.290282527544399, -25.423011436226272 ], [ -49.290280995329255, -25.423010008581333 ], [ -49.290279463114153, -25.423008580936393 ], [ -49.29027793089908, -25.423007153291422 ], [ -49.29027639868405, -25.423005725646444 ], [ -49.290274866469048, -25.423004298001455 ], [ -49.290273334254088, -25.423002870356445 ], [ -49.290271802039157, -25.423001442711428 ], [ -49.290270269824269, -25.423000015066389 ], [ -49.290268737609416, -25.422998587421336 ], [ -49.290267205394606, -25.422997159776273 ], [ -49.290265673179825, -25.422995732131191 ], [ -49.290264140965071, -25.422994304486096 ], [ -49.290262608750368, -25.422992876840993 ], [ -49.290261076535693, -25.42299144919587 ], [ -49.29025954432106, -25.422990021550728 ], [ -49.290258012106456, -25.422988593905586 ], [ -49.290256479891895, -25.42298716626042 ], [ -49.290254947677361, -25.422985738615235 ], [ -49.290253415462871, -25.42298431097004 ], [ -49.290251883248416, -25.422982883324835 ], [ -49.290248779038876, -25.422982847200732 ], [ -49.290245674829343, -25.422982811076558 ], [ -49.290242570619817, -25.422982774952324 ], [ -49.290239466410299, -25.422982738828026 ], [ -49.290236362200787, -25.422982702703653 ], [ -49.290233257991282, -25.422982666579227 ], [ -49.290230153781778, -25.422982630454722 ], [ -49.290227049572287, -25.422982594330161 ], [ -49.290223945362797, -25.422982558205536 ], [ -49.290220841153314, -25.42298252208084 ], [ -49.290217736943838, -25.42298248595608 ], [ -49.290214632734362, -25.422982449831256 ], [ -49.2902115285249, -25.422982413706364 ], [ -49.290208424315445, -25.422982377581405 ], [ -49.29020532010599, -25.422982341456382 ], [ -49.290202215896542, -25.422982305331292 ], [ -49.290199111687095, -25.422982269206145 ], [ -49.290196007477668, -25.422982233080926 ], [ -49.290192903268242, -25.42298219695564 ], [ -49.290189799058815, -25.422982160830291 ], [ -49.290186694849389, -25.422982124704877 ], [ -49.290183590639984, -25.422982088579396 ], [ -49.290180486430579, -25.422982052453847 ], [ -49.290177382221181, -25.422982016328241 ], [ -49.290174278011783, -25.422981980202561 ], [ -49.290171173802399, -25.42298194407682 ], [ -49.290168069593015, -25.422981907951009 ], [ -49.290164965383639, -25.422981871825137 ], [ -49.290161861174269, -25.422981835699201 ], [ -49.290158756964907, -25.422981799573193 ], [ -49.290155652755551, -25.422981763447119 ], [ -49.290152548546196, -25.422981727320987 ], [ -49.290151016333027, -25.422980299674794 ], [ -49.290149484119894, -25.42297887202858 ], [ -49.290147951906796, -25.422977444382344 ], [ -49.290146419693727, -25.422976016736108 ], [ -49.2901448874807, -25.422974589089858 ], [ -49.290143355267716, -25.422973161443583 ], [ -49.290141823054761, -25.422971733797301 ], [ -49.29014029084184, -25.422970306151001 ], [ -49.290138758628963, -25.422968878504683 ], [ -49.290137226416114, -25.422967450858359 ], [ -49.2901356942033, -25.422966023212023 ], [ -49.29013416199053, -25.422964595565652 ], [ -49.290132629777794, -25.422963167919292 ], [ -49.290131097565087, -25.422961740272903 ], [ -49.290129565352423, -25.4229603126265 ], [ -49.290128033139794, -25.42295888498009 ], [ -49.290126500927201, -25.42295745733367 ], [ -49.290124968714643, -25.422956029687214 ], [ -49.290123436502121, -25.422954602040765 ], [ -49.290121904289634, -25.422953174394291 ], [ -49.29012037207719, -25.422951746747799 ], [ -49.290118839864775, -25.422950319101304 ], [ -49.290117307652395, -25.422948891454794 ], [ -49.290115775440057, -25.42294746380826 ], [ -49.290114243227748, -25.422946036161719 ], [ -49.290112711015475, -25.422944608515163 ], [ -49.290111178803244, -25.42294318086859 ], [ -49.290109646591048, -25.422941753222002 ], [ -49.290108114378889, -25.422940325575404 ], [ -49.290106582166764, -25.422938897928784 ], [ -49.290105049954668, -25.422937470282157 ], [ -49.290103517742615, -25.422936042635513 ], [ -49.290097329218526, -25.422934560798012 ], [ -49.290091140694585, -25.42293307896027 ], [ -49.290084952170822, -25.422931597122272 ], [ -49.290078763647216, -25.422930115284018 ], [ -49.290072575123787, -25.422928633445512 ], [ -49.290066386600522, -25.422927151606753 ], [ -49.29006019807742, -25.422925669767736 ], [ -49.290054009554488, -25.422924187928469 ], [ -49.290047821031727, -25.422922706088947 ], [ -49.29004163250913, -25.42292122424918 ], [ -49.290035443986689, -25.422919742409153 ], [ -49.290029255464425, -25.422918260568878 ], [ -49.290023066942325, -25.422916778728336 ], [ -49.290016878420388, -25.422915296887556 ], [ -49.290010689898622, -25.422913815046517 ], [ -49.290004501377027, -25.422912333205218 ], [ -49.289998312855587, -25.422910851363671 ], [ -49.289992124334326, -25.422909369521882 ], [ -49.28998593581322, -25.422907887679827 ], [ -49.289979747292286, -25.422906405837523 ], [ -49.289973558771528, -25.422904923994967 ], [ -49.289967370250928, -25.422903442152148 ], [ -49.289961181730497, -25.422901960309087 ], [ -49.289954993210223, -25.422900478465774 ], [ -49.28994880469012, -25.422898996622198 ], [ -49.289942616170194, -25.422897514778374 ], [ -49.289936427650424, -25.422896032934297 ], [ -49.289930239130825, -25.422894551089968 ], [ -49.289924050611397, -25.422893069245379 ], [ -49.289917862092132, -25.422891587400546 ], [ -49.28991167357303, -25.422890105555449 ], [ -49.289905485054092, -25.422888623710104 ], [ -49.289897724537703, -25.422888533381741 ], [ -49.289889964021356, -25.422888443052969 ], [ -49.289882203505044, -25.422888352723781 ], [ -49.289874442988769, -25.422888262394192 ], [ -49.289866682472528, -25.422888172064187 ], [ -49.289858921956323, -25.422888081733774 ], [ -49.289851161440161, -25.422887991402956 ], [ -49.289843400924035, -25.422887901071725 ], [ -49.289835640407944, -25.422887810740079 ], [ -49.289827879891888, -25.422887720408031 ], [ -49.289820119375875, -25.422887630075568 ], [ -49.289812358859898, -25.4228875397427 ], [ -49.289804598343956, -25.422887449409423 ], [ -49.28979683782805, -25.422887359075737 ], [ -49.289789077312186, -25.422887268741636 ], [ -49.289781316796365, -25.42288717840713 ], [ -49.289773556280565, -25.422887088072212 ], [ -49.289765795764815, -25.422886997736882 ], [ -49.2897580352491, -25.422886907401153 ], [ -49.289750274733414, -25.422886817065006 ], [ -49.289742514217771, -25.42288672672845 ], [ -49.28973475370217, -25.422886636391489 ], [ -49.289726993186605, -25.422886546054109 ], [ -49.289719232671075, -25.422886455716327 ], [ -49.289711472155581, -25.422886365378137 ], [ -49.289703711640122, -25.422886275039531 ], [ -49.289695951124706, -25.42288618470052 ], [ -49.289688190609326, -25.422886094361104 ], [ -49.289680430093981, -25.422886004021265 ], [ -49.289672669578671, -25.422885913681029 ], [ -49.289664909063404, -25.422885823340376 ], [ -49.289657148548173, -25.422885732999315 ], [ -49.289655656136667, -25.422881486182785 ], [ -49.289654163725245, -25.422877239366233 ], [ -49.289652671313931, -25.422872992549671 ], [ -49.289651178902709, -25.422868745733094 ], [ -49.289649686491586, -25.422864498916507 ], [ -49.289648194080556, -25.422860252099913 ], [ -49.289646701669625, -25.4228560052833 ], [ -49.289645209258786, -25.422851758466681 ], [ -49.28964371684804, -25.422847511650044 ], [ -49.289642224437394, -25.4228432648334 ], [ -49.289640732026847, -25.422839018016735 ], [ -49.289639239616399, -25.422834771200066 ], [ -49.289637747206044, -25.422830524383386 ], [ -49.289636254795781, -25.422826277566688 ], [ -49.289634762385617, -25.42282203074998 ], [ -49.289633269975553, -25.422817783933265 ], [ -49.289631777565575, -25.422813537116529 ], [ -49.289630285155702, -25.422809290299785 ], [ -49.289628792745923, -25.422805043483034 ], [ -49.289627300336242, -25.422800796666262 ], [ -49.289625807926654, -25.422796549849483 ], [ -49.289624315517173, -25.422792303032686 ], [ -49.289622823107777, -25.422788056215893 ], [ -49.289621330698473, -25.422783809399075 ], [ -49.289619838289276, -25.422779562582239 ], [ -49.289618345880172, -25.422775315765399 ], [ -49.289616853471166, -25.422771068948553 ], [ -49.289615361062253, -25.422766822131688 ], [ -49.289613868653433, -25.422762575314806 ], [ -49.289612376244719, -25.422758328497917 ], [ -49.289610883836097, -25.422754081681024 ], [ -49.289609391427568, -25.42274983486411 ], [ -49.289607899019131, -25.422745588047189 ], [ -49.289606406610801, -25.422741341230246 ], [ -49.289604914202563, -25.4227370944133 ], [ -49.289603421794425, -25.42273284759634 ], [ -49.289601929386379, -25.422728600779365 ], [ -49.289600436978425, -25.422724353962384 ], [ -49.289598944570578, -25.422720107145381 ], [ -49.289597452162823, -25.42271586032837 ], [ -49.289595959755154, -25.422711613511346 ], [ -49.289594467347591, -25.422707366694318 ], [ -49.28959297494012, -25.422703119877273 ], [ -49.289591482532749, -25.422698873060213 ], [ -49.289589990125478, -25.422694626243139 ], [ -49.289588497718299, -25.422690379426061 ], [ -49.289587005311219, -25.422686132608966 ], [ -49.289585512904232, -25.42268188579186 ], [ -49.289584020497344, -25.422677638974747 ], [ -49.289582528090548, -25.422673392157613 ], [ -49.289581035683852, -25.422669145340468 ], [ -49.289579543277249, -25.422664898523312 ], [ -49.289578050870745, -25.422660651706149 ], [ -49.289576558464333, -25.422656404888972 ], [ -49.289575066058021, -25.422652158071781 ], [ -49.289573573651808, -25.422647911254579 ], [ -49.28957208124568, -25.422643664437363 ], [ -49.289570588839659, -25.422639417620136 ], [ -49.289569096433731, -25.422635170802891 ], [ -49.289567604027901, -25.422630923985643 ], [ -49.289566111622165, -25.422626677168378 ], [ -49.289564619216527, -25.422622430351101 ], [ -49.289563126810982, -25.422618183533817 ], [ -49.289561634405537, -25.422613936716512 ], [ -49.289560102204099, -25.422612509064685 ], [ -49.289558570002697, -25.422611081412835 ], [ -49.289557037801337, -25.422609653760979 ], [ -49.289555505599999, -25.422608226109105 ], [ -49.289553973398711, -25.422606798457217 ], [ -49.289552441197451, -25.422605370805318 ], [ -49.289550908996233, -25.422603943153401 ], [ -49.289549376795044, -25.422602515501463 ], [ -49.289547844593891, -25.422601087849525 ], [ -49.28954631239278, -25.422599660197562 ], [ -49.289544780191711, -25.422598232545585 ], [ -49.289543247990665, -25.422596804893601 ], [ -49.28954171578966, -25.422595377241603 ], [ -49.289540183588699, -25.422593949589583 ], [ -49.289538651387765, -25.422592521937549 ], [ -49.289537119186861, -25.422591094285504 ], [ -49.289535586986005, -25.422589666633439 ], [ -49.289534054785179, -25.422588238981369 ], [ -49.289532522584388, -25.422586811329278 ], [ -49.289530990383639, -25.422585383677177 ], [ -49.289529458182926, -25.422583956025054 ], [ -49.289527925982242, -25.422582528372928 ], [ -49.289526393781593, -25.422581100720777 ], [ -49.289524861580993, -25.422579673068618 ], [ -49.289523329380415, -25.422578245416446 ], [ -49.28952179717988, -25.422576817764249 ], [ -49.28952026497938, -25.422575390112051 ], [ -49.289518732778916, -25.422573962459836 ], [ -49.289517200578487, -25.422572534807596 ], [ -49.289515668378101, -25.422571107155353 ], [ -49.289514136177743, -25.422569679503088 ], [ -49.289512603977421, -25.422568251850805 ], [ -49.289507967579461, -25.422566788059314 ], [ -49.289503331181628, -25.422565324267687 ], [ -49.289498694783902, -25.422563860475908 ], [ -49.289494058386303, -25.422562396683993 ], [ -49.289489421988826, -25.422560932891944 ], [ -49.289484785591462, -25.422559469099738 ], [ -49.289480149194219, -25.422558005307405 ], [ -49.289475512797104, -25.422556541514929 ], [ -49.289470876400102, -25.422555077722304 ], [ -49.289466240003229, -25.422553613929548 ], [ -49.289461603606462, -25.422552150136649 ], [ -49.28945696720983, -25.422550686343595 ], [ -49.289452330813312, -25.422549222550415 ], [ -49.289447694416914, -25.422547758757098 ], [ -49.28944305802063, -25.422546294963631 ], [ -49.289438421624475, -25.422544831170022 ], [ -49.289433785228432, -25.422543367376282 ], [ -49.289429148832518, -25.422541903582385 ], [ -49.289424512436725, -25.42254043978836 ], [ -49.289419876041045, -25.422538975994197 ], [ -49.289415239645486, -25.422537512199881 ], [ -49.289410603250055, -25.422536048405433 ], [ -49.28940596685473, -25.422534584610847 ], [ -49.289401330459533, -25.422533120816109 ], [ -49.289396694064457, -25.422531657021235 ], [ -49.289392057669502, -25.422530193226226 ], [ -49.289387421274661, -25.422528729431061 ], [ -49.289382784879948, -25.422527265635772 ], [ -49.289378148485348, -25.42252580184034 ], [ -49.289373512090876, -25.422524338044752 ], [ -49.289368875696518, -25.42252287424904 ], [ -49.28936423930228, -25.422521410453182 ], [ -49.289358030909739, -25.422521338168632 ], [ -49.289351822517219, -25.42252126588382 ], [ -49.28934561412472, -25.42252119359874 ], [ -49.28933940573225, -25.422521121313402 ], [ -49.289333197339801, -25.4225210490278 ], [ -49.289326988947373, -25.422520976741932 ], [ -49.289320780554974, -25.422520904455812 ], [ -49.289314572162596, -25.422520832169425 ], [ -49.289308363770239, -25.422520759882776 ], [ -49.289302155377918, -25.422520687595867 ], [ -49.289295946985611, -25.422520615308688 ], [ -49.289289738593325, -25.422520543021257 ], [ -49.289283530201061, -25.422520470733559 ], [ -49.289277321808832, -25.422520398445602 ], [ -49.289271113416618, -25.422520326157375 ], [ -49.289264905024432, -25.422520253868893 ], [ -49.289258696632274, -25.422520181580147 ], [ -49.289252488240137, -25.422520109291145 ], [ -49.289246279848022, -25.422520037001874 ], [ -49.289240071455929, -25.422519964712343 ], [ -49.289233863063863, -25.422519892422546 ], [ -49.289227654671819, -25.422519820132489 ], [ -49.289221446279804, -25.422519747842173 ], [ -49.289215237887809, -25.422519675551591 ], [ -49.289209029495836, -25.422519603260746 ], [ -49.289202821103885, -25.422519530969645 ], [ -49.289196612711962, -25.422519458678277 ], [ -49.28919040432006, -25.422519386386654 ], [ -49.289184195928186, -25.42251931409476 ], [ -49.289177987536334, -25.422519241802608 ], [ -49.289171779144503, -25.422519169510192 ], [ -49.289165570752701, -25.422519097217513 ], [ -49.289164038557324, -25.422517669561834 ], [ -49.289162506361976, -25.422516241906145 ], [ -49.28916097416667, -25.422514814250444 ], [ -49.2891594419714, -25.422513386594719 ], [ -49.289157909776165, -25.422511958938987 ], [ -49.289156377580966, -25.42251053128324 ], [ -49.289154845385802, -25.422509103627473 ], [ -49.289153313190674, -25.422507675971698 ], [ -49.289151780995589, -25.422506248315912 ], [ -49.289150248800532, -25.422504820660098 ], [ -49.289148716605503, -25.422503393004277 ], [ -49.289147184410524, -25.422501965348452 ], [ -49.289145652215574, -25.422500537692596 ], [ -49.289144120020666, -25.422499110036732 ], [ -49.289142587825786, -25.422497682380861 ], [ -49.289141055630949, -25.422496254724962 ], [ -49.289139523436148, -25.422494827069055 ], [ -49.289137991241383, -25.422493399413142 ], [ -49.289136459046652, -25.422491971757204 ], [ -49.289134926851958, -25.422490544101255 ], [ -49.289133394657298, -25.422489116445291 ], [ -49.289131862462675, -25.422487688789307 ], [ -49.289130330268087, -25.422486261133319 ], [ -49.289128798073541, -25.422484833477313 ], [ -49.289127265879024, -25.422483405821282 ], [ -49.28912573368455, -25.422481978165251 ], [ -49.289124201490104, -25.422480550509206 ], [ -49.289122669295693, -25.422479122853133 ], [ -49.289121137101326, -25.422477695197056 ], [ -49.289119604906993, -25.422476267540965 ], [ -49.289118072712697, -25.422474839884856 ], [ -49.289116540518435, -25.422473412228733 ], [ -49.289104143643115, -25.422471858056269 ], [ -49.289091746768186, -25.422470303882758 ], [ -49.28907934989364, -25.42246874970823 ], [ -49.289066953019464, -25.422467195532676 ], [ -49.289054556145686, -25.422465641356073 ], [ -49.289042159272284, -25.422464087178458 ], [ -49.289029762399267, -25.422462532999806 ], [ -49.289017365526625, -25.422460978820116 ], [ -49.289004968654368, -25.422459424639406 ], [ -49.288992571782501, -25.422457870457663 ], [ -49.288980174911018, -25.422456316274882 ], [ -49.288967778039904, -25.422454762091085 ], [ -49.288955381169181, -25.422453207906255 ], [ -49.288942984298842, -25.42245165372038 ], [ -49.288930587428879, -25.422450099533489 ], [ -49.288918190559308, -25.42244854534556 ], [ -49.288905793690112, -25.422446991156598 ], [ -49.288893396821308, -25.422445436966619 ], [ -49.28888099995288, -25.422443882775603 ], [ -49.288868603084836, -25.422442328583553 ], [ -49.288856206217169, -25.422440774390481 ], [ -49.288843809349892, -25.422439220196367 ], [ -49.288831412482999, -25.422437666001226 ], [ -49.288819015616475, -25.422436111805062 ], [ -49.28880661875035, -25.422434557607865 ], [ -49.288794221884601, -25.42243300340963 ], [ -49.288781825019235, -25.422431449210372 ], [ -49.288769428154247, -25.422429895010094 ], [ -49.288757031289641, -25.422428340808764 ], [ -49.288744634425427, -25.422426786606426 ], [ -49.288732237561589, -25.422425232403043 ], [ -49.288719840698135, -25.422423678198626 ], [ -49.288707384111682, -25.422426352739631 ], [ -49.288694927524745, -25.422429027279545 ], [ -49.288682470937317, -25.422431701818365 ], [ -49.288670014349407, -25.422434376356119 ], [ -49.288657557760999, -25.422437050892771 ], [ -49.288645101172115, -25.422439725428337 ], [ -49.288632644582741, -25.422442399962826 ], [ -49.288620187992876, -25.422445074496231 ], [ -49.288607731402521, -25.422447749028539 ], [ -49.288595274811684, -25.422450423559766 ], [ -49.288582818220362, -25.422453098089907 ], [ -49.288570361628544, -25.422455772618964 ], [ -49.288557905036242, -25.422458447146937 ], [ -49.288545448443458, -25.422461121673816 ], [ -49.288532991850182, -25.422463796199605 ], [ -49.28852053525641, -25.422466470724316 ], [ -49.288508078662161, -25.422469145247948 ], [ -49.288495622067423, -25.422471819770479 ], [ -49.288483165472201, -25.42247449429194 ], [ -49.288470708876488, -25.422477168812307 ], [ -49.288458252280286, -25.42247984333158 ], [ -49.2884457956836, -25.422482517849776 ], [ -49.288433339086424, -25.422485192366892 ], [ -49.288420882488758, -25.422487866882907 ], [ -49.288408425890609, -25.422490541397845 ], [ -49.288395969291969, -25.422493215911704 ], [ -49.288383512692839, -25.422495890424461 ], [ -49.288371056093226, -25.422498564936145 ], [ -49.288358599493129, -25.422501239446738 ], [ -49.288346142892536, -25.422503913956234 ], [ -49.288333686291459, -25.422506588464667 ], [ -49.288321229689899, -25.422509262972 ], [ -49.288319637767998, -25.422512064053564 ], [ -49.288318045846033, -25.422514865135106 ], [ -49.288316453923983, -25.422517666216638 ], [ -49.288314862001855, -25.422520467298135 ], [ -49.288313270079655, -25.422523268379614 ], [ -49.28831167815737, -25.422526069461078 ], [ -49.288310086235022, -25.422528870542507 ], [ -49.288308494312588, -25.422531671623918 ], [ -49.288306902390076, -25.422534472705323 ], [ -49.288305310467493, -25.422537273786684 ], [ -49.288303718544832, -25.422540074868028 ], [ -49.288302126622099, -25.422542875949357 ], [ -49.288300534699275, -25.422545677030651 ], [ -49.288298942776386, -25.422548478111938 ], [ -49.288297350853419, -25.422551279193197 ], [ -49.288295758930374, -25.422554080274431 ], [ -49.288294167007251, -25.42255688135565 ], [ -49.288292575084057, -25.422559682436837 ], [ -49.288290983160778, -25.422562483518011 ], [ -49.288289391237427, -25.422565284599159 ], [ -49.288287799314006, -25.42256808568029 ], [ -49.288286207390499, -25.422570886761381 ], [ -49.288284615466914, -25.422573687842469 ], [ -49.288283023543258, -25.422576488923532 ], [ -49.288281431619524, -25.42257929000457 ], [ -49.288279839695711, -25.422582091085587 ], [ -49.288278247771821, -25.422584892166576 ], [ -49.288276655847859, -25.422587693247547 ], [ -49.28827506392382, -25.422590494328499 ], [ -49.288273471999702, -25.422593295409424 ], [ -49.288271880075506, -25.422596096490327 ], [ -49.288270288151239, -25.422598897571213 ], [ -49.288268755966044, -25.422597469906709 ], [ -49.288267223780892, -25.42259604224218 ], [ -49.288265691595775, -25.422594614577648 ], [ -49.288264159410694, -25.422593186913097 ], [ -49.288262627225642, -25.42259175924853 ], [ -49.288261095040639, -25.422590331583951 ], [ -49.288259562855664, -25.422588903919358 ], [ -49.288258030670718, -25.422587476254744 ], [ -49.288256498485822, -25.422586048590126 ], [ -49.288254966300947, -25.422584620925495 ], [ -49.288253434116122, -25.422583193260834 ], [ -49.288251901931332, -25.422581765596174 ], [ -49.288250369746571, -25.422580337931493 ], [ -49.288248837561852, -25.422578910266797 ], [ -49.288247305377162, -25.422577482602087 ], [ -49.288245773192514, -25.422576054937366 ], [ -49.288244241007902, -25.422574627272621 ], [ -49.288242708823326, -25.422573199607871 ], [ -49.288241176638785, -25.422571771943112 ], [ -49.288239644454279, -25.422570344278324 ], [ -49.288238112269809, -25.422568916613525 ], [ -49.288236580085375, -25.422567488948726 ], [ -49.288235047900976, -25.422566061283899 ], [ -49.288233515716612, -25.422564633619061 ], [ -49.288231983532292, -25.422563205954209 ], [ -49.288230451348007, -25.422561778289339 ], [ -49.28822891916375, -25.422560350624455 ], [ -49.288227386979528, -25.422558922959563 ], [ -49.28822585479535, -25.422557495294647 ], [ -49.288224322611207, -25.422556067629724 ], [ -49.288222790427099, -25.42255463996479 ], [ -49.288221258243027, -25.422553212299832 ], [ -49.28821972605899, -25.422551784634862 ], [ -49.288218193874997, -25.422550356969886 ], [ -49.288216661691024, -25.422548929304885 ], [ -49.288215129507101, -25.422547501639876 ], [ -49.288213597323207, -25.422546073974853 ], [ -49.288212065139348, -25.422544646309806 ], [ -49.288210532955532, -25.422543218644758 ], [ -49.288209000771751, -25.422541790979686 ], [ -49.288207468587991, -25.422540363314603 ], [ -49.288205936404289, -25.422538935649509 ], [ -49.288204404220608, -25.422537507984401 ], [ -49.288202872036976, -25.422536080319269 ], [ -49.288201339853366, -25.422534652654129 ], [ -49.288199807669798, -25.422533224988978 ], [ -49.288198275486266, -25.422531797323799 ], [ -49.28819674330277, -25.42253036965862 ], [ -49.288195211119309, -25.422528941993424 ], [ -49.28819367893589, -25.422527514328209 ], [ -49.288192146752507, -25.42252608666298 ], [ -49.288190614569153, -25.422524658997748 ], [ -49.288189082385834, -25.422523231332484 ], [ -49.288187550202558, -25.422521803667216 ], [ -49.288186018019317, -25.422520376001934 ], [ -49.288184485836112, -25.422518948336634 ], [ -49.288182953652935, -25.422517520671324 ], [ -49.288181421469801, -25.422516093005999 ], [ -49.288179889286702, -25.42251466534065 ], [ -49.288178357103646, -25.422513237675293 ], [ -49.288176824920619, -25.422511810009929 ], [ -49.288175292737627, -25.422510382344537 ], [ -49.28817376055467, -25.422508954679138 ], [ -49.288172228371749, -25.422507527013728 ], [ -49.288170696188871, -25.422506099348297 ], [ -49.288169164006028, -25.422504671682859 ], [ -49.288167631823214, -25.422503244017403 ], [ -49.288166099640442, -25.422501816351925 ], [ -49.288164567457699, -25.422500388686444 ], [ -49.288163035274998, -25.422498961020953 ], [ -49.288161503092333, -25.422497533355426 ], [ -49.28815997090971, -25.422496105689898 ], [ -49.288158438727109, -25.422494678024364 ], [ -49.288156906544558, -25.422493250358798 ], [ -49.288155374362034, -25.422491822693228 ], [ -49.288153842179547, -25.422490395027648 ], [ -49.288152309997095, -25.422488967362039 ], [ -49.288150777814685, -25.422487539696423 ], [ -49.288149245632304, -25.422486112030803 ], [ -49.288147713449966, -25.422484684365152 ], [ -49.288146181267656, -25.422483256699493 ], [ -49.288144649085396, -25.422481829033828 ], [ -49.288143116903164, -25.422480401368134 ], [ -49.288141584720961, -25.422478973702432 ], [ -49.2881400525388, -25.42247754603672 ], [ -49.288138520356675, -25.422476118370984 ], [ -49.288136988174593, -25.422474690705247 ], [ -49.288135455992538, -25.422473263039489 ], [ -49.28813392381052, -25.42247183537371 ], [ -49.288132391628537, -25.422470407707927 ], [ -49.288130859446596, -25.42246898004213 ], [ -49.288129327264684, -25.422467552376304 ], [ -49.288127795082815, -25.422466124710475 ], [ -49.288126262900974, -25.422464697044635 ], [ -49.288124730719176, -25.422463269378767 ], [ -49.288123198537413, -25.422461841712899 ], [ -49.288121666355686, -25.422460414047013 ], [ -49.288120134173994, -25.422458986381105 ], [ -49.288118601992338, -25.422457558715191 ], [ -49.288117069810717, -25.422456131049259 ], [ -49.288115537629132, -25.422454703383309 ], [ -49.288114005447582, -25.422453275717356 ], [ -49.288112473266075, -25.422451848051384 ], [ -49.288110941084597, -25.422450420385388 ], [ -49.288109408903154, -25.422448992719389 ], [ -49.288107876721753, -25.422447565053368 ], [ -49.288106344540388, -25.422446137387329 ], [ -49.288104812359052, -25.422444709721294 ], [ -49.288103280177758, -25.422443282055237 ], [ -49.2881017479965, -25.422441854389156 ], [ -49.288100215815277, -25.422440426723071 ], [ -49.28809868363409, -25.422438999056965 ], [ -49.288097151452938, -25.422437571390837 ], [ -49.288095619271829, -25.42243614372471 ], [ -49.288094087090748, -25.422434716058572 ], [ -49.288092554909703, -25.422433288392401 ], [ -49.2880910227287, -25.422431860726231 ], [ -49.288089490547726, -25.422430433060043 ], [ -49.288087958366788, -25.422429005393827 ], [ -49.288086426185892, -25.422427577727614 ], [ -49.288084894005031, -25.42242615006138 ], [ -49.288083361824206, -25.422424722395132 ], [ -49.288081829643417, -25.422423294728869 ], [ -49.288080297462656, -25.422421867062599 ], [ -49.288078765281938, -25.422420439396301 ], [ -49.288077233101262, -25.42241901173 ], [ -49.288075700920615, -25.422417584063684 ], [ -49.28807416874001, -25.422416156397343 ], [ -49.288072636559427, -25.422414728730999 ], [ -49.288071104378893, -25.422413301064637 ], [ -49.288069572198395, -25.422411873398254 ], [ -49.288068040017926, -25.42241044573187 ], [ -49.288066507837499, -25.422409018065466 ], [ -49.288064975657107, -25.42240759039904 ], [ -49.288063443476752, -25.42240616273261 ], [ -49.288061911296424, -25.422404735066163 ], [ -49.288060379116139, -25.422403307399684 ], [ -49.28805884693589, -25.422401879733222 ], [ -49.288057314755676, -25.422400452066729 ], [ -49.288055782575498, -25.42239902440021 ], [ -49.288054250395362, -25.422397596733695 ], [ -49.288052718215255, -25.422396169067166 ], [ -49.28805118603519, -25.422394741400606 ], [ -49.288049653855154, -25.422393313734052 ], [ -49.28804812167516, -25.422391886067473 ], [ -49.288046589495195, -25.422390458400869 ], [ -49.288045057315273, -25.422389030734273 ], [ -49.288043525135379, -25.422387603067655 ], [ -49.288041992955527, -25.422386175401009 ], [ -49.288040460775711, -25.422384747734363 ], [ -49.288038928595931, -25.422383320067695 ], [ -49.288037396416186, -25.422381892401013 ], [ -49.288035864236477, -25.422380464734324 ], [ -49.288034332056803, -25.422379037067625 ], [ -49.288032799877172, -25.422377609400893 ], [ -49.288031267697569, -25.422376181734162 ], [ -49.288029735518009, -25.422374754067409 ], [ -49.288028203338477, -25.422373326400638 ], [ -49.288026671158988, -25.422371898733864 ], [ -49.288025138979528, -25.422370471067072 ], [ -49.288022054705017, -25.422369025315092 ], [ -49.288018970430578, -25.422367579563048 ], [ -49.288015886156209, -25.422366133810954 ], [ -49.288012801881926, -25.422364688058781 ], [ -49.288009717607714, -25.42236324230656 ], [ -49.28800663333358, -25.422361796554274 ], [ -49.288003549059525, -25.422360350801931 ], [ -49.28800046478554, -25.422358905049521 ], [ -49.287997380511641, -25.42235745929705 ], [ -49.287994296237812, -25.422356013544523 ], [ -49.287991211964062, -25.422354567791928 ], [ -49.287988127690383, -25.422353122039276 ], [ -49.287985043416789, -25.42235167628656 ], [ -49.287981959143266, -25.422350230533787 ], [ -49.287978874869822, -25.422348784780951 ], [ -49.287975790596455, -25.422347339028047 ], [ -49.287972706323167, -25.422345893275093 ], [ -49.28796962204995, -25.422344447522079 ], [ -49.287966537776811, -25.42234300176899 ], [ -49.28796345350375, -25.422341556015848 ], [ -49.287960369230767, -25.422340110262645 ], [ -49.287957284957862, -25.422338664509379 ], [ -49.287954200685029, -25.422337218756052 ], [ -49.287951116412273, -25.422335773002665 ], [ -49.287948032139589, -25.422334327249217 ], [ -49.28794494786699, -25.422332881495706 ], [ -49.287941863594469, -25.422331435742134 ], [ -49.287938779322019, -25.422329989988498 ], [ -49.287935695049647, -25.422328544234805 ], [ -49.287932610777354, -25.422327098481052 ], [ -49.287929526505131, -25.422325652727235 ], [ -49.287926442232994, -25.422324206973357 ], [ -49.287921785949663, -25.422324152714808 ], [ -49.287917129666347, -25.422324098456112 ], [ -49.287912473383045, -25.422324044197257 ], [ -49.287907817099757, -25.42232398993827 ], [ -49.287903160816491, -25.422323935679128 ], [ -49.287898504533224, -25.422323881419842 ], [ -49.287893848249979, -25.422323827160401 ], [ -49.287889191966748, -25.422323772900821 ], [ -49.287884535683524, -25.422323718641085 ], [ -49.287879879400315, -25.422323664381214 ], [ -49.287875223117119, -25.422323610121186 ], [ -49.287870566833945, -25.422323555861009 ], [ -49.287865910550778, -25.42232350160069 ], [ -49.287861254267618, -25.422323447340222 ], [ -49.287856597984486, -25.422323393079608 ], [ -49.287851941701355, -25.422323338818845 ], [ -49.287847285418245, -25.422323284557937 ], [ -49.287842629135142, -25.422323230296879 ], [ -49.28783797285206, -25.422323176035672 ], [ -49.287833316568985, -25.422323121774319 ], [ -49.287828660285925, -25.422323067512821 ], [ -49.287824004002886, -25.422323013251173 ], [ -49.287819347719847, -25.422322958989376 ], [ -49.287814691436836, -25.422322904727434 ], [ -49.287810035153825, -25.422322850465342 ], [ -49.287805378870836, -25.422322796203112 ], [ -49.287800722587853, -25.422322741940725 ], [ -49.287796066304892, -25.422322687678196 ], [ -49.287791410021939, -25.422322633415515 ], [ -49.287786753738999, -25.422322579152688 ], [ -49.287782097456081, -25.422322524889715 ], [ -49.287777441173162, -25.42232247062659 ], [ -49.287775928915927, -25.422319633375892 ], [ -49.287774416658763, -25.422316796125184 ], [ -49.28777290440167, -25.422313958874458 ], [ -49.287771392144641, -25.422311121623721 ], [ -49.287769879887684, -25.422308284372974 ], [ -49.287768367630783, -25.422305447122206 ], [ -49.28776685537396, -25.422302609871437 ], [ -49.287765343117201, -25.422299772620644 ], [ -49.287763830860506, -25.422296935369847 ], [ -49.287762318603882, -25.422294098119025 ], [ -49.287760806347329, -25.422291260868203 ], [ -49.28775929409084, -25.42228842361736 ], [ -49.287757781834422, -25.422285586366506 ], [ -49.287756269578068, -25.422282749115642 ], [ -49.287754757321785, -25.422279911864763 ], [ -49.287753245065566, -25.422277074613866 ], [ -49.287751732809419, -25.422274237362966 ], [ -49.287750220553335, -25.422271400112049 ], [ -49.287748708297315, -25.422268562861117 ], [ -49.287747196041373, -25.422265725610178 ], [ -49.287745683785495, -25.422262888359214 ], [ -49.287744171529681, -25.422260051108243 ], [ -49.287742659273938, -25.422257213857272 ], [ -49.287741147018259, -25.422254376606272 ], [ -49.287739634762652, -25.422251539355258 ], [ -49.287738122507108, -25.422248702104245 ], [ -49.287736610251642, -25.422245864853203 ], [ -49.287735097996233, -25.422243027602153 ], [ -49.287733585740895, -25.422240190351094 ], [ -49.287732073485621, -25.422237353100023 ], [ -49.287730561230418, -25.422234515848935 ], [ -49.287729048975287, -25.422231678597836 ], [ -49.287721328347978, -25.422228768993818 ], [ -49.287713607721074, -25.422225859389396 ], [ -49.287705887094553, -25.422222949784587 ], [ -49.287698166468424, -25.422220040179397 ], [ -49.287690445842685, -25.422217130573813 ], [ -49.287682725217344, -25.422214220967845 ], [ -49.287675004592394, -25.42221131136149 ], [ -49.287667283967835, -25.422208401754741 ], [ -49.287659563343666, -25.422205492147615 ], [ -49.287651842719896, -25.422202582540095 ], [ -49.287644122096509, -25.42219967293218 ], [ -49.28763640147352, -25.422196763323885 ], [ -49.287628680850922, -25.4221938537152 ], [ -49.287620960228715, -25.422190944106131 ], [ -49.287613239606905, -25.422188034496671 ], [ -49.28760551898548, -25.422185124886827 ], [ -49.287597798364452, -25.422182215276592 ], [ -49.287590077743815, -25.422179305665971 ], [ -49.287582357123561, -25.422176396054965 ], [ -49.287574636503713, -25.422173486443565 ], [ -49.287566915884248, -25.422170576831771 ], [ -49.287559195265182, -25.422167667219608 ], [ -49.287551474646499, -25.422164757607042 ], [ -49.287543754028214, -25.422161847994094 ], [ -49.287536033410319, -25.422158938380761 ], [ -49.287528312792816, -25.422156028767034 ], [ -49.28752059217571, -25.422153119152917 ], [ -49.287512871558995, -25.422150209538426 ], [ -49.287505150942664, -25.422147299923534 ], [ -49.287497430326731, -25.422144390308258 ], [ -49.287489709711195, -25.422141480692598 ], [ -49.287481989096037, -25.422138571076545 ], [ -49.287472676545825, -25.422138462531869 ], [ -49.287463363995677, -25.422138353986607 ], [ -49.287454051445572, -25.422138245440749 ], [ -49.287444738895523, -25.422138136894301 ], [ -49.287435426345532, -25.42213802834727 ], [ -49.287426113795583, -25.422137919799646 ], [ -49.287416801245698, -25.422137811251428 ], [ -49.28740748869587, -25.422137702702628 ], [ -49.287398176146084, -25.422137594153234 ], [ -49.287388863596362, -25.422137485603248 ], [ -49.287379551046683, -25.422137377052675 ], [ -49.287370238497068, -25.422137268501515 ], [ -49.287360925947496, -25.422137159949763 ], [ -49.287351613397988, -25.422137051397421 ], [ -49.287342300848536, -25.422136942844489 ], [ -49.287332988299127, -25.422136834290967 ], [ -49.287323675749782, -25.422136725736859 ], [ -49.287314363200487, -25.422136617182158 ], [ -49.287305050651241, -25.422136508626874 ], [ -49.287295738102053, -25.42213640007099 ], [ -49.287286425552921, -25.422136291514523 ], [ -49.287277113003839, -25.422136182957466 ], [ -49.287267800454806, -25.422136074399813 ], [ -49.287258487905838, -25.42213596584158 ], [ -49.287249175356919, -25.422135857282754 ], [ -49.287239862808057, -25.422135748723328 ], [ -49.287230550259245, -25.422135640163326 ], [ -49.287221237710483, -25.422135531602727 ], [ -49.287211925161778, -25.422135423041542 ], [ -49.287202612613129, -25.422135314479764 ], [ -49.287193300064537, -25.4221352059174 ], [ -49.287183987515988, -25.422135097354449 ], [ -49.287180883333157, -25.422135061166664 ], [ -49.287177779150326, -25.422135024978814 ], [ -49.287174674967503, -25.422134988790898 ], [ -49.287171570784686, -25.422134952602921 ], [ -49.287168466601877, -25.422134916414876 ], [ -49.287165362419067, -25.422134880226764 ], [ -49.287162258236272, -25.422134844038592 ], [ -49.287159154053477, -25.422134807850345 ], [ -49.287156049870688, -25.422134771662041 ], [ -49.2871529456879, -25.422134735473669 ], [ -49.287149841505133, -25.42213469928523 ], [ -49.28714673732236, -25.422134663096728 ], [ -49.287143633139593, -25.422134626908157 ], [ -49.287140528956833, -25.422134590719526 ], [ -49.287137424774087, -25.422134554530825 ], [ -49.287134320591342, -25.422134518342059 ], [ -49.287131216408604, -25.422134482153233 ], [ -49.287128112225865, -25.422134445964332 ], [ -49.287125008043141, -25.422134409775371 ], [ -49.287121903860417, -25.422134373586339 ], [ -49.2871187996777, -25.422134337397246 ], [ -49.28711569549499, -25.422134301208089 ], [ -49.287112591312287, -25.422134265018865 ], [ -49.287109487129591, -25.422134228829574 ], [ -49.287106382946895, -25.422134192640222 ], [ -49.287103278764206, -25.422134156450799 ], [ -49.287100174581532, -25.422134120261315 ], [ -49.28709707039885, -25.422134084071764 ], [ -49.287093966216183, -25.422134047882142 ], [ -49.287090862033523, -25.42213401169246 ], [ -49.28708775785087, -25.422133975502714 ], [ -49.287084653668217, -25.4221339393129 ], [ -49.287083121503322, -25.422132511636971 ], [ -49.287081589338456, -25.422131083961013 ], [ -49.287080057173625, -25.422129656285051 ], [ -49.287078525008837, -25.422128228609076 ], [ -49.287076992844078, -25.422126800933075 ], [ -49.287075460679361, -25.422125373257074 ], [ -49.287073928514673, -25.422123945581053 ], [ -49.287072396350034, -25.42212251790502 ], [ -49.287070864185416, -25.42212109022897 ], [ -49.287069332020842, -25.422119662552912 ], [ -49.287067799856302, -25.422118234876827 ], [ -49.287066267691799, -25.422116807200727 ], [ -49.287064735527338, -25.42211537952463 ], [ -49.287063203362898, -25.422113951848505 ], [ -49.287061671198508, -25.422112524172373 ], [ -49.287060139034146, -25.422111096496227 ], [ -49.28705860686982, -25.422109668820056 ], [ -49.287057074705544, -25.422108241143874 ], [ -49.287055542541282, -25.422106813467689 ], [ -49.287054010377076, -25.422105385791472 ], [ -49.287052478212892, -25.422103958115251 ], [ -49.287050946048751, -25.42210253043902 ], [ -49.287049413884645, -25.422101102762763 ], [ -49.287047881720575, -25.4220996750865 ], [ -49.28704634955654, -25.422098247410226 ], [ -49.287044817392541, -25.422096819733927 ], [ -49.287043285228584, -25.422095392057617 ], [ -49.287041753064649, -25.422093964381304 ], [ -49.287040220900764, -25.422092536704959 ], [ -49.287038688736907, -25.422091109028607 ], [ -49.287037156573092, -25.422089681352247 ], [ -49.287035624409306, -25.422088253675859 ], [ -49.28702167552018, -25.422086681235534 ], [ -49.287007726631494, -25.422085108793905 ], [ -49.286993777743248, -25.422083536350961 ], [ -49.286979828855451, -25.422081963906709 ], [ -49.286965879968093, -25.422080391461161 ], [ -49.286951931081184, -25.422078819014303 ], [ -49.286937982194722, -25.422077246566136 ], [ -49.286924033308694, -25.422075674116662 ], [ -49.28691008442312, -25.422074101665881 ], [ -49.28689613553798, -25.4220725292138 ], [ -49.286882186653294, -25.422070956760408 ], [ -49.286868237769049, -25.422069384305711 ], [ -49.286854288885252, -25.422067811849711 ], [ -49.286840340001895, -25.422066239392404 ], [ -49.286826391118979, -25.422064666933775 ], [ -49.28681244223651, -25.422063094473852 ], [ -49.286798493354489, -25.422061522012626 ], [ -49.286784544472908, -25.422059949550086 ], [ -49.286770595591769, -25.422058377086245 ], [ -49.286756646711083, -25.4220568046211 ], [ -49.286742697830832, -25.422055232154641 ], [ -49.286728748951028, -25.422053659686881 ], [ -49.286714800071671, -25.422052087217814 ], [ -49.286700851192755, -25.422050514747436 ], [ -49.28668690231428, -25.422048942275758 ], [ -49.286672953436259, -25.422047369802776 ], [ -49.286659004558679, -25.422045797328472 ], [ -49.286645055681532, -25.422044224852879 ], [ -49.286631106804847, -25.422042652375975 ], [ -49.286617157928596, -25.422041079897753 ], [ -49.286603209052785, -25.422039507418237 ], [ -49.286589260177422, -25.422037934937414 ], [ -49.286575271438018, -25.422039181616569 ], [ -49.286561282698415, -25.422040428294377 ], [ -49.286547293958606, -25.422041674970853 ], [ -49.286533305218583, -25.422042921645964 ], [ -49.286519316478362, -25.422044168319733 ], [ -49.286505327737935, -25.422045414992159 ], [ -49.286491338997301, -25.422046661663231 ], [ -49.286477350256469, -25.422047908332949 ], [ -49.286463361515423, -25.422049155001339 ], [ -49.286449372774172, -25.422050401668365 ], [ -49.286435384032721, -25.422051648334051 ], [ -49.286421395291065, -25.422052894998394 ], [ -49.286407406549195, -25.422054141661377 ], [ -49.286393417807126, -25.422055388323013 ], [ -49.286379429064858, -25.422056634983313 ], [ -49.286365440322378, -25.42205788164226 ], [ -49.286351451579698, -25.422059128299853 ], [ -49.286337462836812, -25.422060374956111 ], [ -49.28632347409372, -25.422061621611011 ], [ -49.286309485350422, -25.422062868264565 ], [ -49.286295496606918, -25.422064114916775 ], [ -49.286281507863208, -25.42206536156764 ], [ -49.286267519119292, -25.422066608217143 ], [ -49.286253530375177, -25.422067854865322 ], [ -49.286239541630856, -25.422069101512133 ], [ -49.286225552886329, -25.422070348157597 ], [ -49.286211564141588, -25.422071594801725 ], [ -49.286197575396656, -25.422072841444496 ], [ -49.286183586651511, -25.422074088085921 ], [ -49.286169597906166, -25.422075334726014 ], [ -49.286155609160616, -25.422076581364735 ], [ -49.28614162041486, -25.422077828002116 ], [ -49.286138496297824, -25.422079201372718 ], [ -49.286135372180723, -25.422080574743241 ], [ -49.286132248063566, -25.422081948113689 ], [ -49.286129123946331, -25.422083321484074 ], [ -49.286125999829025, -25.42208469485438 ], [ -49.286122875711655, -25.422086068224615 ], [ -49.286119751594214, -25.422087441594797 ], [ -49.286116627476716, -25.422088814964891 ], [ -49.286113503359147, -25.422090188334916 ], [ -49.286110379241507, -25.422091561704878 ], [ -49.286107255123795, -25.422092935074765 ], [ -49.28610413100602, -25.422094308444581 ], [ -49.286101006888174, -25.422095681814334 ], [ -49.286097882770264, -25.422097055184011 ], [ -49.28609475865229, -25.42209842855361 ], [ -49.286091634534245, -25.422099801923157 ], [ -49.286088510416121, -25.422101175292617 ], [ -49.286085386297941, -25.422102548662011 ], [ -49.286082262179697, -25.42210392203134 ], [ -49.286079138061382, -25.422105295400591 ], [ -49.286076013942996, -25.422106668769775 ], [ -49.286072889824545, -25.422108042138898 ], [ -49.286069765706024, -25.422109415507936 ], [ -49.286066641587439, -25.42211078887691 ], [ -49.286063517468783, -25.422112162245813 ], [ -49.286060393350063, -25.422113535614645 ], [ -49.286057269231272, -25.422114908983406 ], [ -49.286054145112416, -25.422116282352107 ], [ -49.28605102099349, -25.422117655720722 ], [ -49.286047896874493, -25.42211902908927 ], [ -49.286044772755432, -25.422120402457754 ], [ -49.286041648636306, -25.422121775826167 ], [ -49.286038524517103, -25.422123149194501 ], [ -49.286035400397843, -25.422124522562779 ], [ -49.286032276278512, -25.422125895930968 ], [ -49.286029152159117, -25.4221272692991 ], [ -49.28602602803965, -25.422128642667168 ], [ -49.286022903920113, -25.422130016035151 ], [ -49.286019779800512, -25.422131389403066 ], [ -49.286016655680839, -25.422132762770914 ], [ -49.286013531561103, -25.422134136138691 ], [ -49.286010407441296, -25.422135509506393 ], [ -49.286007283321425, -25.422136882874035 ], [ -49.286004159201489, -25.422138256241599 ], [ -49.286001035081483, -25.422139629609099 ], [ -49.285997910961406, -25.422141002976524 ], [ -49.285994786841265, -25.422142376343874 ], [ -49.285991662721052, -25.422143749711161 ], [ -49.285988538600776, -25.422145123078376 ], [ -49.285985414480429, -25.422146496445514 ], [ -49.285982290360018, -25.422147869812587 ], [ -49.285979166239528, -25.4221492431796 ], [ -49.285976042118982, -25.422150616546528 ], [ -49.285972917998365, -25.422151989913388 ], [ -49.285969793877676, -25.422153363280184 ], [ -49.285966669756924, -25.422154736646899 ], [ -49.285963545636115, -25.42215611001355 ], [ -49.28596042151522, -25.422157483380136 ], [ -49.285957297394269, -25.422158856746641 ], [ -49.28595417327324, -25.422160230113082 ], [ -49.285951049152153, -25.422161603479456 ], [ -49.285947925030996, -25.422162976845751 ], [ -49.285944800909775, -25.422164350211975 ], [ -49.285941676788482, -25.422165723578139 ], [ -49.285938552667119, -25.422167096944225 ], [ -49.285935428545685, -25.42216847031024 ], [ -49.285932304424193, -25.42216984367619 ], [ -49.285929180302624, -25.422171217042063 ], [ -49.285926056180998, -25.422172590407872 ], [ -49.2859229320593, -25.422173963773613 ], [ -49.285919807937532, -25.422175337139276 ], [ -49.285916683815699, -25.422176710504871 ], [ -49.285913559693796, -25.422178083870396 ], [ -49.285910435571829, -25.422179457235845 ], [ -49.285907311449783, -25.422180830601231 ], [ -49.285904187327681, -25.42218220396655 ], [ -49.285901063205507, -25.42218357733179 ], [ -49.28589793908327, -25.422184950696959 ], [ -49.285894814960962, -25.422186324062068 ], [ -49.285891690838589, -25.422187697427095 ], [ -49.285888566716146, -25.422189070792061 ], [ -49.285885442593631, -25.422190444156957 ], [ -49.285882318471053, -25.422191817521771 ], [ -49.285879194348411, -25.422193190886524 ], [ -49.285876070225697, -25.422194564251207 ], [ -49.28587294610292, -25.422195937615811 ], [ -49.285869821980064, -25.422197310980351 ], [ -49.285866697857145, -25.422198684344824 ], [ -49.285863573734161, -25.422200057709222 ], [ -49.285860449611114, -25.422201431073546 ], [ -49.285857325487989, -25.422202804437813 ], [ -49.285854201364806, -25.422204177801994 ], [ -49.285851077241553, -25.422205551166112 ], [ -49.285847953118221, -25.422206924530158 ], [ -49.285844828994833, -25.422208297894134 ], [ -49.28584170487138, -25.422209671258042 ], [ -49.285838580747857, -25.422211044621871 ], [ -49.285835456624262, -25.422212417985634 ], [ -49.285832332500604, -25.422213791349336 ], [ -49.285829208376875, -25.422215164712959 ], [ -49.285826084253074, -25.422216538076512 ], [ -49.285822960129209, -25.422217911440001 ], [ -49.285819836005281, -25.422219284803408 ], [ -49.285816711881282, -25.422220658166747 ], [ -49.285813587757211, -25.42222203153003 ], [ -49.285810463633076, -25.422223404893227 ], [ -49.285807339508878, -25.422224778256357 ], [ -49.285804215384601, -25.42222615161943 ], [ -49.285801091260275, -25.422227524982411 ], [ -49.285797967135863, -25.422228898345331 ], [ -49.285794843011388, -25.422230271708187 ], [ -49.285791718886856, -25.422231645070966 ], [ -49.285788594762245, -25.422233018433669 ], [ -49.285785470637563, -25.422234391796312 ], [ -49.285782346512825, -25.422235765158881 ], [ -49.285779222388015, -25.422237138521382 ], [ -49.285776098263135, -25.422238511883819 ], [ -49.28577297413819, -25.422239885246164 ], [ -49.285769850013175, -25.422241258608448 ], [ -49.285766725888095, -25.422242631970672 ], [ -49.285763601762945, -25.422244005332818 ], [ -49.28576047763773, -25.422245378694893 ], [ -49.285757353512444, -25.422246752056903 ], [ -49.285754229387095, -25.422248125418829 ], [ -49.285751105261674, -25.422249498780701 ], [ -49.28574798113619, -25.422250872142495 ], [ -49.285744857010627, -25.422252245504218 ], [ -49.285741732885008, -25.422253618865874 ], [ -49.285740160851098, -25.422255010336674 ], [ -49.285738588817146, -25.422256401807445 ], [ -49.285737016783166, -25.422257793278199 ], [ -49.285735444749143, -25.422259184748935 ], [ -49.285733872715085, -25.422260576219657 ], [ -49.285732300680998, -25.422261967690353 ], [ -49.285730728646868, -25.422263359161036 ], [ -49.28572915661271, -25.422264750631701 ], [ -49.28572758457851, -25.422266142102337 ], [ -49.285726012544266, -25.422267533572963 ], [ -49.285724440509995, -25.422268925043564 ], [ -49.285722868475688, -25.422270316514151 ], [ -49.285721296441345, -25.42227170798472 ], [ -49.285719724406967, -25.422273099455268 ], [ -49.285718152372546, -25.422274490925794 ], [ -49.285716580338089, -25.422275882396306 ], [ -49.285715008303605, -25.422277273866801 ], [ -49.285713436269077, -25.42227866533727 ], [ -49.285711864234521, -25.422280056807725 ], [ -49.285710292199923, -25.422281448278156 ], [ -49.285708720165289, -25.422282839748569 ], [ -49.285707148130619, -25.422284231218967 ], [ -49.285705576095914, -25.422285622689344 ], [ -49.285704004061174, -25.422287014159703 ], [ -49.285702432026397, -25.422288405630045 ], [ -49.285700859991579, -25.422289797100362 ], [ -49.285699287956739, -25.422291188570664 ], [ -49.285697715921849, -25.422292580040949 ], [ -49.285696143886923, -25.422293971511213 ], [ -49.28569457185197, -25.422295362981451 ], [ -49.28569299981698, -25.422296754451679 ], [ -49.285691427781948, -25.422298145921886 ], [ -49.28568832359737, -25.422298109702361 ], [ -49.285685219412791, -25.422298073482771 ], [ -49.285682115228219, -25.422298037263118 ], [ -49.285679011043655, -25.422298001043394 ], [ -49.285675906859097, -25.42229796482361 ], [ -49.285672802674547, -25.422297928603761 ], [ -49.285669698490004, -25.422297892383845 ], [ -49.285666594305468, -25.422297856163862 ], [ -49.285663490120932, -25.422297819943811 ], [ -49.285660385936403, -25.4222977837237 ], [ -49.285657281751881, -25.422297747503524 ], [ -49.285654177567366, -25.422297711283278 ], [ -49.285651073382859, -25.422297675062968 ], [ -49.285647969198351, -25.422297638842586 ], [ -49.285644865013857, -25.422297602622148 ], [ -49.285641760829364, -25.422297566401646 ], [ -49.285638656644885, -25.422297530181073 ], [ -49.285635552460398, -25.422297493960428 ], [ -49.285632448275926, -25.422297457739731 ], [ -49.285629344091454, -25.422297421518962 ], [ -49.285626239906996, -25.42229738529813 ], [ -49.285623135722538, -25.42229734907723 ], [ -49.285620031538087, -25.422297312856262 ], [ -49.285616927353651, -25.422297276635234 ], [ -49.285613823169207, -25.422297240414135 ], [ -49.285610718984778, -25.422297204192976 ], [ -49.285607614800348, -25.422297167971749 ], [ -49.285604510615933, -25.422297131750454 ], [ -49.285601406431518, -25.422297095529093 ], [ -49.285598302247109, -25.422297059307674 ], [ -49.285595198062708, -25.42229702308618 ], [ -49.285592093878307, -25.422296986864627 ], [ -49.285590561730046, -25.422295559173961 ], [ -49.285589029581814, -25.422294131483266 ], [ -49.28558749743361, -25.422292703792571 ], [ -49.285585965285456, -25.422291276101859 ], [ -49.285584433137323, -25.422289848411133 ], [ -49.28558290098924, -25.422288420720388 ], [ -49.285581368841186, -25.422286993029637 ], [ -49.285579836693174, -25.422285565338861 ], [ -49.28557830454519, -25.422284137648077 ], [ -49.285576772397249, -25.422282709957276 ], [ -49.285575240249337, -25.422281282266461 ], [ -49.285573708101467, -25.422279854575631 ], [ -49.285572175953632, -25.422278426884791 ], [ -49.285570643805833, -25.422276999193933 ], [ -49.28556911165807, -25.422275571503061 ], [ -49.285567579510342, -25.422274143812178 ], [ -49.28556604736265, -25.422272716121277 ], [ -49.285564515214993, -25.422271288430359 ], [ -49.285562983067379, -25.422269860739434 ], [ -49.285561450919793, -25.422268433048487 ], [ -49.285559918772243, -25.422267005357529 ], [ -49.285558386624736, -25.422265577666565 ], [ -49.285556854477257, -25.422264149975572 ], [ -49.28555532232982, -25.422262722284568 ], [ -49.285553790182419, -25.422261294593557 ], [ -49.285552258035047, -25.422259866902522 ], [ -49.285550725887717, -25.422258439211483 ], [ -49.285549193740422, -25.422257011520422 ], [ -49.285547661593164, -25.422255583829351 ], [ -49.28554612944594, -25.422254156138262 ], [ -49.28554459729876, -25.422252728447162 ], [ -49.285543065151607, -25.422251300756049 ], [ -49.285533772546749, -25.422249782508224 ], [ -49.285524479942161, -25.422248264259835 ], [ -49.285515187337843, -25.422246746010863 ], [ -49.285505894733795, -25.422245227761319 ], [ -49.28549660213001, -25.422243709511196 ], [ -49.285487309526502, -25.422242191260498 ], [ -49.285478016923257, -25.422240673009217 ], [ -49.285468724320282, -25.422239154757374 ], [ -49.285459431717577, -25.422237636504939 ], [ -49.285450139115142, -25.422236118251938 ], [ -49.285440846512969, -25.422234599998365 ], [ -49.285431553911081, -25.422233081744199 ], [ -49.285422261309442, -25.422231563489476 ], [ -49.285412968708087, -25.422230045234166 ], [ -49.285403676106988, -25.422228526978273 ], [ -49.285394383506166, -25.422227008721816 ], [ -49.285385090905613, -25.422225490464786 ], [ -49.285375798305324, -25.422223972207163 ], [ -49.285366505705312, -25.422222453948976 ], [ -49.285357213105563, -25.422220935690216 ], [ -49.285347920506076, -25.42221941743086 ], [ -49.285338627906867, -25.422217899170953 ], [ -49.285329335307928, -25.422216380910463 ], [ -49.285320042709252, -25.422214862649383 ], [ -49.285310750110845, -25.422213344387739 ], [ -49.285301457512709, -25.422211826125523 ], [ -49.285292164914843, -25.42221030786272 ], [ -49.285282872317239, -25.422208789599345 ], [ -49.285273579719913, -25.422207271335399 ], [ -49.28526428712285, -25.422205753070859 ], [ -49.285254994526056, -25.422204234805758 ], [ -49.285245701929533, -25.422202716540081 ], [ -49.285236369437357, -25.422204017433074 ], [ -49.28522703694501, -25.42220531832546 ], [ -49.285217704452513, -25.422206619217249 ], [ -49.28520837195984, -25.422207920108427 ], [ -49.285199039467003, -25.422209220999008 ], [ -49.285189706974009, -25.422210521888985 ], [ -49.285180374480845, -25.422211822778351 ], [ -49.285171041987518, -25.422213123667117 ], [ -49.285161709494027, -25.422214424555285 ], [ -49.285152377000372, -25.422215725442836 ], [ -49.285143044506547, -25.422217026329793 ], [ -49.285133712012566, -25.422218327216154 ], [ -49.285124379518422, -25.422219628101896 ], [ -49.285115047024114, -25.422220928987041 ], [ -49.285105714529635, -25.422222229871586 ], [ -49.285096382035, -25.422223530755517 ], [ -49.285087049540195, -25.42222483163885 ], [ -49.285077717045226, -25.422226132521587 ], [ -49.285068384550101, -25.422227433403709 ], [ -49.285059052054798, -25.422228734285234 ], [ -49.285049719559346, -25.422230035166152 ], [ -49.285040387063724, -25.422231336046465 ], [ -49.285031054567931, -25.422232636926172 ], [ -49.285021722071988, -25.422233937805292 ], [ -49.285012389575868, -25.42223523868379 ], [ -49.285003057079592, -25.422236539561684 ], [ -49.284993724583146, -25.422237840438989 ], [ -49.284984392086535, -25.422239141315682 ], [ -49.284975059589769, -25.422240442191775 ], [ -49.284965727092832, -25.422241743067257 ], [ -49.284956394595731, -25.422243043942142 ], [ -49.284947062098468, -25.422244344816413 ], [ -49.284945490056096, -25.422245736278239 ], [ -49.284943918013674, -25.422247127740039 ], [ -49.284942345971224, -25.422248519201826 ], [ -49.284940773928739, -25.422249910663592 ], [ -49.28493920188621, -25.422251302125332 ], [ -49.284937629843654, -25.422252693587058 ], [ -49.284936057801055, -25.42225408504877 ], [ -49.284934485758427, -25.422255476510458 ], [ -49.284932913715757, -25.422256867972127 ], [ -49.284931341673051, -25.422258259433782 ], [ -49.284929769630317, -25.422259650895416 ], [ -49.28492819758754, -25.422261042357025 ], [ -49.284926625544728, -25.42226243381862 ], [ -49.28492505350188, -25.422263825280201 ], [ -49.284923481458996, -25.422265216741753 ], [ -49.284921909416077, -25.422266608203294 ], [ -49.284920337373123, -25.422267999664808 ], [ -49.284918765330133, -25.422269391126306 ], [ -49.2849171932871, -25.422270782587788 ], [ -49.284915621244039, -25.422272174049251 ], [ -49.284914049200935, -25.422273565510697 ], [ -49.284912477157803, -25.422274956972121 ], [ -49.284910905114629, -25.42227634843352 ], [ -49.284909333071418, -25.422277739894909 ], [ -49.28490776102818, -25.42227913135628 ], [ -49.284906188984891, -25.422280522817626 ], [ -49.284904616941574, -25.422281914278955 ], [ -49.284903044898222, -25.422283305740258 ], [ -49.284901472854834, -25.422284697201555 ], [ -49.284899900811411, -25.422286088662823 ], [ -49.284898328767952, -25.422287480124083 ], [ -49.284896756724457, -25.422288871585312 ], [ -49.284895224584929, -25.422287443887821 ], [ -49.284893692445451, -25.422286016190309 ], [ -49.284892160306008, -25.422284588492783 ], [ -49.284890628166593, -25.422283160795249 ], [ -49.284889096027221, -25.422281733097694 ], [ -49.284887563887878, -25.422280305400129 ], [ -49.284886031748577, -25.422278877702546 ], [ -49.284884499609312, -25.422277450004945 ], [ -49.284882967470075, -25.422276022307337 ], [ -49.284881435330888, -25.422274594609714 ], [ -49.284879903191722, -25.422273166912074 ], [ -49.284878371052606, -25.42227173921442 ], [ -49.284876838913519, -25.422270311516755 ], [ -49.284875306774467, -25.422268883819068 ], [ -49.284873774635457, -25.422267456121372 ], [ -49.284872242496476, -25.422266028423667 ], [ -49.284870710357531, -25.422264600725939 ], [ -49.284869178218628, -25.422263173028199 ], [ -49.284867646079761, -25.422261745330445 ], [ -49.284866113940929, -25.422260317632674 ], [ -49.284864581802125, -25.422258889934891 ], [ -49.284863049663365, -25.422257462237098 ], [ -49.284861517524639, -25.422256034539281 ], [ -49.28485998538595, -25.422254606841456 ], [ -49.284858453247296, -25.422253179143617 ], [ -49.284856921108677, -25.422251751445756 ], [ -49.284855388970094, -25.422250323747889 ], [ -49.284853856831553, -25.422248896050011 ], [ -49.284852324693041, -25.422247468352111 ], [ -49.284850792554572, -25.422246040654201 ], [ -49.284849260416138, -25.42224461295628 ], [ -49.284847728277732, -25.422243185258328 ], [ -49.284846196139362, -25.422241757560379 ], [ -49.284844664001035, -25.422240329862408 ], [ -49.284843131862743, -25.422238902164423 ], [ -49.284841599724487, -25.422237474466424 ], [ -49.284840067586266, -25.422236046768415 ], [ -49.284838535448081, -25.422234619070384 ], [ -49.284837003309939, -25.422233191372339 ], [ -49.284835471171817, -25.42223176367429 ], [ -49.284833939033746, -25.422230335976213 ], [ -49.284832406895703, -25.422228908278129 ], [ -49.284830874757702, -25.422227480580037 ], [ -49.28482934261973, -25.422226052881914 ], [ -49.284827810481801, -25.422224625183794 ], [ -49.2848262783439, -25.422223197485653 ], [ -49.284824746206041, -25.422221769787491 ], [ -49.284823214068219, -25.422220342089322 ], [ -49.284821681930431, -25.422218914391138 ], [ -49.284820149792687, -25.422217486692936 ], [ -49.284818617654963, -25.422216058994721 ], [ -49.28481708551729, -25.422214631296498 ], [ -49.284815553379644, -25.422213203598247 ], [ -49.284814021242035, -25.422211775899992 ], [ -49.284812489104468, -25.422210348201727 ], [ -49.284810956966929, -25.422208920503433 ], [ -49.284809424829426, -25.422207492805132 ], [ -49.284807892691965, -25.42220606510682 ], [ -49.284806360554541, -25.422204637408488 ], [ -49.284804828417144, -25.422203209710144 ], [ -49.28480329627979, -25.422201782011797 ], [ -49.284801764142472, -25.422200354313414 ], [ -49.284800232005189, -25.422198926615028 ], [ -49.284798699867942, -25.422197498916631 ], [ -49.284795595687392, -25.422197462678383 ], [ -49.284792491506849, -25.422197426440075 ], [ -49.284789387326313, -25.422197390201699 ], [ -49.284786283145785, -25.422197353963256 ], [ -49.284783178965256, -25.422197317724748 ], [ -49.284780074784742, -25.422197281486174 ], [ -49.284776970604227, -25.422197245247538 ], [ -49.28477386642372, -25.422197209008829 ], [ -49.28477076224322, -25.422197172770058 ], [ -49.284767658062719, -25.422197136531224 ], [ -49.284764553882233, -25.422197100292326 ], [ -49.284761449701747, -25.422197064053353 ], [ -49.284758345521276, -25.422197027814324 ], [ -49.284755241340797, -25.42219699157523 ], [ -49.284752137160332, -25.422196955336062 ], [ -49.284749032979875, -25.42219691909683 ], [ -49.284745928799424, -25.422196882857541 ], [ -49.284742824618974, -25.422196846618174 ], [ -49.28473972043853, -25.422196810378754 ], [ -49.284736616258101, -25.422196774139266 ], [ -49.284733512077665, -25.422196737899707 ], [ -49.28473040789725, -25.422196701660084 ], [ -49.284727303716821, -25.422196665420394 ], [ -49.284724199536413, -25.422196629180643 ], [ -49.284721095356012, -25.422196592940828 ], [ -49.284717991175604, -25.422196556700939 ], [ -49.284714886995218, -25.422196520460989 ], [ -49.284711782814824, -25.422196484220976 ], [ -49.284708678634445, -25.422196447980898 ], [ -49.284705574454073, -25.42219641174075 ], [ -49.2847024702737, -25.422196375500533 ], [ -49.284699366093335, -25.42219633926026 ], [ -49.284697833957374, -25.422194911560869 ], [ -49.284696301821455, -25.42219348386147 ], [ -49.284694769685565, -25.422192056162046 ], [ -49.28469323754971, -25.422190628462616 ], [ -49.284691705413891, -25.422189200763171 ], [ -49.284690173278115, -25.422187773063701 ], [ -49.284688641142374, -25.422186345364231 ], [ -49.284687109006661, -25.422184917664737 ], [ -49.284685576870991, -25.422183489965235 ], [ -49.28468404473535, -25.422182062265708 ], [ -49.284682512599751, -25.422180634566182 ], [ -49.284680980464188, -25.42217920686663 ], [ -49.28467944832866, -25.422177779167068 ], [ -49.284677916193168, -25.422176351467495 ], [ -49.284676384057711, -25.422174923767891 ], [ -49.28467485192229, -25.422173496068293 ], [ -49.284673319786911, -25.422172068368674 ], [ -49.284671787651568, -25.422170640669034 ], [ -49.284670255516254, -25.422169212969393 ], [ -49.284668723380982, -25.422167785269728 ], [ -49.284667191245738, -25.422166357570042 ], [ -49.28466565911053, -25.422164929870355 ], [ -49.284664126975365, -25.422163502170648 ], [ -49.284662594840235, -25.422162074470926 ], [ -49.28466106270514, -25.422160646771193 ], [ -49.284659530570075, -25.422159219071442 ], [ -49.284657998435058, -25.422157791371674 ], [ -49.284656466300071, -25.422156363671903 ], [ -49.284654934165118, -25.42215493597211 ], [ -49.284653402030209, -25.422153508272295 ], [ -49.284651869895328, -25.422152080572477 ], [ -49.284650337760482, -25.422150652872642 ], [ -49.284647253536143, -25.422149207052126 ], [ -49.284644169311875, -25.42214776123155 ], [ -49.284641085087685, -25.422146315410913 ], [ -49.28463800086358, -25.422144869590213 ], [ -49.28463491663954, -25.422143423769452 ], [ -49.284631832415585, -25.422141977948634 ], [ -49.2846287481917, -25.422140532127745 ], [ -49.284625663967894, -25.422139086306796 ], [ -49.284622579744166, -25.422137640485797 ], [ -49.284619495520516, -25.422136194664731 ], [ -49.284616411296938, -25.4221347488436 ], [ -49.284613327073437, -25.422133303022413 ], [ -49.284610242850015, -25.422131857201151 ], [ -49.28460715862667, -25.422130411379843 ], [ -49.284604074403404, -25.422128965558475 ], [ -49.284600990180209, -25.422127519737039 ], [ -49.284597905957092, -25.422126073915546 ], [ -49.284594821734053, -25.422124628093993 ], [ -49.284591737511093, -25.422123182272365 ], [ -49.28458865328821, -25.422121736450688 ], [ -49.284585569065399, -25.422120290628953 ], [ -49.284582484842666, -25.422118844807144 ], [ -49.284579400620011, -25.422117398985279 ], [ -49.284576316397427, -25.422115953163363 ], [ -49.284573232174928, -25.422114507341373 ], [ -49.2845701479525, -25.42211306151933 ], [ -49.284567063730151, -25.422111615697222 ], [ -49.284563979507887, -25.422110169875051 ], [ -49.284560895285686, -25.422108724052816 ], [ -49.284557811063564, -25.422107278230531 ], [ -49.284554726841527, -25.422105832408171 ], [ -49.284551642619554, -25.422104386585762 ], [ -49.284546986352915, -25.422104332220727 ], [ -49.284542330086289, -25.422104277855546 ], [ -49.284537673819678, -25.422104223490212 ], [ -49.284533017553073, -25.422104169124733 ], [ -49.28452836128649, -25.422104114759104 ], [ -49.284523705019915, -25.42210406039333 ], [ -49.284519048753353, -25.422104006027414 ], [ -49.284514392486805, -25.422103951661342 ], [ -49.284509736220272, -25.422103897295131 ], [ -49.284505079953753, -25.422103842928763 ], [ -49.284500423687248, -25.422103788562261 ], [ -49.284495767420758, -25.422103734195598 ], [ -49.284491111154274, -25.422103679828798 ], [ -49.284486454887812, -25.42210362546184 ], [ -49.284481798621364, -25.422103571094748 ], [ -49.284477142354923, -25.422103516727496 ], [ -49.284472486088497, -25.422103462360102 ], [ -49.284467829822084, -25.422103407992559 ], [ -49.284463173555686, -25.422103353624873 ], [ -49.284458517289302, -25.422103299257031 ], [ -49.284453861022932, -25.422103244889051 ], [ -49.284449204756569, -25.422103190520918 ], [ -49.284444548490228, -25.422103136152639 ], [ -49.284439892223894, -25.422103081784215 ], [ -49.284435235957581, -25.422103027415638 ], [ -49.284430579691275, -25.422102973046922 ], [ -49.284425923424983, -25.42210291867805 ], [ -49.284421267158706, -25.422102864309032 ], [ -49.284416610892443, -25.422102809939872 ], [ -49.284411954626201, -25.422102755570556 ], [ -49.284407298359959, -25.422102701201101 ], [ -49.284402642093731, -25.422102646831497 ], [ -49.28440110996258, -25.422101219129239 ], [ -49.284399577831465, -25.422099791426959 ], [ -49.284398045700385, -25.422098363724672 ], [ -49.284396513569341, -25.422096936022371 ], [ -49.284394981438332, -25.422095508320044 ], [ -49.284393449307359, -25.422094080617718 ], [ -49.284391917176421, -25.422092652915374 ], [ -49.284390385045526, -25.422091225213009 ], [ -49.28438885291466, -25.422089797510637 ], [ -49.284387320783829, -25.422088369808247 ], [ -49.28438578865304, -25.422086942105839 ], [ -49.284384256522287, -25.422085514403424 ], [ -49.28438272439157, -25.422084086700998 ], [ -49.284381192260881, -25.422082658998548 ], [ -49.284379660130234, -25.422081231296087 ], [ -49.284378127999624, -25.422079803593615 ], [ -49.284376595869055, -25.422078375891111 ], [ -49.284375063738509, -25.422076948188607 ], [ -49.284373531608004, -25.422075520486096 ], [ -49.284371999477543, -25.422074092783557 ], [ -49.284370467347109, -25.422072665081011 ], [ -49.284368935216712, -25.422071237378457 ], [ -49.284367403086357, -25.422069809675872 ], [ -49.28436587095603, -25.422068381973286 ], [ -49.284364338825746, -25.422066954270687 ], [ -49.284362806695491, -25.422065526568055 ], [ -49.284361274565285, -25.422064098865423 ], [ -49.2843597424351, -25.422062671162777 ], [ -49.284358210304951, -25.422061243460114 ], [ -49.284356678174852, -25.422059815757443 ], [ -49.284355146044781, -25.422058388054751 ], [ -49.284353613914746, -25.422056960352037 ], [ -49.284347425520473, -25.422055478278057 ], [ -49.284341237126363, -25.422053996203832 ], [ -49.284335048732423, -25.422052514129337 ], [ -49.284328860338654, -25.422051032054593 ], [ -49.284322671945041, -25.422049549979601 ], [ -49.284316483551606, -25.422048067904353 ], [ -49.284310295158328, -25.422046585828852 ], [ -49.284304106765219, -25.422045103753099 ], [ -49.284297918372282, -25.422043621677087 ], [ -49.284291729979508, -25.422042139600833 ], [ -49.284285541586897, -25.422040657524324 ], [ -49.284279353194457, -25.422039175447555 ], [ -49.284273164802187, -25.422037693370537 ], [ -49.284266976410073, -25.422036211293264 ], [ -49.284260788018138, -25.422034729215728 ], [ -49.284254599626365, -25.422033247137961 ], [ -49.284248411234756, -25.422031765059927 ], [ -49.284242222843318, -25.422030282981634 ], [ -49.284236034452043, -25.422028800903099 ], [ -49.284229846060938, -25.422027318824309 ], [ -49.284223657670005, -25.422025836745263 ], [ -49.284217469279227, -25.422024354665961 ], [ -49.28421128088862, -25.422022872586414 ], [ -49.284205092498183, -25.422021390506607 ], [ -49.284198904107903, -25.422019908426552 ], [ -49.284192715717801, -25.422018426346245 ], [ -49.284186527327861, -25.422016944265671 ], [ -49.284180338938086, -25.422015462184863 ], [ -49.28417415054848, -25.422013980103795 ], [ -49.284167962159046, -25.422012498022461 ], [ -49.284161773769775, -25.422011015940893 ], [ -49.284155585380667, -25.422009533859061 ], [ -49.284149357070866, -25.422010870934688 ], [ -49.284143128760945, -25.422012208010042 ], [ -49.284136900450903, -25.422013545085136 ], [ -49.284130672140741, -25.422014882159957 ], [ -49.284124443830457, -25.422016219234489 ], [ -49.284118215520046, -25.422017556308774 ], [ -49.284111987209513, -25.422018893382774 ], [ -49.28410575889886, -25.422020230456496 ], [ -49.284099530588087, -25.42202156752996 ], [ -49.284093302277199, -25.422022904603146 ], [ -49.284087073966177, -25.422024241676056 ], [ -49.284080845655041, -25.422025578748705 ], [ -49.284074617343776, -25.422026915821075 ], [ -49.284068389032392, -25.42202825289317 ], [ -49.284062160720893, -25.422029589965007 ], [ -49.284055932409267, -25.422030927036563 ], [ -49.284049704097519, -25.422032264107845 ], [ -49.284043475785644, -25.422033601178867 ], [ -49.284037247473655, -25.42203493824961 ], [ -49.284031019161546, -25.422036275320075 ], [ -49.284024790849308, -25.422037612390284 ], [ -49.28401856253695, -25.422038949460209 ], [ -49.284012334224471, -25.42204028652986 ], [ -49.284006105911871, -25.422041623599256 ], [ -49.28399987759915, -25.422042960668364 ], [ -49.283993649286309, -25.422044297737205 ], [ -49.28398742097334, -25.422045634805777 ], [ -49.283981192660256, -25.422046971874082 ], [ -49.283974964347045, -25.422048308942102 ], [ -49.283968736033707, -25.422049646009867 ], [ -49.283962507720254, -25.422050983077348 ], [ -49.283956279406681, -25.422052320144562 ], [ -49.28395315526847, -25.422053693467426 ], [ -49.283950031130196, -25.422055066790207 ], [ -49.283946906991851, -25.422056440112922 ], [ -49.283943782853441, -25.422057813435565 ], [ -49.283940658714961, -25.42205918675814 ], [ -49.28393753457641, -25.422060560080645 ], [ -49.283934410437801, -25.422061933403082 ], [ -49.283931286299115, -25.422063306725448 ], [ -49.283928162160372, -25.422064680047736 ], [ -49.283925038021543, -25.422066053369967 ], [ -49.283921913882665, -25.422067426692109 ], [ -49.283918789743709, -25.422068800014191 ], [ -49.283915665604688, -25.422070173336213 ], [ -49.283912541465597, -25.422071546658152 ], [ -49.283909417326441, -25.422072919980021 ], [ -49.283906293187222, -25.422074293301829 ], [ -49.283903169047932, -25.422075666623552 ], [ -49.28390004490857, -25.422077039945211 ], [ -49.283896920769145, -25.422078413266803 ], [ -49.283893796629648, -25.42207978658832 ], [ -49.283890672490088, -25.422081159909766 ], [ -49.283887548350457, -25.422082533231155 ], [ -49.283884424210761, -25.422083906552455 ], [ -49.283881300071002, -25.422085279873691 ], [ -49.283878175931164, -25.422086653194864 ], [ -49.28387505179127, -25.422088026515954 ], [ -49.283871927651298, -25.422089399836977 ], [ -49.283868803511268, -25.422090773157944 ], [ -49.283865679371161, -25.422092146478828 ], [ -49.283862555230989, -25.422093519799642 ], [ -49.283859431090754, -25.422094893120391 ], [ -49.283856306950447, -25.422096266441059 ], [ -49.283853122918202, -25.422101868497528 ], [ -49.283849938885659, -25.422107470553907 ], [ -49.283846754852803, -25.422113072610191 ], [ -49.283843570819641, -25.422118674666386 ], [ -49.283840386786174, -25.422124276722506 ], [ -49.283837202752395, -25.422129878778527 ], [ -49.283834018718323, -25.422135480834463 ], [ -49.283830834683933, -25.422141082890306 ], [ -49.283827650649236, -25.422146684946064 ], [ -49.283824466614242, -25.422152287001737 ], [ -49.283821282578934, -25.422157889057317 ], [ -49.283818098543321, -25.422163491112805 ], [ -49.283814914507403, -25.422169093168208 ], [ -49.283811730471172, -25.422174695223532 ], [ -49.283808546434642, -25.422180297278761 ], [ -49.2838053623978, -25.422185899333893 ], [ -49.283802178360652, -25.422191501388948 ], [ -49.283798994323206, -25.42219710344391 ], [ -49.283795810285447, -25.42220270549878 ], [ -49.283792626247383, -25.422208307553575 ], [ -49.283789442209006, -25.42221390960826 ], [ -49.283786258170331, -25.422219511662874 ], [ -49.28378307413135, -25.422225113717396 ], [ -49.283779890092056, -25.422230715771825 ], [ -49.283776706052464, -25.422236317826165 ], [ -49.283773522012552, -25.422241919880431 ], [ -49.283770337972342, -25.422247521934594 ], [ -49.283767153931819, -25.422253123988668 ], [ -49.283763969890998, -25.42225872604266 ], [ -49.283760785849871, -25.422264328096567 ], [ -49.283757601808432, -25.422269930150367 ], [ -49.283754417766687, -25.422275532204097 ], [ -49.283752785815139, -25.422281152387953 ], [ -49.283751153863406, -25.422286772571766 ], [ -49.283749521911517, -25.422292392755566 ], [ -49.283747889959464, -25.422298012939326 ], [ -49.283746258007241, -25.422303633123054 ], [ -49.283744626054855, -25.422309253306757 ], [ -49.283742994102298, -25.422314873490432 ], [ -49.283741362149577, -25.422320493674068 ], [ -49.283739730196686, -25.422326113857689 ], [ -49.283738098243631, -25.422331734041258 ], [ -49.283736466290406, -25.422337354224808 ], [ -49.283734834337018, -25.422342974408341 ], [ -49.283733202383459, -25.422348594591824 ], [ -49.283731570429737, -25.422354214775282 ], [ -49.283729938475844, -25.422359834958716 ], [ -49.283728306521787, -25.422365455142113 ], [ -49.283726674567568, -25.42237107532549 ], [ -49.283725042613177, -25.422376695508831 ], [ -49.283723410658617, -25.42238231569214 ], [ -49.283721778703892, -25.422387935875413 ], [ -49.283720146749005, -25.422393556058669 ], [ -49.283718514793946, -25.422399176241889 ], [ -49.283716882838718, -25.422404796425074 ], [ -49.283715250883333, -25.422410416608241 ], [ -49.283713618927777, -25.422416036791365 ], [ -49.283711986972051, -25.422421656974468 ], [ -49.283710355016154, -25.422427277157539 ], [ -49.283708723060101, -25.422432897340574 ], [ -49.283707091103871, -25.422438517523577 ], [ -49.283705459147484, -25.422444137706567 ], [ -49.283703827190926, -25.422449757889513 ], [ -49.283702195234206, -25.422455378072424 ], [ -49.283700603209418, -25.422458179098431 ], [ -49.283699011184559, -25.422460980124423 ], [ -49.283697419159616, -25.422463781150395 ], [ -49.283695827134608, -25.422466582176337 ], [ -49.283694235109508, -25.422469383202262 ], [ -49.28369264308435, -25.42247218422817 ], [ -49.283691051059101, -25.422474985254045 ], [ -49.283689459033781, -25.422477786279899 ], [ -49.283687867008382, -25.422480587305742 ], [ -49.283686274982905, -25.422483388331546 ], [ -49.283684682957357, -25.422486189357343 ], [ -49.283683090931731, -25.422488990383108 ], [ -49.283681498906027, -25.422491791408856 ], [ -49.283679906880245, -25.422494592434582 ], [ -49.283678314854392, -25.422497393460286 ], [ -49.283676722828446, -25.422500194485959 ], [ -49.283675130802436, -25.422502995511621 ], [ -49.283673538776355, -25.422505796537262 ], [ -49.283671946750189, -25.422508597562871 ], [ -49.283670354723945, -25.422511398588469 ], [ -49.28366876269763, -25.422514199614035 ], [ -49.283667170671237, -25.422517000639584 ], [ -49.283665578644765, -25.422519801665107 ], [ -49.283663986618222, -25.422522602690613 ], [ -49.283662394591595, -25.422525403716097 ], [ -49.283660802564896, -25.422528204741553 ], [ -49.283659210538119, -25.422531005766992 ], [ -49.283657618511263, -25.422533806792405 ], [ -49.28365602648433, -25.422536607817797 ], [ -49.283654434457326, -25.422539408843168 ], [ -49.283652842430243, -25.422542209868514 ], [ -49.283651250403082, -25.422545010893845 ], [ -49.283649658375843, -25.422547811919152 ], [ -49.283648066348533, -25.422550612944434 ], [ -49.283646474321138, -25.422553413969691 ], [ -49.283644882293672, -25.422556214994938 ], [ -49.283643290266134, -25.422559016020145 ], [ -49.283641698238512, -25.422561817045342 ], [ -49.283640106210818, -25.422564618070517 ], [ -49.283638514183039, -25.422567419095667 ], [ -49.283636922155189, -25.422570220120793 ], [ -49.283635330127268, -25.422573021145904 ], [ -49.283633738099262, -25.422575822170977 ], [ -49.283632146071184, -25.422578623196046 ], [ -49.283630554043022, -25.422581424221082 ], [ -49.283628962014795, -25.422584225246101 ], [ -49.283627369986483, -25.422587026271096 ], [ -49.2836257779581, -25.422589827296076 ], [ -49.283624185929632, -25.422592628321016 ], [ -49.283622593901093, -25.422595429345947 ], [ -49.283621001872483, -25.422598230370856 ], [ -49.283619409843787, -25.422601031395736 ], [ -49.283617817815013, -25.422603832420602 ], [ -49.283616225786169, -25.422606633445447 ], [ -49.283614633757246, -25.42260943447026 ], [ -49.283613041728245, -25.422612235495059 ], [ -49.283611449699173, -25.422615036519833 ], [ -49.283609857670022, -25.422617837544582 ], [ -49.283608265640794, -25.422620638569317 ], [ -49.283606673611487, -25.422623439594023 ], [ -49.283605081582095, -25.422626240618705 ], [ -49.28360348955264, -25.422629041643376 ], [ -49.283601897523106, -25.422631842668014 ], [ -49.283600305493501, -25.422634643692632 ], [ -49.283598733431198, -25.422636035138897 ], [ -49.283597161368874, -25.422637426585144 ], [ -49.283595589306508, -25.422638818031377 ], [ -49.283594017244113, -25.422640209477585 ], [ -49.283592445181675, -25.422641600923775 ], [ -49.283590873119202, -25.422642992369955 ], [ -49.283589301056693, -25.422644383816106 ], [ -49.283587728994149, -25.422645775262243 ], [ -49.283586156931563, -25.422647166708362 ], [ -49.283584584868947, -25.422648558154464 ], [ -49.283583012806297, -25.422649949600533 ], [ -49.28358144074361, -25.422651341046599 ], [ -49.283579868680889, -25.42265273249264 ], [ -49.283578296618124, -25.422654123938663 ], [ -49.283576724555324, -25.422655515384672 ], [ -49.283575152492489, -25.42265690683065 ], [ -49.283573580429618, -25.422658298276612 ], [ -49.283572008366718, -25.422659689722561 ], [ -49.283570436303776, -25.422661081168489 ], [ -49.283568864240799, -25.422662472614391 ], [ -49.283567292177786, -25.422663864060286 ], [ -49.283565720114737, -25.42266525550615 ], [ -49.283564148051646, -25.42266664695201 ], [ -49.283562575988533, -25.422668038397841 ], [ -49.283561003925378, -25.422669429843655 ], [ -49.28355943186218, -25.422670821289444 ], [ -49.283557859798947, -25.422672212735225 ], [ -49.283556287735685, -25.422673604180982 ], [ -49.283554715672381, -25.422674995626718 ], [ -49.283553143609048, -25.422676387072439 ], [ -49.283551571545672, -25.422677778518139 ], [ -49.283549999482261, -25.422679169963807 ], [ -49.283546875323367, -25.42268054327684 ], [ -49.283543751164416, -25.422681916589791 ], [ -49.283540627005394, -25.422683289902672 ], [ -49.283537502846301, -25.422684663215488 ], [ -49.283534378687136, -25.42268603652823 ], [ -49.283531254527915, -25.422687409840893 ], [ -49.283528130368623, -25.4226887831535 ], [ -49.28352500620926, -25.422690156466029 ], [ -49.283521882049833, -25.422691529778483 ], [ -49.283518757890327, -25.42269290309088 ], [ -49.283515633730765, -25.422694276403199 ], [ -49.283512509571132, -25.42269564971544 ], [ -49.283509385411435, -25.422697023027624 ], [ -49.283506261251667, -25.422698396339733 ], [ -49.283503137091834, -25.422699769651768 ], [ -49.283500012931931, -25.422701142963739 ], [ -49.283496888771957, -25.422702516275635 ], [ -49.283493764611919, -25.422703889587453 ], [ -49.283490640451809, -25.422705262899218 ], [ -49.283487516291643, -25.422706636210904 ], [ -49.283484392131399, -25.422708009522513 ], [ -49.283481267971091, -25.422709382834064 ], [ -49.283478143810711, -25.422710756145534 ], [ -49.283475019650268, -25.422712129456933 ], [ -49.283471895489754, -25.422713502768271 ], [ -49.283468771329176, -25.422714876079532 ], [ -49.283465647168526, -25.422716249390721 ], [ -49.28346252300782, -25.422717622701853 ], [ -49.283459398847036, -25.422718996012904 ], [ -49.283456274686181, -25.42272036932388 ], [ -49.283453150525261, -25.422721742634796 ], [ -49.283450026364278, -25.422723115945637 ], [ -49.283446902203231, -25.422724489256399 ], [ -49.283443778042113, -25.422725862567109 ], [ -49.283440653880916, -25.422727235877733 ], [ -49.283437529719663, -25.422728609188287 ], [ -49.283434405558339, -25.422729982498783 ], [ -49.28343128139695, -25.422731355809198 ], [ -49.283428157235484, -25.422732729119545 ], [ -49.283425033073961, -25.422734102429828 ], [ -49.283421908912366, -25.422735475740033 ], [ -49.283418784750701, -25.422736849050171 ], [ -49.283415660588972, -25.422738222360241 ], [ -49.283412536427178, -25.422739595670233 ], [ -49.283409412265314, -25.422740968980161 ], [ -49.283406288103386, -25.422742342290018 ], [ -49.283403163941379, -25.4227437155998 ], [ -49.283400039779316, -25.422745088909508 ], [ -49.283396915617182, -25.422746462219159 ], [ -49.283393791454976, -25.422747835528735 ], [ -49.283390667292707, -25.42274920883823 ], [ -49.283387543130367, -25.422750582147668 ], [ -49.283384418967962, -25.422751955457031 ], [ -49.283381294805487, -25.422753328766316 ], [ -49.283378170642948, -25.422754702075551 ], [ -49.283375046480337, -25.422756075384701 ], [ -49.283371922317663, -25.422757448693776 ], [ -49.283368798154918, -25.422758822002795 ], [ -49.283365673992101, -25.422760195311731 ], [ -49.283362549829221, -25.422761568620594 ], [ -49.283359425666276, -25.422762941929399 ], [ -49.283356301503268, -25.422764315238126 ], [ -49.283353177340182, -25.422765688546779 ], [ -49.283350053177031, -25.422767061855378 ], [ -49.283348481110217, -25.422768453298712 ], [ -49.283346909043367, -25.422769844742014 ], [ -49.283345336976481, -25.422771236185302 ], [ -49.283343764909567, -25.422772627628575 ], [ -49.283342192842603, -25.422774019071824 ], [ -49.283340620775611, -25.422775410515055 ], [ -49.283339048708584, -25.422776801958268 ], [ -49.28333747664152, -25.422778193401466 ], [ -49.283335904574415, -25.422779584844641 ], [ -49.283334332507273, -25.422780976287797 ], [ -49.283332760440103, -25.422782367730939 ], [ -49.283331188372898, -25.422783759174049 ], [ -49.28332961630565, -25.422785150617152 ], [ -49.283328044238367, -25.422786542060237 ], [ -49.283326472171048, -25.42278793350329 ], [ -49.283324900103693, -25.42278932494634 ], [ -49.28332332803631, -25.422790716389354 ], [ -49.283321755968885, -25.422792107832361 ], [ -49.283320183901417, -25.42279349927535 ], [ -49.28331861183392, -25.422794890718322 ], [ -49.283317039766388, -25.422796282161265 ], [ -49.283315467698813, -25.422797673604201 ], [ -49.283313895631203, -25.422799065047105 ], [ -49.283312323563564, -25.422800456489995 ], [ -49.283310751495883, -25.42280184793287 ], [ -49.283309179428166, -25.422803239375718 ], [ -49.28330760736042, -25.422804630818554 ], [ -49.283306035292632, -25.422806022261369 ], [ -49.283304463224809, -25.42280741370417 ], [ -49.283302891156957, -25.422808805146946 ], [ -49.283301319089063, -25.422810196589701 ], [ -49.283299747021125, -25.422811588032438 ], [ -49.283298214895261, -25.422810160319017 ], [ -49.283296682769425, -25.422808732605578 ], [ -49.283295150643632, -25.422807304892128 ], [ -49.283293618517867, -25.422805877178654 ], [ -49.283292086392144, -25.422804449465168 ], [ -49.283290554266458, -25.422803021751673 ], [ -49.283289022140799, -25.422801594038162 ], [ -49.283287490015184, -25.422800166324638 ], [ -49.283285957889603, -25.4227987386111 ], [ -49.283284425764059, -25.422797310897543 ], [ -49.283282893638557, -25.422795883183973 ], [ -49.283281361513083, -25.422794455470388 ], [ -49.283279829387645, -25.422793027756796 ], [ -49.28327829726225, -25.422791600043176 ], [ -49.283276765136883, -25.422790172329549 ], [ -49.283275233011551, -25.422788744615911 ], [ -49.283273700886262, -25.422787316902252 ], [ -49.283272168761009, -25.422785889188589 ], [ -49.283270636635791, -25.422784461474905 ], [ -49.283269104510602, -25.422783033761203 ], [ -49.283267572385455, -25.42278160604749 ], [ -49.283266040260344, -25.422780178333763 ], [ -49.283264508135268, -25.422778750620022 ], [ -49.283262976010228, -25.422777322906267 ], [ -49.28326144388523, -25.422775895192498 ], [ -49.283259911760261, -25.422774467478707 ], [ -49.283258379635328, -25.422773039764913 ], [ -49.283256847510437, -25.4227716120511 ], [ -49.283255315385574, -25.422770184337271 ], [ -49.283253783260747, -25.42276875662343 ], [ -49.283252251135963, -25.422767328909579 ], [ -49.283250719011214, -25.422765901195703 ], [ -49.28323987430889, -25.422764364666431 ], [ -49.283229029606879, -25.422762828136385 ], [ -49.283218184905202, -25.422761291605557 ], [ -49.283207340203845, -25.422759755073933 ], [ -49.283196495502814, -25.422758218541524 ], [ -49.28318565080211, -25.42275668200833 ], [ -49.283174806101734, -25.422755145474348 ], [ -49.283163961401669, -25.42275360893958 ], [ -49.283153116701939, -25.422752072404023 ], [ -49.283142272002529, -25.422750535867674 ], [ -49.283131427303445, -25.422748999330551 ], [ -49.283120582604681, -25.422747462792636 ], [ -49.283109737906244, -25.422745926253924 ], [ -49.283098893208134, -25.422744389714445 ], [ -49.283088048510351, -25.422742853174167 ], [ -49.283077203812887, -25.422741316633097 ], [ -49.28306635911575, -25.422739780091256 ], [ -49.28305551441894, -25.422738243548611 ], [ -49.28304466972245, -25.422736707005186 ], [ -49.28303382502628, -25.422735170460982 ], [ -49.283022980330436, -25.422733633915982 ], [ -49.283012135634927, -25.422732097370194 ], [ -49.283001290939737, -25.422730560823624 ], [ -49.282990446244867, -25.422729024276272 ], [ -49.282979601550323, -25.422727487728114 ], [ -49.282968756856107, -25.422725951179189 ], [ -49.28295791216221, -25.422724414629467 ], [ -49.282947067468641, -25.422722878078961 ], [ -49.282936222775398, -25.422721341527669 ], [ -49.282925378082481, -25.422719804975593 ], [ -49.282914533389878, -25.42271826842272 ], [ -49.282903688697608, -25.422716731869066 ], [ -49.282892784078619, -25.422719424048008 ], [ -49.282881879459204, -25.422722116226101 ], [ -49.282870974839341, -25.422724808403363 ], [ -49.282860070219044, -25.422727500579793 ], [ -49.282849165598307, -25.422730192755374 ], [ -49.282838260977137, -25.422732884930131 ], [ -49.282827356355526, -25.422735577104049 ], [ -49.282816451733481, -25.422738269277119 ], [ -49.282805547110996, -25.422740961449374 ], [ -49.282794642488071, -25.422743653620785 ], [ -49.282783737864712, -25.422746345791349 ], [ -49.282772833240912, -25.422749037961097 ], [ -49.282761928616679, -25.422751730130003 ], [ -49.282751023992006, -25.422754422298059 ], [ -49.282740119366892, -25.422757114465295 ], [ -49.282729214741344, -25.422759806631689 ], [ -49.282718310115364, -25.422762498797244 ], [ -49.282707405488942, -25.422765190961968 ], [ -49.28269650086208, -25.422767883125857 ], [ -49.282685596234785, -25.422770575288901 ], [ -49.282674691607042, -25.422773267451124 ], [ -49.282663786978873, -25.422775959612505 ], [ -49.282652882350263, -25.42277865177304 ], [ -49.282641977721212, -25.422781343932751 ], [ -49.282631073091729, -25.422784036091628 ], [ -49.282620168461804, -25.422786728249658 ], [ -49.282609263831446, -25.422789420406865 ], [ -49.282598359200648, -25.422792112563233 ], [ -49.282587454569409, -25.422794804718755 ], [ -49.282576549937737, -25.422797496873446 ], [ -49.282565645305624, -25.422800189027313 ], [ -49.282554740673085, -25.422802881180331 ], [ -49.282553148617467, -25.422805682192156 ], [ -49.282551556561778, -25.422808483203966 ], [ -49.282549964506011, -25.422811284215751 ], [ -49.282548372450165, -25.422814085227511 ], [ -49.282546780394249, -25.422816886239257 ], [ -49.282545188338254, -25.422819687250975 ], [ -49.282543596282181, -25.422822488262678 ], [ -49.28254200422603, -25.422825289274353 ], [ -49.282540412169801, -25.422828090285996 ], [ -49.282538820113501, -25.422830891297636 ], [ -49.282537228057123, -25.422833692309251 ], [ -49.282535636000674, -25.42283649332083 ], [ -49.282534043944132, -25.422839294332395 ], [ -49.282532451887526, -25.422842095343938 ], [ -49.282530859830842, -25.422844896355457 ], [ -49.28252926777408, -25.422847697366958 ], [ -49.282527675717247, -25.422850498378441 ], [ -49.282526083660329, -25.422853299389889 ], [ -49.28252449160334, -25.422856100401322 ], [ -49.282522899546265, -25.422858901412727 ], [ -49.28252130748912, -25.422861702424111 ], [ -49.282519715431903, -25.422864503435484 ], [ -49.282518123374601, -25.422867304446829 ], [ -49.282516531317228, -25.422870105458149 ], [ -49.282514939259777, -25.422872906469447 ], [ -49.282513347202247, -25.422875707480728 ], [ -49.28251175514464, -25.422878508491983 ], [ -49.282510163086954, -25.422881309503211 ], [ -49.282508571029197, -25.422884110514431 ], [ -49.282506978971362, -25.422886911525612 ], [ -49.282505386913456, -25.422889712536779 ], [ -49.282503794855465, -25.422892513547932 ], [ -49.282502222777779, -25.422893904981581 ], [ -49.282500650700065, -25.422895296415216 ], [ -49.282499078622308, -25.422896687848837 ], [ -49.282497506544516, -25.42289807928244 ], [ -49.282495934466688, -25.422899470716015 ], [ -49.282494362388825, -25.422900862149575 ], [ -49.282492790310926, -25.422902253583118 ], [ -49.282491218232984, -25.422903645016639 ], [ -49.282489646155014, -25.422905036450146 ], [ -49.282488074077008, -25.422906427883628 ], [ -49.282486501998967, -25.422907819317096 ], [ -49.282484929920876, -25.422909210750547 ], [ -49.282483357842764, -25.422910602183972 ], [ -49.28248178576461, -25.42291199361738 ], [ -49.282480213686426, -25.422913385050773 ], [ -49.282478641608193, -25.422914776484141 ], [ -49.282477069529939, -25.422916167917496 ], [ -49.282475497451642, -25.422917559350829 ], [ -49.28247392537331, -25.42291895078414 ], [ -49.282472353294935, -25.422920342217434 ], [ -49.282470781216531, -25.422921733650718 ], [ -49.282469209138092, -25.422923125083965 ], [ -49.282467637059611, -25.422924516517206 ], [ -49.282466064981101, -25.422925907950432 ], [ -49.282464492902548, -25.422927299383627 ], [ -49.282462920823967, -25.422928690816811 ], [ -49.282461348745343, -25.422930082249973 ], [ -49.282459776666684, -25.422931473683114 ], [ -49.282458204587989, -25.422932865116241 ], [ -49.282456632509259, -25.42293425654935 ], [ -49.282455060430493, -25.422935647982431 ], [ -49.282453488351699, -25.422937039415501 ], [ -49.282451916272855, -25.422938430848554 ], [ -49.282450344193983, -25.422939822281577 ], [ -49.282448772115075, -25.422941213714591 ], [ -49.282447200036131, -25.422942605147586 ], [ -49.282445627957145, -25.422943996580557 ], [ -49.282444055878123, -25.422945388013506 ], [ -49.282442483799073, -25.422946779446452 ], [ -49.282440911719981, -25.422948170879366 ], [ -49.282439339640852, -25.422949562312255 ], [ -49.282437767561689, -25.422950953745133 ], [ -49.282436195482489, -25.422952345177993 ], [ -49.282434623403255, -25.422953736610832 ], [ -49.282433051323984, -25.422955128043661 ], [ -49.282431479244678, -25.422956519476461 ], [ -49.282429907165337, -25.422957910909243 ], [ -49.282428335085953, -25.422959302342008 ], [ -49.282426763006541, -25.422960693774751 ], [ -49.282425190927093, -25.422962085207473 ], [ -49.282423618847609, -25.422963476640195 ], [ -49.282422046768083, -25.422964868072874 ], [ -49.282420474688521, -25.422966259505539 ], [ -49.282418902608924, -25.422967650938201 ], [ -49.282417330529292, -25.422969042370827 ], [ -49.282415758449623, -25.422970433803439 ], [ -49.282414186369927, -25.422971825236036 ], [ -49.28241261429018, -25.422973216668613 ], [ -49.282411042210406, -25.42297460810116 ], [ -49.282409470130595, -25.422975999533708 ], [ -49.282407898050749, -25.422977390966221 ], [ -49.282406325970861, -25.422978782398715 ], [ -49.282404753890944, -25.422980173831203 ], [ -49.282403181810984, -25.422981565263658 ], [ -49.282401609730996, -25.422982956696096 ], [ -49.282400037650966, -25.422984348128534 ], [ -49.2823984655709, -25.422985739560929 ], [ -49.282396893490798, -25.422987130993313 ], [ -49.282395321410668, -25.422988522425683 ], [ -49.282393749330495, -25.422989913858032 ], [ -49.28239217725028, -25.422991305290356 ], [ -49.282390605170043, -25.42299269672267 ], [ -49.282389033089757, -25.422994088154962 ], [ -49.282387461009442, -25.422995479587222 ], [ -49.282385888929085, -25.422996871019482 ], [ -49.282384316848699, -25.422998262451717 ], [ -49.282382744768277, -25.422999653883927 ], [ -49.282381172687813, -25.423001045316127 ], [ -49.282379600607314, -25.423002436748305 ], [ -49.282378028526779, -25.423003828180455 ], [ -49.282376456446208, -25.423005219612602 ], [ -49.282374884365609, -25.42300661104472 ], [ -49.28237331228496, -25.423008002476816 ], [ -49.28237174020429, -25.423009393908902 ], [ -49.282370168123578, -25.423010785340963 ], [ -49.282368596042822, -25.423012176773007 ], [ -49.282367023962038, -25.423013568205036 ], [ -49.282365451881219, -25.423014959637047 ], [ -49.282363879800357, -25.423016351069023 ], [ -49.28236230771946, -25.423017742501003 ], [ -49.282360735638534, -25.423019133932947 ], [ -49.282359163557565, -25.42302052536488 ], [ -49.282357591476568, -25.423021916796792 ], [ -49.282356019395529, -25.423023308228682 ], [ -49.282354447314454, -25.423024699660548 ], [ -49.282352875233343, -25.423026091092407 ], [ -49.282351303152197, -25.423027482524247 ], [ -49.282349731071015, -25.423028873956056 ], [ -49.282348158989791, -25.423030265387862 ], [ -49.282346586908538, -25.423031656819639 ], [ -49.28234501482725, -25.423033048251391 ], [ -49.282343442745926, -25.423034439683136 ], [ -49.28234187066456, -25.423035831114859 ], [ -49.282340298583165, -25.423037222546554 ], [ -49.282338726501727, -25.42303861397825 ], [ -49.282337154420254, -25.423040005409909 ], [ -49.282335582338746, -25.423041396841551 ], [ -49.282334010257209, -25.423042788273182 ], [ -49.282332438175629, -25.423044179704789 ], [ -49.282330866094014, -25.423045571136374 ], [ -49.282329294012357, -25.423046962567952 ], [ -49.28232772193067, -25.423048353999501 ], [ -49.282326149848949, -25.42304974543103 ], [ -49.282324577767191, -25.423051136862554 ], [ -49.282323005685392, -25.42305252829404 ], [ -49.282321433603563, -25.423053919725515 ], [ -49.282319861521692, -25.423055311156979 ], [ -49.282318289439786, -25.423056702588408 ], [ -49.282316717357851, -25.423058094019826 ], [ -49.282315145275874, -25.42305948545123 ], [ -49.282313573193861, -25.423060876882605 ], [ -49.282312001111812, -25.423062268313963 ], [ -49.282310429029728, -25.423063659745317 ], [ -49.282308856947608, -25.423065051176632 ], [ -49.282307284865453, -25.423066442607933 ], [ -49.282305712783256, -25.42306783403923 ], [ -49.282304140701029, -25.423069225470492 ], [ -49.282302568618768, -25.423070616901736 ], [ -49.28230099653647, -25.423072008332962 ], [ -49.282299424454123, -25.423073399764171 ], [ -49.282297852371755, -25.423074791195369 ], [ -49.282296280289344, -25.423076182626541 ], [ -49.282294708206905, -25.423077574057686 ], [ -49.282293136124423, -25.423078965488823 ], [ -49.282291564041905, -25.42308035691994 ], [ -49.282289991959352, -25.423081748351027 ], [ -49.282288419876764, -25.423083139782118 ], [ -49.282286847794133, -25.423084531213174 ], [ -49.282285275711473, -25.423085922644209 ], [ -49.282283703628778, -25.423087314075236 ], [ -49.28228213154604, -25.423088705506231 ], [ -49.282280559463274, -25.423090096937209 ], [ -49.282278987380465, -25.423091488368179 ], [ -49.282277415297621, -25.423092879799121 ], [ -49.282275843214748, -25.423094271230045 ], [ -49.282274271131833, -25.423095662660955 ], [ -49.282272699048889, -25.423097054091848 ], [ -49.282271126965895, -25.423098445522708 ], [ -49.282269554882873, -25.423099836953565 ], [ -49.282267982799816, -25.423101228384393 ], [ -49.282266410716723, -25.423102619815197 ], [ -49.282264838633594, -25.423104011246 ], [ -49.282263266550423, -25.423105402676768 ], [ -49.282261694467223, -25.423106794107522 ], [ -49.282260122383981, -25.423108185538261 ], [ -49.28225855030071, -25.423109576968976 ], [ -49.282256978217397, -25.423110968399673 ], [ -49.282255406134055, -25.423112359830359 ], [ -49.282253834050671, -25.42311375126102 ], [ -49.282252261967251, -25.423115142691657 ], [ -49.282250689883796, -25.423116534122279 ], [ -49.282249117800305, -25.42311792555288 ], [ -49.282247545716778, -25.42311931698347 ], [ -49.282245973633216, -25.423120708414032 ], [ -49.282244401549612, -25.423122099844576 ], [ -49.282242829465979, -25.423123491275103 ], [ -49.28224125738231, -25.423124882705615 ], [ -49.282239685298599, -25.423126274136102 ], [ -49.282238113214859, -25.423127665566572 ], [ -49.282236541131084, -25.423129056997027 ], [ -49.282234969047266, -25.423130448427454 ], [ -49.282233396963406, -25.423131839857867 ], [ -49.282231824879524, -25.423133231288272 ], [ -49.2822302527956, -25.423134622718642 ], [ -49.28222868071164, -25.423136014148994 ], [ -49.282227108627644, -25.423137405579343 ], [ -49.282225536543606, -25.423138797009656 ], [ -49.282223964459547, -25.423140188439952 ], [ -49.282222392375438, -25.42314157987024 ], [ -49.2822208202913, -25.423142971300496 ], [ -49.282219248207127, -25.423144362730735 ], [ -49.282217676122904, -25.42314575416097 ], [ -49.28221610403866, -25.423147145591173 ], [ -49.282214531954374, -25.423148537021358 ], [ -49.282212959870058, -25.423149928451522 ], [ -49.282211387785701, -25.423151319881672 ], [ -49.282209815701307, -25.423152711311801 ], [ -49.282208243616878, -25.423154102741915 ], [ -49.282206671532414, -25.423155494171997 ], [ -49.282205099447914, -25.423156885602072 ], [ -49.282203527363372, -25.423158277032133 ], [ -49.282201955278808, -25.423159668462166 ], [ -49.282198851077844, -25.423159632167796 ], [ -49.282195746876894, -25.423159595873358 ], [ -49.282192642675952, -25.423159559578853 ], [ -49.282189538475009, -25.423159523284287 ], [ -49.282186434274074, -25.423159486989654 ], [ -49.282183330073153, -25.423159450694957 ], [ -49.282180225872231, -25.423159414400196 ], [ -49.28217712167131, -25.423159378105364 ], [ -49.28217401747041, -25.423159341810468 ], [ -49.282170913269503, -25.423159305515508 ], [ -49.282167809068611, -25.423159269220484 ], [ -49.282164704867718, -25.423159232925386 ], [ -49.282161600666832, -25.423159196630237 ], [ -49.282158496465954, -25.423159160335011 ], [ -49.282155392265075, -25.423159124039724 ], [ -49.282152288064211, -25.42315908774437 ], [ -49.282149183863346, -25.423159051448955 ], [ -49.282146079662496, -25.423159015153466 ], [ -49.282142975461646, -25.423158978857916 ], [ -49.282139871260803, -25.423158942562303 ], [ -49.282136767059967, -25.423158906266622 ], [ -49.282133662859131, -25.423158869970877 ], [ -49.282130558658309, -25.423158833675064 ], [ -49.282127454457495, -25.423158797379187 ], [ -49.28212435025668, -25.42315876108324 ], [ -49.282121246055873, -25.423158724787232 ], [ -49.282118141855072, -25.42315868849116 ], [ -49.282115037654272, -25.423158652195021 ], [ -49.282111933453493, -25.423158615898814 ], [ -49.282108829252707, -25.423158579602546 ], [ -49.282105725051927, -25.423158543306204 ], [ -49.282102620851155, -25.423158507009813 ], [ -49.282099516650391, -25.423158470713339 ], [ -49.282096412449633, -25.423158434416809 ], [ -49.282093308248882, -25.423158398120208 ], [ -49.282090204048131, -25.423158361823546 ], [ -49.282087099847388, -25.423158325526813 ], [ -49.282083995646659, -25.423158289230017 ], [ -49.282080891445929, -25.42315825293316 ], [ -49.2820777872452, -25.423158216636235 ], [ -49.282074683044485, -25.423158180339243 ], [ -49.282071578843777, -25.423158144042183 ], [ -49.282068474643069, -25.423158107745063 ], [ -49.282065370442368, -25.42315807144788 ], [ -49.282062266241681, -25.423158035150617 ], [ -49.282059162040994, -25.423157998853299 ], [ -49.282056057840308, -25.423157962555923 ], [ -49.282052953639642, -25.423157926258472 ], [ -49.28204984943897, -25.423157889960951 ], [ -49.282046745238304, -25.423157853663366 ], [ -49.282043641037646, -25.423157817365727 ], [ -49.282040536836995, -25.423157781068014 ], [ -49.282037432636351, -25.423157744770236 ], [ -49.282034328435714, -25.423157708472392 ], [ -49.282031224235077, -25.423157672174483 ], [ -49.282028120034447, -25.42315763587651 ], [ -49.282025015833831, -25.423157599578467 ], [ -49.282021911633215, -25.423157563280363 ], [ -49.282018807432607, -25.423157526982195 ], [ -49.282015703232005, -25.423157490683959 ], [ -49.282012599031404, -25.423157454385652 ], [ -49.282009494830817, -25.423157418087289 ], [ -49.282006390630229, -25.423157381788855 ], [ -49.282003286429649, -25.423157345490356 ], [ -49.2820017543158, -25.423155917764042 ], [ -49.282000222201987, -25.423154490037696 ], [ -49.281998690088209, -25.423153062311357 ], [ -49.281997157974466, -25.423151634584993 ], [ -49.281995625860759, -25.423150206858612 ], [ -49.281994093747088, -25.423148779132219 ], [ -49.281992561633452, -25.423147351405824 ], [ -49.281991029519858, -25.423145923679389 ], [ -49.281989497406293, -25.423144495952961 ], [ -49.281987965292771, -25.423143068226512 ], [ -49.281986433179284, -25.423141640500045 ], [ -49.281984901065826, -25.423140212773564 ], [ -49.28198336895241, -25.42313878504708 ], [ -49.28198183683903, -25.423137357320577 ], [ -49.281980304725685, -25.423135929594046 ], [ -49.281978772612376, -25.423134501867519 ], [ -49.281977240499096, -25.42313307414096 ], [ -49.281975708385865, -25.423131646414401 ], [ -49.281974176272662, -25.423130218687824 ], [ -49.281972644159495, -25.423128790961222 ], [ -49.281971112046371, -25.42312736323462 ], [ -49.281969579933275, -25.423125935508004 ], [ -49.281968047820222, -25.42312450778136 ], [ -49.281966515707197, -25.423123080054712 ], [ -49.281964983594214, -25.423121652328057 ], [ -49.281963451481268, -25.423120224601362 ], [ -49.281961919368349, -25.423118796874679 ], [ -49.281960387255474, -25.423117369147974 ], [ -49.281958855142634, -25.423115941421244 ], [ -49.281957323029829, -25.423114513694511 ], [ -49.281955790917067, -25.423113085967763 ], [ -49.281954258804326, -25.423111658240991 ], [ -49.281949622492355, -25.423110194214644 ], [ -49.281944986180491, -25.423108730188158 ], [ -49.281940349868748, -25.423107266161516 ], [ -49.281935713557132, -25.423105802134756 ], [ -49.28193107724563, -25.423104338107841 ], [ -49.281926440934257, -25.423102874080779 ], [ -49.281921804622996, -25.42310141005359 ], [ -49.281917168311857, -25.423099946026266 ], [ -49.281912532000838, -25.423098481998778 ], [ -49.28190789568994, -25.42309701797117 ], [ -49.281903259379156, -25.423095553943412 ], [ -49.281898623068507, -25.423094089915512 ], [ -49.281893986757964, -25.423092625887474 ], [ -49.28188935044755, -25.423091161859297 ], [ -49.281884714137256, -25.423089697830967 ], [ -49.281880077827076, -25.423088233802513 ], [ -49.281875441517016, -25.423086769773914 ], [ -49.281870805207085, -25.423085305745161 ], [ -49.28186616889726, -25.423083841716277 ], [ -49.28186153258757, -25.423082377687255 ], [ -49.281856896277993, -25.423080913658087 ], [ -49.281852259968538, -25.423079449628787 ], [ -49.281847623659196, -25.423077985599342 ], [ -49.281842987349982, -25.423076521569747 ], [ -49.281838351040889, -25.423075057540029 ], [ -49.281833714731917, -25.423073593510157 ], [ -49.281829078423058, -25.423072129480136 ], [ -49.281824442114328, -25.423070665449991 ], [ -49.281819805805718, -25.423069201419704 ], [ -49.281815169497222, -25.423067737389268 ], [ -49.281810533188846, -25.423066273358693 ], [ -49.281805896880591, -25.423064809327979 ], [ -49.281801180617705, -25.423068983604789 ], [ -49.2817964643545, -25.423073157881422 ], [ -49.281791748090967, -25.423077332157881 ], [ -49.281787031827101, -25.423081506434176 ], [ -49.281782315562921, -25.423085680710301 ], [ -49.281777599298415, -25.423089854986245 ], [ -49.281772883033582, -25.423094029262025 ], [ -49.281768166768423, -25.423098203537634 ], [ -49.281763450502943, -25.42310237781308 ], [ -49.281758734237137, -25.423106552088345 ], [ -49.281754017971011, -25.423110726363443 ], [ -49.281749301704551, -25.423114900638371 ], [ -49.281744585437771, -25.423119074913124 ], [ -49.281739869170664, -25.423123249187714 ], [ -49.281735152903238, -25.42312742346213 ], [ -49.281730436635478, -25.423131597736372 ], [ -49.281725720367405, -25.42313577201045 ], [ -49.281721004099005, -25.423139946284355 ], [ -49.281716287830271, -25.423144120558081 ], [ -49.281711571561218, -25.423148294831652 ], [ -49.281706855291844, -25.423152469105037 ], [ -49.281702139022144, -25.42315664337826 ], [ -49.281697422752117, -25.423160817651308 ], [ -49.281692706481763, -25.423164991924192 ], [ -49.28168799021109, -25.423169166196896 ], [ -49.281683273940089, -25.42317334046944 ], [ -49.281678557668762, -25.423177514741806 ], [ -49.281673841397115, -25.423181689013997 ], [ -49.281669125125141, -25.423185863286029 ], [ -49.281664408852848, -25.42319003755788 ], [ -49.28165969258022, -25.423194211829568 ], [ -49.281654976307273, -25.423198386101085 ], [ -49.281653364235162, -25.423202596678443 ], [ -49.281651752162929, -25.423206807255777 ], [ -49.281650140090576, -25.423211017833079 ], [ -49.281648528018103, -25.423215228410363 ], [ -49.281646915945508, -25.423219438987619 ], [ -49.2816453038728, -25.423223649564843 ], [ -49.281643691799964, -25.423227860142049 ], [ -49.281642079727014, -25.423232070719234 ], [ -49.281640467653936, -25.423236281296386 ], [ -49.281638855580745, -25.423240491873507 ], [ -49.281637243507433, -25.423244702450607 ], [ -49.281635631434, -25.423248913027678 ], [ -49.281634019360439, -25.423253123604731 ], [ -49.281632407286764, -25.423257334181759 ], [ -49.281630795212976, -25.423261544758756 ], [ -49.28162918313906, -25.423265755335727 ], [ -49.281627571065023, -25.423269965912667 ], [ -49.281625958990865, -25.423274176489588 ], [ -49.281624346916594, -25.423278387066489 ], [ -49.281622734842202, -25.42328259764335 ], [ -49.281621122767682, -25.423286808220201 ], [ -49.281619510693048, -25.423291018797013 ], [ -49.281617898618293, -25.423295229373799 ], [ -49.281616286543411, -25.423299439950569 ], [ -49.281614674468415, -25.423303650527306 ], [ -49.281613062393298, -25.423307861104028 ], [ -49.28161145031806, -25.423312071680712 ], [ -49.281609838242709, -25.423316282257368 ], [ -49.281608226167222, -25.423320492834005 ], [ -49.281606614091629, -25.423324703410614 ], [ -49.281605002015908, -25.423328913987202 ], [ -49.281603389940074, -25.423333124563758 ], [ -49.281601777864111, -25.423337335140289 ], [ -49.281600165788042, -25.423341545716799 ], [ -49.281598553711838, -25.423345756293276 ], [ -49.281596941635513, -25.423349966869736 ], [ -49.281595329559082, -25.423354177446161 ], [ -49.281593717482522, -25.423358388022567 ], [ -49.281592105405835, -25.423362598598949 ], [ -49.281590493329041, -25.423366809175292 ], [ -49.281588881252119, -25.423371019751624 ], [ -49.281587269175077, -25.42337523032792 ], [ -49.281585657097921, -25.423379440904196 ], [ -49.281584045020644, -25.423383651480446 ], [ -49.281582432943239, -25.423387862056664 ], [ -49.281580820865713, -25.423392072632865 ], [ -49.281579208788074, -25.423396283209033 ], [ -49.281577596710314, -25.423400493785177 ], [ -49.281575984632433, -25.4234047043613 ], [ -49.281574372554431, -25.42340891493739 ], [ -49.281572760476308, -25.423413125513459 ], [ -49.281571148398072, -25.4234173360895 ], [ -49.281569536319708, -25.423421546665516 ], [ -49.281567924241223, -25.423425757241503 ], [ -49.281566312162617, -25.423429967817473 ], [ -49.281564700083898, -25.423434178393411 ], [ -49.281563088005051, -25.423438388969323 ], [ -49.28156147592609, -25.423442599545211 ], [ -49.281559863847008, -25.423446810121078 ], [ -49.281558251767798, -25.423451020696906 ], [ -49.281556639688475, -25.423455231272715 ], [ -49.281555027609031, -25.423459441848497 ], [ -49.281553415529466, -25.423463652424257 ], [ -49.28155180344978, -25.423467862999988 ], [ -49.281548639266028, -25.423472055421424 ], [ -49.281545475082048, -25.423476247842785 ], [ -49.281542310897848, -25.423480440264054 ], [ -49.281539146713428, -25.423484632685248 ], [ -49.28153598252878, -25.423488825106361 ], [ -49.281532818343905, -25.423493017527381 ], [ -49.28152965415881, -25.423497209948334 ], [ -49.281526489973487, -25.423501402369201 ], [ -49.281523325787944, -25.423505594789983 ], [ -49.281520161602174, -25.42350978721068 ], [ -49.281516997416183, -25.423513979631299 ], [ -49.281513833229965, -25.423518172051839 ], [ -49.28151066904352, -25.423522364472294 ], [ -49.281507504856862, -25.423526556892668 ], [ -49.281504340669976, -25.42353074931296 ], [ -49.28150117648287, -25.423534941733173 ], [ -49.281498012295529, -25.423539134153302 ], [ -49.281494848107968, -25.423543326573345 ], [ -49.281491683920187, -25.423547518993313 ], [ -49.281488519732179, -25.423551711413193 ], [ -49.28148535554395, -25.423555903832995 ], [ -49.281482191355494, -25.423560096252718 ], [ -49.28147902716681, -25.423564288672353 ], [ -49.281475862977913, -25.423568481091909 ], [ -49.281472698788782, -25.42357267351138 ], [ -49.281469534599431, -25.423576865930769 ], [ -49.281466370409859, -25.423581058350081 ], [ -49.28146320622006, -25.423585250769314 ], [ -49.281460042030034, -25.423589443188455 ], [ -49.281456877839787, -25.423593635607517 ], [ -49.28145371364932, -25.423597828026502 ], [ -49.281450549458626, -25.423602020445397 ], [ -49.281447405260998, -25.42360480328767 ], [ -49.281444261063214, -25.423607586129858 ], [ -49.281441116865295, -25.423610368971975 ], [ -49.281437972667234, -25.423613151814017 ], [ -49.281434828469024, -25.423615934655984 ], [ -49.281431684270679, -25.423618717497874 ], [ -49.281428540072177, -25.423621500339689 ], [ -49.281425395873541, -25.423624283181429 ], [ -49.281422251674755, -25.423627066023091 ], [ -49.28141910747582, -25.423629848864682 ], [ -49.28141596327675, -25.423632631706187 ], [ -49.281412819077531, -25.423635414547622 ], [ -49.281409674878169, -25.423638197388986 ], [ -49.281406530678666, -25.423640980230267 ], [ -49.281403386479013, -25.423643763071475 ], [ -49.281400242279219, -25.423646545912611 ], [ -49.281397098079275, -25.423649328753662 ], [ -49.281393953879196, -25.423652111594642 ], [ -49.281390809678967, -25.423654894435558 ], [ -49.281387665478597, -25.423657677276378 ], [ -49.281384521278078, -25.42366046011713 ], [ -49.281381377077416, -25.423663242957812 ], [ -49.281378232876612, -25.423666025798404 ], [ -49.281375088675667, -25.423668808638936 ], [ -49.281371944474571, -25.423671591479383 ], [ -49.281368800273327, -25.423674374319752 ], [ -49.281365656071948, -25.423677157160057 ], [ -49.281362511870419, -25.423679940000277 ], [ -49.281359367668749, -25.423682722840418 ], [ -49.281356223466936, -25.423685505680492 ], [ -49.281353079264974, -25.423688288520491 ], [ -49.281349935062877, -25.423691071360405 ], [ -49.281340582434147, -25.423693781573895 ], [ -49.281331229805033, -25.423696491786771 ], [ -49.281321877175536, -25.423699201999021 ], [ -49.281312524545655, -25.42370191221066 ], [ -49.28130317191539, -25.423704622421681 ], [ -49.281293819284741, -25.423707332632073 ], [ -49.281284466653709, -25.423710042841854 ], [ -49.281275114022286, -25.423712753051017 ], [ -49.281265761390472, -25.423715463259558 ], [ -49.281256408758281, -25.423718173467492 ], [ -49.281247056125707, -25.423720883674797 ], [ -49.281237703492749, -25.423723593881483 ], [ -49.281228350859408, -25.423726304087559 ], [ -49.281218998225675, -25.423729014293009 ], [ -49.281209645591566, -25.423731724497838 ], [ -49.28120029295706, -25.423734434702055 ], [ -49.281190940322176, -25.423737144905658 ], [ -49.281181587686902, -25.423739855108629 ], [ -49.281172235051251, -25.423742565310995 ], [ -49.281162882415209, -25.423745275512736 ], [ -49.281153529778791, -25.423747985713856 ], [ -49.281144177141982, -25.423750695914368 ], [ -49.28113482450479, -25.423753406114255 ], [ -49.281125471867213, -25.423756116313516 ], [ -49.281116119229239, -25.423758826512167 ], [ -49.281106766590895, -25.423761536710206 ], [ -49.28109741395216, -25.423764246907613 ], [ -49.281088061313042, -25.423766957104409 ], [ -49.28107870867354, -25.423769667300594 ], [ -49.281069356033655, -25.423772377496142 ], [ -49.281060003393378, -25.423775087691084 ], [ -49.281050650752718, -25.423777797885414 ], [ -49.281041358106179, -25.42377627935047 ], [ -49.281032065459904, -25.423774760814958 ], [ -49.281022772813898, -25.423773242278859 ], [ -49.281013480168163, -25.423771723742188 ], [ -49.28100418752269, -25.423770205204946 ], [ -49.280994894877487, -25.42376868666712 ], [ -49.280985602232555, -25.423767168128723 ], [ -49.280976309587892, -25.42376564958975 ], [ -49.280967016943507, -25.423764131050195 ], [ -49.280957724299377, -25.423762612510071 ], [ -49.280948431655517, -25.423761093969368 ], [ -49.280939139011934, -25.423759575428079 ], [ -49.280929846368622, -25.423758056886225 ], [ -49.280920553725572, -25.423756538343799 ], [ -49.280911261082785, -25.423755019800787 ], [ -49.280901968440276, -25.423753501257202 ], [ -49.280892675798036, -25.423751982713046 ], [ -49.280883383156059, -25.423750464168304 ], [ -49.280874090514359, -25.423748945622993 ], [ -49.280864797872923, -25.423747427077107 ], [ -49.280855505231756, -25.423745908530641 ], [ -49.280846212590866, -25.4237443899836 ], [ -49.280836919950232, -25.42374287143598 ], [ -49.280827627309868, -25.423741352887781 ], [ -49.280818334669782, -25.423739834339017 ], [ -49.280809042029958, -25.423738315789674 ], [ -49.280799749390411, -25.423736797239744 ], [ -49.280790456751127, -25.42373527868925 ], [ -49.280781164112106, -25.423733760138173 ], [ -49.280771871473362, -25.423732241586521 ], [ -49.280762578834889, -25.423730723034289 ], [ -49.280753286196678, -25.423729204481493 ], [ -49.280751754091575, -25.423727776742624 ], [ -49.280750221986509, -25.423726349003747 ], [ -49.280748689881484, -25.42372492126486 ], [ -49.280747157776496, -25.423723493525941 ], [ -49.280745625671535, -25.423722065787022 ], [ -49.280744093566618, -25.423720638048092 ], [ -49.280742561461729, -25.423719210309134 ], [ -49.280741029356882, -25.423717782570169 ], [ -49.280739497252071, -25.423716354831193 ], [ -49.280737965147289, -25.423714927092192 ], [ -49.280736433042549, -25.423713499353184 ], [ -49.280734900937844, -25.423712071614162 ], [ -49.280733368833175, -25.423710643875129 ], [ -49.280731836728549, -25.423709216136075 ], [ -49.280730304623944, -25.423707788397014 ], [ -49.280728772519389, -25.423706360657928 ], [ -49.280727240414862, -25.423704932918834 ], [ -49.280725708310378, -25.423703505179731 ], [ -49.280724176205922, -25.423702077440606 ], [ -49.280722644101509, -25.423700649701463 ], [ -49.280721111997131, -25.423699221962316 ], [ -49.280719579892789, -25.423697794223152 ], [ -49.280718047788483, -25.423696366483966 ], [ -49.280716515684212, -25.423694938744774 ], [ -49.280714983579969, -25.42369351100556 ], [ -49.280713451475769, -25.423692083266332 ], [ -49.280711919371605, -25.4236906555271 ], [ -49.280710387267483, -25.423689227787843 ], [ -49.28070885516339, -25.423687800048576 ], [ -49.280707323059339, -25.423686372309302 ], [ -49.280705790955317, -25.423684944569999 ], [ -49.28070425885133, -25.423683516830692 ], [ -49.280702686743346, -25.423684908243327 ], [ -49.280701114635328, -25.423686299655955 ], [ -49.280699542527273, -25.423687691068558 ], [ -49.280697970419183, -25.423689082481133 ], [ -49.280696398311051, -25.4236904738937 ], [ -49.280694826202883, -25.423691865306239 ], [ -49.280693254094686, -25.423693256718764 ], [ -49.280691681986447, -25.423694648131278 ], [ -49.280690109878172, -25.423696039543763 ], [ -49.280688537769862, -25.423697430956228 ], [ -49.280686965661516, -25.423698822368689 ], [ -49.280685393553142, -25.423700213781114 ], [ -49.280683821444718, -25.423701605193521 ], [ -49.280682249336273, -25.423702996605918 ], [ -49.280680677227778, -25.42370438801829 ], [ -49.280679105119255, -25.423705779430644 ], [ -49.280677533010696, -25.423707170842984 ], [ -49.280675960902094, -25.423708562255296 ], [ -49.280674388793457, -25.423709953667597 ], [ -49.280672816684792, -25.42371134507988 ], [ -49.280671244576084, -25.423712736492138 ], [ -49.28066967246734, -25.423714127904372 ], [ -49.280668100358561, -25.423715519316602 ], [ -49.280666528249753, -25.4237169107288 ], [ -49.280664956140896, -25.423718302140983 ], [ -49.28066338403201, -25.42371969355316 ], [ -49.280661811923096, -25.423721084965294 ], [ -49.280660239814132, -25.423722476377424 ], [ -49.280658667705133, -25.423723867789533 ], [ -49.280657095596112, -25.423725259201618 ], [ -49.280655523487042, -25.423726650613695 ], [ -49.280653951377936, -25.423728042025747 ], [ -49.280652379268801, -25.423729433437774 ], [ -49.280650807159624, -25.423730824849788 ], [ -49.280649235050412, -25.42373221626179 ], [ -49.28064766294117, -25.423733607673757 ], [ -49.28064609083188, -25.423734999085713 ], [ -49.280644518722561, -25.423736390497659 ], [ -49.280642946613206, -25.42373778190958 ], [ -49.280641374503816, -25.423739173321476 ], [ -49.28063980239439, -25.423740564733357 ], [ -49.280638230284922, -25.423741956145218 ], [ -49.280636658175425, -25.42374334755706 ], [ -49.280635086065892, -25.423744738968889 ], [ -49.280633513956317, -25.423746130380689 ], [ -49.280631941846714, -25.423747521792475 ], [ -49.280630369737068, -25.423748913204246 ], [ -49.280628797627386, -25.423750304615989 ], [ -49.280627225517676, -25.423751696027722 ], [ -49.280625653407924, -25.42375308743943 ], [ -49.280624081298136, -25.423754478851123 ], [ -49.280622509188312, -25.423755870262791 ], [ -49.280620937078446, -25.423757261674449 ], [ -49.280619364968551, -25.423758653086079 ], [ -49.280617792858621, -25.423760044497694 ], [ -49.280616220748648, -25.423761435909299 ], [ -49.280614648638647, -25.423762827320875 ], [ -49.280613076528603, -25.42376421873243 ], [ -49.28061150441853, -25.423765610143967 ], [ -49.280609932308415, -25.42376700155549 ], [ -49.280608360198272, -25.423768392966991 ], [ -49.280606788088086, -25.423769784378475 ], [ -49.280605215977864, -25.423771175789938 ], [ -49.280603643867607, -25.423772567201382 ], [ -49.280602051754038, -25.423775368188686 ], [ -49.280600459640397, -25.423778169175982 ], [ -49.280598867526685, -25.423780970163261 ], [ -49.280597275412887, -25.4237837711505 ], [ -49.280595683299019, -25.423786572137733 ], [ -49.280594091185073, -25.42378937312494 ], [ -49.280592499071048, -25.423792174112119 ], [ -49.280590906956945, -25.42379497509928 ], [ -49.280589314842764, -25.423797776086428 ], [ -49.280587722728512, -25.423800577073532 ], [ -49.280586130614182, -25.423803378060633 ], [ -49.280584538499781, -25.423806179047709 ], [ -49.280582946385294, -25.423808980034753 ], [ -49.28058135427073, -25.423811781021776 ], [ -49.280579762156087, -25.423814582008792 ], [ -49.28057817004138, -25.423817382995772 ], [ -49.280576577926588, -25.423820183982738 ], [ -49.280574985811718, -25.423822984969679 ], [ -49.280573393696777, -25.423825785956591 ], [ -49.280571801581758, -25.423828586943486 ], [ -49.28057020946666, -25.423831387930363 ], [ -49.280568617351484, -25.423834188917208 ], [ -49.280567025236238, -25.423836989904039 ], [ -49.280565433120906, -25.423839790890845 ], [ -49.280563841005502, -25.423842591877627 ], [ -49.280562248890021, -25.42384539286439 ], [ -49.280560656774469, -25.423848193851136 ], [ -49.280559064658831, -25.423850994837849 ], [ -49.280557472543123, -25.423853795824549 ], [ -49.280555880427329, -25.423856596811227 ], [ -49.280554288311471, -25.423859397797877 ], [ -49.280552696195528, -25.423862198784509 ], [ -49.280551104079514, -25.423864999771116 ], [ -49.280549511963422, -25.423867800757701 ], [ -49.280547919847244, -25.423870601744262 ], [ -49.280546327731003, -25.423873402730809 ], [ -49.280544735614683, -25.423876203717324 ], [ -49.280543143498278, -25.423879004703821 ], [ -49.280541551381802, -25.423881805690296 ], [ -49.280539959265248, -25.423884606676747 ], [ -49.280538367148615, -25.423887407663184 ], [ -49.280536775031912, -25.423890208649588 ], [ -49.280535182915131, -25.423893009635975 ], [ -49.280533590798271, -25.423895810622344 ], [ -49.280531998681326, -25.423898611608688 ], [ -49.280530406564317, -25.423901412595001 ], [ -49.28052881444723, -25.423904213581302 ], [ -49.280527222330065, -25.423907014567586 ], [ -49.280525630212814, -25.423909815553834 ], [ -49.2805240380955, -25.423912616540065 ], [ -49.2805224459781, -25.423915417526278 ], [ -49.280520853860629, -25.423918218512465 ], [ -49.280519261743081, -25.423921019498632 ], [ -49.280517669625453, -25.423923820484774 ], [ -49.280516077507748, -25.423926621470891 ], [ -49.280514485389972, -25.423929422456997 ], [ -49.28051289327211, -25.423932223443071 ], [ -49.280511301154178, -25.423935024429124 ], [ -49.280509709036167, -25.423937825415159 ], [ -49.280508116918078, -25.423940626401173 ], [ -49.280506524799925, -25.423943427387155 ], [ -49.28050493268168, -25.423946228373126 ], [ -49.280503340563364, -25.423949029359079 ], [ -49.280501748444969, -25.423951830344993 ], [ -49.280500176331124, -25.423953221755117 ], [ -49.280498604217236, -25.423954613165222 ], [ -49.280497032103312, -25.423956004575302 ], [ -49.280495459989346, -25.423957395985365 ], [ -49.280493887875352, -25.42395878739541 ], [ -49.280492315761322, -25.42396017880543 ], [ -49.280490743647249, -25.423961570215443 ], [ -49.280489171533148, -25.423962961625431 ], [ -49.280487599419004, -25.423964353035391 ], [ -49.280486027304825, -25.423965744445351 ], [ -49.280484455190617, -25.423967135855278 ], [ -49.280482883076367, -25.423968527265185 ], [ -49.280481310962081, -25.423969918675084 ], [ -49.28047973884776, -25.423971310084958 ], [ -49.280478166733403, -25.423972701494808 ], [ -49.28047659461901, -25.42397409290465 ], [ -49.280475022504582, -25.423975484314465 ], [ -49.280473450390119, -25.423976875724264 ], [ -49.280471878275613, -25.423978267134046 ], [ -49.280470306161078, -25.4239796585438 ], [ -49.280468734046508, -25.423981049953536 ], [ -49.280467161931895, -25.423982441363272 ], [ -49.280465589817254, -25.423983832772972 ], [ -49.28046401770257, -25.423985224182651 ], [ -49.280462445587851, -25.42398661559232 ], [ -49.280460873473096, -25.423988007001967 ], [ -49.280459301358306, -25.423989398411589 ], [ -49.28045772924348, -25.423990789821207 ], [ -49.280456157128619, -25.423992181230794 ], [ -49.280454585013722, -25.423993572640356 ], [ -49.280453012898789, -25.423994964049921 ], [ -49.280451440783821, -25.423996355459451 ], [ -49.280448316559031, -25.423997728702712 ], [ -49.280445192334177, -25.423999101945927 ], [ -49.280442068109252, -25.424000475189064 ], [ -49.280438943884263, -25.424001848432127 ], [ -49.280435819659203, -25.424003221675125 ], [ -49.280432695434079, -25.424004594918042 ], [ -49.280429571208884, -25.424005968160898 ], [ -49.280426446983626, -25.424007341403687 ], [ -49.280423322758303, -25.424008714646398 ], [ -49.280420198532902, -25.424010087889034 ], [ -49.280417074307437, -25.424011461131613 ], [ -49.280413950081901, -25.424012834374114 ], [ -49.280410825856301, -25.424014207616541 ], [ -49.280407701630637, -25.424015580858907 ], [ -49.280404577404902, -25.424016954101187 ], [ -49.280401453179103, -25.424018327343411 ], [ -49.280398328953225, -25.424019700585564 ], [ -49.280395204727299, -25.424021073827639 ], [ -49.280392080501287, -25.424022447069646 ], [ -49.280388956275218, -25.424023820311589 ], [ -49.28038583204907, -25.424025193553458 ], [ -49.280382707822866, -25.424026566795252 ], [ -49.280379583596591, -25.424027940036982 ], [ -49.280376459370252, -25.424029313278638 ], [ -49.280373335143835, -25.424030686520226 ], [ -49.280370210917361, -25.424032059761743 ], [ -49.280367086690816, -25.424033433003185 ], [ -49.2803639624642, -25.42403480624456 ], [ -49.28036083823752, -25.424036179485871 ], [ -49.280357714010769, -25.424037552727093 ], [ -49.280354589783954, -25.424038925968258 ], [ -49.280351465557068, -25.424040299209363 ], [ -49.28034830131719, -25.424044491601688 ], [ -49.280345137077084, -25.42404868399392 ], [ -49.280341972836759, -25.424052876386082 ], [ -49.280338808596206, -25.424057068778158 ], [ -49.280335644355425, -25.424061261170156 ], [ -49.280332480114424, -25.424065453562076 ], [ -49.280329315873203, -25.424069645953903 ], [ -49.280326151631762, -25.424073838345656 ], [ -49.280322987390086, -25.42407803073732 ], [ -49.28031982314819, -25.424082223128906 ], [ -49.280316658906074, -25.424086415520417 ], [ -49.28031349466373, -25.424090607911836 ], [ -49.280310330421166, -25.42409480030318 ], [ -49.280307166178375, -25.424098992694432 ], [ -49.280304001935356, -25.424103185085617 ], [ -49.280300837692117, -25.424107377476709 ], [ -49.280297673448658, -25.424111569867723 ], [ -49.280294509204971, -25.424115762258651 ], [ -49.280291344961057, -25.424119954649498 ], [ -49.280288180716923, -25.424124147040267 ], [ -49.280285016472568, -25.424128339430954 ], [ -49.280281852227986, -25.424132531821556 ], [ -49.280278687983177, -25.424136724212083 ], [ -49.280275523738148, -25.424140916602518 ], [ -49.280272359492891, -25.424145108992878 ], [ -49.280269195247413, -25.424149301383157 ], [ -49.280266031001709, -25.42415349377335 ], [ -49.280262866755784, -25.424157686163465 ], [ -49.280259702509632, -25.424161878553495 ], [ -49.280256538263259, -25.424166070943443 ], [ -49.28025337401666, -25.424170263333313 ], [ -49.280250209769839, -25.42417445572309 ], [ -49.280248597634731, -25.424178666281282 ], [ -49.280246985499502, -25.424182876839442 ], [ -49.280245373364146, -25.424187087397581 ], [ -49.280243761228675, -25.424191297955691 ], [ -49.280242149093077, -25.424195508513773 ], [ -49.280240536957372, -25.424199719071829 ], [ -49.280238924821532, -25.424203929629865 ], [ -49.280237312685578, -25.424208140187876 ], [ -49.280235700549504, -25.424212350745851 ], [ -49.280234088413309, -25.424216561303808 ], [ -49.280232476277, -25.424220771861741 ], [ -49.280230864140563, -25.424224982419638 ], [ -49.280229252004006, -25.424229192977517 ], [ -49.280227639867334, -25.424233403535368 ], [ -49.280226027730542, -25.424237614093197 ], [ -49.280224415593622, -25.424241824650995 ], [ -49.280222803456589, -25.424246035208768 ], [ -49.280221191319434, -25.424250245766515 ], [ -49.280219579182159, -25.424254456324242 ], [ -49.280217967044763, -25.424258666881936 ], [ -49.280216354907246, -25.424262877439606 ], [ -49.280214742769608, -25.424267087997254 ], [ -49.28021313063185, -25.424271298554867 ], [ -49.280211518493978, -25.424275509112466 ], [ -49.280209906355978, -25.424279719670032 ], [ -49.280208294217857, -25.424283930227574 ], [ -49.280206682079623, -25.424288140785087 ], [ -49.280205069941267, -25.424292351342579 ], [ -49.280203457802784, -25.424296561900046 ], [ -49.280201845664187, -25.424300772457482 ], [ -49.28020023352547, -25.424304983014892 ], [ -49.280198621386631, -25.424309193572274 ], [ -49.280197049264601, -25.424310584978656 ], [ -49.280195477142541, -25.424311976385027 ], [ -49.280193905020433, -25.424313367791378 ], [ -49.280192332898302, -25.424314759197706 ], [ -49.280190760776129, -25.424316150604032 ], [ -49.280189188653921, -25.424317542010321 ], [ -49.280187616531677, -25.42431893341659 ], [ -49.280186044409398, -25.424320324822855 ], [ -49.280184472287083, -25.424321716229084 ], [ -49.280182900164732, -25.424323107635296 ], [ -49.280181328042339, -25.4243244990415 ], [ -49.280179755919917, -25.42432589044768 ], [ -49.280178183797453, -25.424327281853831 ], [ -49.28017661167496, -25.424328673259986 ], [ -49.280175039552425, -25.424330064666101 ], [ -49.280173467429854, -25.424331456072199 ], [ -49.280171895307255, -25.42433284747829 ], [ -49.280170323184606, -25.424334238884359 ], [ -49.280168751061929, -25.4243356302904 ], [ -49.280167178939223, -25.424337021696438 ], [ -49.280165606816468, -25.42433841310244 ], [ -49.280164034693684, -25.424339804508428 ], [ -49.280162462570864, -25.424341195914405 ], [ -49.280160890448002, -25.424342587320353 ], [ -49.280159318325111, -25.424343978726288 ], [ -49.280157746202185, -25.424345370132201 ], [ -49.280156174079217, -25.4243467615381 ], [ -49.280154601956212, -25.424348152943971 ], [ -49.280153029833173, -25.424349544349838 ], [ -49.280151457710097, -25.424350935755669 ], [ -49.280149885586987, -25.424352327161483 ], [ -49.28014831346384, -25.424353718567289 ], [ -49.280146741340666, -25.424355109973067 ], [ -49.280145169217441, -25.424356501378831 ], [ -49.280143597094188, -25.424357892784581 ], [ -49.2801420249709, -25.424359284190302 ], [ -49.280140452847576, -25.424360675596006 ], [ -49.280138880724209, -25.424362067001699 ], [ -49.280137308600814, -25.424363458407363 ], [ -49.280135736477369, -25.424364849813006 ], [ -49.280134164353903, -25.424366241218642 ], [ -49.280132592230395, -25.42436763262425 ], [ -49.28013102010685, -25.424369024029836 ], [ -49.280129447983278, -25.424370415435416 ], [ -49.280127875859662, -25.42437180684097 ], [ -49.280126303736012, -25.424373198246499 ], [ -49.280124731612318, -25.424374589652022 ], [ -49.280123159488603, -25.424375981057519 ], [ -49.280121587364839, -25.424377372462988 ], [ -49.280120015241046, -25.424378763868454 ], [ -49.280118443117217, -25.424380155273894 ], [ -49.280116870993346, -25.42438154667931 ], [ -49.280115298869447, -25.424382938084722 ], [ -49.280113726745498, -25.424384329490103 ], [ -49.280112154621527, -25.424385720895465 ], [ -49.280110582497514, -25.424387112300813 ], [ -49.280109010373465, -25.424388503706133 ], [ -49.280107438249381, -25.424389895111435 ], [ -49.280105866125261, -25.424391286516737 ], [ -49.280104294001106, -25.424392677922 ], [ -49.280102721876915, -25.424394069327253 ], [ -49.280101149752689, -25.424395460732484 ], [ -49.28009957762842, -25.424396852137697 ], [ -49.280098005504122, -25.424398243542882 ], [ -49.280096393360353, -25.424402454098853 ], [ -49.280094781216462, -25.424406664654793 ], [ -49.280093169072451, -25.424410875210697 ], [ -49.280091556928326, -25.424415085766583 ], [ -49.280089944784073, -25.424419296322448 ], [ -49.280088332639707, -25.424423506878281 ], [ -49.28008672049522, -25.424427717434092 ], [ -49.280085108350605, -25.424431927989872 ], [ -49.280083496205876, -25.42443613854563 ], [ -49.280081884061026, -25.42444034910136 ], [ -49.280080271916056, -25.424444559657069 ], [ -49.280078659770965, -25.424448770212752 ], [ -49.280077047625753, -25.424452980768397 ], [ -49.280075435480427, -25.424457191324027 ], [ -49.280073823334973, -25.424461401879626 ], [ -49.280072211189406, -25.424465612435206 ], [ -49.280070599043704, -25.424469822990758 ], [ -49.280068986897895, -25.424474033546275 ], [ -49.280067374751965, -25.424478244101781 ], [ -49.280065762605915, -25.424482454657248 ], [ -49.280064150459737, -25.424486665212697 ], [ -49.280062538313445, -25.424490875768122 ], [ -49.280060926167032, -25.424495086323514 ], [ -49.280059314020498, -25.424499296878885 ], [ -49.280057701873844, -25.424503507434224 ], [ -49.280056089727076, -25.424507717989545 ], [ -49.28005447758018, -25.424511928544842 ], [ -49.280052865433163, -25.424516139100103 ], [ -49.280051253286025, -25.424520349655349 ], [ -49.280049641138774, -25.424524560210564 ], [ -49.280048028991395, -25.42452877076575 ], [ -49.280046416843902, -25.424532981320912 ], [ -49.280044804696281, -25.424537191876048 ], [ -49.280043192548554, -25.42454140243116 ], [ -49.280041580400692, -25.424545612986243 ], [ -49.280039968252723, -25.424549823541302 ], [ -49.280038356104626, -25.424554034096339 ], [ -49.280036743956408, -25.424558244651347 ], [ -49.28003513180807, -25.424562455206328 ], [ -49.280033519659611, -25.424566665761279 ], [ -49.280031907511038, -25.42457087631621 ], [ -49.280030295362337, -25.424575086871112 ], [ -49.280028683213523, -25.424579297425989 ], [ -49.28002707106458, -25.424583507980852 ], [ -49.280025458915524, -25.424587718535673 ], [ -49.280023846766348, -25.424591929090472 ], [ -49.28002223461705, -25.424596139645249 ], [ -49.280020622467624, -25.424600350199999 ], [ -49.280019010318085, -25.424604560754723 ], [ -49.280017398168425, -25.424608771309416 ], [ -49.280015786018652, -25.424612981864094 ], [ -49.28001417386875, -25.424617192418737 ], [ -49.280012561718735, -25.424621402973358 ], [ -49.280010949568592, -25.424625613527954 ], [ -49.280009337418328, -25.424629824082523 ], [ -49.28000772526795, -25.424634034637066 ], [ -49.280006113117452, -25.424638245191577 ], [ -49.280004500966825, -25.424642455746071 ], [ -49.280002888816085, -25.424646666300539 ], [ -49.280001276665224, -25.424650876854979 ], [ -49.279999664514243, -25.424655087409391 ], [ -49.27999805236314, -25.424659297963778 ], [ -49.279996440211917, -25.42466350851814 ], [ -49.279994828060573, -25.424667719072474 ], [ -49.27999325593143, -25.424669110476255 ], [ -49.279991683802251, -25.424670501880009 ], [ -49.27999011167303, -25.424671893283747 ], [ -49.27998853954378, -25.424673284687469 ], [ -49.279986967414487, -25.424674676091165 ], [ -49.279985395285159, -25.424676067494861 ], [ -49.279983823155796, -25.424677458898522 ], [ -49.279982251026397, -25.424678850302158 ], [ -49.279980678896962, -25.42468024170579 ], [ -49.279979106767492, -25.424681633109397 ], [ -49.279977534637986, -25.42468302451298 ], [ -49.279975962508445, -25.424684415916555 ], [ -49.279974390378861, -25.424685807320106 ], [ -49.279972818249256, -25.424687198723628 ], [ -49.279971246119601, -25.424688590127147 ], [ -49.27996967398991, -25.424689981530637 ], [ -49.279968101860192, -25.42469137293411 ], [ -49.27996652973043, -25.424692764337568 ], [ -49.27996495760064, -25.424694155741005 ], [ -49.279963385470808, -25.424695547144413 ], [ -49.279961813340933, -25.424696938547818 ], [ -49.279960241211036, -25.424698329951205 ], [ -49.279958669081097, -25.424699721354557 ], [ -49.279957096951122, -25.424701112757905 ], [ -49.279955524821112, -25.424702504161225 ], [ -49.279953952691059, -25.424703895564519 ], [ -49.279952380560971, -25.424705286967818 ], [ -49.279950808430854, -25.424706678371077 ], [ -49.279949236300702, -25.424708069774322 ], [ -49.2799476641705, -25.424709461177553 ], [ -49.279946092040284, -25.424710852580763 ], [ -49.279944519910018, -25.424712243983947 ], [ -49.279942947779709, -25.424713635387121 ], [ -49.279941375649372, -25.42471502679027 ], [ -49.279939803519007, -25.424716418193398 ], [ -49.279938231388591, -25.424717809596522 ], [ -49.279936659258148, -25.424719200999618 ], [ -49.279935087127676, -25.424720592402686 ], [ -49.279933514997154, -25.42472198380575 ], [ -49.279931942866604, -25.424723375208785 ], [ -49.279930370736011, -25.424724766611796 ], [ -49.27992879860539, -25.424726158014803 ], [ -49.279927226474726, -25.424727549417785 ], [ -49.279925654344026, -25.424728940820742 ], [ -49.279924082213299, -25.424730332223692 ], [ -49.279922510082528, -25.424731723626614 ], [ -49.279920937951722, -25.424733115029518 ], [ -49.279919365820881, -25.424734506432408 ], [ -49.279917793690004, -25.424735897835273 ], [ -49.279916221559091, -25.424737289238116 ], [ -49.279914649428136, -25.424738680640949 ], [ -49.279913077297152, -25.424740072043761 ], [ -49.279911505166133, -25.424741463446551 ], [ -49.279909933035078, -25.424742854849324 ], [ -49.279908360903981, -25.424744246252082 ], [ -49.279906788772848, -25.424745637654809 ], [ -49.27990521664168, -25.424747029057528 ], [ -49.279903644510483, -25.424748420460226 ], [ -49.279902072379251, -25.424749811862899 ], [ -49.279900500247969, -25.424751203265568 ], [ -49.279898928116658, -25.424752594668206 ], [ -49.279897355985312, -25.424753986070819 ], [ -49.279895783853931, -25.424755377473428 ], [ -49.279894211722514, -25.424756768876009 ], [ -49.279891107484417, -25.424756732530764 ], [ -49.279888003246334, -25.424756696185462 ], [ -49.279884899008252, -25.424756659840092 ], [ -49.279881794770169, -25.424756623494659 ], [ -49.279878690532101, -25.424756587149165 ], [ -49.27987558629404, -25.424756550803593 ], [ -49.279872482055978, -25.424756514457961 ], [ -49.279869377817924, -25.424756478112261 ], [ -49.279866273579884, -25.424756441766501 ], [ -49.279863169341837, -25.424756405420677 ], [ -49.279860065103804, -25.424756369074778 ], [ -49.279856960865779, -25.424756332728819 ], [ -49.279853856627753, -25.424756296382796 ], [ -49.279850752389734, -25.424756260036705 ], [ -49.27984764815173, -25.424756223690547 ], [ -49.279844543913718, -25.424756187344329 ], [ -49.279841439675721, -25.424756150998043 ], [ -49.279838335437731, -25.424756114651689 ], [ -49.279835231199748, -25.424756078305272 ], [ -49.279832126961765, -25.424756041958787 ], [ -49.279829022723789, -25.424756005612238 ], [ -49.27982591848582, -25.424755969265622 ], [ -49.279822814247851, -25.424755932918941 ], [ -49.279819710009903, -25.424755896572197 ], [ -49.279816605771948, -25.424755860225385 ], [ -49.279813501534001, -25.42475582387851 ], [ -49.279810397296067, -25.424755787531574 ], [ -49.279807293058134, -25.424755751184559 ], [ -49.279804188820208, -25.424755714837488 ], [ -49.279801084582289, -25.424755678490349 ], [ -49.27979798034437, -25.424755642143143 ], [ -49.279794876106465, -25.424755605795873 ], [ -49.27979177186856, -25.424755569448536 ], [ -49.279788667630662, -25.424755533101141 ], [ -49.279785563392771, -25.424755496753676 ], [ -49.279782459154887, -25.424755460406143 ], [ -49.279779354917011, -25.424755424058546 ], [ -49.279776250679134, -25.424755387710878 ], [ -49.279773146441272, -25.424755351363157 ], [ -49.27977004220341, -25.424755315015357 ], [ -49.279766937965555, -25.424755278667497 ], [ -49.279763833727706, -25.424755242319574 ], [ -49.279760729489865, -25.424755205971586 ], [ -49.279757625252032, -25.424755169623531 ], [ -49.279754521014205, -25.424755133275404 ], [ -49.279751416776378, -25.424755096927221 ], [ -49.279748312538558, -25.424755060578967 ], [ -49.279745208300746, -25.424755024230649 ], [ -49.27974210406294, -25.424754987882267 ], [ -49.279738999825142, -25.424754951533814 ], [ -49.279735895587343, -25.424754915185297 ], [ -49.279732791349552, -25.424754878836723 ], [ -49.279729687111768, -25.424754842488078 ], [ -49.279726582873998, -25.424754806139362 ], [ -49.279723478636228, -25.424754769790589 ], [ -49.279720374398458, -25.424754733441748 ], [ -49.279717270160695, -25.424754697092837 ], [ -49.279714165922947, -25.424754660743865 ], [ -49.279711061685205, -25.424754624394826 ], [ -49.279707957447464, -25.424754588045719 ], [ -49.279704853209729, -25.424754551696552 ], [ -49.279701748972002, -25.424754515347317 ], [ -49.279698644734282, -25.424754478998018 ], [ -49.279695540496562, -25.424754442648648 ], [ -49.279694008392418, -25.424753014898918 ], [ -49.279692476288318, -25.42475158714916 ], [ -49.279690944184246, -25.424750159399398 ], [ -49.279689412080209, -25.424748731649625 ], [ -49.279687879976208, -25.424747303899824 ], [ -49.27968634787225, -25.42474587615002 ], [ -49.279684815768327, -25.424744448400197 ], [ -49.279683283664433, -25.424743020650357 ], [ -49.279681751560581, -25.424741592900507 ], [ -49.279680219456758, -25.424740165150645 ], [ -49.279678687352977, -25.424738737400762 ], [ -49.279677155249239, -25.424737309650872 ], [ -49.279675623145529, -25.424735881900965 ], [ -49.279674091041855, -25.424734454151036 ], [ -49.279672558938216, -25.424733026401107 ], [ -49.27967102683462, -25.42473159865115 ], [ -49.279669494731046, -25.424730170901181 ], [ -49.279667962627521, -25.42472874315121 ], [ -49.279666430524024, -25.424727315401217 ], [ -49.27966489842057, -25.424725887651196 ], [ -49.279663366317152, -25.424724459901178 ], [ -49.279661834213762, -25.424723032151142 ], [ -49.279660302110415, -25.424721604401078 ], [ -49.279658770007103, -25.424720176651022 ], [ -49.279657237903827, -25.42471874890094 ], [ -49.279655705800586, -25.42471732115084 ], [ -49.279654173697381, -25.424715893400734 ], [ -49.279652641594211, -25.424714465650617 ], [ -49.279651109491077, -25.424713037900467 ], [ -49.279649577387985, -25.424711610150318 ], [ -49.279648045284922, -25.424710182400151 ], [ -49.279646513181902, -25.424708754649966 ], [ -49.279640324724284, -25.424707272374096 ], [ -49.279634136266836, -25.424705790097967 ], [ -49.279627947809551, -25.424704307821578 ], [ -49.27962175935243, -25.424702825544944 ], [ -49.279615570895487, -25.424701343268058 ], [ -49.2796093824387, -25.424699860990906 ], [ -49.279603193982084, -25.424698378713519 ], [ -49.279597005525638, -25.424696896435865 ], [ -49.279590817069355, -25.424695414157963 ], [ -49.279584628613243, -25.424693931879812 ], [ -49.279578440157294, -25.424692449601405 ], [ -49.279572251701509, -25.424690967322736 ], [ -49.279566063245895, -25.424689485043828 ], [ -49.279559874790444, -25.424688002764661 ], [ -49.279553686335163, -25.424686520485235 ], [ -49.279547497880046, -25.424685038205563 ], [ -49.279541309425099, -25.424683555925636 ], [ -49.279535120970316, -25.42468207364545 ], [ -49.279528932515703, -25.424680591365021 ], [ -49.279522744061261, -25.424679109084334 ], [ -49.279516555606975, -25.42467762680339 ], [ -49.279510367152859, -25.424676144522202 ], [ -49.279504178698915, -25.424674662240754 ], [ -49.279497990245133, -25.424673179959051 ], [ -49.279491801791515, -25.424671697677102 ], [ -49.279485613338075, -25.424670215394901 ], [ -49.279479424884791, -25.42466873311243 ], [ -49.279473236431684, -25.424667250829728 ], [ -49.279467047978734, -25.42466576854676 ], [ -49.279460859525955, -25.424664286263535 ], [ -49.279454671073339, -25.424662803980066 ], [ -49.2794484826209, -25.424661321696341 ], [ -49.2794422541335, -25.424662658562085 ], [ -49.279436025645985, -25.424663995427544 ], [ -49.279429797158343, -25.424665332292744 ], [ -49.279423568670587, -25.42466666915767 ], [ -49.279417340182697, -25.424668006022323 ], [ -49.279411111694692, -25.424669342886705 ], [ -49.279404883206567, -25.424670679750818 ], [ -49.279398654718321, -25.424672016614654 ], [ -49.279392426229954, -25.424673353478223 ], [ -49.279386197741459, -25.424674690341519 ], [ -49.279379969252851, -25.424676027204541 ], [ -49.279373740764115, -25.4246773640673 ], [ -49.279367512275257, -25.424678700929775 ], [ -49.279361283786272, -25.424680037791983 ], [ -49.279355055297174, -25.424681374653929 ], [ -49.279348826807954, -25.424682711515594 ], [ -49.279342598318614, -25.424684048376989 ], [ -49.279336369829146, -25.42468538523811 ], [ -49.279330141339564, -25.424686722098961 ], [ -49.279323912849847, -25.424688058959536 ], [ -49.279317684360016, -25.424689395819854 ], [ -49.279311455870065, -25.424690732679885 ], [ -49.279305227379993, -25.424692069539645 ], [ -49.2792989988898, -25.424693406399147 ], [ -49.279292770399479, -25.424694743258367 ], [ -49.279286541909038, -25.424696080117311 ], [ -49.279280313418475, -25.424697416976002 ], [ -49.279274084927792, -25.424698753834406 ], [ -49.279267856436988, -25.424700090692532 ], [ -49.279261627946063, -25.424701427550406 ], [ -49.279255399455018, -25.424702764408 ], [ -49.279249170963844, -25.424704101265313 ], [ -49.279247598826132, -25.424705492660635 ], [ -49.279246026688391, -25.424706884055936 ], [ -49.279244454550614, -25.424708275451206 ], [ -49.279242882412795, -25.424709666846475 ], [ -49.279241310274941, -25.424711058241719 ], [ -49.279239738137058, -25.424712449636932 ], [ -49.279238165999132, -25.424713841032148 ], [ -49.279236593861171, -25.424715232427328 ], [ -49.279235021723174, -25.424716623822487 ], [ -49.279233449585142, -25.424718015217643 ], [ -49.279231877447074, -25.424719406612766 ], [ -49.279230305308964, -25.424720798007872 ], [ -49.279228733170825, -25.424722189402974 ], [ -49.279227161032651, -25.424723580798041 ], [ -49.279225588894441, -25.424724972193086 ], [ -49.279224016756189, -25.424726363588125 ], [ -49.279222444617901, -25.424727754983135 ], [ -49.279220872479584, -25.424729146378127 ], [ -49.279219300341225, -25.424730537773112 ], [ -49.279217728202831, -25.424731929168068 ], [ -49.2792161560644, -25.424733320563 ], [ -49.279214583925935, -25.424734711957925 ], [ -49.279213011787434, -25.424736103352821 ], [ -49.279211439648897, -25.424737494747699 ], [ -49.279209867510325, -25.42473888614257 ], [ -49.27920829537171, -25.42474027753741 ], [ -49.279206723233067, -25.424741668932228 ], [ -49.279205151094388, -25.424743060327046 ], [ -49.279203578955666, -25.424744451721828 ], [ -49.279202006816917, -25.424745843116597 ], [ -49.279200434678124, -25.424747234511347 ], [ -49.279198862539296, -25.424748625906069 ], [ -49.27919729040044, -25.424750017300784 ], [ -49.279195718261541, -25.424751408695478 ], [ -49.279194146122599, -25.424752800090154 ], [ -49.279192573983636, -25.424754191484798 ], [ -49.27919100184463, -25.424755582879442 ], [ -49.279189429705582, -25.424756974274047 ], [ -49.279187857566505, -25.424758365668644 ], [ -49.279186285427393, -25.424759757063235 ], [ -49.279184713288238, -25.424761148457783 ], [ -49.279183141149055, -25.424762539852328 ], [ -49.279181569009836, -25.424763931246854 ], [ -49.279179996870575, -25.424765322641356 ], [ -49.279178424731271, -25.424766714035833 ], [ -49.279176852591952, -25.424768105430299 ], [ -49.279175280452577, -25.424769496824744 ], [ -49.279173708313174, -25.424770888219168 ], [ -49.279172136173734, -25.424772279613585 ], [ -49.27917056403426, -25.424773671007969 ], [ -49.27916899189475, -25.424775062402333 ], [ -49.279167419755204, -25.424776453796689 ], [ -49.279165847615616, -25.424777845191016 ], [ -49.279164275475999, -25.424779236585326 ], [ -49.279162703336347, -25.424780627979622 ], [ -49.279161131196652, -25.4247820193739 ], [ -49.279159559056929, -25.42478341076815 ], [ -49.279157986917156, -25.424784802162399 ], [ -49.279156414777361, -25.42478619355661 ], [ -49.279154842637524, -25.424787584950806 ], [ -49.279153270497652, -25.424788976344988 ], [ -49.279151698357737, -25.424790367739146 ], [ -49.2791501262178, -25.424791759133285 ], [ -49.279148554077821, -25.424793150527417 ], [ -49.279146981937799, -25.424794541921514 ], [ -49.279145409797742, -25.424795933315597 ], [ -49.279143837657656, -25.424797324709669 ], [ -49.279142265517535, -25.424798716103712 ], [ -49.279140693377371, -25.424800107497735 ], [ -49.279139121237179, -25.424801498891753 ], [ -49.279137549096944, -25.42480289028574 ], [ -49.279135976956681, -25.424804281679709 ], [ -49.279134404816368, -25.424805673073664 ], [ -49.279132832676027, -25.424807064467593 ], [ -49.27913126053565, -25.424808455861513 ], [ -49.279129688395237, -25.42480984725541 ], [ -49.279128116254789, -25.42481123864928 ], [ -49.279126544114298, -25.424812630043139 ], [ -49.279124971973779, -25.424814021436983 ], [ -49.279123399833225, -25.424815412830796 ], [ -49.279121827692634, -25.424816804224594 ], [ -49.279120255552002, -25.424818195618382 ], [ -49.27911868341134, -25.424819587012141 ], [ -49.279117111270629, -25.424820978405883 ], [ -49.279115539129897, -25.424822369799617 ], [ -49.279113966989122, -25.424823761193316 ], [ -49.279112394848305, -25.424825152587001 ], [ -49.279110822707466, -25.424826543980679 ], [ -49.279109250566577, -25.424827935374317 ], [ -49.27910767842566, -25.424829326767945 ], [ -49.279106106284708, -25.424830718161562 ], [ -49.279104534143713, -25.424832109555151 ], [ -49.279102962002696, -25.424833500948722 ], [ -49.27910138986163, -25.424834892342286 ], [ -49.279099817720535, -25.424836283735818 ], [ -49.279098245579398, -25.424837675129325 ], [ -49.279096673438225, -25.424839066522825 ], [ -49.279095101297017, -25.424840457916304 ], [ -49.279093529155773, -25.424841849309765 ], [ -49.279091957014494, -25.424843240703208 ], [ -49.279090384873179, -25.424844632096626 ], [ -49.279088812731828, -25.424846023490026 ], [ -49.279087240590442, -25.424847414883413 ], [ -49.279085668449021, -25.424848806276774 ], [ -49.279084096307557, -25.424850197670118 ], [ -49.279082524166064, -25.424851589063444 ], [ -49.279080952024529, -25.424852980456755 ], [ -49.279079379882965, -25.424854371850039 ], [ -49.279077807741359, -25.424855763243311 ], [ -49.279076235599717, -25.424857154636566 ], [ -49.279074663458047, -25.424858546029792 ], [ -49.279073091316334, -25.424859937423008 ], [ -49.279071519174586, -25.424861328816199 ], [ -49.279069947032795, -25.424862720209372 ], [ -49.279068374890983, -25.424864111602535 ], [ -49.279066802749121, -25.424865502995665 ], [ -49.27906523060723, -25.424866894388781 ], [ -49.279063658465304, -25.424868285781887 ], [ -49.279062086323343, -25.424869677174968 ], [ -49.279060514181339, -25.42487106856802 ], [ -49.279058942039306, -25.424872459961069 ], [ -49.279057369897231, -25.424873851354089 ], [ -49.27905579775512, -25.424875242747092 ], [ -49.279054225612981, -25.424876634140084 ], [ -49.279052653470799, -25.424878025533047 ], [ -49.279051081328582, -25.424879416925993 ], [ -49.279049509186329, -25.424880808318918 ], [ -49.279047937044041, -25.424882199711824 ], [ -49.27904636490171, -25.424883591104713 ], [ -49.27904479275935, -25.424884982497591 ], [ -49.279043220616948, -25.424886373890445 ], [ -49.279041648474525, -25.424887765283277 ], [ -49.279040076332052, -25.424889156676095 ], [ -49.279038504189543, -25.424890548068888 ], [ -49.279036932046999, -25.424891939461666 ], [ -49.279035359904427, -25.424893330854424 ], [ -49.279033787761811, -25.42489472224716 ], [ -49.279032215619161, -25.424896113639875 ], [ -49.279030643476474, -25.424897505032583 ], [ -49.279029071333753, -25.424898896425262 ], [ -49.279027499190988, -25.424900287817923 ], [ -49.279025927048203, -25.424901679210564 ], [ -49.279024354905374, -25.42490307060319 ], [ -49.279022782762503, -25.424904461995794 ], [ -49.279021210619604, -25.424905853388385 ], [ -49.279019638476662, -25.424907244780954 ], [ -49.279018066333691, -25.424908636173498 ], [ -49.279016494190678, -25.424910027566032 ], [ -49.279014922047629, -25.424911418958544 ], [ -49.279013349904545, -25.424912810351032 ], [ -49.279011777761433, -25.424914201743505 ], [ -49.279010205618277, -25.42491559313596 ], [ -49.279008633475087, -25.424916984528394 ], [ -49.279007061331853, -25.424918375920814 ], [ -49.279005489188592, -25.424919767313209 ], [ -49.279003917045294, -25.42492115870558 ], [ -49.279002344901961, -25.42492255009795 ], [ -49.279000772758593, -25.424923941490288 ], [ -49.278999200615182, -25.424925332882605 ], [ -49.278997628471735, -25.424926724274908 ], [ -49.278996056328261, -25.424928115667196 ], [ -49.278994484184743, -25.424929507059456 ], [ -49.278992912041197, -25.424930898451709 ], [ -49.278991339897601, -25.424932289843934 ], [ -49.278989767753977, -25.424933681236134 ], [ -49.278988195610324, -25.42493507262833 ], [ -49.278986623466629, -25.424936464020494 ], [ -49.278985051322891, -25.42493785541264 ], [ -49.278983479179125, -25.424939246804779 ], [ -49.278981907035323, -25.42494063819689 ], [ -49.278980334891479, -25.42494202958898 ], [ -49.278978762747599, -25.424943420981062 ], [ -49.27897719060369, -25.424944812373116 ], [ -49.278975618459739, -25.424946203765149 ], [ -49.278974046315753, -25.424947595157168 ], [ -49.278972474171738, -25.424948986549165 ], [ -49.27897090202768, -25.424950377941148 ], [ -49.278969329883587, -25.424951769333113 ], [ -49.278967757739458, -25.424953160725057 ], [ -49.278966185595294, -25.424954552116972 ], [ -49.278964613451095, -25.424955943508877 ], [ -49.278963041306852, -25.424957334900764 ], [ -49.278961469162581, -25.424958726292619 ], [ -49.278959897018275, -25.424960117684481 ], [ -49.278958324873926, -25.424961509076308 ], [ -49.278956752729542, -25.424962900468113 ], [ -49.278955180585129, -25.424964291859904 ], [ -49.278953608440681, -25.424965683251671 ], [ -49.278952036296182, -25.424967074643419 ], [ -49.278950464151663, -25.424968466035164 ], [ -49.278948892007101, -25.424969857426881 ], [ -49.278947319862503, -25.424971248818569 ], [ -49.278944195596829, -25.424972622027479 ], [ -49.27894107133109, -25.424973995236314 ], [ -49.278937947065288, -25.424975368445072 ], [ -49.278934822799414, -25.424976741653769 ], [ -49.278931698533469, -25.424978114862391 ], [ -49.278928574267461, -25.424979488070935 ], [ -49.278925450001381, -25.424980861279426 ], [ -49.278922325735238, -25.424982234487842 ], [ -49.278919201469023, -25.42498360769617 ], [ -49.278916077202744, -25.424984980904448 ], [ -49.278912952936395, -25.424986354112651 ], [ -49.278909828669981, -25.424987727320772 ], [ -49.278906704403497, -25.42498910052884 ], [ -49.278903580136948, -25.424990473736827 ], [ -49.278900455870328, -25.424991846944739 ], [ -49.278897331603645, -25.424993220152597 ], [ -49.27889420733689, -25.424994593360378 ], [ -49.278891083070071, -25.424995966568083 ], [ -49.278887958803175, -25.424997339775718 ], [ -49.278884834536221, -25.424998712983285 ], [ -49.278881710269197, -25.425000086190778 ], [ -49.278878586002101, -25.42500145939821 ], [ -49.278875461734948, -25.425002832605564 ], [ -49.278872337467725, -25.425004205812847 ], [ -49.278869213200423, -25.425005579020066 ], [ -49.278866088933064, -25.425006952227204 ], [ -49.278862964665635, -25.425008325434273 ], [ -49.278859840398134, -25.425009698641286 ], [ -49.278856716130569, -25.425011071848218 ], [ -49.278853591862934, -25.425012445055074 ], [ -49.278850467595234, -25.425013818261878 ], [ -49.278847343327463, -25.425015191468596 ], [ -49.278844219059636, -25.425016564675243 ], [ -49.27884109479173, -25.425017937881826 ], [ -49.27883797052376, -25.425019311088334 ], [ -49.27883484625572, -25.425020684294772 ], [ -49.278831721987608, -25.425022057501153 ], [ -49.278828597719439, -25.425023430707448 ], [ -49.278825473451199, -25.425024803913672 ], [ -49.278822349182889, -25.42502617711984 ], [ -49.278819224914507, -25.425027550325918 ], [ -49.278816100646068, -25.425028923531936 ], [ -49.278812976377552, -25.425030296737894 ], [ -49.278809852108978, -25.425031669943767 ], [ -49.278806727840326, -25.425033043149568 ], [ -49.27880360357161, -25.425034416355313 ], [ -49.278800479302831, -25.425035789560976 ], [ -49.27879735503398, -25.425037162766568 ], [ -49.278794230765058, -25.425038535972099 ], [ -49.278791106496072, -25.425039909177546 ], [ -49.278787982227023, -25.425041282382928 ], [ -49.278784857957902, -25.425042655588253 ], [ -49.27878173368871, -25.42504402879349 ], [ -49.278778609419454, -25.425045401998659 ], [ -49.278775485150128, -25.425046775203764 ], [ -49.278772360880737, -25.425048148408795 ], [ -49.278769236611275, -25.425049521613758 ], [ -49.278766112341749, -25.425050894818657 ], [ -49.27876298807216, -25.425052268023471 ], [ -49.278759863802492, -25.425053641228221 ], [ -49.278756739532767, -25.42505501443291 ], [ -49.278753615262964, -25.425056387637515 ], [ -49.278750490993104, -25.425057760842055 ], [ -49.278747366723174, -25.425059134046524 ], [ -49.278744242453172, -25.425060507250919 ], [ -49.278741118183106, -25.42506188045525 ], [ -49.278737993912969, -25.425063253659509 ], [ -49.278734869642761, -25.425064626863691 ], [ -49.278731745372497, -25.425066000067808 ], [ -49.278728621102154, -25.425067373271862 ], [ -49.278725496831747, -25.42506874647583 ], [ -49.278722372561276, -25.425070119679734 ], [ -49.278719248290734, -25.425071492883578 ], [ -49.278716124020129, -25.425072866087341 ], [ -49.278712999749452, -25.425074239291035 ], [ -49.278709875478704, -25.425075612494659 ], [ -49.278706751207885, -25.425076985698215 ], [ -49.278703626937009, -25.425078358901697 ], [ -49.278700502666062, -25.425079732105107 ], [ -49.278697378395051, -25.42508110530845 ], [ -49.27869425412397, -25.425082478511719 ], [ -49.278691129852817, -25.42508385171493 ], [ -49.2786880055816, -25.425085224918053 ], [ -49.278684881310312, -25.425086598121116 ], [ -49.27868175703896, -25.42508797132411 ], [ -49.278678632767537, -25.425089344527027 ], [ -49.27867550849605, -25.425090717729873 ], [ -49.278672384224492, -25.425092090932662 ], [ -49.278669259952871, -25.425093464135365 ], [ -49.278666135681178, -25.425094837338005 ], [ -49.278663011409421, -25.42509621054058 ], [ -49.278659887137593, -25.425097583743071 ], [ -49.278656762865701, -25.42509895694549 ], [ -49.278653638593738, -25.425100330147856 ], [ -49.278650514321711, -25.425101703350133 ], [ -49.278647390049606, -25.425103076552354 ], [ -49.278644265777451, -25.425104449754489 ], [ -49.278641141505211, -25.425105822956567 ], [ -49.278638017232915, -25.425107196158574 ], [ -49.27863489296054, -25.425108569360507 ], [ -49.278631768688108, -25.425109942562372 ], [ -49.278628644415605, -25.425111315764166 ], [ -49.278625520143038, -25.425112688965886 ], [ -49.2786223958704, -25.425114062167541 ], [ -49.278619271597691, -25.425115435369129 ], [ -49.278616147324918, -25.425116808570632 ], [ -49.278613023052081, -25.425118181772074 ], [ -49.278609898779166, -25.425119554973449 ], [ -49.278606774506194, -25.425120928174749 ], [ -49.278603650233151, -25.425122301375975 ], [ -49.278600525960037, -25.425123674577144 ], [ -49.278597401686859, -25.425125047778227 ], [ -49.27859427741361, -25.425126420979247 ], [ -49.278591153140297, -25.425127794180202 ], [ -49.278588028866913, -25.425129167381069 ], [ -49.278584904593465, -25.425130540581879 ], [ -49.278581780319946, -25.425131913782625 ], [ -49.278578656046363, -25.425133286983286 ], [ -49.278575531772709, -25.425134660183879 ], [ -49.278572407498984, -25.425136033384412 ], [ -49.278569283225195, -25.425137406584863 ], [ -49.278566158951342, -25.425138779785247 ], [ -49.278563034677418, -25.425140152985566 ], [ -49.27855991040343, -25.425141526185804 ], [ -49.278556786129371, -25.425142899385975 ], [ -49.278553661855241, -25.425144272586092 ], [ -49.278550537581047, -25.42514564578612 ], [ -49.278547413306789, -25.425147018986085 ], [ -49.27854584115542, -25.42514841037309 ], [ -49.278544269004023, -25.425149801760075 ], [ -49.278542696852575, -25.425151193147041 ], [ -49.2785411247011, -25.425152584533997 ], [ -49.278539552549589, -25.425153975920917 ], [ -49.278537980398042, -25.425155367307827 ], [ -49.27853640824646, -25.42515675869473 ], [ -49.278534836094835, -25.425158150081593 ], [ -49.278533263943181, -25.425159541468446 ], [ -49.278531691791486, -25.425160932855285 ], [ -49.278530119639761, -25.425162324242095 ], [ -49.278528547487994, -25.425163715628887 ], [ -49.278526975336192, -25.425165107015676 ], [ -49.278525403184361, -25.425166498402433 ], [ -49.27852383103248, -25.425167889789165 ], [ -49.278522258880578, -25.425169281175901 ], [ -49.278520686728633, -25.425170672562597 ], [ -49.278519114576653, -25.425172063949276 ], [ -49.27851754242463, -25.425173455335941 ], [ -49.278515970272579, -25.425174846722587 ], [ -49.278514398120493, -25.425176238109209 ], [ -49.27851282596837, -25.425177629495817 ], [ -49.278511253816205, -25.425179020882396 ], [ -49.278509681664005, -25.425180412268972 ], [ -49.278508109511776, -25.42518180365553 ], [ -49.278506537359505, -25.425183195042052 ], [ -49.278504965207198, -25.425184586428561 ], [ -49.278503393054862, -25.425185977815069 ], [ -49.278501820902484, -25.425187369201534 ], [ -49.278500248750063, -25.425188760587986 ], [ -49.278498676597621, -25.42519015197443 ], [ -49.27849710444513, -25.42519154336085 ], [ -49.278495472205456, -25.425197163469399 ], [ -49.278493839965613, -25.425202783577934 ], [ -49.278492207725606, -25.425208403686433 ], [ -49.278490575485435, -25.425214023794904 ], [ -49.278488943245094, -25.425219643903343 ], [ -49.278487311004582, -25.42522526401175 ], [ -49.278485678763907, -25.425230884120129 ], [ -49.278484046523069, -25.425236504228472 ], [ -49.27848241428206, -25.425242124336794 ], [ -49.27848078204088, -25.42524774444508 ], [ -49.278479149799537, -25.425253364553349 ], [ -49.278477517558031, -25.425258984661575 ], [ -49.278475885316354, -25.425264604769765 ], [ -49.278474253074513, -25.425270224877938 ], [ -49.278472620832503, -25.425275844986079 ], [ -49.278470988590321, -25.42528146509418 ], [ -49.278469356347983, -25.425287085202264 ], [ -49.278467724105468, -25.425292705310312 ], [ -49.278466091862796, -25.425298325418321 ], [ -49.278464459619947, -25.425303945526313 ], [ -49.278462827376941, -25.425309565634269 ], [ -49.278461195133765, -25.425315185742189 ], [ -49.278459562890419, -25.425320805850092 ], [ -49.278457930646901, -25.425326425957962 ], [ -49.278456298403221, -25.42533204606579 ], [ -49.278454666159384, -25.425337666173608 ], [ -49.278453033915362, -25.425343286281375 ], [ -49.278451401671191, -25.425348906389122 ], [ -49.278449769426842, -25.425354526496843 ], [ -49.27844813718233, -25.425360146604529 ], [ -49.278446504937648, -25.425365766712179 ], [ -49.278444872692809, -25.425371386819812 ], [ -49.278443240447793, -25.425377006927402 ], [ -49.278441608202613, -25.425382627034971 ], [ -49.278439975957269, -25.425388247142507 ], [ -49.278438343711748, -25.425393867250005 ], [ -49.278436711466078, -25.425399487357481 ], [ -49.27843507922023, -25.425405107464936 ], [ -49.278433446974205, -25.425410727572338 ], [ -49.27843181472803, -25.425416347679725 ], [ -49.278430182481678, -25.425421967787084 ], [ -49.278428550235169, -25.425427587894408 ], [ -49.27842691798849, -25.425433208001703 ], [ -49.27842528574164, -25.425438828108966 ], [ -49.278423653494627, -25.425444448216197 ], [ -49.278422021247444, -25.425450068323396 ], [ -49.278420389000097, -25.425455688430578 ], [ -49.278418756752579, -25.42546130853772 ], [ -49.278417124504891, -25.425466928644834 ], [ -49.278415492257047, -25.425472548751912 ], [ -49.278413860009032, -25.425478168858966 ], [ -49.278412227760853, -25.425483788965991 ], [ -49.278410595512497, -25.425489409072984 ], [ -49.278408963263985, -25.425495029179945 ], [ -49.278407331015302, -25.425500649286874 ], [ -49.278405698766448, -25.425506269393782 ], [ -49.278404066517432, -25.425511889500651 ], [ -49.278402434268244, -25.425517509607488 ], [ -49.278400802018901, -25.425523129714307 ], [ -49.278399169769386, -25.425528749821087 ], [ -49.278397537519702, -25.425534369927835 ], [ -49.278395905269846, -25.425539990034562 ], [ -49.278394273019828, -25.425545610141249 ], [ -49.278392640769646, -25.425551230247908 ], [ -49.278391068611057, -25.425552621632818 ], [ -49.278389496452441, -25.425554013017702 ], [ -49.278387924293789, -25.42555540440258 ], [ -49.278386352135101, -25.425556795787433 ], [ -49.278384779976371, -25.425558187172264 ], [ -49.278383207817612, -25.425559578557078 ], [ -49.27838163565881, -25.425560969941873 ], [ -49.278380063499981, -25.425562361326644 ], [ -49.278378491341108, -25.425563752711408 ], [ -49.278376919182193, -25.425565144096144 ], [ -49.278375347023257, -25.425566535480858 ], [ -49.278373774864271, -25.425567926865565 ], [ -49.278372202705263, -25.42556931825025 ], [ -49.278370630546213, -25.425570709634911 ], [ -49.278369058387121, -25.425572101019554 ], [ -49.278367486227999, -25.42557349240418 ], [ -49.278365914068836, -25.42557488378878 ], [ -49.278364341909651, -25.425576275173366 ], [ -49.278362769750416, -25.425577666557938 ], [ -49.278361197591146, -25.425579057942482 ], [ -49.27835962543184, -25.425580449327015 ], [ -49.278358053272498, -25.42558184071153 ], [ -49.278356481113128, -25.42558323209602 ], [ -49.278354908953716, -25.425584623480489 ], [ -49.278353336794261, -25.425586014864944 ], [ -49.278351764634778, -25.425587406249377 ], [ -49.278350192475266, -25.425588797633804 ], [ -49.278348620315704, -25.425590189018191 ], [ -49.278347048156114, -25.425591580402564 ], [ -49.278345475996488, -25.42559297178693 ], [ -49.27834390383682, -25.425594363171271 ], [ -49.278342331677116, -25.425595754555591 ], [ -49.278343863774467, -25.425597182318999 ], [ -49.27834539587186, -25.425598610082389 ], [ -49.278346927969274, -25.425600037845768 ], [ -49.278348460066731, -25.425601465609137 ], [ -49.27834999216423, -25.425602893372485 ], [ -49.278351524261758, -25.425604321135822 ], [ -49.278353056359329, -25.425605748899144 ], [ -49.278354588456928, -25.425607176662449 ], [ -49.278356120554569, -25.42560860442574 ], [ -49.278357652652247, -25.42561003218902 ], [ -49.278359184749952, -25.425611459952282 ], [ -49.2783607168477, -25.425612887715534 ], [ -49.278362248945491, -25.425614315478771 ], [ -49.278363781043304, -25.425615743241984 ], [ -49.278365313141158, -25.425617171005197 ], [ -49.278366845239049, -25.425618598768388 ], [ -49.278368377336982, -25.425620026531568 ], [ -49.278369909434936, -25.425621454294728 ], [ -49.27837144153294, -25.42562288205788 ], [ -49.278372973630972, -25.425624309821018 ], [ -49.278374505729047, -25.425625737584131 ], [ -49.278376037827158, -25.42562716534724 ], [ -49.278377569925297, -25.425628593110332 ], [ -49.278379102023486, -25.425630020873406 ], [ -49.278380634121696, -25.425631448636473 ], [ -49.278382166219949, -25.425632876399522 ], [ -49.278383698318237, -25.42563430416255 ], [ -49.278385230416561, -25.425635731925578 ], [ -49.27838676251492, -25.425637159688577 ], [ -49.278388294613315, -25.425638587451562 ], [ -49.278389826711752, -25.425640015214547 ], [ -49.278391358810218, -25.425641442977504 ], [ -49.278392890908719, -25.425642870740454 ], [ -49.278394423007263, -25.425644298503396 ], [ -49.278395955105836, -25.425645726266307 ], [ -49.278397487204451, -25.425647154029217 ], [ -49.278399019303095, -25.425648581792103 ], [ -49.278400551401781, -25.425650009554982 ], [ -49.278402083500509, -25.425651437317839 ], [ -49.27840361559926, -25.425652865080689 ], [ -49.278405147698052, -25.425654292843525 ], [ -49.278406679796888, -25.425655720606336 ], [ -49.278408211895751, -25.425657148369147 ], [ -49.278409743994651, -25.425658576131934 ], [ -49.278411276093586, -25.425660003894702 ], [ -49.278412808192556, -25.425661431657474 ], [ -49.278414340291576, -25.425662859420214 ], [ -49.278415872390617, -25.425664287182943 ], [ -49.278417404489701, -25.425665714945669 ], [ -49.278418936588814, -25.42566714270837 ], [ -49.278420468687969, -25.425668570471053 ], [ -49.27842200078716, -25.42566999823374 ], [ -49.278423532886386, -25.425671425996391 ], [ -49.278425064985647, -25.425672853759036 ], [ -49.278426597084945, -25.425674281521676 ], [ -49.278428129184277, -25.425675709284288 ], [ -49.278429661283653, -25.42567713704689 ], [ -49.278431193383057, -25.425678564809481 ], [ -49.278432725482496, -25.425679992572057 ], [ -49.278434257581978, -25.425681420334612 ], [ -49.278435789681495, -25.425682848097164 ], [ -49.278437321781048, -25.425684275859691 ], [ -49.27843885388063, -25.425685703622204 ], [ -49.278440385980247, -25.425687131384713 ], [ -49.278441918079913, -25.425688559147211 ], [ -49.278443450179601, -25.425689986909671 ], [ -49.278444982279339, -25.425691414672134 ], [ -49.278446514379105, -25.425692842434586 ], [ -49.278448046478907, -25.425694270197013 ], [ -49.278449578578751, -25.42569569795943 ], [ -49.278451110678624, -25.425697125721836 ], [ -49.278452642778539, -25.425698553484217 ], [ -49.278454174878483, -25.425699981246588 ], [ -49.278455706978463, -25.425701409008955 ], [ -49.278457239078485, -25.42570283677129 ], [ -49.278458771178535, -25.425704264533618 ], [ -49.278460303278628, -25.425705692295942 ], [ -49.278461835378756, -25.425707120058245 ], [ -49.278463367478928, -25.425708547820523 ], [ -49.278464899579127, -25.425709975582805 ], [ -49.278466431679355, -25.425711403345055 ], [ -49.278467963779633, -25.425712831107298 ], [ -49.278469495879939, -25.425714258869537 ], [ -49.278471027980288, -25.425715686631751 ], [ -49.278472560080665, -25.425717114393944 ], [ -49.278474092181078, -25.42571854215614 ], [ -49.278475624281533, -25.425719969918308 ], [ -49.278477156382024, -25.425721397680455 ], [ -49.278478688482551, -25.425722825442616 ], [ -49.278480220583113, -25.425724253204738 ], [ -49.278481752683703, -25.425725680966853 ], [ -49.278483284784336, -25.425727108728953 ], [ -49.278484816885005, -25.425728536491036 ], [ -49.278486348985709, -25.425729964253108 ], [ -49.278487881086448, -25.42573139201517 ], [ -49.278489413187224, -25.425732819777206 ], [ -49.278490905228857, -25.42573706668712 ], [ -49.27849239727059, -25.42574131359703 ], [ -49.278493889312408, -25.425745560506925 ], [ -49.278495381354332, -25.42574980741681 ], [ -49.27849687339635, -25.425754054326688 ], [ -49.278498365438459, -25.425758301236549 ], [ -49.278499857480668, -25.425762548146398 ], [ -49.278501349522976, -25.425766795056234 ], [ -49.27850284156537, -25.425771041966065 ], [ -49.27850433360787, -25.425775288875876 ], [ -49.278505825650463, -25.425779535785676 ], [ -49.278507317693155, -25.425783782695465 ], [ -49.278508809735939, -25.42578802960524 ], [ -49.278510301778823, -25.425792276515008 ], [ -49.278511793821806, -25.425796523424761 ], [ -49.278513285864875, -25.425800770334497 ], [ -49.278514777908043, -25.425805017244233 ], [ -49.278516269951311, -25.425809264153944 ], [ -49.278517761994678, -25.425813511063648 ], [ -49.278519254038137, -25.425817757973348 ], [ -49.278520746081689, -25.425822004883027 ], [ -49.278522238125348, -25.425826251792692 ], [ -49.278523730169091, -25.425830498702357 ], [ -49.278525222212934, -25.425834745611994 ], [ -49.278526714256877, -25.425838992521626 ], [ -49.278528206300912, -25.425843239431249 ], [ -49.278529698345046, -25.425847486340857 ], [ -49.278531190389273, -25.425851733250454 ], [ -49.2785326824336, -25.425855980160037 ], [ -49.278534174478018, -25.425860227069613 ], [ -49.278535666522536, -25.425864473979171 ], [ -49.278537158567147, -25.425868720888719 ], [ -49.278537078450448, -25.42587435918454 ], [ -49.27853699833372, -25.425879997480358 ], [ -49.278536918216965, -25.425885635776169 ], [ -49.278536838100194, -25.425891274071979 ], [ -49.278536757983396, -25.425896912367779 ], [ -49.278536677866569, -25.425902550663569 ], [ -49.278536597749721, -25.425908188959369 ], [ -49.278536517632844, -25.425913827255158 ], [ -49.278536437515953, -25.425919465550933 ], [ -49.278536357399034, -25.425925103846723 ], [ -49.278536277282086, -25.425930742142498 ], [ -49.278536197165117, -25.425936380438255 ], [ -49.278536117048127, -25.425942018734034 ], [ -49.278536036931108, -25.425947657029784 ], [ -49.278535956814068, -25.425953295325542 ], [ -49.278535876696999, -25.425958933621303 ], [ -49.278535796579916, -25.425964571917049 ], [ -49.278535716462798, -25.425970210212789 ], [ -49.278535636345666, -25.425975848508529 ], [ -49.278535556228505, -25.425981486804258 ], [ -49.278535476111323, -25.425987125099986 ], [ -49.278535395994112, -25.425992763395715 ], [ -49.27853531587688, -25.42599840169143 ], [ -49.278535235759627, -25.426004039987145 ], [ -49.278535155642345, -25.426009678282863 ], [ -49.278535075525035, -25.426015316578567 ], [ -49.278534995407711, -25.426020954874261 ], [ -49.278534915290358, -25.426026593169965 ], [ -49.278534835172977, -25.426032231465648 ], [ -49.278534755055574, -25.426037869761341 ], [ -49.27853467493815, -25.426043508057035 ], [ -49.278534594820698, -25.426049146352703 ], [ -49.278528366253312, -25.426050483175196 ], [ -49.278522137685812, -25.426051819997422 ], [ -49.278515909118177, -25.426053156819371 ], [ -49.278509680550428, -25.426054493641047 ], [ -49.278503451982559, -25.42605583046246 ], [ -49.278497223414568, -25.426057167283588 ], [ -49.27849099484645, -25.426058504104454 ], [ -49.278484766278211, -25.426059840925046 ], [ -49.278478537709859, -25.426061177745364 ], [ -49.278472309141378, -25.426062514565412 ], [ -49.278466080572777, -25.426063851385198 ], [ -49.278459852004048, -25.426065188204703 ], [ -49.278453623435205, -25.426066525023931 ], [ -49.278447394866241, -25.426067861842903 ], [ -49.278441166297156, -25.42606919866159 ], [ -49.278434937727944, -25.426070535480008 ], [ -49.278428709158611, -25.426071872298159 ], [ -49.278422480589157, -25.42607320911603 ], [ -49.278416252019575, -25.426074545933634 ], [ -49.278410023449879, -25.426075882750975 ], [ -49.278403794880056, -25.426077219568032 ], [ -49.278397566310119, -25.42607855638482 ], [ -49.278391337740054, -25.426079893201344 ], [ -49.278385109169868, -25.426081230017587 ], [ -49.278378880599561, -25.426082566833557 ], [ -49.278372652029134, -25.426083903649275 ], [ -49.278366423458586, -25.426085240464705 ], [ -49.278360194887917, -25.426086577279861 ], [ -49.27835396631712, -25.426087914094754 ], [ -49.278347737746202, -25.426089250909367 ], [ -49.278341509175164, -25.42609058772371 ], [ -49.278335280604004, -25.426091924537793 ], [ -49.278327519929654, -25.426091833587808 ], [ -49.278319759255339, -25.426091742637407 ], [ -49.27831199858106, -25.426091651686605 ], [ -49.278304237906816, -25.426091560735394 ], [ -49.278296477232608, -25.426091469783767 ], [ -49.27828871655845, -25.426091378831732 ], [ -49.27828095588432, -25.426091287879292 ], [ -49.278273195210232, -25.426091196926443 ], [ -49.278265434536173, -25.426091105973178 ], [ -49.278257673862157, -25.426091015019509 ], [ -49.278249913188183, -25.426090924065424 ], [ -49.278242152514238, -25.426090833110937 ], [ -49.278234391840336, -25.426090742156038 ], [ -49.278226631166476, -25.426090651200724 ], [ -49.278218870492651, -25.426090560245008 ], [ -49.278211109818862, -25.426090469288877 ], [ -49.278203349145102, -25.42609037833234 ], [ -49.278195588471391, -25.426090287375391 ], [ -49.278187827797716, -25.426090196418031 ], [ -49.278180067124076, -25.426090105460268 ], [ -49.278172306450472, -25.42609001450209 ], [ -49.278164545776903, -25.426089923543508 ], [ -49.278156785103377, -25.426089832584516 ], [ -49.278149024429887, -25.426089741625105 ], [ -49.278141263756439, -25.426089650665293 ], [ -49.278133503083026, -25.426089559705069 ], [ -49.278125742409642, -25.426089468744433 ], [ -49.278117981736308, -25.426089377783388 ], [ -49.278110221063002, -25.426089286821938 ], [ -49.278102460389746, -25.426089195860069 ], [ -49.278094699716519, -25.426089104897805 ], [ -49.278086939043327, -25.426089013935126 ], [ -49.278085406943319, -25.426087586168954 ], [ -49.278083874843347, -25.426086158402779 ], [ -49.27808234274341, -25.426084730636596 ], [ -49.278080810643509, -25.426083302870378 ], [ -49.27807927854365, -25.42608187510416 ], [ -49.27807774644382, -25.426080447337931 ], [ -49.278076214344033, -25.42607901957167 ], [ -49.278074682244281, -25.426077591805409 ], [ -49.278073150144557, -25.426076164039134 ], [ -49.278071618044869, -25.426074736272838 ], [ -49.278070085945224, -25.426073308506535 ], [ -49.278068553845614, -25.426071880740214 ], [ -49.27806702174604, -25.426070452973871 ], [ -49.278065489646501, -25.426069025207521 ], [ -49.278063957546998, -25.426067597441161 ], [ -49.27806242544753, -25.426066169674776 ], [ -49.278060893348098, -25.426064741908387 ], [ -49.278059361248708, -25.426063314141985 ], [ -49.278057829149347, -25.42606188637556 ], [ -49.278056297050028, -25.426060458609125 ], [ -49.278054764950738, -25.426059030842676 ], [ -49.278053232851491, -25.426057603076206 ], [ -49.278051700752272, -25.426056175309725 ], [ -49.278050168653095, -25.426054747543237 ], [ -49.278048636553955, -25.426053319776724 ], [ -49.278047104454849, -25.4260518920102 ], [ -49.278045572355772, -25.426050464243666 ], [ -49.278044040256745, -25.42604903647711 ], [ -49.278042508157746, -25.426047608710547 ], [ -49.278040976058783, -25.426046180943974 ], [ -49.278039443959855, -25.426044753177369 ], [ -49.27803791186097, -25.426043325410767 ], [ -49.278036379762121, -25.426041897644151 ], [ -49.278034847663299, -25.426040469877499 ], [ -49.278033315564521, -25.426039042110851 ], [ -49.278031783465778, -25.426037614344185 ], [ -49.278030251367063, -25.426036186577498 ], [ -49.278028719268391, -25.426034758810811 ], [ -49.278027187169748, -25.426033331044106 ], [ -49.278025655071154, -25.426031903277373 ], [ -49.278024122972589, -25.42603047551064 ], [ -49.278022590874059, -25.426029047743896 ], [ -49.278021058775572, -25.426027619977113 ], [ -49.278019526677106, -25.426026192210333 ], [ -49.27801799457869, -25.426024764443543 ], [ -49.278016462480302, -25.426023336676732 ], [ -49.27801493038195, -25.42602190890991 ], [ -49.27801339828364, -25.426020481143073 ], [ -49.278011866185366, -25.426019053376216 ], [ -49.278010334087128, -25.426017625609351 ], [ -49.278008801988925, -25.426016197842475 ], [ -49.27800726989075, -25.426014770075568 ], [ -49.278005737792618, -25.426013342308661 ], [ -49.278004205694529, -25.426011914541746 ], [ -49.278002673596468, -25.426010486774796 ], [ -49.27800114149845, -25.426009059007846 ], [ -49.277999609400453, -25.426007631240878 ], [ -49.277998077302499, -25.426006203473893 ], [ -49.277996545204594, -25.4260047757069 ], [ -49.277995013106711, -25.426003347939893 ], [ -49.27799348100887, -25.426001920172858 ], [ -49.277991948911058, -25.426000492405823 ], [ -49.277990416813289, -25.425999064638766 ], [ -49.277988884715555, -25.425997636871699 ], [ -49.277987312546486, -25.425999028251663 ], [ -49.277985740377382, -25.426000419631606 ], [ -49.277984168208242, -25.426001811011528 ], [ -49.277982596039067, -25.426003202391442 ], [ -49.277981023869856, -25.426004593771321 ], [ -49.27797945170061, -25.426005985151182 ], [ -49.277977879531321, -25.426007376531039 ], [ -49.277976307361996, -25.426008767910869 ], [ -49.277974735192643, -25.426010159290673 ], [ -49.277973163023248, -25.426011550670466 ], [ -49.277971590853824, -25.426012942050239 ], [ -49.277970018684364, -25.426014333429983 ], [ -49.277968446514862, -25.42601572480973 ], [ -49.277966874345317, -25.426017116189445 ], [ -49.277965302175751, -25.426018507569136 ], [ -49.277963730006142, -25.426019898948823 ], [ -49.277962157836491, -25.426021290328475 ], [ -49.277960585666811, -25.426022681708112 ], [ -49.277959013497096, -25.426024073087738 ], [ -49.277957441327345, -25.426025464467333 ], [ -49.277955869157552, -25.426026855846917 ], [ -49.277954296987723, -25.426028247226487 ], [ -49.277952724817865, -25.426029638606028 ], [ -49.277951152647965, -25.426031029985548 ], [ -49.27794958047803, -25.426032421365065 ], [ -49.277948008308066, -25.426033812744546 ], [ -49.277946436138059, -25.426035204124013 ], [ -49.277944863968017, -25.426036595503472 ], [ -49.277943291797939, -25.4260379868829 ], [ -49.277941719627826, -25.42603937826231 ], [ -49.277940147457677, -25.426040769641709 ], [ -49.277938575287486, -25.426042161021073 ], [ -49.277933898849412, -25.426043516012136 ], [ -49.277929222411238, -25.42604487100305 ], [ -49.277924545972965, -25.426046225993797 ], [ -49.2779198695346, -25.426047580984392 ], [ -49.277915193096135, -25.426048935974844 ], [ -49.277910516657577, -25.426050290965126 ], [ -49.277905840218928, -25.426051645955258 ], [ -49.277901163780172, -25.426053000945242 ], [ -49.277896487341323, -25.426054355935062 ], [ -49.277891810902382, -25.426055710924725 ], [ -49.277887134463349, -25.42605706591425 ], [ -49.277882458024209, -25.426058420903605 ], [ -49.277877781584984, -25.42605977589281 ], [ -49.277873105145652, -25.42606113088187 ], [ -49.277868428706228, -25.426062485870759 ], [ -49.277863752266704, -25.426063840859502 ], [ -49.277859075827088, -25.426065195848093 ], [ -49.277854399387373, -25.42606655083652 ], [ -49.277849722947565, -25.426067905824794 ], [ -49.277845046507657, -25.42606926081293 ], [ -49.277840370067658, -25.426070615800889 ], [ -49.277835693627559, -25.426071970788705 ], [ -49.277831017187367, -25.426073325776368 ], [ -49.277826340747076, -25.426074680763865 ], [ -49.277821664306693, -25.426076035751215 ], [ -49.27781698786621, -25.426077390738424 ], [ -49.277812311425627, -25.426078745725455 ], [ -49.277807634984953, -25.42608010071234 ], [ -49.277802958544186, -25.426081455699084 ], [ -49.277798282103319, -25.426082810685653 ], [ -49.277793605662353, -25.426084165672076 ], [ -49.277788929221295, -25.426085520658347 ], [ -49.277784252780144, -25.426086875644458 ], [ -49.277779576338887, -25.426088230630413 ], [ -49.277774899897537, -25.426089585616225 ], [ -49.277770223456088, -25.42609094060187 ], [ -49.277765547014553, -25.426092295587363 ], [ -49.277760870572912, -25.42609365057271 ], [ -49.277756194131179, -25.42609500555789 ], [ -49.277751517689353, -25.426096360542914 ], [ -49.277746841247428, -25.426097715527803 ], [ -49.277742164805403, -25.426099070512517 ], [ -49.277737488363293, -25.426100425497086 ], [ -49.277732811921076, -25.426101780481506 ], [ -49.277728135478768, -25.426103135465759 ], [ -49.277723459036359, -25.426104490449855 ], [ -49.277718782593851, -25.42610584543381 ], [ -49.277714106151258, -25.426107200417601 ], [ -49.277709429708558, -25.426108555401239 ], [ -49.277704753265773, -25.426109910384728 ], [ -49.277700076822882, -25.426111265368057 ], [ -49.277695400379898, -25.42611262035123 ], [ -49.277690723936814, -25.42611397533425 ], [ -49.277686047493646, -25.426115330317121 ], [ -49.27768137105037, -25.426116685299828 ], [ -49.277676694607003, -25.426118040282386 ], [ -49.277672018163535, -25.426119395264791 ], [ -49.277667341719976, -25.426120750247037 ], [ -49.277662665276317, -25.426122105229137 ], [ -49.277657988832566, -25.426123460211073 ], [ -49.277653312388715, -25.42612481519285 ], [ -49.277648635944772, -25.426126170174484 ], [ -49.277643959500729, -25.426127525155952 ], [ -49.277639283056594, -25.426128880137277 ], [ -49.27763771088194, -25.426130271513177 ], [ -49.277636138707258, -25.426131662889055 ], [ -49.277634566532541, -25.426133054264913 ], [ -49.277632994357781, -25.426134445640752 ], [ -49.277631422182992, -25.42613583701657 ], [ -49.277629850008161, -25.426137228392374 ], [ -49.277628277833301, -25.426138619768157 ], [ -49.277626705658399, -25.426140011143925 ], [ -49.277625133483461, -25.426141402519672 ], [ -49.277623561308495, -25.426142793895398 ], [ -49.277621989133479, -25.426144185271106 ], [ -49.277620416958442, -25.426145576646793 ], [ -49.277618844783362, -25.426146968022465 ], [ -49.277617272608239, -25.426148359398116 ], [ -49.277615700433088, -25.426149750773742 ], [ -49.277614128257902, -25.426151142149365 ], [ -49.27761255608268, -25.426152533524945 ], [ -49.277610983907415, -25.426153924900525 ], [ -49.277609411732115, -25.426155316276088 ], [ -49.277607839556786, -25.426156707651622 ], [ -49.277606267381415, -25.426158099027131 ], [ -49.277604695206009, -25.42615949040264 ], [ -49.277603123030566, -25.426160881778117 ], [ -49.277601550855096, -25.426162273153572 ], [ -49.277599978679582, -25.426163664529021 ], [ -49.277598406504026, -25.426165055904441 ], [ -49.277596834328449, -25.426166447279847 ], [ -49.277595262152822, -25.426167838655235 ], [ -49.277593689977166, -25.426169230030599 ], [ -49.277592117801468, -25.426170621405941 ], [ -49.277590545625742, -25.426172012781276 ], [ -49.277588973449973, -25.426173404156582 ], [ -49.277587401274175, -25.426174795531871 ], [ -49.277585829098335, -25.426176186907142 ], [ -49.277584256922459, -25.426177578282392 ], [ -49.277582684746555, -25.426178969657627 ], [ -49.277581112570601, -25.426180361032845 ], [ -49.277579540394626, -25.426181752408034 ], [ -49.277577968218601, -25.426183143783213 ], [ -49.277576396042548, -25.426184535158374 ], [ -49.277574823866459, -25.426185926533517 ], [ -49.277573251690335, -25.426187317908632 ], [ -49.277571679514175, -25.426188709283732 ], [ -49.277570107337972, -25.426190100658815 ], [ -49.277568535161734, -25.426191492033873 ], [ -49.277566962985468, -25.426192883408923 ], [ -49.277565390809158, -25.426194274783949 ], [ -49.277563818632821, -25.426195666158947 ], [ -49.277562246456434, -25.42619705753394 ], [ -49.277560674280025, -25.426198448908906 ], [ -49.277559102103574, -25.42619984028385 ], [ -49.277557529927087, -25.426201231658787 ], [ -49.277555957750558, -25.426202623033699 ], [ -49.277554385574007, -25.426204014408583 ], [ -49.277552813397406, -25.42620540578346 ], [ -49.27755124122077, -25.426206797158311 ], [ -49.277549669044106, -25.426208188533145 ], [ -49.277548096867406, -25.426209579907965 ], [ -49.277546524690663, -25.426210971282764 ], [ -49.277544952513885, -25.426212362657537 ], [ -49.277543380337079, -25.426213754032304 ], [ -49.27754180816023, -25.426215145407042 ], [ -49.277540235983338, -25.426216536781759 ], [ -49.277538663806425, -25.426217928156468 ], [ -49.27753553949362, -25.426219301332669 ], [ -49.277532415180744, -25.426220674508798 ], [ -49.277529290867797, -25.426222047684867 ], [ -49.277526166554779, -25.426223420860854 ], [ -49.277523042241697, -25.426224794036777 ], [ -49.277519917928558, -25.426226167212633 ], [ -49.277516793615341, -25.42622754038841 ], [ -49.27751366930206, -25.42622891356412 ], [ -49.277510544988708, -25.426230286739763 ], [ -49.277507420675292, -25.426231659915331 ], [ -49.277504296361805, -25.426233033090831 ], [ -49.277501172048254, -25.426234406266264 ], [ -49.277498047734639, -25.426235779441622 ], [ -49.277494923420946, -25.426237152616906 ], [ -49.277491799107189, -25.426238525792126 ], [ -49.277488674793368, -25.426239898967271 ], [ -49.277485550479476, -25.426241272142345 ], [ -49.27748242616552, -25.426242645317359 ], [ -49.277479301851493, -25.426244018492294 ], [ -49.277476177537402, -25.426245391667159 ], [ -49.27747305322324, -25.426246764841956 ], [ -49.277469928909007, -25.426248138016675 ], [ -49.27746680459471, -25.42624951119133 ], [ -49.277463680280341, -25.426250884365921 ], [ -49.277460555965916, -25.426252257540437 ], [ -49.277457431651413, -25.426253630714871 ], [ -49.277454307336846, -25.426255003889253 ], [ -49.277451183022215, -25.426256377063549 ], [ -49.277448058707513, -25.426257750237781 ], [ -49.27744493439274, -25.426259123411942 ], [ -49.277441810077903, -25.426260496586035 ], [ -49.277438685762995, -25.426261869760047 ], [ -49.277435561448023, -25.426263242933999 ], [ -49.27743243713298, -25.426264616107876 ], [ -49.277429312817873, -25.426265989281688 ], [ -49.277426188502702, -25.426267362455434 ], [ -49.277423064187452, -25.426268735629098 ], [ -49.277419939872139, -25.426270108802701 ], [ -49.277416815556762, -25.426271481976222 ], [ -49.277413691241314, -25.426272855149683 ], [ -49.277410566925802, -25.426274228323074 ], [ -49.277407442610219, -25.426275601496386 ], [ -49.277404318294565, -25.426276974669623 ], [ -49.277401193978854, -25.426278347842807 ], [ -49.277398069663064, -25.426279721015916 ], [ -49.277394945347211, -25.426281094188941 ], [ -49.277391821031294, -25.426282467361915 ], [ -49.277388696715306, -25.426283840534808 ], [ -49.277385572399254, -25.426285213707626 ], [ -49.277382448083124, -25.426286586880384 ], [ -49.277379323766937, -25.426287960053067 ], [ -49.277376199450678, -25.426289333225675 ], [ -49.277373075134349, -25.426290706398223 ], [ -49.277369950817956, -25.42629207957069 ], [ -49.277366826501499, -25.426293452743085 ], [ -49.277363702184971, -25.426294825915427 ], [ -49.277360577868372, -25.426296199087684 ], [ -49.277357453551708, -25.42629757225987 ], [ -49.277354329234981, -25.426298945431995 ], [ -49.277351204918183, -25.426300318604049 ], [ -49.277348080601307, -25.426301691776022 ], [ -49.277344956284374, -25.426303064947934 ], [ -49.27734183196737, -25.426304438119768 ], [ -49.277338707650301, -25.426305811291531 ], [ -49.27733092692273, -25.426307129861186 ], [ -49.277323146195016, -25.426308448430412 ], [ -49.27731536546716, -25.426309766999214 ], [ -49.277307584739155, -25.426311085567605 ], [ -49.277299804011001, -25.426312404135562 ], [ -49.277292023282712, -25.426313722703103 ], [ -49.277284242554273, -25.426315041270229 ], [ -49.277276461825693, -25.426316359836925 ], [ -49.277268681096963, -25.426317678403198 ], [ -49.277260900368091, -25.426318996969062 ], [ -49.277253119639084, -25.426320315534497 ], [ -49.277245338909914, -25.426321634099509 ], [ -49.277237558180616, -25.426322952664101 ], [ -49.277229777451169, -25.426324271228268 ], [ -49.277221996721579, -25.426325589792015 ], [ -49.27721421599184, -25.426326908355353 ], [ -49.277206435261959, -25.426328226918258 ], [ -49.277198654531936, -25.426329545480737 ], [ -49.277190873801764, -25.426330864042807 ], [ -49.27718309307145, -25.426332182604451 ], [ -49.277175312340994, -25.426333501165661 ], [ -49.277167531610388, -25.42633481972647 ], [ -49.27715975087964, -25.426336138286853 ], [ -49.277151970148758, -25.426337456846806 ], [ -49.277144189417726, -25.426338775406343 ], [ -49.277136408686545, -25.426340093965464 ], [ -49.277128627955214, -25.426341412524152 ], [ -49.277120847223749, -25.426342731082428 ], [ -49.277113066492142, -25.426344049640274 ], [ -49.277105285760378, -25.426345368197694 ], [ -49.277097505028479, -25.426346686754716 ], [ -49.277089724296438, -25.426348005311301 ], [ -49.277080411473655, -25.426347896091311 ], [ -49.277071098650921, -25.426347786870732 ], [ -49.277061785828245, -25.426347677649559 ], [ -49.277052473005625, -25.426347568427808 ], [ -49.277043160183055, -25.426347459205459 ], [ -49.277033847360549, -25.426347349982514 ], [ -49.277024534538086, -25.426347240758986 ], [ -49.277015221715679, -25.426347131534872 ], [ -49.277005908893329, -25.426347022310161 ], [ -49.276996596071029, -25.426346913084867 ], [ -49.276987283248786, -25.42634680385898 ], [ -49.276977970426593, -25.4263466946325 ], [ -49.276968657604456, -25.42634658540544 ], [ -49.276959344782384, -25.426346476177777 ], [ -49.276950031960361, -25.426346366949534 ], [ -49.276940719138381, -25.426346257720699 ], [ -49.276931406316464, -25.426346148491277 ], [ -49.276922093494598, -25.426346039261258 ], [ -49.276912780672795, -25.426345930030653 ], [ -49.276903467851035, -25.426345820799455 ], [ -49.276894155029332, -25.426345711567677 ], [ -49.276884842207686, -25.426345602335299 ], [ -49.276875529386089, -25.426345493102335 ], [ -49.276866216564557, -25.426345383868785 ], [ -49.276856903743067, -25.426345274634642 ], [ -49.276847590921633, -25.426345165399908 ], [ -49.276838278100264, -25.426345056164582 ], [ -49.276828965278938, -25.426344946928669 ], [ -49.276819652457668, -25.426344837692167 ], [ -49.276810339636455, -25.426344728455078 ], [ -49.276801026815292, -25.426344619217389 ], [ -49.276791713994186, -25.426344509979121 ], [ -49.276790141807425, -25.426345901345243 ], [ -49.276788569620614, -25.426347292711363 ], [ -49.276786997433774, -25.426348684077457 ], [ -49.276785425246892, -25.426350075443519 ], [ -49.276783853059982, -25.426351466809582 ], [ -49.276782280873036, -25.426352858175616 ], [ -49.276780708686054, -25.426354249541625 ], [ -49.27677913649903, -25.42635564090763 ], [ -49.276777564311971, -25.426357032273611 ], [ -49.276775992124875, -25.426358423639567 ], [ -49.276774419937752, -25.426359815005508 ], [ -49.276772847750586, -25.426361206371432 ], [ -49.276771275563384, -25.426362597737327 ], [ -49.276769703376139, -25.426363989103219 ], [ -49.276768131188874, -25.426365380469083 ], [ -49.276766559001558, -25.426366771834921 ], [ -49.276764986814214, -25.426368163200753 ], [ -49.276763414626835, -25.426369554566556 ], [ -49.276761842439413, -25.426370945932341 ], [ -49.276760270251962, -25.426372337298123 ], [ -49.276758698064469, -25.426373728663865 ], [ -49.276757125876948, -25.426375120029597 ], [ -49.276755553689384, -25.426376511395318 ], [ -49.276753981501784, -25.426377902761008 ], [ -49.276752409314149, -25.426379294126683 ], [ -49.276750837126478, -25.42638068549234 ], [ -49.276749264938779, -25.426382076857966 ], [ -49.27674769275103, -25.426383468223591 ], [ -49.276746120563246, -25.426384859589199 ], [ -49.27674454837544, -25.426386250954771 ], [ -49.276742976187585, -25.426387642320329 ], [ -49.276741403999701, -25.426389033685872 ], [ -49.276738279674383, -25.42639040684438 ], [ -49.276735155349002, -25.426391780002817 ], [ -49.276732031023556, -25.42639315316119 ], [ -49.276728906698033, -25.426394526319484 ], [ -49.276725782372445, -25.426395899477708 ], [ -49.276722658046801, -25.426397272635874 ], [ -49.276719533721071, -25.426398645793956 ], [ -49.276716409395291, -25.426400018951973 ], [ -49.276713285069434, -25.426401392109916 ], [ -49.276710160743512, -25.426402765267795 ], [ -49.27670703641752, -25.426404138425589 ], [ -49.276703912091463, -25.426405511583337 ], [ -49.276700787765336, -25.426406884740995 ], [ -49.276697663439137, -25.426408257898586 ], [ -49.276694539112881, -25.42640963105611 ], [ -49.276691414786548, -25.426411004213559 ], [ -49.27668829046015, -25.426412377370944 ], [ -49.276685166133689, -25.426413750528258 ], [ -49.276682041807163, -25.426415123685498 ], [ -49.27667891748056, -25.426416496842666 ], [ -49.276675793153892, -25.426417869999774 ], [ -49.276672668827153, -25.426419243156797 ], [ -49.276669544500358, -25.426420616313759 ], [ -49.276666420173484, -25.426421989470651 ], [ -49.276663295846546, -25.42642336262746 ], [ -49.276660171519538, -25.426424735784213 ], [ -49.276657047192465, -25.426426108940902 ], [ -49.276653922865322, -25.426427482097498 ], [ -49.276650798538114, -25.426428855254034 ], [ -49.276647674210842, -25.426430228410503 ], [ -49.2766445498835, -25.4264316015669 ], [ -49.276641425556086, -25.42643297472322 ], [ -49.276638301228608, -25.426434347879482 ], [ -49.27663517690106, -25.426435721035663 ], [ -49.276632052573447, -25.426437094191776 ], [ -49.276628928245771, -25.426438467347833 ], [ -49.276625803918016, -25.426439840503797 ], [ -49.276622679590204, -25.426441213659697 ], [ -49.276619555262315, -25.426442586815533 ], [ -49.276616430934361, -25.426443959971298 ], [ -49.276613306606343, -25.426445333126985 ], [ -49.276610182278255, -25.426446706282615 ], [ -49.276607057950102, -25.42644807943816 ], [ -49.276603933621878, -25.426449452593637 ], [ -49.276600809293591, -25.426450825749054 ], [ -49.276597684965232, -25.426452198904386 ], [ -49.276594560636802, -25.426453572059653 ], [ -49.276591436308308, -25.426454945214864 ], [ -49.276588311979751, -25.42645631836999 ], [ -49.276585187651122, -25.426457691525048 ], [ -49.276582063322422, -25.426459064680039 ], [ -49.276578938993659, -25.426460437834955 ], [ -49.276575814664831, -25.4264618109898 ], [ -49.276572690335932, -25.426463184144577 ], [ -49.276569566006962, -25.42646455729928 ], [ -49.276566441677929, -25.426465930453915 ], [ -49.276563317348824, -25.426467303608483 ], [ -49.276560193019655, -25.426468676762976 ], [ -49.276557068690416, -25.426470049917402 ], [ -49.276553944361112, -25.42647142307176 ], [ -49.276550820031737, -25.42647279622604 ], [ -49.276547695702298, -25.426474169380249 ], [ -49.276544571372796, -25.426475542534401 ], [ -49.276541447043215, -25.426476915688468 ], [ -49.276539874851927, -25.426478307051653 ], [ -49.276538302660597, -25.426479698414827 ], [ -49.276536730469232, -25.426481089777972 ], [ -49.276535158277838, -25.4264824811411 ], [ -49.276533586086401, -25.426483872504217 ], [ -49.276532013894936, -25.426485263867306 ], [ -49.276530441703429, -25.426486655230377 ], [ -49.276528869511885, -25.426488046593438 ], [ -49.276527297320307, -25.426489437956469 ], [ -49.276525725128693, -25.426490829319484 ], [ -49.276524152937036, -25.426492220682483 ], [ -49.276522580745358, -25.426493612045459 ], [ -49.27652100855363, -25.426495003408416 ], [ -49.276519436361866, -25.426496394771366 ], [ -49.276517864170081, -25.426497786134288 ], [ -49.276516291978247, -25.426499177497188 ], [ -49.276514719786377, -25.426500568860074 ], [ -49.276513147594478, -25.426501960222939 ], [ -49.276511575402537, -25.426503351585779 ], [ -49.276510003210561, -25.426504742948609 ], [ -49.276508431018549, -25.42650613431141 ], [ -49.276506858826501, -25.426507525674197 ], [ -49.276505286634418, -25.426508917036976 ], [ -49.276503714442292, -25.426510308399724 ], [ -49.276502142250145, -25.426511699762454 ], [ -49.276500570057948, -25.42651309112517 ], [ -49.276498997865723, -25.42651448248786 ], [ -49.276497425673462, -25.426515873850533 ], [ -49.276495853481158, -25.426517265213196 ], [ -49.276494281288819, -25.42651865657583 ], [ -49.276492709096445, -25.426520047938443 ], [ -49.276491136904035, -25.426521439301052 ], [ -49.276489564711589, -25.426522830663629 ], [ -49.276487992519115, -25.426524222026185 ], [ -49.276486420326599, -25.426525613388733 ], [ -49.276484848134047, -25.426527004751254 ], [ -49.276483275941459, -25.42652839611376 ], [ -49.276481703748836, -25.426529787476245 ], [ -49.27648013155617, -25.426531178838708 ], [ -49.276478559363468, -25.426532570201157 ], [ -49.276476987170739, -25.426533961563589 ], [ -49.276475414977966, -25.426535352925999 ], [ -49.276473842785165, -25.426536744288384 ], [ -49.276472270592322, -25.426538135650755 ], [ -49.27647069839945, -25.426539527013112 ], [ -49.276469126206536, -25.426540918375441 ], [ -49.276467554013585, -25.426542309737759 ], [ -49.2764659818206, -25.426543701100055 ], [ -49.276464409627579, -25.42654509246233 ], [ -49.276462837434522, -25.426546483824595 ], [ -49.276461265241423, -25.426547875186827 ], [ -49.276459693048295, -25.426549266549042 ], [ -49.276458120855125, -25.426550657911253 ], [ -49.276456548661933, -25.426552049273429 ], [ -49.276454976468692, -25.426553440635587 ], [ -49.276453404275415, -25.426554831997734 ], [ -49.276451832082103, -25.42655622335986 ], [ -49.276450259888755, -25.426557614721958 ], [ -49.276448687695371, -25.426559006084059 ], [ -49.276447115501952, -25.426560397446121 ], [ -49.276445543308505, -25.426561788808161 ], [ -49.276443971115008, -25.426563180170202 ], [ -49.276442398921489, -25.426564571532214 ], [ -49.276440826727921, -25.426565962894195 ], [ -49.276439254534324, -25.426567354256179 ], [ -49.276437682340692, -25.426568745618127 ], [ -49.276436110147017, -25.426570136980057 ], [ -49.276434537953307, -25.426571528341988 ], [ -49.276432965759568, -25.426572919703879 ], [ -49.276431393565794, -25.426574311065753 ], [ -49.27642982137197, -25.426575702427616 ], [ -49.276428249178117, -25.426577093789462 ], [ -49.276426676984237, -25.426578485151271 ], [ -49.276425104790306, -25.426579876513081 ], [ -49.276423532596354, -25.426581267874866 ], [ -49.276421960402352, -25.426582659236622 ], [ -49.276420388208322, -25.426584050598379 ], [ -49.276418816014257, -25.426585441960107 ], [ -49.276417243820148, -25.426586833321803 ], [ -49.276415671626012, -25.426588224683496 ], [ -49.27641409943184, -25.426589616045163 ], [ -49.276412527237625, -25.426591007406817 ], [ -49.276410955043374, -25.426592398768449 ], [ -49.276409382849089, -25.42659379013006 ], [ -49.276407810654767, -25.426595181491649 ], [ -49.276406238460417, -25.426596572853231 ], [ -49.276404666266025, -25.426597964214782 ], [ -49.27640309407159, -25.426599355576318 ], [ -49.276401521877126, -25.426600746937844 ], [ -49.276399949682627, -25.426602138299337 ], [ -49.276398377488093, -25.426603529660813 ], [ -49.276396805293523, -25.426604921022285 ], [ -49.276395233098903, -25.426606312383726 ], [ -49.276393660904262, -25.426607703745145 ], [ -49.276392088709585, -25.426609095106553 ], [ -49.276390516514859, -25.426610486467936 ], [ -49.276388904210449, -25.426614696973722 ], [ -49.276387291905912, -25.426618907479501 ], [ -49.276385679601255, -25.42662311798524 ], [ -49.276384067296476, -25.426627328490969 ], [ -49.276382454991577, -25.426631538996666 ], [ -49.276380842686564, -25.426635749502328 ], [ -49.276379230381423, -25.426639960007972 ], [ -49.276377618076168, -25.426644170513594 ], [ -49.276376005770786, -25.426648381019181 ], [ -49.276374393465289, -25.426652591524753 ], [ -49.276372781159665, -25.426656802030291 ], [ -49.276371168853927, -25.426661012535806 ], [ -49.276369556548069, -25.426665223041287 ], [ -49.276367944242089, -25.426669433546753 ], [ -49.276366331935989, -25.42667364405219 ], [ -49.276364719629768, -25.4266778545576 ], [ -49.276363107323427, -25.426682065062987 ], [ -49.276361495016964, -25.426686275568347 ], [ -49.276359882710381, -25.426690486073682 ], [ -49.276358270403684, -25.426694696578988 ], [ -49.276356658096866, -25.426698907084269 ], [ -49.27635504578992, -25.426703117589526 ], [ -49.276353433482853, -25.426707328094757 ], [ -49.276351821175673, -25.426711538599957 ], [ -49.276350208868372, -25.426715749105139 ], [ -49.27634859656095, -25.426719959610292 ], [ -49.276346984253408, -25.426724170115421 ], [ -49.276345371945737, -25.426728380620517 ], [ -49.276343759637953, -25.426732591125592 ], [ -49.276342147330048, -25.426736801630636 ], [ -49.27634053502203, -25.426741012135668 ], [ -49.276338922713883, -25.426745222640662 ], [ -49.276337310405616, -25.426749433145638 ], [ -49.276335698097228, -25.426753643650574 ], [ -49.276334085788726, -25.4267578541555 ], [ -49.276332473480103, -25.426762064660394 ], [ -49.276330861171353, -25.426766275165267 ], [ -49.276329248862488, -25.426770485670101 ], [ -49.276327636553503, -25.42677469617492 ], [ -49.276326024244398, -25.426778906679711 ], [ -49.276324411935171, -25.426783117184478 ], [ -49.276322799625824, -25.426787327689215 ], [ -49.276321187316356, -25.426791538193925 ], [ -49.276319575006767, -25.426795748698616 ], [ -49.276317962697057, -25.426799959203272 ], [ -49.276316350387233, -25.426804169707914 ], [ -49.276314738077282, -25.42680838021252 ], [ -49.27631312576721, -25.426812590717105 ], [ -49.276311513457024, -25.426816801221666 ], [ -49.276309901146718, -25.426821011726194 ], [ -49.276308288836283, -25.426825222230708 ], [ -49.276306676525735, -25.426829432735179 ], [ -49.276305064215066, -25.42683364323964 ], [ -49.276303451904269, -25.426837853744065 ], [ -49.276301839593366, -25.426842064248465 ], [ -49.276300227282334, -25.426846274752837 ], [ -49.276298614971182, -25.426850485257198 ], [ -49.276297002659909, -25.426854695761516 ], [ -49.276295390348515, -25.426858906265824 ], [ -49.276293778037008, -25.426863116770093 ], [ -49.276292165725373, -25.426867327274344 ], [ -49.276290553413624, -25.426871537778567 ], [ -49.276288941101747, -25.426875748282761 ], [ -49.276287328789749, -25.42687995878693 ], [ -49.276285756590191, -25.4268813501469 ], [ -49.27628418439059, -25.426882741506848 ], [ -49.276282612190954, -25.426884132866778 ], [ -49.276281039991282, -25.426885524226691 ], [ -49.276279467791575, -25.426886915586582 ], [ -49.276277895591832, -25.426888306946459 ], [ -49.276276323392054, -25.426889698306312 ], [ -49.276274751192233, -25.42689108966615 ], [ -49.276273178992383, -25.426892481025966 ], [ -49.276271606792498, -25.426893872385762 ], [ -49.276270034592571, -25.426895263745539 ], [ -49.276268462392608, -25.426896655105296 ], [ -49.276266890192616, -25.426898046465041 ], [ -49.276265317992582, -25.426899437824762 ], [ -49.276263745792512, -25.426900829184461 ], [ -49.276262173592407, -25.426902220544147 ], [ -49.276260601392266, -25.426903611903814 ], [ -49.27625902919209, -25.42690500326346 ], [ -49.276257456991878, -25.426906394623089 ], [ -49.276255884791624, -25.426907785982692 ], [ -49.276254312591341, -25.426909177342282 ], [ -49.276252740391023, -25.426910568701853 ], [ -49.276251168190662, -25.426911960061403 ], [ -49.276249595990272, -25.426913351420932 ], [ -49.27624802378984, -25.42691474278045 ], [ -49.276246451589373, -25.426916134139944 ], [ -49.276244879388877, -25.426917525499416 ], [ -49.276243307188331, -25.426918916858877 ], [ -49.276241734987764, -25.42692030821831 ], [ -49.276240162787147, -25.426921699577722 ], [ -49.276238590586502, -25.42692309093713 ], [ -49.276237018385828, -25.42692448229651 ], [ -49.276238550472783, -25.426925910081213 ], [ -49.276240082559774, -25.426927337865919 ], [ -49.276241614646807, -25.426928765650594 ], [ -49.276243146733876, -25.426930193435258 ], [ -49.27624467882098, -25.426931621219914 ], [ -49.276246210908127, -25.42693304900455 ], [ -49.276247742995295, -25.426934476789171 ], [ -49.276249275082513, -25.426935904573781 ], [ -49.27625080716976, -25.426937332358374 ], [ -49.276252339257042, -25.426938760142953 ], [ -49.276253871344366, -25.426940187927528 ], [ -49.276255403431719, -25.426941615712074 ], [ -49.276256935519115, -25.426943043496607 ], [ -49.276258467606546, -25.426944471281136 ], [ -49.276259999694005, -25.42694589906564 ], [ -49.276261531781508, -25.426947326850136 ], [ -49.276263063869045, -25.426948754634619 ], [ -49.276264595956619, -25.42695018241908 ], [ -49.276266128044227, -25.426951610203528 ], [ -49.276267660131872, -25.426953037987975 ], [ -49.276269192219551, -25.426954465772393 ], [ -49.276270724307267, -25.426955893556798 ], [ -49.276272256395018, -25.426957321341195 ], [ -49.276273788482818, -25.426958749125571 ], [ -49.276275320570633, -25.42696017690993 ], [ -49.276276852658498, -25.426961604694291 ], [ -49.276278384746398, -25.426963032478625 ], [ -49.276279916834334, -25.426964460262941 ], [ -49.276281448922298, -25.426965888047249 ], [ -49.276282981010304, -25.426967315831547 ], [ -49.276284513098346, -25.42696874361582 ], [ -49.276286045186424, -25.42697017140009 ], [ -49.276287577274545, -25.426971599184338 ], [ -49.276289109362693, -25.426973026968572 ], [ -49.276290641450878, -25.426974454752802 ], [ -49.276292173539098, -25.426975882537 ], [ -49.27629370562736, -25.426977310321192 ], [ -49.276295237715651, -25.426978738105372 ], [ -49.276296769803977, -25.426980165889535 ], [ -49.276298301892346, -25.426981593673677 ], [ -49.276299833980751, -25.426983021457826 ], [ -49.276301366069191, -25.426984449241942 ], [ -49.276302898157667, -25.426985877026045 ], [ -49.276304430246178, -25.42698730481014 ], [ -49.276305962334725, -25.426988732594211 ], [ -49.276307494423307, -25.426990160378278 ], [ -49.276309026511925, -25.426991588162323 ], [ -49.276310558600578, -25.426993015946366 ], [ -49.276312090689274, -25.426994443730379 ], [ -49.276313622778005, -25.426995871514393 ], [ -49.276315154866765, -25.426997299298378 ], [ -49.276316686955568, -25.426998727082353 ], [ -49.276318219044398, -25.427000154866324 ], [ -49.276319751133272, -25.427001582650266 ], [ -49.276321283222181, -25.427003010434198 ], [ -49.276322815311119, -25.427004438218123 ], [ -49.276324347400106, -25.42700586600202 ], [ -49.276325879489121, -25.427007293785913 ], [ -49.276327411578173, -25.427008721569791 ], [ -49.276328943667259, -25.427010149353649 ], [ -49.276330475756382, -25.427011577137495 ], [ -49.276332007845546, -25.427013004921335 ], [ -49.27633353993474, -25.42701443270515 ], [ -49.276335072023976, -25.427015860488954 ], [ -49.27633660411324, -25.427017288272744 ], [ -49.276338136202547, -25.427018716056523 ], [ -49.276339668291889, -25.427020143840284 ], [ -49.276341200381268, -25.427021571624032 ], [ -49.276342732470674, -25.427022999407757 ], [ -49.276344264560123, -25.427024427191476 ], [ -49.276345796649608, -25.427025854975192 ], [ -49.276347328739135, -25.427027282758875 ], [ -49.276348860828691, -25.427028710542547 ], [ -49.276350392918282, -25.427030138326209 ], [ -49.276351925007909, -25.427031566109857 ], [ -49.276353457097578, -25.42703299389348 ], [ -49.276354989187283, -25.427034421677106 ], [ -49.276356521277016, -25.427035849460708 ], [ -49.276358053366792, -25.427037277244295 ], [ -49.276359585456603, -25.427038705027876 ], [ -49.276361117546443, -25.427040132811431 ], [ -49.276362649636326, -25.427041560594979 ], [ -49.276364181726244, -25.427042988378513 ], [ -49.276365713816197, -25.42704441616203 ], [ -49.276367245906187, -25.427045843945525 ], [ -49.276368777996218, -25.42704727172902 ], [ -49.276370310086278, -25.42704869951249 ], [ -49.276371842176381, -25.427050127295949 ], [ -49.276373374266512, -25.427051555079398 ], [ -49.276374906356686, -25.427052982862829 ], [ -49.276376438446889, -25.427054410646242 ], [ -49.276377970537133, -25.427055838429649 ], [ -49.276379502627407, -25.427057266213037 ], [ -49.276381034717723, -25.427058693996404 ], [ -49.276382566808074, -25.427060121779775 ], [ -49.276384098898461, -25.42706154956311 ], [ -49.276387203189856, -25.427061585985502 ], [ -49.276390307481265, -25.427061622407823 ], [ -49.276393411772666, -25.42706165883008 ], [ -49.276396516064089, -25.427061695252274 ], [ -49.276399620355505, -25.427061731674399 ], [ -49.276402724646935, -25.427061768096461 ], [ -49.276405828938366, -25.427061804518456 ], [ -49.276408933229803, -25.427061840940386 ], [ -49.276412037521254, -25.427061877362256 ], [ -49.276415141812699, -25.427061913784051 ], [ -49.276418246104157, -25.427061950205783 ], [ -49.276421350395616, -25.42706198662745 ], [ -49.276424454687088, -25.427062023049057 ], [ -49.276427558978568, -25.42706205947059 ], [ -49.276430663270048, -25.427062095892065 ], [ -49.276433767561528, -25.42706213231347 ], [ -49.276436871853022, -25.42706216873481 ], [ -49.276439976144523, -25.427062205156087 ], [ -49.276443080436032, -25.427062241577293 ], [ -49.276446184727547, -25.427062277998438 ], [ -49.276449289019055, -25.427062314419516 ], [ -49.276452393310585, -25.427062350840526 ], [ -49.276455497602107, -25.427062387261472 ], [ -49.276458601893644, -25.427062423682358 ], [ -49.276461706185188, -25.427062460103169 ], [ -49.276464810476739, -25.42706249652392 ], [ -49.27646791476829, -25.427062532944607 ], [ -49.276471019059848, -25.427062569365226 ], [ -49.27647412335142, -25.427062605785778 ], [ -49.276477227642985, -25.42706264220627 ], [ -49.276480331934565, -25.427062678626694 ], [ -49.276483436226144, -25.42706271504705 ], [ -49.276484928209577, -25.427066961973804 ], [ -49.276486420193095, -25.42707120890055 ], [ -49.276487912176719, -25.427075455827282 ], [ -49.276489404160436, -25.427079702754011 ], [ -49.276490896144253, -25.427083949680721 ], [ -49.276492388128162, -25.427088196607411 ], [ -49.276493880112163, -25.427092443534104 ], [ -49.276495372096271, -25.427096690460772 ], [ -49.276496864080471, -25.427100937387429 ], [ -49.276498356064764, -25.42710518431408 ], [ -49.276499848049156, -25.427109431240719 ], [ -49.27650134003364, -25.427113678167345 ], [ -49.276502832018224, -25.427117925093956 ], [ -49.2765043240029, -25.427122172020557 ], [ -49.276505815987676, -25.427126418947147 ], [ -49.276507307972551, -25.427130665873726 ], [ -49.276508799957519, -25.427134912800291 ], [ -49.276510291942579, -25.427139159726845 ], [ -49.276511783927738, -25.427143406653382 ], [ -49.276513275912997, -25.427147653579912 ], [ -49.276514767898355, -25.427151900506427 ], [ -49.276516259883799, -25.427156147432935 ], [ -49.276517751869342, -25.427160394359426 ], [ -49.276519243854985, -25.427164641285906 ], [ -49.276520735840727, -25.427168888212382 ], [ -49.276522227826561, -25.427173135138833 ], [ -49.276523719812488, -25.427177382065281 ], [ -49.276525211798514, -25.427181628991708 ], [ -49.27652670378464, -25.427185875918127 ], [ -49.276528195770858, -25.427190122844536 ], [ -49.276529687757169, -25.427194369770934 ], [ -49.276531179743586, -25.427198616697318 ], [ -49.276529567434835, -25.427202827204187 ], [ -49.276527955125964, -25.427207037711035 ], [ -49.276526342816972, -25.427211248217844 ], [ -49.276524730507866, -25.427215458724639 ], [ -49.276523118198639, -25.427219669231398 ], [ -49.276521505889292, -25.42722387973814 ], [ -49.276519893579824, -25.427228090244849 ], [ -49.276518281270235, -25.427232300751548 ], [ -49.276516668960532, -25.427236511258201 ], [ -49.276515056650695, -25.427240721764839 ], [ -49.276513444340743, -25.427244932271449 ], [ -49.276511832030678, -25.427249142778031 ], [ -49.276510219720485, -25.427253353284595 ], [ -49.276508607410172, -25.42725756379112 ], [ -49.276506995099744, -25.42726177429763 ], [ -49.276505382789196, -25.427265984804112 ], [ -49.27650377047852, -25.427270195310562 ], [ -49.27650215816773, -25.427274405816995 ], [ -49.27650054585682, -25.427278616323399 ], [ -49.276498933545781, -25.427282826829774 ], [ -49.276497321234636, -25.427287037336122 ], [ -49.276495708923356, -25.427291247842451 ], [ -49.27649409661197, -25.427295458348752 ], [ -49.276492484300448, -25.427299668855024 ], [ -49.27649087198882, -25.427303879361276 ], [ -49.276489259677064, -25.427308089867488 ], [ -49.276487647365194, -25.427312300373682 ], [ -49.276486035053196, -25.427316510879859 ], [ -49.276484422741085, -25.427320721386003 ], [ -49.276482810428845, -25.42732493189212 ], [ -49.276481198116493, -25.427329142398211 ], [ -49.276479585804019, -25.427333352904284 ], [ -49.276477993545875, -25.427336153838187 ], [ -49.276476401287646, -25.427338954772054 ], [ -49.276474809029345, -25.427341755705907 ], [ -49.276473216770967, -25.427344556639738 ], [ -49.27647162451251, -25.427347357573545 ], [ -49.276470032253982, -25.427350158507334 ], [ -49.276468439995377, -25.427352959441105 ], [ -49.276466847736693, -25.427355760374841 ], [ -49.276465255477923, -25.427358561308559 ], [ -49.276463663219097, -25.427361362242269 ], [ -49.276462070960179, -25.427364163175934 ], [ -49.276460478701189, -25.427366964109588 ], [ -49.276458886442121, -25.42736976504322 ], [ -49.276457294182975, -25.427372565976825 ], [ -49.276455701923751, -25.427375366910418 ], [ -49.276454109664456, -25.427378167843983 ], [ -49.276452517405083, -25.42738096877752 ], [ -49.276450925145632, -25.427383769711042 ], [ -49.276449332886102, -25.427386570644547 ], [ -49.276447740626502, -25.427389371578023 ], [ -49.276446148366823, -25.427392172511478 ], [ -49.276444556107059, -25.427394973444908 ], [ -49.276442963847231, -25.427397774378324 ], [ -49.27644137158731, -25.427400575311708 ], [ -49.276439779327326, -25.427403376245074 ], [ -49.276438187067264, -25.427406177178415 ], [ -49.276436594807116, -25.427408978111742 ], [ -49.276435002546904, -25.427411779045041 ], [ -49.276433410286607, -25.427414579978318 ], [ -49.276431818026239, -25.427417380911574 ], [ -49.276430225765793, -25.427420181844809 ], [ -49.276428633505269, -25.427422982778015 ], [ -49.276430145545461, -25.427425820133163 ], [ -49.276431657585725, -25.427428657488306 ], [ -49.27643316962606, -25.427431494843447 ], [ -49.276434681666466, -25.427434332198555 ], [ -49.276436193706928, -25.427437169553663 ], [ -49.276437705747469, -25.427440006908757 ], [ -49.276439217788067, -25.42744284426383 ], [ -49.276440729828735, -25.427445681618892 ], [ -49.276442241869475, -25.427448518973957 ], [ -49.276443753910286, -25.427451356328991 ], [ -49.276445265951153, -25.427454193684021 ], [ -49.276446777992099, -25.42745703103903 ], [ -49.276448290033102, -25.427459868394028 ], [ -49.276449802074183, -25.427462705749022 ], [ -49.276451314115327, -25.427465543103992 ], [ -49.276452826156536, -25.427468380458954 ], [ -49.276454338197816, -25.427471217813903 ], [ -49.276455850239167, -25.42747405516884 ], [ -49.276457362280574, -25.427476892523764 ], [ -49.27645887432206, -25.427479729878669 ], [ -49.27646038636361, -25.427482567233575 ], [ -49.27646189840523, -25.427485404588452 ], [ -49.276463410446915, -25.427488241943326 ], [ -49.276464922488664, -25.427491079298189 ], [ -49.276466434530491, -25.427493916653034 ], [ -49.276467946572375, -25.427496754007866 ], [ -49.276469458614329, -25.42749959136269 ], [ -49.276470970656355, -25.427502428717492 ], [ -49.276472482698445, -25.427505266072288 ], [ -49.276473994740606, -25.427508103427066 ], [ -49.27647550678283, -25.427510940781836 ], [ -49.276477018825126, -25.427513778136593 ], [ -49.276478550922086, -25.427515205919221 ], [ -49.276480083019088, -25.427516633701842 ], [ -49.276481615116126, -25.427518061484449 ], [ -49.276483147213192, -25.427519489267038 ], [ -49.276484679310308, -25.427520917049613 ], [ -49.276486211407452, -25.42752234483217 ], [ -49.276487743504632, -25.427523772614716 ], [ -49.276489275601847, -25.427525200397252 ], [ -49.276490807699105, -25.42752662817977 ], [ -49.276492339796398, -25.42752805596227 ], [ -49.27649387189372, -25.427529483744763 ], [ -49.276495403991085, -25.427530911527235 ], [ -49.276496936088485, -25.427532339309689 ], [ -49.276498468185913, -25.427533767092143 ], [ -49.276500000283384, -25.427535194874572 ], [ -49.276501532380884, -25.427536622656991 ], [ -49.276503064478426, -25.427538050439395 ], [ -49.276504596576004, -25.427539478221782 ], [ -49.276506128673624, -25.42754090600415 ], [ -49.276507660771273, -25.427542333786512 ], [ -49.276509192868957, -25.427543761568856 ], [ -49.276510724966684, -25.427545189351189 ], [ -49.276512257064439, -25.427546617133505 ], [ -49.276513789162237, -25.427548044915802 ], [ -49.276515321260064, -25.42754947269809 ], [ -49.276516853357933, -25.427550900480369 ], [ -49.276518385455837, -25.427552328262625 ], [ -49.276519917553777, -25.427553756044865 ], [ -49.276521449651746, -25.427555183827103 ], [ -49.276522981749757, -25.427556611609322 ], [ -49.276524513847804, -25.427558039391513 ], [ -49.276526045945893, -25.427559467173712 ], [ -49.276527578044011, -25.427560894955882 ], [ -49.276529110142164, -25.427562322738037 ], [ -49.27653064224036, -25.427563750520182 ], [ -49.276532174338584, -25.427565178302309 ], [ -49.276533706436844, -25.427566606084419 ], [ -49.276535238535146, -25.427568033866528 ], [ -49.276536770633484, -25.42756946164862 ], [ -49.276538302731851, -25.427570889430687 ], [ -49.27653983483026, -25.427572317212746 ], [ -49.276541366928704, -25.427573744994788 ], [ -49.276542899027177, -25.427575172776809 ], [ -49.2765444311257, -25.427576600558833 ], [ -49.276545963224251, -25.427578028340832 ], [ -49.276547495322838, -25.427579456122814 ], [ -49.276549027421467, -25.427580883904795 ], [ -49.276550559520125, -25.427582311686749 ], [ -49.276552091618825, -25.427583739468691 ], [ -49.276553623717554, -25.427585167250619 ], [ -49.276555155816318, -25.427586595032533 ], [ -49.276556687915125, -25.427588022814426 ], [ -49.276558220013968, -25.427589450596319 ], [ -49.276559752112838, -25.427590878378187 ], [ -49.276561284211752, -25.42759230616004 ], [ -49.276562816310708, -25.42759373394189 ], [ -49.276564348409693, -25.427595161723712 ], [ -49.276565880508713, -25.427596589505519 ], [ -49.276567412607768, -25.427598017287327 ], [ -49.27656894470686, -25.427599445069113 ], [ -49.276570476805993, -25.427600872850881 ], [ -49.276572008905163, -25.427602300632643 ], [ -49.27657354100436, -25.427603728414386 ], [ -49.276575073103594, -25.427605156196105 ], [ -49.27657644477447, -25.427617860555138 ], [ -49.276577816445545, -25.427630564914143 ], [ -49.276579188116827, -25.427643269273133 ], [ -49.276580559788314, -25.427655973632103 ], [ -49.276581931460001, -25.427668677991061 ], [ -49.2765833031319, -25.427681382349988 ], [ -49.276584674803992, -25.4276940867089 ], [ -49.276586046476304, -25.427706791067806 ], [ -49.276587418148807, -25.427719495426679 ], [ -49.276588789821517, -25.427732199785545 ], [ -49.276590161494433, -25.427744904144376 ], [ -49.276591533167554, -25.427757608503196 ], [ -49.276592904840882, -25.427770312861998 ], [ -49.276594276514409, -25.427783017220786 ], [ -49.276595648188142, -25.427795721579553 ], [ -49.276597019862081, -25.427808425938295 ], [ -49.276598391536218, -25.42782113029703 ], [ -49.276599763210562, -25.427833834655733 ], [ -49.276601134885119, -25.427846539014425 ], [ -49.276602506559868, -25.427859243373092 ], [ -49.27660387823483, -25.427871947731745 ], [ -49.276605249909998, -25.427884652090373 ], [ -49.276606621585366, -25.427897356448995 ], [ -49.276607993260939, -25.427910060807591 ], [ -49.276609364936711, -25.427922765166166 ], [ -49.276610736612696, -25.427935469524726 ], [ -49.27661210828888, -25.427948173883266 ], [ -49.27661347996527, -25.427960878241784 ], [ -49.276614851641867, -25.427973582600291 ], [ -49.276616223318662, -25.427986286958767 ], [ -49.276617594995663, -25.427998991317235 ], [ -49.276618966672878, -25.428011695675682 ], [ -49.276620338350291, -25.428024400034111 ], [ -49.276621710027904, -25.428037104392516 ], [ -49.276623081705729, -25.428049808750906 ], [ -49.276624453383747, -25.428062513109278 ], [ -49.276625825061977, -25.428075217467629 ], [ -49.276627196740414, -25.428087921825959 ], [ -49.276628568419049, -25.428100626184278 ], [ -49.276629940097891, -25.428113330542566 ], [ -49.276631311776939, -25.428126034900846 ], [ -49.276632683456192, -25.428138739259104 ], [ -49.276634055135652, -25.428151443617349 ], [ -49.276635426815311, -25.428164147975565 ], [ -49.276636798495176, -25.428176852333763 ], [ -49.276638170175247, -25.428189556691947 ], [ -49.276639541855516, -25.428202261050114 ], [ -49.276640913535992, -25.428214965408259 ], [ -49.276642285216681, -25.428227669766386 ], [ -49.276643656897562, -25.428240374124492 ], [ -49.276645028578656, -25.42825307848258 ], [ -49.276646400259949, -25.428265782840651 ], [ -49.276647771941448, -25.428278487198703 ], [ -49.276649143623153, -25.428291191556742 ], [ -49.276650515305057, -25.428303895914748 ], [ -49.276651886987175, -25.428316600272744 ], [ -49.276653258669491, -25.428329304630719 ], [ -49.276654630352013, -25.428342008988682 ], [ -49.276656002034734, -25.428354713346625 ], [ -49.276657373717669, -25.428367417704543 ], [ -49.276658745400802, -25.428380122062439 ], [ -49.276660117084134, -25.428392826420321 ], [ -49.276661488767687, -25.428405530778189 ], [ -49.276662860451431, -25.428418235136025 ], [ -49.276664392561479, -25.428419662917261 ], [ -49.276665924671562, -25.428421090698485 ], [ -49.276667456781688, -25.428422518479689 ], [ -49.276668988891842, -25.428423946260882 ], [ -49.276670521002032, -25.428425374042067 ], [ -49.276672053112264, -25.428426801823225 ], [ -49.276673585222525, -25.428428229604378 ], [ -49.276675117332829, -25.428429657385522 ], [ -49.276676649443168, -25.428431085166636 ], [ -49.276678181553542, -25.428432512947744 ], [ -49.276679713663952, -25.428433940728841 ], [ -49.276681245774391, -25.428435368509916 ], [ -49.276682777884879, -25.428436796290974 ], [ -49.276684309995396, -25.428438224072035 ], [ -49.276685842105948, -25.428439651853065 ], [ -49.276687374216536, -25.42844107963408 ], [ -49.276688906327159, -25.428442507415095 ], [ -49.276690438437825, -25.428443935196086 ], [ -49.276691970548519, -25.428445362977058 ], [ -49.276693502659256, -25.428446790758031 ], [ -49.276695034770029, -25.428448218538975 ], [ -49.276696566880837, -25.428449646319908 ], [ -49.27669809899168, -25.428451074100835 ], [ -49.276699631102559, -25.428452501881736 ], [ -49.276701163213467, -25.428453929662627 ], [ -49.276702695324417, -25.428455357443507 ], [ -49.276704227435403, -25.428456785224373 ], [ -49.276705759546431, -25.428458213005214 ], [ -49.276707291657488, -25.428459640786059 ], [ -49.276708823768587, -25.428461068566875 ], [ -49.276710355879715, -25.428462496347674 ], [ -49.276711887990878, -25.428463924128472 ], [ -49.276713420102084, -25.428465351909242 ], [ -49.276714952213325, -25.428466779690005 ], [ -49.276716484324602, -25.428468207470761 ], [ -49.276718016435908, -25.428469635251492 ], [ -49.276719548547256, -25.428471063032205 ], [ -49.276721080658646, -25.428472490812918 ], [ -49.276722612770065, -25.428473918593607 ], [ -49.276724144881513, -25.428475346374285 ], [ -49.27672567699301, -25.428476774154948 ], [ -49.276727209104536, -25.42847820193559 ], [ -49.276728741216104, -25.428479629716225 ], [ -49.276730273327701, -25.428481057496846 ], [ -49.27673180543934, -25.428482485277449 ], [ -49.276733337551015, -25.428483913058034 ], [ -49.276734869662718, -25.428485340838613 ], [ -49.276736401774464, -25.428486768619173 ], [ -49.276737933886245, -25.428488196399719 ], [ -49.276739465998062, -25.428489624180255 ], [ -49.276740998109915, -25.428491051960776 ], [ -49.276742530221796, -25.428492479741276 ], [ -49.276744062333727, -25.428493907521766 ], [ -49.276745594445678, -25.428495335302241 ], [ -49.27674712655768, -25.428496763082702 ], [ -49.27674865866971, -25.428498190863152 ], [ -49.276750190781783, -25.428499618643581 ], [ -49.276751722893891, -25.428501046423996 ], [ -49.276753255006028, -25.428502474204404 ], [ -49.276754787118207, -25.42850390198479 ], [ -49.276756319230422, -25.428505329765166 ], [ -49.276757851342666, -25.428506757545524 ], [ -49.276759383454952, -25.428508185325867 ], [ -49.27676091556728, -25.428509613106201 ], [ -49.276762407575234, -25.428513860030776 ], [ -49.276763899583287, -25.428518106955345 ], [ -49.276765391591439, -25.428522353879892 ], [ -49.276766883599691, -25.428526600804435 ], [ -49.276768375608029, -25.428530847728968 ], [ -49.276769867616473, -25.428535094653483 ], [ -49.276771359625009, -25.428539341577988 ], [ -49.276772851633645, -25.428543588502478 ], [ -49.276774343642373, -25.428547835426961 ], [ -49.2767758356512, -25.42855208235143 ], [ -49.27677732766012, -25.428556329275889 ], [ -49.27677881966914, -25.428560576200329 ], [ -49.276780311678252, -25.428564823124756 ], [ -49.276781803687463, -25.428569070049186 ], [ -49.276783295696767, -25.428573316973587 ], [ -49.27678478770617, -25.428577563897981 ], [ -49.276786279715665, -25.428581810822369 ], [ -49.27678777172526, -25.428586057746742 ], [ -49.276789263734955, -25.428590304671101 ], [ -49.276790755744742, -25.428594551595449 ], [ -49.276792247754628, -25.428598798519783 ], [ -49.276793739764599, -25.42860304544411 ], [ -49.276795231774678, -25.428607292368419 ], [ -49.276796723784848, -25.428611539292717 ], [ -49.276798215795118, -25.428615786217009 ], [ -49.27679970780548, -25.428620033141282 ], [ -49.276801199815942, -25.428624280065552 ], [ -49.276802691826497, -25.428628526989801 ], [ -49.27680418383715, -25.428632773914035 ], [ -49.276805675847896, -25.428637020838259 ], [ -49.276807167858742, -25.428641267762483 ], [ -49.276808659869687, -25.428645514686689 ], [ -49.276810151880724, -25.428649761610878 ], [ -49.276811643891854, -25.428654008535059 ], [ -49.276813135903083, -25.428658255459222 ], [ -49.276814627914419, -25.428662502383379 ], [ -49.276816119925833, -25.428666749307524 ], [ -49.276817611937354, -25.428670996231659 ], [ -49.276819103948974, -25.428675243155773 ], [ -49.276820595960679, -25.428679490079883 ], [ -49.276822087972484, -25.428683737003979 ], [ -49.276823579984395, -25.428687983928057 ], [ -49.276825071996392, -25.428692230852132 ], [ -49.276826564008488, -25.428696477776189 ], [ -49.276828056020683, -25.428700724700239 ], [ -49.276829548032971, -25.428704971624274 ], [ -49.276831040045352, -25.428709218548295 ], [ -49.276832532057838, -25.428713465472303 ], [ -49.276834024070411, -25.428717712396306 ], [ -49.276835516083089, -25.428721959320288 ], [ -49.276837008095853, -25.428726206244264 ], [ -49.276838500108717, -25.428730453168235 ], [ -49.27683999212168, -25.428734700092175 ], [ -49.276841484134742, -25.428738947016118 ], [ -49.27684297614789, -25.42874319394004 ], [ -49.276844468161144, -25.428747440863958 ], [ -49.276845960174491, -25.428751687787859 ], [ -49.276847452187937, -25.428755934711749 ], [ -49.276848944201468, -25.428760181635628 ], [ -49.276850436215113, -25.428764428559493 ], [ -49.276851928228837, -25.428768675483354 ], [ -49.276853420242666, -25.428772922407191 ], [ -49.276854912256596, -25.428777169331024 ], [ -49.27685640427061, -25.428781416254843 ], [ -49.276857936387394, -25.428782844034348 ], [ -49.276859468504213, -25.428784271813839 ], [ -49.276861000621075, -25.42878569959332 ], [ -49.276862532737965, -25.428787127372779 ], [ -49.276864064854891, -25.428788555152227 ], [ -49.276865596971852, -25.428789982931672 ], [ -49.276867129088856, -25.428791410711092 ], [ -49.276868661205889, -25.428792838490494 ], [ -49.276870193322956, -25.428794266269897 ], [ -49.276871725440074, -25.428795694049271 ], [ -49.276873257557213, -25.428797121828634 ], [ -49.276874789674395, -25.42879854960799 ], [ -49.276876321791612, -25.428799977387325 ], [ -49.276877853908864, -25.428801405166645 ], [ -49.276879386026152, -25.428802832945955 ], [ -49.276880918143469, -25.428804260725244 ], [ -49.276882450260835, -25.428805688504518 ], [ -49.276883982378237, -25.428807116283789 ], [ -49.276885514495667, -25.428808544063035 ], [ -49.276887046613133, -25.428809971842266 ], [ -49.276888578730635, -25.428811399621498 ], [ -49.276890110848178, -25.428812827400698 ], [ -49.276891642965751, -25.428814255179887 ], [ -49.276893175083373, -25.428815682959069 ], [ -49.276894707201016, -25.42881711073823 ], [ -49.276896239318702, -25.42881853851738 ], [ -49.276897771436431, -25.428819966296523 ], [ -49.276899303554181, -25.428821394075637 ], [ -49.276900835671981, -25.428822821854737 ], [ -49.276902367789809, -25.428824249633834 ], [ -49.276903899907673, -25.428825677412906 ], [ -49.276905432025579, -25.428827105191971 ], [ -49.276906964143514, -25.428828532971025 ], [ -49.276908496261484, -25.428829960750054 ], [ -49.276910028379497, -25.428831388529073 ], [ -49.276911560497545, -25.428832816308084 ], [ -49.276913092615622, -25.428834244087071 ], [ -49.276914624733742, -25.428835671866047 ], [ -49.276916156851897, -25.428837099645023 ], [ -49.276917688970087, -25.428838527423956 ], [ -49.276919221088313, -25.428839955202893 ], [ -49.276920753206582, -25.428841382981815 ], [ -49.276922285324872, -25.428842810760713 ], [ -49.276923817443212, -25.4288442385396 ], [ -49.27692534956158, -25.428845666318487 ], [ -49.276926881679991, -25.428847094097346 ], [ -49.27692841379843, -25.428848521876191 ], [ -49.276929945916912, -25.428849949655024 ], [ -49.276931478035422, -25.42885137743384 ], [ -49.276933010153975, -25.428852805212646 ], [ -49.276934542272564, -25.428854232991441 ], [ -49.276936074391188, -25.428855660770214 ], [ -49.276937606509847, -25.42885708854897 ], [ -49.276939138628542, -25.428858516327725 ], [ -49.276940670747273, -25.428859944106456 ], [ -49.276942202866039, -25.428861371885173 ], [ -49.276943734984847, -25.428862799663882 ], [ -49.276945267103692, -25.428864227442567 ], [ -49.276946799222564, -25.428865655221241 ], [ -49.276948331341472, -25.428867082999908 ], [ -49.276949863460423, -25.428868510778546 ], [ -49.27695139557941, -25.428869938557177 ], [ -49.276952927698431, -25.428871366335795 ], [ -49.276954459817482, -25.428872794114401 ], [ -49.276955991936575, -25.428874221892983 ], [ -49.276957524055703, -25.428875649671564 ], [ -49.276959056174867, -25.428877077450124 ], [ -49.276960588294067, -25.428878505228667 ], [ -49.276962120413302, -25.428879933007202 ], [ -49.276963652532579, -25.428881360785716 ], [ -49.276965184651893, -25.42888278856422 ], [ -49.276966716771234, -25.428884216342709 ], [ -49.276968248890611, -25.428885644121181 ], [ -49.276969781010031, -25.428887071899638 ], [ -49.276971313129486, -25.428888499678088 ], [ -49.276972845248977, -25.428889927456517 ], [ -49.276974377368504, -25.428891355234928 ], [ -49.276975909488065, -25.428892783013332 ], [ -49.276977441607656, -25.428894210791722 ], [ -49.276978973727289, -25.42889563857009 ], [ -49.276980505846964, -25.428897066348458 ], [ -49.276982037966668, -25.428898494126802 ], [ -49.276983570086408, -25.428899921905128 ], [ -49.27698510220619, -25.428901349683446 ], [ -49.276986634326001, -25.428902777461744 ], [ -49.276988166445854, -25.42890420524003 ], [ -49.276989698565743, -25.428905633018307 ], [ -49.27699123068566, -25.428907060796561 ], [ -49.276992762805619, -25.428908488574809 ], [ -49.276994294925615, -25.428909916353039 ], [ -49.276995827045646, -25.428911344131247 ], [ -49.276997359165712, -25.428912771909456 ], [ -49.276998891285814, -25.42891419968764 ], [ -49.277000423405951, -25.428915627465809 ], [ -49.277001955526131, -25.428917055243968 ], [ -49.27700348764634, -25.428918483022109 ], [ -49.277005019766584, -25.428919910800239 ], [ -49.277006551886871, -25.428921338578352 ], [ -49.277008084007186, -25.428922766356457 ], [ -49.277009616127543, -25.428924194134549 ], [ -49.277011148247929, -25.428925621912612 ], [ -49.277012680368358, -25.428927049690675 ], [ -49.277014212488822, -25.428928477468713 ], [ -49.277015744609322, -25.428929905246736 ], [ -49.277017276729858, -25.428931333024757 ], [ -49.277018808850436, -25.428932760802756 ], [ -49.277020340971042, -25.42893418858074 ], [ -49.277021873091684, -25.428935616358711 ], [ -49.277023405212368, -25.428937044136667 ], [ -49.277024937333088, -25.428938471914613 ], [ -49.27702646945383, -25.428939899692541 ], [ -49.277028001574621, -25.428941327470451 ], [ -49.27702953369544, -25.428942755248347 ], [ -49.277031065816303, -25.428944183026232 ], [ -49.2770325979372, -25.42894561080411 ], [ -49.277034130058141, -25.428947038581953 ], [ -49.277035662179109, -25.428948466359802 ], [ -49.277037194300107, -25.428949894137631 ], [ -49.277038726421154, -25.428951321915438 ], [ -49.277040258542229, -25.428952749693245 ], [ -49.27704179066334, -25.428954177471027 ], [ -49.277043322784486, -25.428955605248795 ], [ -49.277044854905675, -25.428957033026549 ], [ -49.2770463870269, -25.428958460804292 ], [ -49.277047919148153, -25.428959888582011 ], [ -49.277049451269441, -25.428961316359732 ], [ -49.277050983390772, -25.428962744137426 ], [ -49.277052515512146, -25.428964171915105 ], [ -49.277054027584327, -25.42896700926504 ], [ -49.27705553965658, -25.428969846614958 ], [ -49.277057051728903, -25.428972683964854 ], [ -49.27705856380129, -25.428975521314747 ], [ -49.277060075873749, -25.428978358664629 ], [ -49.277061587946264, -25.428981196014483 ], [ -49.277063100018864, -25.42898403336434 ], [ -49.277064612091515, -25.428986870714187 ], [ -49.277066124164243, -25.428989708064002 ], [ -49.277067636237042, -25.428992545413816 ], [ -49.277069148309906, -25.42899538276362 ], [ -49.277070660382833, -25.428998220113403 ], [ -49.277072172455824, -25.429001057463179 ], [ -49.277073684528894, -25.429003894812944 ], [ -49.277075196602027, -25.429006732162684 ], [ -49.277076708675224, -25.429009569512424 ], [ -49.277078220748493, -25.429012406862146 ], [ -49.277079732821832, -25.42901524421185 ], [ -49.277081244895228, -25.429018081561551 ], [ -49.277082756968703, -25.429020918911231 ], [ -49.277084269042241, -25.429023756260904 ], [ -49.277085781115851, -25.429026593610565 ], [ -49.277087293189517, -25.429029430960203 ], [ -49.277088805263261, -25.429032268309829 ], [ -49.27709031733707, -25.429035105659455 ], [ -49.277091829410949, -25.429037943009064 ], [ -49.277093341484893, -25.429040780358655 ], [ -49.277094853558907, -25.429043617708231 ], [ -49.277096365632985, -25.429046455057804 ], [ -49.277097877707135, -25.429049292407353 ], [ -49.277099389781348, -25.429052129756894 ], [ -49.277100901855626, -25.429054967106428 ], [ -49.277100821660611, -25.429060605395534 ], [ -49.277100741465574, -25.42906624368463 ], [ -49.277100661270509, -25.429071881973737 ], [ -49.277100581075423, -25.429077520262826 ], [ -49.277100500880316, -25.429083158551919 ], [ -49.27710042068518, -25.429088796841008 ], [ -49.277100340490016, -25.429094435130079 ], [ -49.27710026029483, -25.429100073419153 ], [ -49.277100180099623, -25.429105711708232 ], [ -49.277100099904388, -25.429111349997292 ], [ -49.277100019709138, -25.429116988286353 ], [ -49.277099939513853, -25.42912262657542 ], [ -49.277099859318547, -25.429128264864467 ], [ -49.277099779123219, -25.429133903153517 ], [ -49.27709969892787, -25.429139541442563 ], [ -49.277099618732493, -25.429145179731606 ], [ -49.277099538537094, -25.429150818020638 ], [ -49.277099458341667, -25.42915645630967 ], [ -49.277099378146218, -25.429162094598695 ], [ -49.277099297950748, -25.429167732887713 ], [ -49.27709921775525, -25.429173371176731 ], [ -49.27709913755973, -25.429179009465745 ], [ -49.277099057364182, -25.429184647754752 ], [ -49.277098977168613, -25.429190286043756 ], [ -49.277098896973023, -25.429195924332753 ], [ -49.277098816777404, -25.429201562621746 ], [ -49.277098736581763, -25.429207200910739 ], [ -49.277098656386094, -25.429212839199721 ], [ -49.277098576190404, -25.429218477488693 ], [ -49.277098495994693, -25.429224115777675 ], [ -49.27709841579896, -25.429229754066647 ], [ -49.277098335603192, -25.429235392355608 ], [ -49.277099847679473, -25.429238229705195 ], [ -49.277101359755811, -25.429241067054775 ], [ -49.27710287183222, -25.429243904404338 ], [ -49.2771043839087, -25.429246741753886 ], [ -49.277105895985244, -25.429249579103427 ], [ -49.277107408061859, -25.429252416452954 ], [ -49.277108920138538, -25.429255253802459 ], [ -49.277110432215288, -25.429258091151958 ], [ -49.277111944292102, -25.429260928501453 ], [ -49.277113456368987, -25.429263765850923 ], [ -49.277114968445936, -25.429266603200379 ], [ -49.277116480522956, -25.429269440549835 ], [ -49.27711799260004, -25.429272277899262 ], [ -49.277119504677195, -25.429275115248689 ], [ -49.277121016754414, -25.429277952598095 ], [ -49.277122528831704, -25.429280789947484 ], [ -49.277124040909058, -25.429283627296876 ], [ -49.277125552986483, -25.429286464646243 ], [ -49.277127065063979, -25.429289301995595 ], [ -49.277128577141539, -25.429292139344945 ], [ -49.277130089219163, -25.429294976694276 ], [ -49.277131601296858, -25.429297814043593 ], [ -49.277133113374624, -25.429300651392893 ], [ -49.277134625452454, -25.429303488742192 ], [ -49.277136137530348, -25.429306326091471 ], [ -49.277137649608314, -25.429309163440738 ], [ -49.27713916168635, -25.429312000789995 ], [ -49.27714067376445, -25.429314838139224 ], [ -49.277142185842621, -25.429317675488459 ], [ -49.277143697920856, -25.429320512837673 ], [ -49.277145209999162, -25.429323350186873 ], [ -49.277146722077532, -25.429326187536063 ], [ -49.277148174010627, -25.429333253602017 ], [ -49.277149625943856, -25.429340319667958 ], [ -49.277151077877235, -25.429347385733895 ], [ -49.277152529810763, -25.429354451799814 ], [ -49.277153981744426, -25.429361517865715 ], [ -49.277155433678239, -25.429368583931616 ], [ -49.277156885612193, -25.429375649997496 ], [ -49.277158337546297, -25.429382716063365 ], [ -49.277159789480542, -25.429389782129228 ], [ -49.27716124141493, -25.429396848195076 ], [ -49.277162693349467, -25.429403914260906 ], [ -49.277164145284146, -25.429410980326729 ], [ -49.277165597218968, -25.429418046392545 ], [ -49.277167049153931, -25.42942511245834 ], [ -49.277168501089044, -25.429432178524127 ], [ -49.277169953024298, -25.429439244589911 ], [ -49.277171404959702, -25.429446310655667 ], [ -49.277172856895241, -25.429453376721415 ], [ -49.277174308830929, -25.42946044278716 ], [ -49.27717576076676, -25.429467508852884 ], [ -49.277177212702739, -25.429474574918601 ], [ -49.277178664638861, -25.429481640984307 ], [ -49.277180116575131, -25.429488707049995 ], [ -49.277181568511537, -25.429495773115672 ], [ -49.277183020448092, -25.429502839181342 ], [ -49.277184472384789, -25.429509905246992 ], [ -49.277185924321635, -25.429516971312637 ], [ -49.277187376258617, -25.429524037378265 ], [ -49.277188828195747, -25.429531103443882 ], [ -49.277190280133027, -25.429538169509495 ], [ -49.277191732070449, -25.429545235575088 ], [ -49.277193184008013, -25.429552301640673 ], [ -49.277194635945719, -25.429559367706229 ], [ -49.277196087883574, -25.429566433771797 ], [ -49.277197539821572, -25.429573499837346 ], [ -49.277198991759711, -25.429580565902874 ], [ -49.277200443698, -25.429587631968403 ], [ -49.277201895636424, -25.429594698033906 ], [ -49.277203347575004, -25.429601764099402 ], [ -49.277204799513719, -25.429608830164895 ], [ -49.277206251452583, -25.42961589623037 ], [ -49.277207703391589, -25.429622962295827 ], [ -49.277209155330745, -25.429630028361281 ], [ -49.277210607270042, -25.429637094426727 ], [ -49.277212059209482, -25.429644160492149 ], [ -49.277213511149064, -25.429651226557564 ], [ -49.277214963088788, -25.429658292622964 ], [ -49.277216415028668, -25.429665358688357 ], [ -49.277217866968691, -25.429672424753733 ], [ -49.277219318908848, -25.429679490819108 ], [ -49.277220770849148, -25.429686556884452 ], [ -49.277222222789604, -25.429693622949799 ], [ -49.277223674730195, -25.429700689015135 ], [ -49.277225126670942, -25.429707755080443 ], [ -49.277226578611824, -25.429714821145758 ], [ -49.277228030552848, -25.429721887211056 ], [ -49.277229482494022, -25.429728953276332 ], [ -49.277230934435337, -25.429736019341604 ], [ -49.277232386376802, -25.429743085406862 ], [ -49.277233838318402, -25.429750151472106 ], [ -49.277235290260158, -25.429757217537343 ], [ -49.277236742202049, -25.429764283602573 ], [ -49.27723819414409, -25.429771349667771 ], [ -49.277239646086265, -25.429778415732969 ], [ -49.277241178219697, -25.429779843509191 ], [ -49.277242710353157, -25.4297812712854 ], [ -49.277244242486667, -25.429782699061583 ], [ -49.277245774620198, -25.429784126837752 ], [ -49.277247306753772, -25.429785554613925 ], [ -49.277248838887381, -25.429786982390063 ], [ -49.277250371021026, -25.429788410166193 ], [ -49.277251903154706, -25.42978983794232 ], [ -49.277253435288422, -25.429791265718418 ], [ -49.277254967422174, -25.429792693494502 ], [ -49.277256499555968, -25.429794121270582 ], [ -49.27725803168979, -25.429795549046638 ], [ -49.277259563823655, -25.429796976822679 ], [ -49.277261095957549, -25.429798404598714 ], [ -49.277262628091478, -25.429799832374723 ], [ -49.27726416022545, -25.429801260150725 ], [ -49.277265692359457, -25.42980268792672 ], [ -49.277267224493499, -25.429804115702694 ], [ -49.277268756627578, -25.429805543478654 ], [ -49.277270288761699, -25.429806971254596 ], [ -49.277271820895841, -25.429808399030524 ], [ -49.277273353030033, -25.429809826806441 ], [ -49.277274885164246, -25.429811254582351 ], [ -49.277276417298509, -25.429812682358229 ], [ -49.277277949432808, -25.4298141101341 ], [ -49.277279481567135, -25.429815537909967 ], [ -49.277281013701497, -25.429816965685802 ], [ -49.277282545835902, -25.42981839346163 ], [ -49.277284077970343, -25.429819821237452 ], [ -49.277285610104819, -25.429821249013251 ], [ -49.277287142239324, -25.42982267678903 ], [ -49.277288674373878, -25.429824104564808 ], [ -49.277290206508461, -25.429825532340566 ], [ -49.277291738643079, -25.429826960116312 ], [ -49.277293270777733, -25.429828387892041 ], [ -49.277294802912422, -25.429829815667759 ], [ -49.277296335047154, -25.429831243443459 ], [ -49.277297867181915, -25.429832671219138 ], [ -49.277299399316718, -25.429834098994821 ], [ -49.277300931451549, -25.429835526770475 ], [ -49.277302463586423, -25.429836954546111 ], [ -49.277303995721326, -25.429838382321741 ], [ -49.277305527856271, -25.429839810097356 ], [ -49.277307059991251, -25.429841237872957 ], [ -49.277308592126268, -25.429842665648543 ], [ -49.277310124261319, -25.429844093424112 ], [ -49.277311656396407, -25.429845521199667 ], [ -49.277313188531529, -25.429846948975211 ], [ -49.277314720666695, -25.429848376750734 ], [ -49.277316252801889, -25.429849804526249 ], [ -49.277317784937125, -25.429851232301754 ], [ -49.277319317072397, -25.429852660077234 ], [ -49.277320849207698, -25.429854087852707 ], [ -49.277322381343041, -25.429855515628166 ], [ -49.277323913478412, -25.42985694340361 ], [ -49.277325445613826, -25.42985837117903 ], [ -49.277326977749276, -25.429859798954446 ], [ -49.277328509884761, -25.429861226729845 ], [ -49.277330042020282, -25.429862654505222 ], [ -49.277331574155838, -25.429864082280602 ], [ -49.277333106291437, -25.429865510055954 ], [ -49.277334638427064, -25.429866937831289 ], [ -49.277336170562727, -25.42986836560662 ], [ -49.277337702698432, -25.429869793381929 ], [ -49.277339234834166, -25.429871221157224 ], [ -49.277340766969942, -25.429872648932513 ], [ -49.277342299105747, -25.429874076707783 ], [ -49.277343831241595, -25.429875504483029 ], [ -49.277345363377478, -25.429876932258281 ], [ -49.277346895513396, -25.429878360033502 ], [ -49.277348427649351, -25.429879787808712 ], [ -49.27734995978534, -25.429881215583915 ], [ -49.277351491921365, -25.429882643359097 ], [ -49.277353024057426, -25.429884071134257 ], [ -49.277354556193529, -25.429885498909417 ], [ -49.277356088329661, -25.429886926684553 ], [ -49.277357620465835, -25.429888354459678 ], [ -49.277359152602045, -25.429889782234795 ], [ -49.277360684738284, -25.429891210009885 ], [ -49.277362216874565, -25.429892637784967 ], [ -49.277363749010874, -25.429894065560042 ], [ -49.277365281147226, -25.429895493335096 ], [ -49.277366813283614, -25.429896921110132 ], [ -49.277368345420037, -25.42989834888516 ], [ -49.277369877556495, -25.429899776660168 ], [ -49.277371409692989, -25.429901204435161 ], [ -49.277372941829526, -25.429902632210148 ], [ -49.277374473966091, -25.429904059985116 ], [ -49.277376006102699, -25.42990548776006 ], [ -49.277377538239335, -25.429906915535003 ], [ -49.277379070376014, -25.429908343309936 ], [ -49.277380602512721, -25.429909771084837 ], [ -49.277382134649471, -25.429911198859735 ], [ -49.277383666786257, -25.429912626634614 ], [ -49.277385198923078, -25.429914054409476 ], [ -49.277386731059934, -25.429915482184335 ], [ -49.277388263196826, -25.429916909959172 ], [ -49.277389795333754, -25.429918337733991 ], [ -49.277391327470717, -25.429919765508807 ], [ -49.277392859607716, -25.429921193283601 ], [ -49.277394391744757, -25.429922621058378 ], [ -49.277395923881826, -25.429924048833151 ], [ -49.277397456018939, -25.429925476607895 ], [ -49.277398988156079, -25.429926904382633 ], [ -49.277400520293263, -25.42992833215736 ], [ -49.277402052430482, -25.429929759932065 ], [ -49.277403584567729, -25.429931187706757 ], [ -49.277405116705019, -25.429932615481441 ], [ -49.277406648842344, -25.429934043256104 ], [ -49.277408180979712, -25.429935471030753 ], [ -49.277409713117102, -25.429936898805401 ], [ -49.277411245254541, -25.429938326580022 ], [ -49.277412777392009, -25.429939754354624 ], [ -49.277414309529512, -25.429941182129223 ], [ -49.277415841667057, -25.429942609903801 ], [ -49.277417373804631, -25.429944037678364 ], [ -49.277418905942248, -25.429945465452917 ], [ -49.277420438079901, -25.429946893227452 ], [ -49.277421970217581, -25.429948321001969 ], [ -49.277423502355305, -25.429949748776483 ], [ -49.277425034493071, -25.429951176550976 ], [ -49.277426566630858, -25.42995260432545 ], [ -49.277428098768695, -25.429954032099918 ], [ -49.277429630906553, -25.429955459874368 ], [ -49.277431163044461, -25.429956887648796 ], [ -49.277432695182398, -25.429958315423228 ], [ -49.277434227320377, -25.429959743197628 ], [ -49.277435759458385, -25.429961170972017 ], [ -49.277437291596435, -25.429962598746396 ], [ -49.277438823734514, -25.429964026520754 ], [ -49.277440355872635, -25.429965454295111 ], [ -49.277441888010785, -25.429966882069447 ], [ -49.277443420148984, -25.429968309843762 ], [ -49.277444952287205, -25.429969737618077 ], [ -49.277446484425475, -25.429971165392363 ], [ -49.277448016563767, -25.429972593166635 ], [ -49.277449548702108, -25.429974020940911 ], [ -49.277451080840471, -25.429975448715155 ], [ -49.277452612978884, -25.429976876489388 ], [ -49.277454145117325, -25.429978304263607 ], [ -49.277455677255809, -25.429979732037815 ], [ -49.277457209394328, -25.429981159811998 ], [ -49.277458741532875, -25.429982587586181 ], [ -49.277460273671466, -25.429984015360343 ], [ -49.277461805810084, -25.429985443134491 ], [ -49.277463337948753, -25.429986870908632 ], [ -49.277464870087449, -25.429988298682748 ], [ -49.277466402226175, -25.429989726456849 ], [ -49.27746793436495, -25.42999115423094 ], [ -49.277469466503746, -25.429992582005017 ], [ -49.277470998642592, -25.429994009779076 ], [ -49.277472530781466, -25.429995437553128 ], [ -49.277474062920376, -25.429996865327166 ], [ -49.277475595059329, -25.429998293101178 ], [ -49.27747712719831, -25.429999720875188 ], [ -49.277478659337341, -25.430001148649172 ], [ -49.277480191476393, -25.430002576423142 ], [ -49.277481723615495, -25.430004004197116 ], [ -49.277483255754611, -25.430005431971065 ], [ -49.277484787893783, -25.430006859744989 ], [ -49.277486320032985, -25.430008287518913 ], [ -49.277487852172221, -25.430009715292812 ], [ -49.277489384311494, -25.430011143066704 ], [ -49.277490916450809, -25.430012570840582 ], [ -49.277492448590152, -25.430013998614442 ], [ -49.277493980729531, -25.43001542638828 ], [ -49.277495512868953, -25.430016854162123 ], [ -49.27749704500841, -25.430018281935936 ], [ -49.277498577147895, -25.430019709709736 ], [ -49.277500109287423, -25.430021137483529 ], [ -49.277501641426987, -25.430022565257307 ], [ -49.277503173566586, -25.430023993031057 ], [ -49.277504705706214, -25.43002542080481 ], [ -49.277506237845884, -25.430026848578542 ], [ -49.277507769985597, -25.430028276352257 ], [ -49.277509302125338, -25.430029704125968 ], [ -49.277510834265115, -25.43003113189965 ], [ -49.277512366404935, -25.430032559673318 ], [ -49.277513898544782, -25.430033987446983 ], [ -49.277515430684666, -25.430035415220633 ], [ -49.277516962824592, -25.430036842994252 ], [ -49.277518494964546, -25.430038270767877 ], [ -49.277520027104543, -25.430039698541478 ], [ -49.277521559244576, -25.430041126315064 ], [ -49.277523091384644, -25.43004255408864 ], [ -49.277524623524748, -25.430043981862198 ], [ -49.277526155664894, -25.430045409635735 ], [ -49.277527687805062, -25.430046837409279 ], [ -49.277529219945279, -25.430048265182794 ], [ -49.277530752085525, -25.430049692956288 ], [ -49.277532284225813, -25.430051120729786 ], [ -49.27753381636613, -25.430052548503252 ], [ -49.277535308417285, -25.430056795421525 ], [ -49.277536800468546, -25.430061042339791 ], [ -49.277538292519893, -25.430065289258042 ], [ -49.277539784571346, -25.43006953617628 ], [ -49.277541276622884, -25.430073783094507 ], [ -49.277542768674522, -25.430078030012723 ], [ -49.277544260726259, -25.430082276930925 ], [ -49.277545752778089, -25.43008652384912 ], [ -49.277547244830025, -25.430090770767301 ], [ -49.277548736882046, -25.430095017685467 ], [ -49.277550228934174, -25.430099264603616 ], [ -49.277551720986381, -25.430103511521764 ], [ -49.277553213038701, -25.430107758439892 ], [ -49.277554705091113, -25.430112005358012 ], [ -49.277556197143618, -25.430116252276118 ], [ -49.277557689196215, -25.430120499194214 ], [ -49.277559181248911, -25.430124746112298 ], [ -49.277560673301707, -25.430128993030365 ], [ -49.277562165354603, -25.430133239948429 ], [ -49.27756365740759, -25.430137486866471 ], [ -49.277565149460671, -25.430141733784509 ], [ -49.27756664151385, -25.430145980702534 ], [ -49.277568133567129, -25.430150227620544 ], [ -49.277569625620501, -25.43015447453854 ], [ -49.277571117673965, -25.430158721456522 ], [ -49.277572609727528, -25.4301629683745 ], [ -49.277574101781191, -25.430167215292467 ], [ -49.277575593834946, -25.43017146221041 ], [ -49.277577085888801, -25.430175709128353 ], [ -49.277578577942748, -25.430179956046278 ], [ -49.277580069996795, -25.430184202964192 ], [ -49.277581562050933, -25.430188449882099 ], [ -49.277579949731603, -25.430192660398689 ], [ -49.277578337412152, -25.430196870915264 ], [ -49.277576725092572, -25.4302010814318 ], [ -49.277575112772873, -25.430205291948322 ], [ -49.277573500453066, -25.430209502464816 ], [ -49.277571888133131, -25.430213712981278 ], [ -49.277570275813069, -25.430217923497722 ], [ -49.277568663492893, -25.430222134014137 ], [ -49.277567051172596, -25.430226344530524 ], [ -49.277565438852179, -25.430230555046887 ], [ -49.277563826531647, -25.430234765563224 ], [ -49.277562214210988, -25.430238976079536 ], [ -49.277560601890208, -25.430243186595821 ], [ -49.277558989569307, -25.43024739711208 ], [ -49.277557377248293, -25.430251607628314 ], [ -49.277555764927158, -25.430255818144527 ], [ -49.277554152605894, -25.430260028660705 ], [ -49.277552540284518, -25.430264239176861 ], [ -49.27755092796302, -25.430268449692992 ], [ -49.277549315641402, -25.430272660209098 ], [ -49.277547703319662, -25.430276870725177 ], [ -49.277546090997802, -25.430281081241233 ], [ -49.277544478675814, -25.430285291757247 ], [ -49.277542866353713, -25.430289502273251 ], [ -49.27754125403149, -25.430293712789233 ], [ -49.277539641709154, -25.430297923305179 ], [ -49.27753802938669, -25.430302133821105 ], [ -49.277536417064113, -25.430306344337001 ], [ -49.277534804741407, -25.430310554852877 ], [ -49.277533192418588, -25.430314765368724 ], [ -49.277531580095641, -25.430318975884536 ], [ -49.27752996777258, -25.430323186400333 ], [ -49.277528355449391, -25.430327396916095 ], [ -49.277526743126096, -25.430331607431835 ], [ -49.277525130802672, -25.430335817947551 ], [ -49.277523518479121, -25.430340028463242 ], [ -49.277521906155464, -25.430344238978904 ], [ -49.277520293831671, -25.430348449494545 ], [ -49.277518681507772, -25.430352660010158 ], [ -49.277517069183745, -25.430356870525745 ], [ -49.277515456859604, -25.430361081041312 ], [ -49.277513844535335, -25.430365291556843 ], [ -49.277512232210952, -25.430369502072356 ], [ -49.277510619886449, -25.430373712587841 ], [ -49.277509007561818, -25.4303779231033 ], [ -49.277507395237066, -25.430382133618732 ], [ -49.277505782912201, -25.430386344134131 ], [ -49.277504170587214, -25.430390554649517 ], [ -49.277502558262107, -25.43039476516487 ], [ -49.277500945936879, -25.430398975680198 ], [ -49.27749933361153, -25.430403186195502 ], [ -49.277497721286068, -25.43040739671078 ], [ -49.277496108960477, -25.430411607226034 ], [ -49.277494496634766, -25.430415817741256 ], [ -49.277492884308941, -25.430420028256457 ], [ -49.277491271982989, -25.430424238771629 ], [ -49.277489659656915, -25.430428449286779 ], [ -49.277488047330728, -25.430432659801902 ], [ -49.277486435004413, -25.430436870316999 ], [ -49.277484822677991, -25.430441080832068 ], [ -49.277483210351434, -25.430445291347112 ], [ -49.277481598024764, -25.430449501862135 ], [ -49.277479985697973, -25.430453712377123 ], [ -49.277478373371061, -25.430457922892092 ], [ -49.27747986542434, -25.430462169810866 ], [ -49.277481357477704, -25.430466416729626 ], [ -49.277482849531175, -25.430470663648379 ], [ -49.277484341584739, -25.430474910567121 ], [ -49.277485833638401, -25.430479157485845 ], [ -49.277487325692157, -25.430483404404558 ], [ -49.277488817746004, -25.430487651323258 ], [ -49.277490309799958, -25.43049189824195 ], [ -49.277491801854005, -25.430496145160628 ], [ -49.277493293908151, -25.430500392079292 ], [ -49.277494785962382, -25.430504638997945 ], [ -49.277496278016713, -25.430508885916591 ], [ -49.27749777007115, -25.430513132835216 ], [ -49.277499262125673, -25.430517379753834 ], [ -49.277500754180295, -25.430521626672437 ], [ -49.277502246235017, -25.430525873591037 ], [ -49.27750373828983, -25.430530120509623 ], [ -49.277505230344744, -25.430534367428187 ], [ -49.27750672239975, -25.430538614346741 ], [ -49.277508214454855, -25.430542861265288 ], [ -49.277509706510052, -25.430547108183823 ], [ -49.27751119856535, -25.430551355102349 ], [ -49.277512690620746, -25.430555602020853 ], [ -49.277514182676235, -25.430559848939353 ], [ -49.277515674731816, -25.430564095857836 ], [ -49.277517166787497, -25.430568342776311 ], [ -49.27751865884327, -25.430572589694776 ], [ -49.27752015089915, -25.430576836613216 ], [ -49.277521642955115, -25.43058108353166 ], [ -49.277523135011187, -25.430585330450082 ], [ -49.277524627067351, -25.430589577368494 ], [ -49.2775261191236, -25.430593824286895 ], [ -49.277527571089607, -25.430600890349876 ], [ -49.277529023055742, -25.430607956412853 ], [ -49.277530475022026, -25.430615022475813 ], [ -49.277531926988452, -25.430622088538762 ], [ -49.277533378955027, -25.4306291546017 ], [ -49.277534830921745, -25.430636220664628 ], [ -49.277536282888612, -25.430643286727534 ], [ -49.277537734855613, -25.43065035279044 ], [ -49.277539186822771, -25.430657418853333 ], [ -49.277540638790065, -25.430664484916207 ], [ -49.277542090757507, -25.430671550979074 ], [ -49.277543542725084, -25.430678617041931 ], [ -49.277544994692818, -25.43068568310477 ], [ -49.277546446660693, -25.430692749167598 ], [ -49.277547898628704, -25.430699815230415 ], [ -49.277549350596864, -25.430706881293222 ], [ -49.277550802565173, -25.430713947356018 ], [ -49.277552254533624, -25.430721013418797 ], [ -49.277553706502218, -25.430728079481565 ], [ -49.27755515847096, -25.430735145544329 ], [ -49.277556610439838, -25.430742211607075 ], [ -49.277558062408872, -25.430749277669801 ], [ -49.277559514378041, -25.430756343732526 ], [ -49.277560966347359, -25.430763409795237 ], [ -49.277562418316819, -25.43077047585793 ], [ -49.277563870286428, -25.430777541920619 ], [ -49.277565322256173, -25.430784607983295 ], [ -49.277566774226067, -25.430791674045949 ], [ -49.277568226196102, -25.430798740108603 ], [ -49.277569678166287, -25.430805806171243 ], [ -49.277571130136614, -25.430812872233858 ], [ -49.277572582107084, -25.430819938296477 ], [ -49.277574034077695, -25.430827004359088 ], [ -49.277575486048462, -25.430834070421668 ], [ -49.277576938019358, -25.430841136484243 ], [ -49.27757838999041, -25.430848202546816 ], [ -49.277579841961604, -25.43085526860936 ], [ -49.277581293932933, -25.4308623346719 ], [ -49.277582745904425, -25.430869400734437 ], [ -49.277584197876052, -25.430876466796953 ], [ -49.277585649847815, -25.430883532859458 ], [ -49.277587101819726, -25.430890598921948 ], [ -49.277588553791787, -25.430897664984432 ], [ -49.27759000576399, -25.430904731046898 ], [ -49.277591457736335, -25.430911797109363 ], [ -49.277592909708829, -25.430918863171801 ], [ -49.277594361681466, -25.430925929234231 ], [ -49.277595813654244, -25.430932995296654 ], [ -49.277597265627179, -25.430940061359067 ], [ -49.277598717600242, -25.430947127421462 ], [ -49.277600169573454, -25.430954193483849 ], [ -49.277601621546815, -25.430961259546219 ], [ -49.277603073520318, -25.430968325608582 ], [ -49.277604525493956, -25.43097539167093 ], [ -49.277605977467758, -25.430982457733265 ], [ -49.277607429441687, -25.430989523795596 ], [ -49.277608881415766, -25.430996589857909 ], [ -49.277610333389987, -25.431003655920204 ], [ -49.277611785364357, -25.431010721982499 ], [ -49.277613237338869, -25.431017788044777 ], [ -49.277614689313523, -25.431024854107033 ], [ -49.277616141288327, -25.431031920169293 ], [ -49.277617593263273, -25.431038986231531 ], [ -49.277619045238367, -25.431046052293759 ], [ -49.27762053730261, -25.431050299211417 ], [ -49.277622029366952, -25.431054546129054 ], [ -49.277623521431387, -25.431058793046684 ], [ -49.277625013495921, -25.431063039964311 ], [ -49.277626505560548, -25.431067286881913 ], [ -49.277627997625274, -25.431071533799511 ], [ -49.277629489690099, -25.431075780717091 ], [ -49.277630981755017, -25.431080027634664 ], [ -49.277632473820027, -25.431084274552219 ], [ -49.277633965885144, -25.431088521469768 ], [ -49.277635457950346, -25.431092768387302 ], [ -49.277636950015655, -25.431097015304825 ], [ -49.277638442081049, -25.431101262222338 ], [ -49.277639934146549, -25.431105509139837 ], [ -49.277641426212142, -25.431109756057324 ], [ -49.277642918277827, -25.431114002974795 ], [ -49.277644410343619, -25.431118249892254 ], [ -49.277645902409496, -25.43112249680971 ], [ -49.277647394475473, -25.431126743727145 ], [ -49.277648886541549, -25.431130990644569 ], [ -49.277650378607717, -25.431135237561985 ], [ -49.277651870673985, -25.431139484479388 ], [ -49.277653362740345, -25.43114373139678 ], [ -49.277654854806798, -25.431147978314154 ], [ -49.277656346873357, -25.431152225231521 ], [ -49.277657838940009, -25.431156472148878 ], [ -49.27765933100676, -25.431160719066217 ], [ -49.277660823073596, -25.431164965983548 ], [ -49.277662315140532, -25.431169212900862 ], [ -49.277663807207574, -25.431173459818172 ], [ -49.277665299274702, -25.431177706735465 ], [ -49.277666791341929, -25.431181953652743 ], [ -49.277666651033307, -25.431191820658764 ], [ -49.2776665107246, -25.431201687664768 ], [ -49.277666370415822, -25.431211554670778 ], [ -49.277666230106973, -25.431221421676756 ], [ -49.277666089798053, -25.431231288682724 ], [ -49.277665949489055, -25.431241155688685 ], [ -49.277665809179986, -25.431251022694621 ], [ -49.277665668870846, -25.431260889700546 ], [ -49.27766552856162, -25.431270756706464 ], [ -49.277665388252331, -25.431280623712361 ], [ -49.27766524794297, -25.43129049071824 ], [ -49.277665107633531, -25.431300357724119 ], [ -49.277664967324014, -25.431310224729977 ], [ -49.277664827014434, -25.431320091735817 ], [ -49.277664686704767, -25.431329958741649 ], [ -49.277664546395037, -25.431339825747461 ], [ -49.277664406085236, -25.431349692753255 ], [ -49.27766426577535, -25.431359559759048 ], [ -49.277664125465392, -25.431369426764821 ], [ -49.277663985155364, -25.431379293770579 ], [ -49.277663844845264, -25.43138916077633 ], [ -49.277663704535087, -25.43139902778206 ], [ -49.277663564224845, -25.431408894787772 ], [ -49.277663423914518, -25.431418761793481 ], [ -49.27766328360412, -25.431428628799171 ], [ -49.277663143293651, -25.431438495804841 ], [ -49.277663002983111, -25.431448362810514 ], [ -49.277662862672493, -25.431458229816155 ], [ -49.277662722361804, -25.431468096821781 ], [ -49.277662582051036, -25.431477963827412 ], [ -49.277662441740198, -25.431487830833017 ], [ -49.277662301429281, -25.431497697838601 ], [ -49.277663773455231, -25.431503354328175 ], [ -49.277665245481295, -25.431509010817717 ], [ -49.277666717507493, -25.431514667307255 ], [ -49.277668189533806, -25.431520323796782 ], [ -49.277669661560232, -25.431525980286303 ], [ -49.277671133586793, -25.431531636775798 ], [ -49.277672605613468, -25.43153729326529 ], [ -49.27767407764027, -25.431542949754768 ], [ -49.277675549667194, -25.431548606244242 ], [ -49.277677021694231, -25.431554262733698 ], [ -49.277678493721403, -25.431559919223137 ], [ -49.277679965748682, -25.431565575712568 ], [ -49.277681437776096, -25.431571232201996 ], [ -49.277682909803623, -25.431576888691403 ], [ -49.277684381831278, -25.431582545180799 ], [ -49.277685853859055, -25.431588201670188 ], [ -49.277687325886944, -25.431593858159562 ], [ -49.277688797914962, -25.431599514648919 ], [ -49.277690269943108, -25.431605171138276 ], [ -49.277691741971367, -25.431610827627612 ], [ -49.277693213999747, -25.43161648411693 ], [ -49.277694686028255, -25.431622140606255 ], [ -49.277696158056877, -25.431627797095555 ], [ -49.277697630085626, -25.431633453584848 ], [ -49.277699102114497, -25.43163911007413 ], [ -49.277700574143488, -25.431644766563394 ], [ -49.2777020461726, -25.431650423052648 ], [ -49.277703518201832, -25.431656079541899 ], [ -49.277704990231193, -25.431661736031131 ], [ -49.277706462260674, -25.431667392520346 ], [ -49.27770793429027, -25.431673049009564 ], [ -49.277709406319993, -25.431678705498758 ], [ -49.277710778129695, -25.431691409849069 ], [ -49.277712149939603, -25.431704114199359 ], [ -49.277713521749718, -25.431716818549639 ], [ -49.277714893560038, -25.431729522899897 ], [ -49.277716265370557, -25.431742227250137 ], [ -49.277717637181283, -25.431754931600363 ], [ -49.277719008992214, -25.431767635950564 ], [ -49.277720380803352, -25.431780340300751 ], [ -49.277721752614688, -25.431793044650913 ], [ -49.277723124426238, -25.431805749001061 ], [ -49.277724496237987, -25.431818453351188 ], [ -49.277725868049934, -25.431831157701296 ], [ -49.277727239862102, -25.431843862051391 ], [ -49.277728611674462, -25.431856566401464 ], [ -49.277729983487028, -25.431869270751516 ], [ -49.277731355299792, -25.431881975101547 ], [ -49.27773272711277, -25.431894679451567 ], [ -49.277734098925954, -25.431907383801562 ], [ -49.277735470739337, -25.431920088151539 ], [ -49.277736842552926, -25.431932792501495 ], [ -49.277738214366721, -25.431945496851441 ], [ -49.277739586180715, -25.431958201201361 ], [ -49.277740957994922, -25.431970905551264 ], [ -49.277742329809335, -25.431983609901142 ], [ -49.27774370162394, -25.431996314251002 ], [ -49.277745073438759, -25.432009018600855 ], [ -49.277746445253776, -25.432021722950683 ], [ -49.277747817069006, -25.432034427300486 ], [ -49.277749188884435, -25.432047131650283 ], [ -49.277750560700063, -25.432059836000047 ], [ -49.277751932515905, -25.432072540349804 ], [ -49.277753304331952, -25.432085244699536 ], [ -49.277754676148199, -25.432097949049258 ], [ -49.277756047964651, -25.432110653398947 ], [ -49.277757419781302, -25.432123357748623 ], [ -49.277758791598167, -25.43213606209828 ], [ -49.27776016341523, -25.432148766447916 ], [ -49.2777615352325, -25.432161470797542 ], [ -49.277762907049976, -25.432174175147146 ], [ -49.277764278867657, -25.432186879496722 ], [ -49.277765650685538, -25.432199583846298 ], [ -49.277767022503632, -25.432212288195839 ], [ -49.277768394321924, -25.432224992545368 ], [ -49.277769766140423, -25.432237696894877 ], [ -49.277771137959128, -25.43225040124436 ], [ -49.277772509778025, -25.43226310559383 ], [ -49.277773881597135, -25.432275809943281 ], [ -49.277775253416458, -25.432288514292715 ], [ -49.277776625235973, -25.432301218642131 ], [ -49.277777997055701, -25.432313922991522 ], [ -49.277779368875628, -25.432326627340899 ], [ -49.277780740695761, -25.432339331690255 ], [ -49.2777821125161, -25.432352036039592 ], [ -49.277783484336645, -25.432364740388916 ], [ -49.277784856157389, -25.432377444738215 ], [ -49.277786227978339, -25.432390149087503 ], [ -49.277787599799503, -25.432402853436763 ], [ -49.277788971620858, -25.432415557786012 ], [ -49.277790343442426, -25.432428262135229 ], [ -49.277791715264193, -25.432440966484442 ], [ -49.277793087086174, -25.432453670833628 ], [ -49.277794458908346, -25.432466375182802 ], [ -49.277795830730732, -25.432479079531952 ], [ -49.277797202553316, -25.43249178388108 ], [ -49.27780651585185, -25.432491893080183 ], [ -49.277815829150441, -25.432492002278689 ], [ -49.277825142449082, -25.432492111476606 ], [ -49.277834455747779, -25.432492220673932 ], [ -49.277843769046527, -25.432492329870666 ], [ -49.277853082345331, -25.432492439066817 ], [ -49.277862395644199, -25.43249254826237 ], [ -49.277871708943103, -25.432492657457338 ], [ -49.277881022242077, -25.43249276665172 ], [ -49.277890335541102, -25.432492875845508 ], [ -49.277899648840169, -25.432492985038706 ], [ -49.2779089621393, -25.432493094231312 ], [ -49.277918275438488, -25.432493203423331 ], [ -49.277927588737725, -25.43249331261476 ], [ -49.277936902037013, -25.432493421805596 ], [ -49.277946215336357, -25.432493530995846 ], [ -49.277955528635758, -25.432493640185502 ], [ -49.277964841935209, -25.432493749374569 ], [ -49.277974155234716, -25.432493858563053 ], [ -49.277983468534281, -25.432493967750943 ], [ -49.277992781833902, -25.432494076938241 ], [ -49.278002095133573, -25.432494186124948 ], [ -49.278011408433294, -25.432494295311063 ], [ -49.278020721733071, -25.432494404496598 ], [ -49.278030035032906, -25.432494513681533 ], [ -49.27803934833279, -25.432494622865889 ], [ -49.278048661632738, -25.432494732049648 ], [ -49.278057974932729, -25.432494841232817 ], [ -49.278067288232776, -25.432494950415396 ], [ -49.278076601532881, -25.432495059597382 ], [ -49.278085914833035, -25.432495168778786 ], [ -49.278095228133246, -25.432495277959593 ], [ -49.278102969176608, -25.43249677851551 ], [ -49.278110710220183, -25.432498279071027 ], [ -49.278118451263971, -25.432499779626159 ], [ -49.27812619230798, -25.432501280180876 ], [ -49.278133933352201, -25.432502780735206 ], [ -49.278141674396643, -25.432504281289141 ], [ -49.278149415441298, -25.432505781842664 ], [ -49.278157156486166, -25.432507282395793 ], [ -49.278164897531262, -25.432508782948528 ], [ -49.278172638576564, -25.432510283500857 ], [ -49.278180379622086, -25.432511784052792 ], [ -49.278188120667828, -25.43251328460434 ], [ -49.278195861713783, -25.432514785155469 ], [ -49.278203602759952, -25.432516285706207 ], [ -49.278211343806348, -25.43251778625655 ], [ -49.27821908485295, -25.432519286806489 ], [ -49.278226825899772, -25.432520787356037 ], [ -49.278234566946807, -25.43252228790519 ], [ -49.278242307994063, -25.432523788453931 ], [ -49.278250049041532, -25.432525289002282 ], [ -49.278257790089221, -25.432526789550241 ], [ -49.27826553113713, -25.432528290097785 ], [ -49.278273272185245, -25.432529790644939 ], [ -49.278281013233581, -25.432531291191697 ], [ -49.278288754282137, -25.432532791738048 ], [ -49.278296495330906, -25.432534292284007 ], [ -49.278304236379888, -25.432535792829576 ], [ -49.278311977429098, -25.432537293374732 ], [ -49.278319718478514, -25.432538793919495 ], [ -49.27832745952815, -25.432540294463859 ], [ -49.278335200578006, -25.432541795007829 ], [ -49.278342941628068, -25.43254329555139 ], [ -49.278347578243263, -25.43254475970636 ], [ -49.278352214858565, -25.432546223861177 ], [ -49.278356851474001, -25.432547688015863 ], [ -49.278361488089544, -25.432549152170409 ], [ -49.278366124705215, -25.432550616324804 ], [ -49.278370761321007, -25.432552080479059 ], [ -49.278375397936919, -25.432553544633183 ], [ -49.278380034552946, -25.432555008787155 ], [ -49.2783846711691, -25.432556472940991 ], [ -49.278389307785375, -25.432557937094685 ], [ -49.278393944401763, -25.432559401248241 ], [ -49.278398581018273, -25.432560865401651 ], [ -49.27840321763491, -25.43256232955493 ], [ -49.278407854251661, -25.432563793708059 ], [ -49.278412490868533, -25.43256525786105 ], [ -49.278417127485525, -25.432566722013902 ], [ -49.278421764102639, -25.432568186166616 ], [ -49.278426400719873, -25.432569650319181 ], [ -49.278431037337228, -25.432571114471617 ], [ -49.278435673954696, -25.432572578623898 ], [ -49.278440310572293, -25.432574042776046 ], [ -49.27844494719001, -25.43257550692805 ], [ -49.278449583807841, -25.432576971079914 ], [ -49.2784542204258, -25.43257843523163 ], [ -49.27845885704388, -25.432579899383224 ], [ -49.278463493662073, -25.432581363534659 ], [ -49.278468130280388, -25.432582827685959 ], [ -49.27847276689883, -25.43258429183712 ], [ -49.278477403517385, -25.432585755988139 ], [ -49.278482040136062, -25.432587220139016 ], [ -49.278486676754859, -25.432588684289755 ], [ -49.278491313373777, -25.432590148440354 ], [ -49.278495949992809, -25.432591612590805 ], [ -49.278500586611969, -25.432593076741124 ], [ -49.278505223231249, -25.432594540891294 ], [ -49.278509859850644, -25.432596005041329 ], [ -49.278514496470159, -25.432597469191226 ], [ -49.278519133089809, -25.432598933340973 ], [ -49.278523769709565, -25.432600397490582 ], [ -49.278528406329443, -25.432601861640059 ], [ -49.278533042949441, -25.43260332578938 ], [ -49.27853767956956, -25.432604789938566 ], [ -49.278542316189807, -25.432606254087617 ], [ -49.278546952810167, -25.432607718236522 ], [ -49.278551589430641, -25.432609182385288 ], [ -49.278556226051251, -25.432610646533909 ], [ -49.278560862671966, -25.432612110682392 ], [ -49.27856549929281, -25.432613574830736 ], [ -49.278570135913775, -25.432615038978941 ], [ -49.278574772534853, -25.432616503127001 ], [ -49.278579409156059, -25.432617967274918 ], [ -49.278584045777379, -25.432619431422701 ], [ -49.278588682398826, -25.432620895570338 ], [ -49.278593319020388, -25.432622359717836 ], [ -49.278597955642077, -25.432623823865192 ], [ -49.27860259226388, -25.432625288012407 ], [ -49.278607228885804, -25.432626752159475 ], [ -49.278611865507848, -25.432628216306412 ], [ -49.278616502130014, -25.432629680453207 ], [ -49.278621138752293, -25.432631144599856 ], [ -49.278625775374699, -25.432632608746371 ], [ -49.278630411997234, -25.432634072892743 ], [ -49.278635048619876, -25.432635537038966 ], [ -49.278639685242645, -25.432637001185057 ], [ -49.278641217427555, -25.432638428948881 ], [ -49.278642749612494, -25.432639856712687 ], [ -49.278644281797476, -25.432641284476482 ], [ -49.278645813982493, -25.432642712240263 ], [ -49.278647346167553, -25.432644140004019 ], [ -49.278648878352641, -25.432645567767771 ], [ -49.278650410537765, -25.432646995531513 ], [ -49.278651942722931, -25.432648423295227 ], [ -49.278653474908126, -25.432649851058937 ], [ -49.278655007093363, -25.432651278822625 ], [ -49.278656539278636, -25.432652706586303 ], [ -49.278658071463937, -25.432654134349974 ], [ -49.278659603649281, -25.432655562113617 ], [ -49.27866113583466, -25.432656989877252 ], [ -49.278662668020075, -25.432658417640873 ], [ -49.278664200205526, -25.43265984540448 ], [ -49.278665732391019, -25.432661273168065 ], [ -49.278667264576541, -25.432662700931647 ], [ -49.278668796762098, -25.432664128695208 ], [ -49.27867032894769, -25.432665556458755 ], [ -49.278671861133326, -25.432666984222294 ], [ -49.278673393318989, -25.432668411985816 ], [ -49.278674925504696, -25.432669839749313 ], [ -49.27867645769043, -25.432671267512806 ], [ -49.278677989876208, -25.432672695276288 ], [ -49.278679522062021, -25.432674123039742 ], [ -49.278681054247869, -25.4326755508032 ], [ -49.278682586433753, -25.432676978566629 ], [ -49.278684118619672, -25.432678406330044 ], [ -49.278685650805627, -25.432679834093459 ], [ -49.278687182991625, -25.432681261856846 ], [ -49.278688715177644, -25.432682689620215 ], [ -49.278691819616839, -25.432682726001399 ], [ -49.278694924056033, -25.432682762382509 ], [ -49.278698028495228, -25.432682798763565 ], [ -49.278701132934444, -25.432682835144551 ], [ -49.278704237373653, -25.432682871525465 ], [ -49.278707341812868, -25.432682907906322 ], [ -49.278710446252099, -25.432682944287112 ], [ -49.278713550691329, -25.432682980667831 ], [ -49.278716655130566, -25.432683017048486 ], [ -49.27871975956981, -25.432683053429081 ], [ -49.278722864009055, -25.432683089809608 ], [ -49.278725968448313, -25.432683126190067 ], [ -49.278729072887579, -25.432683162570463 ], [ -49.278732177326845, -25.432683198950794 ], [ -49.278735281766117, -25.432683235331059 ], [ -49.278738386205397, -25.432683271711255 ], [ -49.278741490644677, -25.432683308091388 ], [ -49.278744595083971, -25.432683344471453 ], [ -49.278747699523272, -25.432683380851458 ], [ -49.278750803962573, -25.432683417231392 ], [ -49.278753908401889, -25.432683453611265 ], [ -49.278757012841197, -25.432683489991067 ], [ -49.27876011728052, -25.432683526370806 ], [ -49.278763221719849, -25.432683562750483 ], [ -49.278766326159179, -25.43268359913009 ], [ -49.278769430598516, -25.432683635509633 ], [ -49.278772535037859, -25.432683671889109 ], [ -49.278775639477217, -25.432683708268524 ], [ -49.278778743916575, -25.432683744647871 ], [ -49.278781848355933, -25.432683781027144 ], [ -49.278784952795306, -25.432683817406364 ], [ -49.278788057234685, -25.432683853785512 ], [ -49.278795818333144, -25.432683944733103 ], [ -49.278803579431653, -25.432684035680278 ], [ -49.27881134053019, -25.432684126627048 ], [ -49.27881910162877, -25.432684217573403 ], [ -49.278826862727378, -25.432684308519352 ], [ -49.278834623826036, -25.432684399464893 ], [ -49.278842384924722, -25.432684490410018 ], [ -49.278850146023451, -25.432684581354739 ], [ -49.278857907122223, -25.432684672299054 ], [ -49.278865668221016, -25.43268476324295 ], [ -49.278873429319859, -25.432684854186437 ], [ -49.278881190418737, -25.43268494512952 ], [ -49.278888951517658, -25.43268503607219 ], [ -49.278896712616607, -25.432685127014459 ], [ -49.278904473715599, -25.432685217956308 ], [ -49.278912234814626, -25.432685308897746 ], [ -49.278919995913689, -25.432685399838782 ], [ -49.278927757012795, -25.432685490779402 ], [ -49.278935518111936, -25.432685581719618 ], [ -49.27894327921112, -25.432685672659421 ], [ -49.278951040310332, -25.432685763598808 ], [ -49.278958801409587, -25.432685854537798 ], [ -49.278966562508877, -25.432685945476372 ], [ -49.27897432360821, -25.432686036414538 ], [ -49.278982084707572, -25.432686127352291 ], [ -49.278989845806976, -25.432686218289636 ], [ -49.278997606906422, -25.432686309226572 ], [ -49.279005368005897, -25.432686400163096 ], [ -49.279013129105415, -25.432686491099211 ], [ -49.279020890204968, -25.432686582034922 ], [ -49.279028651304557, -25.43268667297022 ], [ -49.279036412404196, -25.432686763905103 ], [ -49.279042601254481, -25.432688246225744 ], [ -49.279048790104952, -25.432689728546123 ], [ -49.279054978955578, -25.432691210866263 ], [ -49.279061167806383, -25.432692693186134 ], [ -49.279067356657343, -25.432694175505763 ], [ -49.279073545508474, -25.432695657825132 ], [ -49.279079734359769, -25.432697140144253 ], [ -49.279085923211241, -25.432698622463118 ], [ -49.27909211206287, -25.432700104781734 ], [ -49.279098300914669, -25.432701587100091 ], [ -49.279104489766631, -25.432703069418189 ], [ -49.279110678618764, -25.432704551736052 ], [ -49.279116867471068, -25.432706034053648 ], [ -49.279123056323535, -25.432707516370989 ], [ -49.279129245176165, -25.432708998688089 ], [ -49.279135434028966, -25.432710481004928 ], [ -49.27914162288193, -25.432711963321513 ], [ -49.279147811735065, -25.432713445637845 ], [ -49.279154000588363, -25.432714927953921 ], [ -49.279160189441832, -25.432716410269748 ], [ -49.279166378295471, -25.432717892585327 ], [ -49.279172567149267, -25.432719374900639 ], [ -49.27917875600324, -25.432720857215706 ], [ -49.27918494485737, -25.432722339530521 ], [ -49.279191133711677, -25.43272382184508 ], [ -49.279197322566141, -25.432725304159383 ], [ -49.279203511420782, -25.432726786473442 ], [ -49.27920970027558, -25.43272826878724 ], [ -49.279215889130548, -25.432729751100787 ], [ -49.279222077985693, -25.432731233414088 ], [ -49.279228266840995, -25.432732715727123 ], [ -49.279234455696468, -25.432734198039903 ], [ -49.27923598788994, -25.432735625797932 ], [ -49.279237520083448, -25.432737053555943 ], [ -49.279239052276992, -25.432738481313937 ], [ -49.279240584470578, -25.432739909071923 ], [ -49.279242116664193, -25.432741336829888 ], [ -49.279243648857843, -25.432742764587839 ], [ -49.279245181051543, -25.43274419234579 ], [ -49.279246713245264, -25.432745620103709 ], [ -49.279248245439028, -25.432747047861611 ], [ -49.279249777632828, -25.432748475619515 ], [ -49.279251309826655, -25.432749903377395 ], [ -49.279252842020533, -25.432751331135261 ], [ -49.279254374214439, -25.432752758893127 ], [ -49.27925590640838, -25.432754186650953 ], [ -49.279257438602357, -25.432755614408777 ], [ -49.27925897079637, -25.4327570421666 ], [ -49.279260502990432, -25.432758469924387 ], [ -49.279262035184516, -25.432759897682164 ], [ -49.279263567378642, -25.432761325439941 ], [ -49.279265099572797, -25.432762753197689 ], [ -49.279266631766994, -25.432764180955424 ], [ -49.279268163961227, -25.432765608713147 ], [ -49.279269696155495, -25.432767036470864 ], [ -49.279271228349799, -25.432768464228552 ], [ -49.279272760544139, -25.432769891986236 ], [ -49.279274292738513, -25.4327713197439 ], [ -49.279275824932924, -25.432772747501549 ], [ -49.27927735712737, -25.432774175259194 ], [ -49.279278889321859, -25.432775603016815 ], [ -49.279280421516376, -25.432777030774421 ], [ -49.279281953710928, -25.432778458532017 ], [ -49.27928348590553, -25.432779886289595 ], [ -49.279285018100154, -25.432781314047155 ], [ -49.27928655029482, -25.432782741804711 ], [ -49.279288082489522, -25.43278416956225 ], [ -49.279289614684259, -25.432785597319764 ], [ -49.279291146879032, -25.432787025077285 ], [ -49.279292679073841, -25.432788452834775 ], [ -49.279294211268684, -25.432789880592246 ], [ -49.279295743463571, -25.432791308349717 ], [ -49.279297275658486, -25.432792736107174 ], [ -49.279298807853436, -25.4327941638646 ], [ -49.279300340048422, -25.432795591622028 ], [ -49.279301872243458, -25.432797019379436 ], [ -49.279303404438515, -25.432798447136825 ], [ -49.279304936633615, -25.432799874894211 ], [ -49.279306468828743, -25.432801302651573 ], [ -49.279308001023914, -25.432802730408916 ], [ -49.279309533219127, -25.432804158166256 ], [ -49.279311065414369, -25.432805585923578 ], [ -49.279312597609646, -25.432807013680879 ], [ -49.279314129804959, -25.432808441438176 ], [ -49.279315662000307, -25.432809869195456 ], [ -49.279317194195698, -25.43281129695271 ], [ -49.279318726391118, -25.432812724709969 ], [ -49.27932025858658, -25.432814152467206 ], [ -49.279321790782078, -25.432815580224418 ], [ -49.279323322977604, -25.432817007981633 ], [ -49.279324855173172, -25.43281843573882 ], [ -49.279326387368776, -25.432819863495997 ], [ -49.279327919564409, -25.432821291253166 ], [ -49.279329451760084, -25.432822719010311 ], [ -49.279330983955795, -25.432824146767437 ], [ -49.279332516151548, -25.432825574524568 ], [ -49.27933404834733, -25.432827002281673 ], [ -49.279335580543155, -25.432828430038768 ], [ -49.279337112739, -25.432829857795841 ], [ -49.279338644934903, -25.432831285552908 ], [ -49.279340177130827, -25.432832713309953 ], [ -49.279341709326786, -25.432834141066987 ], [ -49.279343241522788, -25.432835568824011 ], [ -49.279344773718826, -25.432836996581017 ], [ -49.279346305914892, -25.432838424338001 ], [ -49.279347838111008, -25.432839852094986 ], [ -49.279349370307152, -25.432841279851946 ], [ -49.279350902503332, -25.432842707608888 ], [ -49.279352434699547, -25.432844135365826 ], [ -49.279353966895798, -25.43284556312274 ], [ -49.279355499092091, -25.432846990879646 ], [ -49.279357031288413, -25.432848418636532 ], [ -49.279358563484777, -25.432849846393413 ], [ -49.27936009568117, -25.432851274150263 ], [ -49.279361627877606, -25.43285270190712 ], [ -49.279363160074077, -25.432854129663948 ], [ -49.279364692270583, -25.432855557420769 ], [ -49.279366224467118, -25.432856985177576 ], [ -49.279367756663703, -25.432858412934362 ], [ -49.279369288860309, -25.432859840691137 ], [ -49.279370821056965, -25.432861268447901 ], [ -49.279372353253649, -25.432862696204644 ], [ -49.279373885450369, -25.432864123961377 ], [ -49.279375417647124, -25.432865551718095 ], [ -49.279376949843922, -25.432866979474795 ], [ -49.279378482040748, -25.432868407231481 ], [ -49.279380014237617, -25.432869834988161 ], [ -49.279381546434522, -25.432871262744818 ], [ -49.279383078631454, -25.432872690501462 ], [ -49.279384610828437, -25.432874118258102 ], [ -49.279386143025441, -25.43287554601471 ], [ -49.279387675222495, -25.432876973771315 ], [ -49.27938920741957, -25.432878401527905 ], [ -49.279390739616687, -25.432879829284484 ], [ -49.27939227181384, -25.432881257041039 ], [ -49.279393804011036, -25.432882684797583 ], [ -49.27939533620826, -25.432884112554113 ], [ -49.279396868405527, -25.432885540310625 ], [ -49.27939840060283, -25.43288696806713 ], [ -49.27939993280016, -25.432888395823621 ], [ -49.279401464997534, -25.432889823580091 ], [ -49.279402997194943, -25.432891251336553 ], [ -49.27940452939238, -25.432892679092998 ], [ -49.27940606158986, -25.432894106849421 ], [ -49.279407593787383, -25.432895534605844 ], [ -49.279409125984934, -25.432896962362243 ], [ -49.27941065818252, -25.432898390118627 ], [ -49.279412190380143, -25.432899817875004 ], [ -49.2794137225778, -25.43290124563136 ], [ -49.2794152547755, -25.432902673387701 ], [ -49.279416786973236, -25.432904101144029 ], [ -49.279418319171, -25.432905528900353 ], [ -49.2794198513688, -25.432906956656652 ], [ -49.279421383566643, -25.43290838441294 ], [ -49.27942291576452, -25.432909812169207 ], [ -49.279424447962434, -25.432911239925467 ], [ -49.279425980160383, -25.432912667681709 ], [ -49.279427512358374, -25.432914095437937 ], [ -49.279429044556387, -25.432915523194147 ], [ -49.279430576754443, -25.43291695095035 ], [ -49.279432108952541, -25.432918378706535 ], [ -49.279433641150668, -25.432919806462703 ], [ -49.27943517334883, -25.432921234218867 ], [ -49.279436705547035, -25.43292266197501 ], [ -49.279438237745275, -25.432924089731131 ], [ -49.279439769943544, -25.432925517487249 ], [ -49.279441302141862, -25.432926945243349 ], [ -49.279442834340202, -25.432928372999427 ], [ -49.279444366538584, -25.432929800755506 ], [ -49.279445898737002, -25.432931228511563 ], [ -49.279447430935456, -25.432932656267596 ], [ -49.279448963133945, -25.432934084023632 ], [ -49.279450495332469, -25.432935511779643 ], [ -49.279452027531029, -25.43293693953564 ], [ -49.279453559729632, -25.432938367291626 ], [ -49.27945509192827, -25.432939795047599 ], [ -49.279456624126937, -25.432941222803549 ], [ -49.279458156325646, -25.432942650559497 ], [ -49.279459688524383, -25.432944078315419 ], [ -49.279461220723171, -25.432945506071331 ], [ -49.27946275292198, -25.432946933827232 ], [ -49.279464285120831, -25.432948361583115 ], [ -49.279465817319718, -25.432949789338977 ], [ -49.27946734951864, -25.432951217094846 ], [ -49.279468881717605, -25.432952644850683 ], [ -49.279470413916599, -25.432954072606503 ], [ -49.279471946115628, -25.432955500362322 ], [ -49.279473478314699, -25.432956928118116 ], [ -49.279475010513799, -25.432958355873893 ], [ -49.279476542712942, -25.43295978362967 ], [ -49.279478074912113, -25.432961211385425 ], [ -49.279479607111327, -25.432962639141159 ], [ -49.279482711558977, -25.432962675506001 ], [ -49.279485816006648, -25.432962711870783 ], [ -49.279488920454313, -25.432962748235489 ], [ -49.279492024901991, -25.432962784600139 ], [ -49.279495129349669, -25.432962820964715 ], [ -49.279498233797355, -25.432962857329233 ], [ -49.279501338245041, -25.432962893693677 ], [ -49.27950444269274, -25.432962930058064 ], [ -49.279507547140454, -25.432962966422384 ], [ -49.279510651588161, -25.432963002786636 ], [ -49.279513756035875, -25.432963039150824 ], [ -49.279516860483604, -25.432963075514945 ], [ -49.279519964931332, -25.432963111879001 ], [ -49.27952306937906, -25.432963148242994 ], [ -49.279526173826802, -25.432963184606916 ], [ -49.279529278274552, -25.43296322097077 ], [ -49.279532382722294, -25.432963257334571 ], [ -49.279535487170058, -25.432963293698297 ], [ -49.279538591617822, -25.432963330061959 ], [ -49.279541696065593, -25.432963366425557 ], [ -49.279544800513364, -25.432963402789088 ], [ -49.279547904961156, -25.432963439152555 ], [ -49.279551009408941, -25.432963475515951 ], [ -49.279554113856733, -25.43296351187929 ], [ -49.279557218304532, -25.432963548242558 ], [ -49.279560322752346, -25.432963584605762 ], [ -49.279563427200152, -25.432963620968902 ], [ -49.279566531647973, -25.432963657331975 ], [ -49.2795696360958, -25.432963693694983 ], [ -49.279572740543628, -25.432963730057924 ], [ -49.279575844991463, -25.432963766420805 ], [ -49.279578949439305, -25.432963802783608 ], [ -49.279580481639805, -25.432965230538365 ], [ -49.27958201384034, -25.43296665829309 ], [ -49.279583546040911, -25.432968086047818 ], [ -49.279585078241517, -25.432969513802522 ], [ -49.279586610442159, -25.432970941557219 ], [ -49.279588142642837, -25.432972369311894 ], [ -49.279589674843557, -25.432973797066559 ], [ -49.279591207044305, -25.432975224821206 ], [ -49.279592739245096, -25.432976652575853 ], [ -49.279594271445923, -25.432978080330468 ], [ -49.279595803646778, -25.432979508085076 ], [ -49.279597335847676, -25.432980935839669 ], [ -49.279598868048609, -25.432982363594238 ], [ -49.279600400249571, -25.4329837913488 ], [ -49.279601932450575, -25.432985219103358 ], [ -49.279603464651622, -25.432986646857891 ], [ -49.27960499685269, -25.43298807461241 ], [ -49.279606529053801, -25.432989502366922 ], [ -49.279608061254955, -25.432990930121402 ], [ -49.279609593456144, -25.432992357875886 ], [ -49.279611125657361, -25.432993785630348 ], [ -49.279612657858614, -25.432995213384796 ], [ -49.27961419005991, -25.432996641139233 ], [ -49.279615722261241, -25.432998068893653 ], [ -49.279617254462607, -25.432999496648058 ], [ -49.279618786664003, -25.43300092440245 ], [ -49.27962031886544, -25.433002352156826 ], [ -49.279621851066914, -25.433003779911186 ], [ -49.279623383268429, -25.433005207665534 ], [ -49.279624915469974, -25.433006635419869 ], [ -49.279626447671554, -25.433008063174192 ], [ -49.279627979873169, -25.433009490928491 ], [ -49.27962951207482, -25.433010918682786 ], [ -49.279631044276513, -25.433012346437057 ], [ -49.279632576478242, -25.433013774191316 ], [ -49.27963410868, -25.433015201945569 ], [ -49.2796356408818, -25.4330166296998 ], [ -49.279637173083636, -25.433018057454017 ], [ -49.2796387052855, -25.433019485208231 ], [ -49.279640237487406, -25.433020912962416 ], [ -49.279641769689356, -25.433022340716583 ], [ -49.279643301891333, -25.433023768470751 ], [ -49.279644834093347, -25.433025196224893 ], [ -49.279646366295403, -25.433026623979025 ], [ -49.279647898497487, -25.433028051733146 ], [ -49.279649430699607, -25.433029479487253 ], [ -49.279650962901762, -25.433030907241335 ], [ -49.27965249510396, -25.433032334995413 ], [ -49.279654027306194, -25.433033762749474 ], [ -49.279655559508456, -25.433035190503514 ], [ -49.27965709171076, -25.43303661825755 ], [ -49.2796586239131, -25.433038046011568 ], [ -49.279660156115476, -25.433039473765568 ], [ -49.279661688317887, -25.433040901519565 ], [ -49.279663220520334, -25.433042329273533 ], [ -49.279664752722823, -25.433043757027491 ], [ -49.279666284925341, -25.433045184781438 ], [ -49.279667817127894, -25.433046612535367 ], [ -49.27966934933049, -25.433048040289286 ], [ -49.279670881533114, -25.433049468043187 ], [ -49.279672413735781, -25.433050895797081 ], [ -49.279673945938484, -25.433052323550946 ], [ -49.279675478141215, -25.433053751304811 ], [ -49.279677010343988, -25.433055179058659 ], [ -49.279683219244696, -25.433055251780182 ], [ -49.279689428145424, -25.433055324501442 ], [ -49.279695637046181, -25.433055397222439 ], [ -49.27970184594696, -25.433055469943174 ], [ -49.27970805484776, -25.433055542663652 ], [ -49.279714263748588, -25.433055615383864 ], [ -49.279720472649437, -25.433055688103817 ], [ -49.279726681550315, -25.433055760823503 ], [ -49.279732890451214, -25.43305583354293 ], [ -49.279739099352135, -25.433055906262094 ], [ -49.279745308253084, -25.433055978980995 ], [ -49.279751517154054, -25.433056051699637 ], [ -49.279757726055053, -25.433056124418012 ], [ -49.279763934956073, -25.433056197136128 ], [ -49.279770143857114, -25.433056269853981 ], [ -49.279776352758176, -25.433056342571568 ], [ -49.279782561659268, -25.433056415288899 ], [ -49.27978877056038, -25.433056488005967 ], [ -49.279794979461521, -25.433056560722768 ], [ -49.279801188362683, -25.433056633439314 ], [ -49.279807397263873, -25.433056706155593 ], [ -49.279813606165085, -25.433056778871606 ], [ -49.279819815066318, -25.433056851587367 ], [ -49.27982602396758, -25.433056924302861 ], [ -49.279832232868863, -25.433056997018092 ], [ -49.279838441770167, -25.433057069733049 ], [ -49.2798446506715, -25.433057142447765 ], [ -49.279850859572853, -25.433057215162208 ], [ -49.279857068474236, -25.433057287876391 ], [ -49.27986327737564, -25.433057360590308 ], [ -49.279869486277065, -25.433057433303969 ], [ -49.279875695178518, -25.433057506017366 ], [ -49.279880331834605, -25.43305897012581 ], [ -49.279884968490812, -25.433060434234129 ], [ -49.279889605147133, -25.433061898342292 ], [ -49.279894241803575, -25.433063362450312 ], [ -49.279898878460145, -25.433064826558201 ], [ -49.279903515116828, -25.433066290665948 ], [ -49.279908151773633, -25.433067754773546 ], [ -49.279912788430558, -25.433069218881016 ], [ -49.279917425087604, -25.433070682988333 ], [ -49.27992206174477, -25.433072147095508 ], [ -49.279926698402058, -25.433073611202563 ], [ -49.279931335059466, -25.433075075309457 ], [ -49.279935971716988, -25.433076539416213 ], [ -49.279940608374638, -25.43307800352283 ], [ -49.279945245032408, -25.433079467629305 ], [ -49.2799498816903, -25.433080931735638 ], [ -49.279954518348305, -25.433082395841836 ], [ -49.279959155006438, -25.433083859947896 ], [ -49.279963791664684, -25.433085324053799 ], [ -49.279968428323052, -25.433086788159578 ], [ -49.27997306498154, -25.433088252265211 ], [ -49.279977701640149, -25.433089716370699 ], [ -49.279982338298886, -25.433091180476051 ], [ -49.279986974957737, -25.433092644581254 ], [ -49.279991611616708, -25.433094108686323 ], [ -49.279996248275793, -25.433095572791252 ], [ -49.280000884935014, -25.43309703689604 ], [ -49.28000552159434, -25.433098501000682 ], [ -49.280010158253795, -25.433099965105189 ], [ -49.280014794913363, -25.433101429209554 ], [ -49.280019431573059, -25.433102893313766 ], [ -49.280024068232869, -25.433104357417854 ], [ -49.280038018249485, -25.433105930581892 ], [ -49.280051968266555, -25.433107503744615 ], [ -49.280065918284066, -25.433109076906046 ], [ -49.280079868302018, -25.433110650066158 ], [ -49.280093818320417, -25.433112223224967 ], [ -49.280107768339263, -25.433113796382468 ], [ -49.280121718358551, -25.433115369538662 ], [ -49.280135668378279, -25.433116942693541 ], [ -49.280149618398461, -25.433118515847134 ], [ -49.280163568419084, -25.433120088999402 ], [ -49.280177518440155, -25.43312166215037 ], [ -49.280191468461673, -25.43312323530003 ], [ -49.280205418483632, -25.43312480844838 ], [ -49.280219368506032, -25.433126381595425 ], [ -49.280233318528879, -25.433127954741174 ], [ -49.280247268552174, -25.433129527885598 ], [ -49.280261218575916, -25.433131101028717 ], [ -49.280275168600092, -25.433132674170544 ], [ -49.280289118624722, -25.433134247311052 ], [ -49.280303068649793, -25.433135820450254 ], [ -49.280317018675305, -25.433137393588154 ], [ -49.280330968701271, -25.433138966724737 ], [ -49.280344918727685, -25.43314053986002 ], [ -49.280358868754533, -25.433142112994005 ], [ -49.280372818781828, -25.433143686126666 ], [ -49.280386768809578, -25.433145259258026 ], [ -49.280400718837761, -25.43314683238809 ], [ -49.280414668866392, -25.433148405516832 ], [ -49.280428618895463, -25.43314997864427 ], [ -49.28044256892499, -25.433151551770415 ], [ -49.280456518954956, -25.433153124895238 ], [ -49.280470468985364, -25.433154698018754 ], [ -49.280484459042377, -25.433153451992961 ], [ -49.280498449099184, -25.433152205965818 ], [ -49.280512439155792, -25.433150959937322 ], [ -49.280526429212188, -25.433149713907486 ], [ -49.280540419268384, -25.4331484678763 ], [ -49.280554409324367, -25.433147221843761 ], [ -49.280568399380151, -25.433145975809879 ], [ -49.280582389435736, -25.43314472977465 ], [ -49.280596379491101, -25.433143483738064 ], [ -49.280610369546281, -25.433142237700135 ], [ -49.280624359601241, -25.43314099166086 ], [ -49.280638349656002, -25.433139745620231 ], [ -49.280652339710556, -25.433138499578256 ], [ -49.280666329764912, -25.433137253534937 ], [ -49.280680319819055, -25.433136007490262 ], [ -49.280694309872999, -25.433134761444244 ], [ -49.280708299926737, -25.433133515396879 ], [ -49.280722289980268, -25.433132269348157 ], [ -49.280736280033594, -25.433131023298095 ], [ -49.280750270086713, -25.43312977724668 ], [ -49.280764260139634, -25.433128531193919 ], [ -49.280778250192348, -25.433127285139811 ], [ -49.280792240244857, -25.43312603908436 ], [ -49.280806230297159, -25.433124793027549 ], [ -49.280820220349256, -25.433123546969391 ], [ -49.280834210401153, -25.433122300909897 ], [ -49.280848200452837, -25.433121054849039 ], [ -49.280862190504322, -25.433119808786842 ], [ -49.280876180555602, -25.433118562723301 ], [ -49.280890170606682, -25.4331173166584 ], [ -49.280904160657549, -25.43311607059216 ], [ -49.280918150708217, -25.433114824524569 ], [ -49.280919722943139, -25.433113433117562 ], [ -49.280921295178032, -25.433112041710547 ], [ -49.28092286741289, -25.433110650303504 ], [ -49.280924439647713, -25.43310925889644 ], [ -49.280926011882499, -25.433107867489365 ], [ -49.280927584117244, -25.433106476082273 ], [ -49.280929156351959, -25.433105084675148 ], [ -49.28093072858664, -25.433103693268016 ], [ -49.280932300821277, -25.43310230186087 ], [ -49.280933873055886, -25.433100910453689 ], [ -49.280935445290453, -25.4330995190465 ], [ -49.280937017524984, -25.43309812763929 ], [ -49.280938589759486, -25.433096736232059 ], [ -49.280940161993939, -25.43309534482481 ], [ -49.280941734228371, -25.433093953417547 ], [ -49.280943306462753, -25.433092562010248 ], [ -49.280944878697106, -25.433091170602953 ], [ -49.280946450931424, -25.43308977919563 ], [ -49.280948023165706, -25.433088387788278 ], [ -49.280949595399953, -25.433086996380922 ], [ -49.280951167634157, -25.433085604973545 ], [ -49.280952739868326, -25.433084213566136 ], [ -49.280954312102466, -25.433082822158717 ], [ -49.280955884336564, -25.43308143075128 ], [ -49.280957456570626, -25.433080039343821 ], [ -49.280959028804659, -25.433078647936348 ], [ -49.28096060103865, -25.433077256528854 ], [ -49.280962173272599, -25.433075865121332 ], [ -49.280963745506519, -25.433074473713805 ], [ -49.280965317740403, -25.433073082306258 ], [ -49.280966889974252, -25.433071690898675 ], [ -49.280968462208058, -25.433070299491089 ], [ -49.280970034441836, -25.433068908083484 ], [ -49.280971606675578, -25.433067516675852 ], [ -49.280973178909278, -25.433066125268205 ], [ -49.280974751142942, -25.433064733860544 ], [ -49.280976323376571, -25.433063342452854 ], [ -49.280977895610171, -25.433061951045154 ], [ -49.280979467843729, -25.433060559637429 ], [ -49.280981040077243, -25.433059168229686 ], [ -49.280982612310737, -25.433057776821929 ], [ -49.280984184544181, -25.433056385414147 ], [ -49.280985756777604, -25.433054994006348 ], [ -49.280987329010976, -25.433053602598534 ], [ -49.280988901244314, -25.433052211190702 ], [ -49.28099047347763, -25.433050819782839 ], [ -49.280992045710889, -25.433049428374964 ], [ -49.280993617944127, -25.433048036967076 ], [ -49.280995190177329, -25.433046645559159 ], [ -49.280996762410481, -25.433045254151228 ], [ -49.280998334643613, -25.433043862743279 ], [ -49.280999906876701, -25.433042471335305 ], [ -49.281001479109754, -25.433041079927321 ], [ -49.281003051342772, -25.433039688519315 ], [ -49.281004623575754, -25.433038297111281 ], [ -49.281006195808693, -25.433036905703243 ], [ -49.281007768041604, -25.433035514295181 ], [ -49.28100934027448, -25.433034122887086 ], [ -49.281010912507313, -25.433032731478995 ], [ -49.281012484740117, -25.433031340070876 ], [ -49.281014056972879, -25.433029948662725 ], [ -49.281015629205612, -25.43302855725457 ], [ -49.281017201438303, -25.433027165846394 ], [ -49.281018773670958, -25.433025774438192 ], [ -49.281028107032974, -25.433024473860783 ], [ -49.281037440394833, -25.433023173282763 ], [ -49.281046773756529, -25.433021872704135 ], [ -49.281056107118054, -25.43302057212491 ], [ -49.281065440479424, -25.433019271545078 ], [ -49.281074773840622, -25.433017970964642 ], [ -49.281084107201664, -25.433016670383605 ], [ -49.281093440562536, -25.433015369801961 ], [ -49.281102773923244, -25.433014069219713 ], [ -49.281112107283789, -25.433012768636861 ], [ -49.281121440644171, -25.433011468053408 ], [ -49.281130774004389, -25.433010167469345 ], [ -49.281140107364443, -25.433008866884681 ], [ -49.281149440724327, -25.433007566299416 ], [ -49.281158774084062, -25.433006265713544 ], [ -49.281168107443619, -25.433004965127068 ], [ -49.281177440803013, -25.433003664539989 ], [ -49.281186774162251, -25.433002363952298 ], [ -49.281196107521318, -25.433001063364014 ], [ -49.281205440880221, -25.432999762775125 ], [ -49.281214774238961, -25.432998462185623 ], [ -49.281224107597538, -25.432997161595527 ], [ -49.281233440955951, -25.432995861004827 ], [ -49.281242774314208, -25.432994560413515 ], [ -49.281252107672287, -25.432993259821608 ], [ -49.28126144103021, -25.432991959229092 ], [ -49.281270774387963, -25.432990658635969 ], [ -49.281280107745566, -25.432989358042249 ], [ -49.281289441102992, -25.432988057447925 ], [ -49.281298774460254, -25.432986756852991 ], [ -49.28130810781736, -25.432985456257455 ], [ -49.281317441174295, -25.432984155661323 ], [ -49.281326734524818, -25.432985674213896 ], [ -49.281336027875611, -25.432987192765896 ], [ -49.281345321226674, -25.432988711317325 ], [ -49.281354614578007, -25.432990229868174 ], [ -49.28136390792961, -25.432991748418448 ], [ -49.281373201281475, -25.432993266968143 ], [ -49.281382494633618, -25.432994785517266 ], [ -49.281391787986024, -25.43299630406581 ], [ -49.281401081338707, -25.432997822613778 ], [ -49.281410374691646, -25.432999341161171 ], [ -49.281419668044862, -25.433000859707985 ], [ -49.281428961398348, -25.433002378254226 ], [ -49.281438254752096, -25.433003896799882 ], [ -49.281447548106122, -25.433005415344965 ], [ -49.281456841460418, -25.433006933889484 ], [ -49.281466134814977, -25.433008452433413 ], [ -49.281475428169799, -25.433009970976769 ], [ -49.281484721524905, -25.433011489519551 ], [ -49.281494014880266, -25.433013008061746 ], [ -49.281503308235912, -25.433014526603376 ], [ -49.281512601591807, -25.433016045144427 ], [ -49.281521894947986, -25.433017563684906 ], [ -49.281531188304427, -25.433019082224799 ], [ -49.281540481661139, -25.433020600764124 ], [ -49.281549775018128, -25.433022119302869 ], [ -49.281559068375373, -25.433023637841032 ], [ -49.281568361732894, -25.433025156378626 ], [ -49.281577655090679, -25.433026674915638 ], [ -49.281586948448741, -25.433028193452081 ], [ -49.281596241807065, -25.433029711987942 ], [ -49.28160553516566, -25.43303123052323 ], [ -49.281614828524532, -25.433032749057936 ], [ -49.281616360751201, -25.433034176792724 ], [ -49.281617892977906, -25.433035604527497 ], [ -49.281619425204653, -25.433037032262245 ], [ -49.281620957431429, -25.433038459996997 ], [ -49.281622489658247, -25.43303988773172 ], [ -49.281624021885094, -25.433041315466426 ], [ -49.281625554111983, -25.433042743201131 ], [ -49.281627086338908, -25.433044170935815 ], [ -49.281628618565868, -25.433045598670475 ], [ -49.281630150792864, -25.433047026405134 ], [ -49.281631683019896, -25.433048454139779 ], [ -49.281633215246963, -25.4330498818744 ], [ -49.281634747474065, -25.433051309609016 ], [ -49.281636279701203, -25.433052737343615 ], [ -49.281637811928384, -25.433054165078193 ], [ -49.281639344155593, -25.433055592812767 ], [ -49.281640876382845, -25.43305702054732 ], [ -49.281642408610132, -25.433058448281859 ], [ -49.281643940837455, -25.433059876016387 ], [ -49.281645473064813, -25.433061303750897 ], [ -49.2816470052922, -25.433062731485389 ], [ -49.281648537519629, -25.433064159219882 ], [ -49.281650069747094, -25.433065586954346 ], [ -49.281651601974602, -25.433067014688799 ], [ -49.281653134202138, -25.433068442423242 ], [ -49.281654666429709, -25.433069870157663 ], [ -49.281656198657323, -25.43307129789207 ], [ -49.281657730884966, -25.433072725626474 ], [ -49.281659263112651, -25.433074153360856 ], [ -49.281660795340365, -25.433075581095217 ], [ -49.281662327568121, -25.433077008829574 ], [ -49.281663859795913, -25.433078436563914 ], [ -49.2816669642501, -25.433078472882752 ], [ -49.281670068704301, -25.433078509201533 ], [ -49.281673173158509, -25.433078545520246 ], [ -49.281676277612711, -25.433078581838892 ], [ -49.281679382066926, -25.433078618157474 ], [ -49.281682486521156, -25.433078654475992 ], [ -49.281685590975378, -25.433078690794439 ], [ -49.281688695429615, -25.433078727112825 ], [ -49.281691799883859, -25.433078763431144 ], [ -49.281694904338096, -25.433078799749396 ], [ -49.281698008792354, -25.433078836067583 ], [ -49.281701113246612, -25.43307887238571 ], [ -49.28170421770087, -25.433078908703767 ], [ -49.28170732215515, -25.433078945021755 ], [ -49.281710426609422, -25.433078981339683 ], [ -49.281713531063701, -25.433079017657541 ], [ -49.281716635517988, -25.433079053975337 ], [ -49.281719739972282, -25.43307909029307 ], [ -49.281722844426582, -25.433079126610732 ], [ -49.28172594888089, -25.433079162928333 ], [ -49.281729053335205, -25.433079199245864 ], [ -49.28173215778952, -25.433079235563326 ], [ -49.281735262243849, -25.433079271880725 ], [ -49.281738366698171, -25.433079308198067 ], [ -49.281741471152515, -25.433079344515338 ], [ -49.281744575606858, -25.433079380832545 ], [ -49.281747680061201, -25.433079417149685 ], [ -49.281750784515559, -25.433079453466757 ], [ -49.281753888969916, -25.433079489783765 ], [ -49.281756993424288, -25.433079526100709 ], [ -49.28176009787866, -25.433079562417586 ], [ -49.281763202333032, -25.433079598734402 ], [ -49.28176473456211, -25.43308102646774 ], [ -49.281766266791223, -25.433082454201088 ], [ -49.281767799020372, -25.433083881934401 ], [ -49.281769331249556, -25.433085309667707 ], [ -49.281770863478783, -25.433086737401002 ], [ -49.281772395708032, -25.433088165134279 ], [ -49.28177392793733, -25.433089592867535 ], [ -49.281775460166664, -25.433091020600791 ], [ -49.281776992396026, -25.433092448334023 ], [ -49.28177852462543, -25.43309387606724 ], [ -49.281780056854871, -25.433095303800453 ], [ -49.281781589084339, -25.433096731533642 ], [ -49.28178312131385, -25.433098159266805 ], [ -49.281784653543397, -25.433099586999976 ], [ -49.281786185772972, -25.433101014733122 ], [ -49.281787718002597, -25.433102442466254 ], [ -49.281789250232251, -25.433103870199378 ], [ -49.281790782461947, -25.433105297932485 ], [ -49.281792314691671, -25.433106725665567 ], [ -49.281793846921431, -25.433108153398649 ], [ -49.281795379151234, -25.43310958113171 ], [ -49.281796911381065, -25.433111008864753 ], [ -49.281798443610938, -25.433112436597785 ], [ -49.28179997584084, -25.433113864330807 ], [ -49.281801508070785, -25.433115292063803 ], [ -49.281803040300765, -25.433116719796807 ], [ -49.281804572530781, -25.433118147529779 ], [ -49.281806104760832, -25.433119575262737 ], [ -49.281807636990919, -25.433121002995684 ], [ -49.281809169221042, -25.433122430728616 ], [ -49.281810701451207, -25.433123858461524 ], [ -49.2818122336814, -25.433125286194436 ], [ -49.281813765911629, -25.433126713927326 ], [ -49.281815298141893, -25.433128141660195 ], [ -49.2818168303722, -25.433129569393067 ], [ -49.281818362602543, -25.433130997125904 ], [ -49.281819894832921, -25.433132424858737 ], [ -49.281821427063335, -25.433133852591553 ], [ -49.281822959293784, -25.433135280324354 ], [ -49.281824491524262, -25.433136708057138 ], [ -49.281826023754782, -25.433138135789925 ], [ -49.281827555985338, -25.433139563522676 ], [ -49.281829088215936, -25.433140991255421 ], [ -49.281830620446563, -25.433142418988155 ], [ -49.281832152677225, -25.433143846720867 ], [ -49.281833684907923, -25.433145274453565 ], [ -49.281835217138671, -25.433146702186264 ], [ -49.28183674936944, -25.43314812991893 ], [ -49.281838281600244, -25.433149557651586 ], [ -49.281839813831091, -25.433150985384241 ], [ -49.281841346061974, -25.433152413116865 ], [ -49.281842878292892, -25.433153840849474 ], [ -49.281844410523846, -25.433155268582084 ], [ -49.281845942754835, -25.433156696314672 ], [ -49.281847474985859, -25.433158124047235 ], [ -49.28184900721692, -25.433159551779806 ], [ -49.281850539448023, -25.433160979512348 ], [ -49.281852071679154, -25.433162407244875 ], [ -49.281853603910328, -25.433163834977396 ], [ -49.28185513614153, -25.433165262709885 ], [ -49.281856668372768, -25.433166690442377 ], [ -49.281858200604056, -25.433168118174851 ], [ -49.281859732835365, -25.433169545907305 ], [ -49.281861265066716, -25.433170973639747 ], [ -49.281862797298103, -25.433172401372182 ], [ -49.281864329529526, -25.433173829104589 ], [ -49.281865861760984, -25.433175256836993 ], [ -49.281867393992478, -25.433176684569382 ], [ -49.281868926224014, -25.433178112301754 ], [ -49.281870458455572, -25.4331795400341 ], [ -49.281871990687179, -25.433180967766454 ], [ -49.281873522918822, -25.433182395498775 ], [ -49.2818750551505, -25.433183823231087 ], [ -49.281876587382207, -25.43318525096339 ], [ -49.281878119613957, -25.433186678695673 ], [ -49.281879651845742, -25.433188106427941 ], [ -49.281881184077555, -25.43318953416021 ], [ -49.281882716309411, -25.433190961892443 ], [ -49.281884248541303, -25.433192389624665 ], [ -49.281885780773237, -25.433193817356891 ], [ -49.2818873130052, -25.433195245089085 ], [ -49.281888845237198, -25.433196672821264 ], [ -49.281890377469232, -25.433198100553444 ], [ -49.281891909701308, -25.433199528285591 ], [ -49.281893441933413, -25.433200956017732 ], [ -49.28189497416556, -25.433202383749865 ], [ -49.281896506397743, -25.433203811481974 ], [ -49.281898038629961, -25.433205239214068 ], [ -49.281899570862208, -25.433206666946159 ], [ -49.281901103094498, -25.433208094678225 ], [ -49.281902635326823, -25.433209522410277 ], [ -49.28190416755919, -25.433210950142325 ], [ -49.281905699791587, -25.433212377874344 ], [ -49.281907232024011, -25.433213805606353 ], [ -49.281908764256485, -25.433215233338363 ], [ -49.281910296488988, -25.43321666107034 ], [ -49.28191338095062, -25.433218106959213 ], [ -49.281916465412323, -25.433219552848026 ], [ -49.281919549874111, -25.433220998736772 ], [ -49.281922634335963, -25.433222444625457 ], [ -49.281925718797901, -25.433223890514093 ], [ -49.281928803259916, -25.43322533640265 ], [ -49.281931887721996, -25.43322678229115 ], [ -49.281934972184168, -25.433228228179594 ], [ -49.28193805664641, -25.433229674067981 ], [ -49.281941141108732, -25.433231119956293 ], [ -49.281944225571124, -25.433232565844563 ], [ -49.281947310033594, -25.433234011732754 ], [ -49.281950394496143, -25.433235457620892 ], [ -49.281953478958769, -25.433236903508966 ], [ -49.281956563421474, -25.433238349396984 ], [ -49.28195964788425, -25.433239795284937 ], [ -49.281962732347111, -25.433241241172823 ], [ -49.281965816810036, -25.433242687060655 ], [ -49.281968901273046, -25.433244132948424 ], [ -49.281971985736135, -25.433245578836136 ], [ -49.281975070199294, -25.433247024723784 ], [ -49.281978154662532, -25.433248470611368 ], [ -49.281981239125848, -25.433249916498895 ], [ -49.281984323589242, -25.433251362386358 ], [ -49.281987408052707, -25.433252808273757 ], [ -49.28199049251625, -25.433254254161099 ], [ -49.281993576979879, -25.433255700048377 ], [ -49.281996661443578, -25.433257145935595 ], [ -49.281999745907349, -25.43325859182276 ], [ -49.282002830371205, -25.433260037709854 ], [ -49.282005914835132, -25.433261483596887 ], [ -49.282008999299137, -25.433262929483863 ], [ -49.282012123754022, -25.43326155622054 ], [ -49.282015248208836, -25.433260182957149 ], [ -49.282018372663586, -25.43325880969369 ], [ -49.282021497118265, -25.433257436430157 ], [ -49.28202462157288, -25.433256063166553 ], [ -49.282027746027424, -25.433254689902881 ], [ -49.282030870481904, -25.433253316639135 ], [ -49.282033994936306, -25.433251943375321 ], [ -49.282037119390651, -25.433250570111444 ], [ -49.282040243844925, -25.433249196847488 ], [ -49.282043368299128, -25.433247823583461 ], [ -49.282046492753267, -25.433246450319366 ], [ -49.282049617207342, -25.433245077055201 ], [ -49.282052741661346, -25.433243703790968 ], [ -49.282055866115279, -25.43324233052666 ], [ -49.282058990569148, -25.433240957262282 ], [ -49.282062115022946, -25.433239583997839 ], [ -49.282065239476673, -25.433238210733322 ], [ -49.282068363930343, -25.43323683746873 ], [ -49.282071488383941, -25.433235464204074 ], [ -49.282074612837469, -25.433234090939347 ], [ -49.282077737290933, -25.433232717674542 ], [ -49.282080861744326, -25.433231344409677 ], [ -49.282083986197655, -25.433229971144733 ], [ -49.282087110650906, -25.433228597879726 ], [ -49.282090235104107, -25.43322722461464 ], [ -49.28209335955723, -25.433225851349498 ], [ -49.282096484010282, -25.433224478084266 ], [ -49.28209960846327, -25.433223104818978 ], [ -49.282102732916194, -25.433221731553616 ], [ -49.282105857369046, -25.433220358288182 ], [ -49.282108981821828, -25.43321898502268 ], [ -49.282112106274546, -25.433217611757112 ], [ -49.282115230727193, -25.433216238491458 ], [ -49.282118355179776, -25.43321486522575 ], [ -49.282121479632295, -25.433213491959972 ], [ -49.282124604084736, -25.433212118694104 ], [ -49.28212772853712, -25.433210745428184 ], [ -49.282130852989432, -25.433209372162189 ], [ -49.282133977441674, -25.433207998896123 ], [ -49.282137101893852, -25.433206625629982 ], [ -49.282140226345959, -25.433205252363781 ], [ -49.282143350798002, -25.433203879097494 ], [ -49.282146475249966, -25.433202505831151 ], [ -49.282149599701881, -25.433201132564733 ], [ -49.282152724153711, -25.43319975929824 ], [ -49.282155848605484, -25.43319838603168 ], [ -49.282158973057186, -25.433197012765056 ], [ -49.282162097508824, -25.433195639498347 ], [ -49.282165221960391, -25.433194266231581 ], [ -49.282168346411886, -25.433192892964744 ], [ -49.282171470863318, -25.433191519697829 ], [ -49.282174595314686, -25.433190146430842 ], [ -49.282177719765976, -25.433188773163796 ], [ -49.282180844217208, -25.433187399896671 ], [ -49.282183968668363, -25.433186026629475 ], [ -49.282187093119461, -25.433184653362215 ], [ -49.282190217570481, -25.43318328009488 ], [ -49.282193342021436, -25.433181906827471 ], [ -49.282196466472335, -25.433180533560002 ], [ -49.282199590923156, -25.433179160292454 ], [ -49.282202715373906, -25.433177787024839 ], [ -49.282205839824599, -25.433176413757156 ], [ -49.282208964275213, -25.433175040489392 ], [ -49.282212088725764, -25.433173667221567 ], [ -49.282215213176251, -25.433172293953675 ], [ -49.282218337626666, -25.433170920685701 ], [ -49.282221462077018, -25.433169547417663 ], [ -49.282224586527299, -25.433168174149561 ], [ -49.282227710977516, -25.433166800881374 ], [ -49.282230835427654, -25.43316542761313 ], [ -49.282233959877736, -25.433164054344811 ], [ -49.282237084327747, -25.433162681076407 ], [ -49.282240208777687, -25.433161307807953 ], [ -49.282243333227562, -25.433159934539425 ], [ -49.282246457677367, -25.433158561270819 ], [ -49.282249582127108, -25.433157188002152 ], [ -49.282252706576777, -25.433155814733411 ], [ -49.282255831026383, -25.433154441464591 ], [ -49.282258955475918, -25.433153068195708 ], [ -49.282262079925388, -25.433151694926757 ], [ -49.282265204374795, -25.433150321657727 ], [ -49.282268328824124, -25.433148948388631 ], [ -49.282271453273388, -25.433147575119467 ], [ -49.282274577722582, -25.433146201850235 ], [ -49.282277702171719, -25.433144828580925 ], [ -49.282280826620784, -25.433143455311555 ], [ -49.282283951069772, -25.433142082042103 ], [ -49.282287075518703, -25.433140708772587 ], [ -49.282290199967562, -25.433139335503004 ], [ -49.282293324416358, -25.433137962233342 ], [ -49.282296448865083, -25.433136588963617 ], [ -49.282299573313736, -25.43313521569382 ], [ -49.282302697762326, -25.433133842423942 ], [ -49.282305822210844, -25.43313246915401 ], [ -49.282308946659299, -25.433131095883997 ], [ -49.282310518879406, -25.433129704461276 ], [ -49.282312091099477, -25.433128313038555 ], [ -49.282313663319506, -25.433126921615798 ], [ -49.282315235539507, -25.433125530193028 ], [ -49.282316807759464, -25.433124138770243 ], [ -49.282318379979394, -25.433122747347436 ], [ -49.282319952199281, -25.433121355924602 ], [ -49.282321524419139, -25.43311996450176 ], [ -49.282323096638954, -25.433118573078897 ], [ -49.282324668858735, -25.433117181656009 ], [ -49.282326241078479, -25.43311579023311 ], [ -49.282327813298188, -25.433114398810194 ], [ -49.282329385517862, -25.433113007387242 ], [ -49.282330957737493, -25.43311161596429 ], [ -49.282332529957095, -25.433110224541313 ], [ -49.282334102176662, -25.433108833118304 ], [ -49.282335674396194, -25.433107441695295 ], [ -49.282337246615683, -25.433106050272269 ], [ -49.282338818835143, -25.433104658849199 ], [ -49.282340391054561, -25.433103267426134 ], [ -49.282341963273943, -25.433101876003043 ], [ -49.28234353549329, -25.433100484579924 ], [ -49.282345107712608, -25.433099093156802 ], [ -49.282346679931884, -25.433097701733654 ], [ -49.282348252151124, -25.433096310310479 ], [ -49.282349824370321, -25.433094918887299 ], [ -49.28235139658949, -25.433093527464091 ], [ -49.282352968808624, -25.433092136040862 ], [ -49.282354541027715, -25.433090744617619 ], [ -49.282356113246777, -25.433089353194362 ], [ -49.282357685465797, -25.433087961771072 ], [ -49.282359257684789, -25.433086570347776 ], [ -49.282360849894921, -25.433083769349047 ], [ -49.282362442104976, -25.4330809683503 ], [ -49.282364034314959, -25.433078167351525 ], [ -49.282365626524857, -25.433075366352728 ], [ -49.282367218734684, -25.433072565353918 ], [ -49.28236881094444, -25.433069764355071 ], [ -49.282370403154111, -25.433066963356204 ], [ -49.282371995363711, -25.433064162357326 ], [ -49.282373587573225, -25.433061361358423 ], [ -49.282375179782669, -25.433058560359495 ], [ -49.282376771992034, -25.433055759360549 ], [ -49.282378364201321, -25.433052958361575 ], [ -49.282379956410537, -25.433050157362576 ], [ -49.282381548619675, -25.433047356363566 ], [ -49.282383140828735, -25.433044555364525 ], [ -49.282384733037716, -25.433041754365465 ], [ -49.282386325246627, -25.433038953366388 ], [ -49.282387917455452, -25.433036152367279 ], [ -49.282389509664206, -25.433033351368149 ], [ -49.282391101872882, -25.433030550369004 ], [ -49.28239269408148, -25.433027749369831 ], [ -49.282394286290007, -25.43302494837064 ], [ -49.282395878498448, -25.433022147371425 ], [ -49.282397470706819, -25.433019346372188 ], [ -49.282399062915111, -25.433016545372922 ], [ -49.282400655123332, -25.433013744373643 ], [ -49.282402247331476, -25.433010943374345 ], [ -49.282403839539533, -25.433008142375019 ], [ -49.282405431747527, -25.433005341375672 ], [ -49.282407023955429, -25.433002540376297 ], [ -49.282408616163266, -25.43299973937691 ], [ -49.282410208371019, -25.432996938377499 ], [ -49.282413352805321, -25.432994155529535 ], [ -49.282416497239488, -25.432991372681496 ], [ -49.282419641673499, -25.432988589833379 ], [ -49.282422786107375, -25.432985806985194 ], [ -49.282425930541109, -25.43298302413692 ], [ -49.282429074974687, -25.432980241288575 ], [ -49.282432219408129, -25.43297745844016 ], [ -49.282435363841422, -25.432974675591666 ], [ -49.282438508274574, -25.432971892743087 ], [ -49.282441652707583, -25.432969109894451 ], [ -49.282444797140442, -25.432966327045726 ], [ -49.28244794157316, -25.43296354419692 ], [ -49.282451086005736, -25.432960761348056 ], [ -49.282454230438162, -25.432957978499104 ], [ -49.282457374870447, -25.43295519565007 ], [ -49.282460519302589, -25.432952412800972 ], [ -49.282463663734582, -25.432949629951796 ], [ -49.282466808166433, -25.432946847102542 ], [ -49.282469952598134, -25.432944064253213 ], [ -49.282473097029701, -25.432941281403806 ], [ -49.282476241461126, -25.432938498554321 ], [ -49.282479385892394, -25.432935715704769 ], [ -49.282482530323527, -25.432932932855131 ], [ -49.282485674754511, -25.432930150005422 ], [ -49.282488819185346, -25.432927367155646 ], [ -49.282491963616046, -25.432924584305781 ], [ -49.282495108046596, -25.432921801455841 ], [ -49.282498252477012, -25.432919018605837 ], [ -49.282501396907271, -25.432916235755744 ], [ -49.282504541337389, -25.432913452905577 ], [ -49.282507685767364, -25.432910670055339 ], [ -49.282510830197197, -25.432907887205026 ], [ -49.282513954637643, -25.432906513930192 ], [ -49.282517079078019, -25.432905140655279 ], [ -49.282520203518331, -25.432903767380306 ], [ -49.282523327958572, -25.432902394105263 ], [ -49.282526452398749, -25.43290102083014 ], [ -49.282529576838861, -25.432899647554954 ], [ -49.282532701278896, -25.432898274279701 ], [ -49.282535825718867, -25.432896901004369 ], [ -49.282538950158774, -25.432895527728977 ], [ -49.282542074598609, -25.432894154453511 ], [ -49.282545199038381, -25.432892781177962 ], [ -49.282548323478075, -25.432891407902353 ], [ -49.282551447917712, -25.432890034626677 ], [ -49.282554572357284, -25.432888661350926 ], [ -49.282557696796772, -25.432887288075101 ], [ -49.28256082123621, -25.432885914799211 ], [ -49.28256394567557, -25.432884541523247 ], [ -49.282567070114865, -25.432883168247216 ], [ -49.282570194554097, -25.432881794971117 ], [ -49.282573318993258, -25.432880421694939 ], [ -49.282576443432347, -25.432879048418698 ], [ -49.282579567871373, -25.432877675142382 ], [ -49.282582692310328, -25.432876301865996 ], [ -49.282585816749219, -25.432874928589545 ], [ -49.282588941188038, -25.432873555313027 ], [ -49.282592065626794, -25.432872182036419 ], [ -49.282595190065479, -25.432870808759755 ], [ -49.282598314504099, -25.432869435483024 ], [ -49.282601438942649, -25.432868062206211 ], [ -49.282604563381135, -25.432866688929334 ], [ -49.282607687819542, -25.432865315652393 ], [ -49.282610812257893, -25.43286394237537 ], [ -49.28261548892128, -25.432862587247527 ], [ -49.282620165584575, -25.432861232119532 ], [ -49.282624842247763, -25.432859876991383 ], [ -49.282629518910859, -25.432858521863075 ], [ -49.282634195573856, -25.432857166734628 ], [ -49.282638872236767, -25.432855811606018 ], [ -49.282643548899571, -25.432854456477241 ], [ -49.282648225562276, -25.432853101348321 ], [ -49.282652902224896, -25.432851746219249 ], [ -49.282657578887409, -25.43285039109001 ], [ -49.282662255549837, -25.432849035960629 ], [ -49.282666932212166, -25.432847680831092 ], [ -49.282671608874395, -25.432846325701391 ], [ -49.282676285536525, -25.432844970571544 ], [ -49.282680962198562, -25.432843615441545 ], [ -49.282685638860507, -25.432842260311379 ], [ -49.282690315522352, -25.432840905181067 ], [ -49.282694992184098, -25.432839550050602 ], [ -49.282699668845751, -25.432838194919974 ], [ -49.282704345507305, -25.4328368397892 ], [ -49.282709022168767, -25.43283548465827 ], [ -49.282713698830129, -25.432834129527176 ], [ -49.282718375491399, -25.432832774395941 ], [ -49.282723052152562, -25.432831419264549 ], [ -49.28272772881364, -25.432830064132986 ], [ -49.282732405474619, -25.432828709001289 ], [ -49.282737082135505, -25.432827353869428 ], [ -49.282741758796291, -25.432825998737407 ], [ -49.282746435456971, -25.43282464360524 ], [ -49.282751112117566, -25.432823288472921 ], [ -49.282755788778069, -25.432821933340435 ], [ -49.282760465438464, -25.432820578207807 ], [ -49.282765102126291, -25.432822042226533 ], [ -49.282769738814231, -25.432823506245128 ], [ -49.282774375502292, -25.432824970263574 ], [ -49.282779012190481, -25.432826434281875 ], [ -49.282783648878777, -25.432827898300044 ], [ -49.2827882855672, -25.432829362318071 ], [ -49.282792922255744, -25.432830826335952 ], [ -49.282797558944402, -25.432832290353705 ], [ -49.282802195633195, -25.432833754371305 ], [ -49.282806832322095, -25.43283521838876 ], [ -49.282811469011122, -25.432836682406087 ], [ -49.28281610570027, -25.432838146423268 ], [ -49.282820742389532, -25.432839610440304 ], [ -49.282825379078915, -25.432841074457205 ], [ -49.282830015768418, -25.43284253847396 ], [ -49.282834652458043, -25.432844002490576 ], [ -49.282839289147795, -25.432845466507054 ], [ -49.28284392583766, -25.43284693052339 ], [ -49.28284856252764, -25.432848394539576 ], [ -49.282853199217747, -25.432849858555635 ], [ -49.282857835907976, -25.432851322571544 ], [ -49.282862472598332, -25.432852786587315 ], [ -49.282867109288787, -25.432854250602947 ], [ -49.282871745979378, -25.432855714618437 ], [ -49.282876382670089, -25.432857178633785 ], [ -49.282881019360914, -25.432858642648998 ], [ -49.282885656051867, -25.432860106664066 ], [ -49.282890292742934, -25.43286157067898 ], [ -49.282894929434129, -25.432863034693774 ], [ -49.28289956612543, -25.432864498708415 ], [ -49.282904202816859, -25.432865962722914 ], [ -49.282908839508409, -25.432867426737285 ], [ -49.282910371749225, -25.432868854459279 ], [ -49.282911903990076, -25.432870282181259 ], [ -49.282913436230963, -25.432871709903221 ], [ -49.282914968471879, -25.43287313762518 ], [ -49.282916500712837, -25.432874565347106 ], [ -49.282918032953837, -25.432875993069032 ], [ -49.28291956519486, -25.432877420790945 ], [ -49.282921097435938, -25.432878848512839 ], [ -49.282922629677032, -25.432880276234712 ], [ -49.282924161918174, -25.432881703956578 ], [ -49.282925694159353, -25.43288313167843 ], [ -49.28292722640056, -25.432884559400264 ], [ -49.282928758641809, -25.432885987122091 ], [ -49.282930290883087, -25.432887414843897 ], [ -49.282931823124407, -25.432888842565685 ], [ -49.282933355365763, -25.432890270287466 ], [ -49.282934887607155, -25.432891698009229 ], [ -49.282936419848582, -25.432893125730981 ], [ -49.282937952090045, -25.432894553452719 ], [ -49.282939484331543, -25.43289598117444 ], [ -49.282941016573083, -25.432897408896142 ], [ -49.282942548814653, -25.432898836617838 ], [ -49.282944081056257, -25.432900264339516 ], [ -49.282945613297905, -25.432901692061179 ], [ -49.282947145539588, -25.432903119782832 ], [ -49.282948677781299, -25.432904547504464 ], [ -49.282950210023046, -25.432905975226081 ], [ -49.282951742264842, -25.432907402947695 ], [ -49.28295327450666, -25.432908830669284 ], [ -49.282954806748521, -25.432910258390859 ], [ -49.282956338990424, -25.432911686112423 ], [ -49.282957871232355, -25.432913113833969 ], [ -49.282959403474322, -25.432914541555505 ], [ -49.282960935716325, -25.432915969277026 ], [ -49.282962467958363, -25.432917396998533 ], [ -49.282964000200444, -25.432918824720023 ], [ -49.28296553244256, -25.432920252441505 ], [ -49.282967064684705, -25.432921680162963 ], [ -49.282968596926892, -25.43292310788441 ], [ -49.282970129169115, -25.432924535605846 ], [ -49.282971661411374, -25.432925963327264 ], [ -49.28297319365366, -25.432927391048665 ], [ -49.282974725895997, -25.432928818770058 ], [ -49.282976258138362, -25.432930246491434 ], [ -49.282977790380762, -25.432931674212792 ], [ -49.282979322623198, -25.432933101934143 ], [ -49.28298085486567, -25.432934529655473 ], [ -49.282982387108184, -25.432935957376788 ], [ -49.282983919350734, -25.432937385098104 ], [ -49.282985451593312, -25.432938812819391 ], [ -49.282986983835933, -25.43294024054066 ], [ -49.282988516078589, -25.432941668261929 ], [ -49.282990048321274, -25.432943095983173 ], [ -49.282991580564001, -25.432944523704396 ], [ -49.282993112806764, -25.432945951425623 ], [ -49.282994645049563, -25.432947379146821 ], [ -49.282996177292397, -25.432948806868009 ], [ -49.282997709535266, -25.432950234589189 ], [ -49.282999241778171, -25.432951662310344 ], [ -49.283000774021119, -25.432953090031493 ], [ -49.283002306264095, -25.432954517752627 ], [ -49.283003838507106, -25.432955945473747 ], [ -49.283005370750168, -25.432957373194842 ], [ -49.28300690299325, -25.432958800915934 ], [ -49.283008435236376, -25.432960228637004 ], [ -49.283009967479536, -25.43296165635806 ], [ -49.283011499722733, -25.432963084079113 ], [ -49.283013031965965, -25.432964511800147 ], [ -49.283014564209225, -25.432965939521157 ], [ -49.283016096452535, -25.432967367242163 ], [ -49.283017628695873, -25.432968794963148 ], [ -49.283019160939254, -25.432970222684123 ], [ -49.283020693182664, -25.432971650405083 ], [ -49.283022225426109, -25.432973078126032 ], [ -49.283023757669596, -25.432974505846953 ], [ -49.283025289913112, -25.432975933567878 ], [ -49.283026822156678, -25.432977361288774 ], [ -49.283028354400265, -25.43297878900966 ], [ -49.283029886643895, -25.432980216730538 ], [ -49.28303141888756, -25.432981644451392 ], [ -49.283032951131261, -25.432983072172231 ], [ -49.283034483374998, -25.432984499893074 ], [ -49.283036015618769, -25.432985927613885 ], [ -49.283037547862577, -25.432987355334681 ], [ -49.283039080106427, -25.432988783055475 ], [ -49.283040612350305, -25.432990210776239 ], [ -49.283042144594226, -25.432991638496993 ], [ -49.283043676838176, -25.432993066217747 ], [ -49.283045209082168, -25.432994493938473 ], [ -49.283046741326196, -25.432995921659181 ], [ -49.283048273570259, -25.432997349379885 ], [ -49.28304980581435, -25.432998777100572 ], [ -49.283051338058492, -25.433000204821241 ], [ -49.283052870302654, -25.433001632541902 ], [ -49.28305440254686, -25.433003060262546 ], [ -49.283055934791101, -25.433004487983169 ], [ -49.283062143700249, -25.433004560561766 ], [ -49.283068352609419, -25.433004633140097 ], [ -49.28307456151861, -25.433004705718176 ], [ -49.283080770427823, -25.433004778295984 ], [ -49.283086979337071, -25.43300485087353 ], [ -49.283093188246333, -25.433004923450817 ], [ -49.283099397155617, -25.43300499602784 ], [ -49.283105606064929, -25.433005068604601 ], [ -49.283111814974269, -25.433005141181098 ], [ -49.283118023883624, -25.43300521375734 ], [ -49.283124232793014, -25.433005286333312 ], [ -49.283130441702419, -25.433005358909028 ], [ -49.283136650611851, -25.433005431484478 ], [ -49.283142859521313, -25.433005504059665 ], [ -49.283149068430788, -25.433005576634596 ], [ -49.283155277340292, -25.43300564920926 ], [ -49.283161486249824, -25.433005721783662 ], [ -49.283167695159378, -25.433005794357801 ], [ -49.283173904068953, -25.433005866931683 ], [ -49.283180112978549, -25.433005939505296 ], [ -49.283186321888174, -25.43300601207865 ], [ -49.283192530797827, -25.433006084651741 ], [ -49.283198739707494, -25.433006157224565 ], [ -49.28320494861719, -25.433006229797133 ], [ -49.283211157526907, -25.433006302369435 ], [ -49.283217366436652, -25.433006374941478 ], [ -49.283223575346426, -25.433006447513264 ], [ -49.283229784256214, -25.433006520084774 ], [ -49.283235993166031, -25.433006592656035 ], [ -49.283242202075868, -25.433006665227023 ], [ -49.283248410985735, -25.433006737797758 ], [ -49.283254619895622, -25.433006810368227 ], [ -49.28325925659739, -25.433008274371996 ], [ -49.283263893299285, -25.43300973837562 ], [ -49.283268530001301, -25.43301120237911 ], [ -49.283273166703431, -25.433012666382453 ], [ -49.283277803405682, -25.433014130385658 ], [ -49.283282440108053, -25.433015594388724 ], [ -49.283287076810552, -25.433017058391648 ], [ -49.283291713513165, -25.433018522394431 ], [ -49.283296350215892, -25.433019986397078 ], [ -49.283300986918746, -25.433021450399576 ], [ -49.283305623621722, -25.433022914401931 ], [ -49.283310260324818, -25.433024378404152 ], [ -49.283314897028035, -25.433025842406231 ], [ -49.283319533731373, -25.433027306408167 ], [ -49.283324170434824, -25.433028770409969 ], [ -49.283328807138396, -25.433030234411621 ], [ -49.283333443842089, -25.433031698413131 ], [ -49.28333808054591, -25.43303316241451 ], [ -49.283342717249845, -25.43303462641574 ], [ -49.2833473539539, -25.433036090416831 ], [ -49.283351990658076, -25.433037554417787 ], [ -49.283356627362373, -25.433039018418594 ], [ -49.283361264066798, -25.433040482419262 ], [ -49.283365900771336, -25.433041946419792 ], [ -49.283370537475996, -25.433043410420179 ], [ -49.283375174180769, -25.433044874420428 ], [ -49.28337981088567, -25.433046338420532 ], [ -49.283384447590684, -25.433047802420496 ], [ -49.28338908429582, -25.433049266420323 ], [ -49.283393721001083, -25.433050730420007 ], [ -49.283398357706467, -25.433052194419542 ], [ -49.283402994411965, -25.433053658418942 ], [ -49.283404526661151, -25.433055086136175 ], [ -49.283406058910366, -25.433056513853384 ], [ -49.28340759115963, -25.433057941570578 ], [ -49.283409123408916, -25.433059369287772 ], [ -49.283410655658251, -25.433060797004941 ], [ -49.283412187907615, -25.433062224722089 ], [ -49.283413720157014, -25.433063652439241 ], [ -49.283415252406456, -25.433065080156364 ], [ -49.283416784655927, -25.433066507873477 ], [ -49.28341831690544, -25.433067935590575 ], [ -49.283419849154988, -25.433069363307663 ], [ -49.283421381404573, -25.433070791024722 ], [ -49.283422913654185, -25.433072218741785 ], [ -49.283424445903847, -25.433073646458826 ], [ -49.283425978153531, -25.433075074175843 ], [ -49.283427510403264, -25.433076501892863 ], [ -49.283429042653026, -25.433077929609858 ], [ -49.283430574902823, -25.433079357326836 ], [ -49.283432107152656, -25.433080785043813 ], [ -49.283433639402524, -25.43308221276077 ], [ -49.283435171652435, -25.433083640477697 ], [ -49.283436703902382, -25.433085068194636 ], [ -49.283438236152357, -25.433086495911539 ], [ -49.283439768402374, -25.433087923628435 ], [ -49.283441300652427, -25.433089351345323 ], [ -49.283442832902516, -25.433090779062184 ], [ -49.28344436515264, -25.433092206779037 ], [ -49.283445897402792, -25.433093634495883 ], [ -49.283447429652995, -25.433095062212708 ], [ -49.283448961903218, -25.433096489929515 ], [ -49.283450494153492, -25.433097917646311 ], [ -49.283452026403793, -25.43309934536309 ], [ -49.283453558654131, -25.433100773079854 ], [ -49.283455090904511, -25.433102200796615 ], [ -49.283456623154926, -25.433103628513358 ], [ -49.28345815540537, -25.433105056230072 ], [ -49.283459687655856, -25.433106483946787 ], [ -49.283461219906378, -25.433107911663484 ], [ -49.283462752156936, -25.433109339380163 ], [ -49.283464284407529, -25.433110767096835 ], [ -49.283465816658158, -25.433112194813489 ], [ -49.283467348908822, -25.433113622530112 ], [ -49.283468881159521, -25.433115050246744 ], [ -49.283470413410257, -25.43311647796336 ], [ -49.283471945661034, -25.433117905679946 ], [ -49.283473477911848, -25.43311933339653 ], [ -49.28347501016269, -25.433120761113091 ], [ -49.283476542413567, -25.433122188829643 ], [ -49.283478074664487, -25.433123616546187 ], [ -49.283479606915442, -25.433125044262709 ], [ -49.283481139166426, -25.433126471979207 ], [ -49.28348267141746, -25.433127899695709 ], [ -49.283484203668515, -25.433129327412189 ], [ -49.283485735919612, -25.433130755128655 ], [ -49.283487268170752, -25.433132182845114 ], [ -49.283488800421921, -25.433133610561537 ], [ -49.283490332673132, -25.433135038277964 ], [ -49.283491864924372, -25.433136465994377 ], [ -49.283493397175647, -25.433137893710768 ], [ -49.283494929426965, -25.433139321427142 ], [ -49.283496461678311, -25.433140749143512 ], [ -49.283497993929707, -25.43314217685986 ], [ -49.283499526181124, -25.433143604576191 ], [ -49.283501058432577, -25.433145032292519 ], [ -49.28350259068408, -25.433146460008825 ], [ -49.283504122935611, -25.433147887725116 ], [ -49.283505655187177, -25.433149315441401 ], [ -49.283507187438779, -25.433150743157661 ], [ -49.283508719690424, -25.433152170873903 ], [ -49.283510251942097, -25.433153598590149 ], [ -49.283511784193806, -25.433155026306366 ], [ -49.28351331644555, -25.433156454022573 ], [ -49.283514848697337, -25.433157881738765 ], [ -49.283516380949159, -25.43315930945494 ], [ -49.283517913201017, -25.433160737171104 ], [ -49.28351944545291, -25.433162164887257 ], [ -49.283520977704832, -25.433163592603389 ], [ -49.283522509956804, -25.433165020319507 ], [ -49.283524042208803, -25.433166448035617 ], [ -49.283525574460832, -25.433167875751703 ], [ -49.283527106712903, -25.433169303467782 ], [ -49.283528638965016, -25.433170731183854 ], [ -49.283530171217159, -25.433172158899897 ], [ -49.283531703469343, -25.433173586615929 ], [ -49.283533235721556, -25.433175014331951 ], [ -49.283534767973812, -25.433176442047952 ], [ -49.283536300226096, -25.433177869763941 ], [ -49.283537832478423, -25.433179297479924 ], [ -49.283539364730785, -25.433180725195886 ], [ -49.283540896983183, -25.433182152911826 ], [ -49.283542429235617, -25.43318358062777 ], [ -49.283543961488085, -25.433185008343681 ], [ -49.28354549374059, -25.433186436059586 ], [ -49.28354702599313, -25.43318786377548 ], [ -49.283548558245712, -25.433189291491352 ], [ -49.283550090498323, -25.433190719207211 ], [ -49.28355629941862, -25.433190791765419 ], [ -49.283562508338953, -25.433190864323365 ], [ -49.2835687172593, -25.433190936881051 ], [ -49.283574926179668, -25.433191009438474 ], [ -49.283581135100071, -25.433191081995631 ], [ -49.283587344020489, -25.433191154552532 ], [ -49.283593552940935, -25.433191227109166 ], [ -49.283599761861403, -25.433191299665538 ], [ -49.283605970781899, -25.43319137222165 ], [ -49.283612179702416, -25.433191444777499 ], [ -49.283618388622955, -25.433191517333082 ], [ -49.283624597543522, -25.433191589888409 ], [ -49.28363080646411, -25.433191662443466 ], [ -49.283637015384727, -25.433191734998271 ], [ -49.283643224305358, -25.433191807552806 ], [ -49.283649433226017, -25.433191880107085 ], [ -49.283655642146705, -25.433191952661094 ], [ -49.283661851067414, -25.433192025214847 ], [ -49.283668059988152, -25.433192097768337 ], [ -49.283674268908904, -25.433192170321565 ], [ -49.283680477829684, -25.433192242874529 ], [ -49.283686686750492, -25.433192315427231 ], [ -49.283692895671315, -25.433192387979666 ], [ -49.283699104592166, -25.433192460531846 ], [ -49.283705313513046, -25.433192533083762 ], [ -49.283711522433947, -25.433192605635419 ], [ -49.283717731354869, -25.43319267818681 ], [ -49.28372394027582, -25.433192750737938 ], [ -49.283730149196792, -25.433192823288802 ], [ -49.283736358117785, -25.433192895839412 ], [ -49.283742567038814, -25.433192968389751 ], [ -49.283748775959857, -25.43319304093983 ], [ -49.28375341267558, -25.433194504928647 ], [ -49.283758049391416, -25.433195968917307 ], [ -49.283762686107373, -25.433197432905828 ], [ -49.283767322823458, -25.433198896894218 ], [ -49.283771959539656, -25.433200360882459 ], [ -49.283776596255983, -25.433201824870565 ], [ -49.28378123297243, -25.433203288858536 ], [ -49.283785869688991, -25.433204752846351 ], [ -49.28379050640568, -25.433206216834026 ], [ -49.283795143122482, -25.433207680821571 ], [ -49.283799779839406, -25.433209144808966 ], [ -49.28380441655645, -25.433210608796223 ], [ -49.283809053273615, -25.433212072783348 ], [ -49.283813689990893, -25.433213536770314 ], [ -49.2838183267083, -25.433215000757151 ], [ -49.283822963425827, -25.433216464743854 ], [ -49.283827600143475, -25.4332179287304 ], [ -49.283832236861237, -25.433219392716808 ], [ -49.283836873579126, -25.433220856703088 ], [ -49.283841510297137, -25.433222320689215 ], [ -49.283846147015261, -25.433223784675199 ], [ -49.283850783733506, -25.433225248661056 ], [ -49.283855420451879, -25.433226712646757 ], [ -49.283860057170358, -25.433228176632326 ], [ -49.283864693888965, -25.433229640617757 ], [ -49.2838693306077, -25.433231104603035 ], [ -49.283873967326542, -25.433232568588178 ], [ -49.283878604045519, -25.433234032573189 ], [ -49.283883240764602, -25.433235496558044 ], [ -49.283887877483814, -25.433236960542768 ], [ -49.283892514203139, -25.433238424527357 ], [ -49.283897150922591, -25.433239888511789 ], [ -49.283898683180141, -25.433241316224251 ], [ -49.283900215437733, -25.433242743936702 ], [ -49.283901747695367, -25.433244171649125 ], [ -49.283903279953037, -25.433245599361545 ], [ -49.283904812210736, -25.43324702707395 ], [ -49.283906344468477, -25.433248454786337 ], [ -49.283907876726246, -25.433249882498711 ], [ -49.283909408984051, -25.433251310211073 ], [ -49.283910941241899, -25.433252737923414 ], [ -49.283912473499782, -25.433254165635745 ], [ -49.283914005757701, -25.433255593348065 ], [ -49.283915538015655, -25.433257021060367 ], [ -49.283917070273645, -25.433258448772651 ], [ -49.283918602531671, -25.433259876484932 ], [ -49.283920134789732, -25.433261304197188 ], [ -49.283921667047828, -25.43326273190943 ], [ -49.283923199305967, -25.433264159621661 ], [ -49.283924731564134, -25.433265587333878 ], [ -49.283926263822345, -25.433267015046077 ], [ -49.283927796080583, -25.433268442758269 ], [ -49.283929328338864, -25.43326987047044 ], [ -49.283930860597174, -25.4332712981826 ], [ -49.283932392855526, -25.433272725894742 ], [ -49.283933925113914, -25.433274153606874 ], [ -49.283935457372337, -25.433275581318984 ], [ -49.283936989630796, -25.433277009031091 ], [ -49.28393852188929, -25.433278436743176 ], [ -49.283940054147827, -25.433279864455248 ], [ -49.283941586406392, -25.433281292167308 ], [ -49.283943118664993, -25.433282719879351 ], [ -49.283944650923637, -25.433284147591376 ], [ -49.283946183182309, -25.433285575303394 ], [ -49.283955496572005, -25.43328568411588 ], [ -49.283964809961745, -25.433285792927773 ], [ -49.283974123351541, -25.433285901739076 ], [ -49.283983436741394, -25.433286010549789 ], [ -49.283992750131304, -25.433286119359916 ], [ -49.284002063521264, -25.433286228169447 ], [ -49.28401137691128, -25.433286336978391 ], [ -49.284020690301347, -25.433286445786749 ], [ -49.284030003691477, -25.43328655459451 ], [ -49.284039317081643, -25.433286663401681 ], [ -49.284048630471879, -25.43328677220827 ], [ -49.284057943862159, -25.433286881014261 ], [ -49.284067257252502, -25.43328698981966 ], [ -49.284076570642888, -25.433287098624479 ], [ -49.284085884033338, -25.433287207428702 ], [ -49.284095197423831, -25.433287316232335 ], [ -49.284104510814394, -25.433287425035378 ], [ -49.284113824204994, -25.433287533837838 ], [ -49.284123137595664, -25.433287642639698 ], [ -49.28413245098637, -25.433287751440972 ], [ -49.284141764377139, -25.433287860241656 ], [ -49.284151077767966, -25.433287969041757 ], [ -49.284160391158842, -25.433288077841254 ], [ -49.284169704549775, -25.433288186640176 ], [ -49.284179017940758, -25.433288295438494 ], [ -49.284188331331798, -25.433288404236233 ], [ -49.284197644722894, -25.433288513033379 ], [ -49.284206958114034, -25.433288621829927 ], [ -49.284216271505244, -25.4332887306259 ], [ -49.284225584896497, -25.433288839421273 ], [ -49.284234898287806, -25.433288948216056 ], [ -49.284244211679166, -25.433289057010253 ], [ -49.284251952869312, -25.433290557248398 ], [ -49.284259694059671, -25.433292057486149 ], [ -49.284267435250257, -25.433293557723506 ], [ -49.284275176441049, -25.433295057960454 ], [ -49.284282917632062, -25.433296558197007 ], [ -49.284290658823295, -25.43329805843317 ], [ -49.284298400014734, -25.433299558668924 ], [ -49.2843061412064, -25.433301058904281 ], [ -49.284313882398273, -25.433302559139246 ], [ -49.284321623590372, -25.43330405937381 ], [ -49.284329364782685, -25.43330555960797 ], [ -49.284337105975212, -25.433307059841738 ], [ -49.284344847167951, -25.433308560075105 ], [ -49.284352588360917, -25.433310060308074 ], [ -49.28436032955409, -25.433311560540641 ], [ -49.284368070747483, -25.433313060772807 ], [ -49.284375811941089, -25.433314561004575 ], [ -49.284383553134916, -25.433316061235956 ], [ -49.284391294328962, -25.433317561466932 ], [ -49.284399035523215, -25.433319061697507 ], [ -49.284406776717695, -25.433320561927687 ], [ -49.284414517912381, -25.433322062157462 ], [ -49.284422259107288, -25.433323562386846 ], [ -49.284430000302422, -25.433325062615832 ], [ -49.284437741497754, -25.433326562844417 ], [ -49.284445482693314, -25.433328063072601 ], [ -49.284453223889088, -25.43332956330039 ], [ -49.284460965085074, -25.433331063527778 ], [ -49.284468706281281, -25.433332563754764 ], [ -49.284476447477708, -25.433334063981359 ], [ -49.284484188674341, -25.43333556420755 ], [ -49.284491929871194, -25.433337064433346 ], [ -49.28449656660279, -25.43333852839941 ], [ -49.2845012033345, -25.43333999236533 ], [ -49.284505840066338, -25.43334145633111 ], [ -49.284510476798289, -25.433342920296752 ], [ -49.284515113530361, -25.433344384262249 ], [ -49.284519750262561, -25.433345848227599 ], [ -49.284524386994867, -25.433347312192822 ], [ -49.284529023727309, -25.433348776157899 ], [ -49.284533660459864, -25.433350240122831 ], [ -49.284538297192533, -25.433351704087631 ], [ -49.28454293392533, -25.433353168052285 ], [ -49.284547570658248, -25.433354632016794 ], [ -49.284552207391286, -25.433356095981164 ], [ -49.284556844124438, -25.433357559945396 ], [ -49.284561480857711, -25.433359023909485 ], [ -49.284566117591112, -25.43336048787344 ], [ -49.284570754324626, -25.433361951837245 ], [ -49.284575391058269, -25.433363415800901 ], [ -49.284580027792025, -25.433364879764436 ], [ -49.284584664525902, -25.433366343727823 ], [ -49.284589301259899, -25.433367807691059 ], [ -49.284593937994018, -25.433369271654172 ], [ -49.284598574728257, -25.433370735617132 ], [ -49.284603211462617, -25.433372199579953 ], [ -49.284607848197091, -25.433373663542639 ], [ -49.284612484931692, -25.433375127505172 ], [ -49.284617121666408, -25.433376591467571 ], [ -49.284621758401251, -25.433378055429831 ], [ -49.284626395136208, -25.433379519391949 ], [ -49.284631031871285, -25.433380983353917 ], [ -49.284635668606484, -25.433382447315761 ], [ -49.28464030534181, -25.433383911277456 ], [ -49.284649618742456, -25.433384020046329 ], [ -49.284658932143152, -25.433384128814613 ], [ -49.284668245543905, -25.433384237582302 ], [ -49.284677558944715, -25.433384346349413 ], [ -49.284686872345581, -25.433384455115924 ], [ -49.284696185746483, -25.433384563881852 ], [ -49.284705499147456, -25.433384672647186 ], [ -49.284714812548479, -25.433384781411931 ], [ -49.284724125949559, -25.433384890176079 ], [ -49.284733439350696, -25.433384998939651 ], [ -49.284742752751875, -25.433385107702623 ], [ -49.284752066153111, -25.433385216465005 ], [ -49.284761379554404, -25.433385325226801 ], [ -49.284770692955753, -25.433385433988004 ], [ -49.284780006357153, -25.433385542748621 ], [ -49.284789319758602, -25.433385651508647 ], [ -49.284798633160115, -25.433385760268084 ], [ -49.284807946561671, -25.433385869026928 ], [ -49.284817259963297, -25.433385977785186 ], [ -49.28482657336496, -25.43338608654285 ], [ -49.284835886766686, -25.433386195299921 ], [ -49.284845200168462, -25.433386304056409 ], [ -49.284854513570295, -25.433386412812304 ], [ -49.284863826972177, -25.433386521567609 ], [ -49.284873140374117, -25.433386630322325 ], [ -49.284882453776113, -25.43338673907645 ], [ -49.284891767178159, -25.433386847829986 ], [ -49.284901080580262, -25.433386956582929 ], [ -49.284910393982415, -25.433387065335285 ], [ -49.284919707384617, -25.433387174087052 ], [ -49.284929020786883, -25.433387282838229 ], [ -49.284938334189206, -25.433387391588813 ], [ -49.284943010851791, -25.433386036386626 ], [ -49.284947687514283, -25.433384681184272 ], [ -49.284952364176682, -25.433383325981776 ], [ -49.284957040838982, -25.43338197077912 ], [ -49.284961717501176, -25.433380615576308 ], [ -49.284966394163284, -25.433379260373346 ], [ -49.284971070825293, -25.433377905170225 ], [ -49.284975747487209, -25.433376549966948 ], [ -49.284980424149026, -25.433375194763524 ], [ -49.284985100810744, -25.433373839559945 ], [ -49.284989777472369, -25.433372484356191 ], [ -49.284994454133901, -25.433371129152313 ], [ -49.284999130795335, -25.433369773948264 ], [ -49.285003807456668, -25.43336841874406 ], [ -49.28500848411791, -25.433367063539709 ], [ -49.285013160779052, -25.433365708335199 ], [ -49.285017837440094, -25.433364353130525 ], [ -49.285022514101044, -25.433362997925709 ], [ -49.285027190761902, -25.433361642720737 ], [ -49.28503186742266, -25.433360287515601 ], [ -49.285036544083326, -25.433358932310327 ], [ -49.285041220743885, -25.433357577104882 ], [ -49.285045897404359, -25.433356221899285 ], [ -49.285050574064734, -25.433354866693545 ], [ -49.285055250725009, -25.433353511487645 ], [ -49.285059927385191, -25.433352156281575 ], [ -49.285064604045267, -25.433350801075367 ], [ -49.285069280705258, -25.433349445869005 ], [ -49.28507395736515, -25.433348090662484 ], [ -49.285078634024948, -25.433346735455807 ], [ -49.285083310684648, -25.43334538024898 ], [ -49.285087987344248, -25.43334402504199 ], [ -49.285089559537205, -25.43334263358804 ], [ -49.285091131730127, -25.433341242134077 ], [ -49.285092703923013, -25.433339850680085 ], [ -49.285094276115856, -25.433338459226082 ], [ -49.285095848308664, -25.433337067772062 ], [ -49.285097420501444, -25.433335676318009 ], [ -49.285098992694181, -25.43333428486395 ], [ -49.285100564886889, -25.433332893409872 ], [ -49.285102137079555, -25.433331501955763 ], [ -49.285103709272185, -25.433330110501643 ], [ -49.28510528146478, -25.433328719047502 ], [ -49.285106853657339, -25.43332732759335 ], [ -49.285108425849863, -25.433325936139173 ], [ -49.285109998042351, -25.433324544684975 ], [ -49.285111570234797, -25.433323153230759 ], [ -49.285113142427214, -25.433321761776529 ], [ -49.285114714619596, -25.433320370322278 ], [ -49.285116286811942, -25.433318978868009 ], [ -49.285117859004245, -25.433317587413718 ], [ -49.285119431196513, -25.433316195959407 ], [ -49.285121003388753, -25.433314804505073 ], [ -49.285122575580949, -25.433313413050726 ], [ -49.285124147773104, -25.433312021596368 ], [ -49.285125719965237, -25.433310630141975 ], [ -49.285127292157327, -25.433309238687571 ], [ -49.285128864349382, -25.433307847233149 ], [ -49.285130436541394, -25.433306455778705 ], [ -49.285132008733378, -25.433305064324248 ], [ -49.285133580925326, -25.433303672869769 ], [ -49.285135153117231, -25.433302281415266 ], [ -49.285136725309108, -25.433300889960751 ], [ -49.285138297500943, -25.433299498506212 ], [ -49.28514140196647, -25.433299534751939 ], [ -49.285144506431998, -25.433299570997598 ], [ -49.285147610897539, -25.433299607243182 ], [ -49.285150715363081, -25.433299643488706 ], [ -49.285153819828622, -25.433299679734169 ], [ -49.285156924294178, -25.433299715979565 ], [ -49.285160028759734, -25.433299752224894 ], [ -49.285163133225304, -25.433299788470158 ], [ -49.285166237690881, -25.433299824715359 ], [ -49.285169342156451, -25.433299860960492 ], [ -49.285172446622035, -25.433299897205554 ], [ -49.285175551087626, -25.433299933450559 ], [ -49.285178655553224, -25.433299969695494 ], [ -49.28518176001883, -25.433300005940357 ], [ -49.285184864484442, -25.433300042185166 ], [ -49.285187968950048, -25.433300078429909 ], [ -49.285191073415668, -25.43330011467458 ], [ -49.285194177881294, -25.433300150919187 ], [ -49.285197282346935, -25.433300187163731 ], [ -49.285200386812569, -25.433300223408207 ], [ -49.28520349127821, -25.433300259652619 ], [ -49.285206595743858, -25.433300295896967 ], [ -49.285209700209521, -25.433300332141243 ], [ -49.285212804675183, -25.433300368385463 ], [ -49.285215909140845, -25.433300404629605 ], [ -49.285219013606522, -25.433300440873694 ], [ -49.285222118072205, -25.433300477117712 ], [ -49.285225222537889, -25.433300513361662 ], [ -49.285228327003573, -25.433300549605548 ], [ -49.285231431469278, -25.433300585849373 ], [ -49.285234535934983, -25.433300622093125 ], [ -49.285237640400695, -25.433300658336819 ], [ -49.285240744866407, -25.433300694580442 ], [ -49.285243849332133, -25.433300730824005 ], [ -49.285246953797852, -25.433300767067497 ], [ -49.285250058263593, -25.433300803310928 ], [ -49.285253162729326, -25.433300839554288 ], [ -49.285256267195074, -25.433300875797578 ], [ -49.285259371660828, -25.433300912040814 ], [ -49.285262476126583, -25.433300948283986 ], [ -49.285265580592352, -25.433300984527079 ], [ -49.285268685058121, -25.433301020770113 ], [ -49.285271789523897, -25.433301057013093 ], [ -49.285274893989673, -25.433301093255984 ], [ -49.285277998455463, -25.433301129498826 ], [ -49.28528110292126, -25.4333011657416 ], [ -49.285284207387051, -25.433301201984307 ], [ -49.285287311852862, -25.433301238226946 ], [ -49.285290416318674, -25.433301274469525 ], [ -49.285293520784492, -25.433301310712039 ], [ -49.285296625250318, -25.433301346954483 ], [ -49.285299729716144, -25.433301383196859 ], [ -49.285302834181984, -25.433301419439172 ], [ -49.285305938647824, -25.433301455681427 ], [ -49.285309043113671, -25.433301491923608 ], [ -49.285312147579525, -25.433301528165725 ], [ -49.285315252045386, -25.433301564407774 ], [ -49.285318356511247, -25.433301600649763 ], [ -49.285321460977116, -25.433301636891684 ], [ -49.285324565443005, -25.433301673133535 ], [ -49.285327669908881, -25.433301709375325 ], [ -49.285330774374771, -25.433301745617051 ], [ -49.285333878840667, -25.433301781858709 ], [ -49.285336983306571, -25.433301818100301 ], [ -49.285338515582794, -25.433303245798644 ], [ -49.285340047859052, -25.43330467349697 ], [ -49.285341580135345, -25.433306101195292 ], [ -49.285343112411667, -25.433307528893586 ], [ -49.285344644688038, -25.433308956591873 ], [ -49.285346176964438, -25.433310384290145 ], [ -49.285347709240874, -25.4333118119884 ], [ -49.285349241517345, -25.43331323968664 ], [ -49.285350773793859, -25.43331466738487 ], [ -49.285352306070408, -25.433316095083089 ], [ -49.285353838346985, -25.433317522781287 ], [ -49.285355370623606, -25.433318950479471 ], [ -49.285356902900261, -25.43332037817764 ], [ -49.285358435176946, -25.433321805875799 ], [ -49.285359967453672, -25.433323233573944 ], [ -49.285361499730442, -25.433324661272067 ], [ -49.28536303200724, -25.433326088970183 ], [ -49.28536456428408, -25.433327516668282 ], [ -49.285366096560942, -25.433328944366369 ], [ -49.285367628837854, -25.433330372064432 ], [ -49.285369161114801, -25.433331799762492 ], [ -49.285370693391769, -25.433333227460533 ], [ -49.285372225668794, -25.433334655158557 ], [ -49.285373757945841, -25.433336082856577 ], [ -49.28537529022293, -25.433337510554573 ], [ -49.285376822500055, -25.433338938252554 ], [ -49.285378354777208, -25.433340365950528 ], [ -49.285379887054411, -25.433341793648481 ], [ -49.285381419331635, -25.433343221346419 ], [ -49.285382951608909, -25.433344649044347 ], [ -49.285384483886212, -25.433346076742261 ], [ -49.285386016163557, -25.433347504440153 ], [ -49.28538754844093, -25.433348932138042 ], [ -49.285389080718339, -25.433350359835909 ], [ -49.285390612995791, -25.433351787533763 ], [ -49.285392145273271, -25.433353215231602 ], [ -49.285393677550793, -25.43335464292943 ], [ -49.285395209828351, -25.433356070627234 ], [ -49.285396742105945, -25.433357498325041 ], [ -49.285398274383574, -25.433358926022819 ], [ -49.285399806661232, -25.433360353720584 ], [ -49.285401338938939, -25.433361781418345 ], [ -49.285402871216675, -25.433363209116081 ], [ -49.285404403494447, -25.433364636813799 ], [ -49.285405935772253, -25.433366064511517 ], [ -49.285407468050103, -25.433367492209211 ], [ -49.285409000327988, -25.43336891990689 ], [ -49.285410532605901, -25.433370347604566 ], [ -49.285412064883857, -25.433371775302216 ], [ -49.285413597161842, -25.433373202999849 ], [ -49.285415129439876, -25.433374630697475 ], [ -49.285416661717939, -25.433376058395083 ], [ -49.28541819399603, -25.433377486092674 ], [ -49.285419726274164, -25.433378913790268 ], [ -49.285421258552333, -25.43338034148783 ], [ -49.285422790830545, -25.433381769185381 ], [ -49.285424323108785, -25.433383196882922 ], [ -49.285425855387061, -25.433384624580448 ], [ -49.285427387665379, -25.43338605227795 ], [ -49.285428919943726, -25.433387479975451 ], [ -49.285430452222116, -25.433388907672931 ], [ -49.285431984500541, -25.433390335370394 ], [ -49.285433516778994, -25.433391763067849 ], [ -49.28543504905749, -25.433393190765287 ], [ -49.285436581336022, -25.433394618462703 ], [ -49.285438113614589, -25.433396046160119 ], [ -49.285439645893192, -25.433397473857511 ], [ -49.28544117817183, -25.433398901554884 ], [ -49.285442710450504, -25.433400329252258 ], [ -49.285444242729213, -25.433401756949607 ], [ -49.285445775007965, -25.433403184646941 ], [ -49.285447307286752, -25.433404612344269 ], [ -49.285448839565568, -25.433406040041575 ], [ -49.285450371844419, -25.43340746773886 ], [ -49.28545190412332, -25.433408895436148 ], [ -49.285453436402243, -25.433410323133415 ], [ -49.285454968681208, -25.433411750830658 ], [ -49.285456500960208, -25.433413178527903 ], [ -49.285458033239244, -25.433414606225117 ], [ -49.285459565518316, -25.433416033922317 ], [ -49.285461097797423, -25.433417461619523 ], [ -49.285462630076573, -25.433418889316698 ], [ -49.285464162355751, -25.433420317013855 ], [ -49.285465694634972, -25.433421744711012 ], [ -49.285467226914221, -25.433423172408148 ], [ -49.285468759193513, -25.433424600105266 ], [ -49.285470291472834, -25.433426027802373 ], [ -49.285471823752189, -25.433427455499473 ], [ -49.285473356031588, -25.433428883196541 ], [ -49.285474888311029, -25.433430310893613 ], [ -49.285476420590498, -25.433431738590649 ], [ -49.285477952870004, -25.433433166287685 ], [ -49.285479485149544, -25.43343459398471 ], [ -49.28548101742912, -25.433436021681722 ], [ -49.285482549708739, -25.433437449378701 ], [ -49.285484081988379, -25.433438877075684 ], [ -49.285485614268076, -25.433440304772645 ], [ -49.285487146547787, -25.433441732469593 ], [ -49.285488678827548, -25.433443160166533 ], [ -49.285490211107344, -25.433444587863455 ], [ -49.285491743387176, -25.433446015560349 ], [ -49.285493275667044, -25.433447443257251 ], [ -49.285494807946939, -25.43344887095412 ], [ -49.285496340226885, -25.433450298650982 ], [ -49.285497872506859, -25.433451726347837 ], [ -49.285499404786869, -25.433453154044663 ], [ -49.285500937066914, -25.433454581741476 ], [ -49.285502469347001, -25.433456009438292 ], [ -49.285504001627118, -25.433457437135075 ], [ -49.285505533907269, -25.433458864831852 ], [ -49.285507066187463, -25.433460292528615 ], [ -49.285508598467693, -25.43346172022536 ], [ -49.285510130747952, -25.43346314792209 ], [ -49.285511663028252, -25.433464575618817 ], [ -49.285513195308589, -25.433466003315512 ], [ -49.285514727588961, -25.433467431012204 ], [ -49.285516259869368, -25.433468858708888 ], [ -49.285517792149811, -25.433470286405541 ], [ -49.28551932443029, -25.433471714102186 ], [ -49.285520856710811, -25.433473141798824 ], [ -49.28552238899136, -25.433474569495434 ], [ -49.285523921271945, -25.433475997192037 ], [ -49.285525453552573, -25.433477424888633 ], [ -49.285526985833236, -25.433478852585203 ], [ -49.285528518113928, -25.433480280281763 ], [ -49.285530050394655, -25.433481707978309 ], [ -49.285531582675432, -25.433483135674834 ], [ -49.285533114956237, -25.433484563371351 ], [ -49.285534647237078, -25.433485991067851 ], [ -49.285536179517948, -25.433487418764333 ], [ -49.28553771179886, -25.433488846460815 ], [ -49.285539244079814, -25.433490274157275 ], [ -49.285540776360804, -25.433491701853715 ], [ -49.285542308641823, -25.433493129550158 ], [ -49.285543840922877, -25.433494557246572 ], [ -49.285545373203966, -25.433495984942958 ], [ -49.285546905485099, -25.433497412639358 ], [ -49.285548437766266, -25.433498840335723 ], [ -49.28554997004747, -25.433500268032081 ], [ -49.285551502328708, -25.433501695728431 ], [ -49.285553034609983, -25.43350312342476 ], [ -49.285554566891292, -25.433504551121075 ], [ -49.285556099172638, -25.433505978817376 ], [ -49.285557631454019, -25.433507406513662 ], [ -49.285559163735435, -25.433508834209931 ], [ -49.285560696016887, -25.4335102619062 ], [ -49.285562228298382, -25.433511689602437 ], [ -49.285563760579912, -25.433513117298659 ], [ -49.28556529286147, -25.433514544994882 ], [ -49.285566825143071, -25.43351597269108 ], [ -49.285568357424708, -25.433517400387263 ], [ -49.285569889706373, -25.433518828083443 ], [ -49.285571421988081, -25.433520255779591 ], [ -49.285572954269824, -25.433521683475735 ], [ -49.285574486551603, -25.433523111171873 ], [ -49.285576018833417, -25.433524538867985 ], [ -49.285577551115274, -25.433525966564076 ], [ -49.28557908339716, -25.433527394260171 ], [ -49.285580615679081, -25.433528821956237 ], [ -49.285582147961044, -25.433530249652286 ], [ -49.285583680243036, -25.433531677348341 ], [ -49.285585212525071, -25.433533105044365 ], [ -49.285586744807134, -25.433534532740378 ], [ -49.285588277089239, -25.433535960436377 ], [ -49.28558980937138, -25.433537388132358 ], [ -49.285591341653557, -25.433538815828328 ], [ -49.285592873935769, -25.433540243524288 ], [ -49.285594406218017, -25.433541671220226 ], [ -49.2855959385003, -25.433543098916154 ], [ -49.285597470782619, -25.433544526612074 ], [ -49.285599003064974, -25.433545954307966 ], [ -49.285600535347371, -25.433547382003848 ], [ -49.285602067629803, -25.433548809699726 ], [ -49.285603599912264, -25.433550237395576 ], [ -49.28560513219476, -25.433551665091414 ], [ -49.285606664477307, -25.433553092787246 ], [ -49.285608196759874, -25.433554520483053 ], [ -49.285609729042484, -25.433555948178849 ], [ -49.28561126132513, -25.433557375874638 ], [ -49.285612793607811, -25.433558803570396 ], [ -49.285614325890528, -25.433560231266156 ], [ -49.285615858173287, -25.433561658961903 ], [ -49.285617390456075, -25.433563086657617 ], [ -49.285618922738898, -25.433564514353332 ], [ -49.285620455021757, -25.433565942049036 ], [ -49.285621987304658, -25.433567369744718 ], [ -49.285623519587588, -25.43356879744038 ], [ -49.285625051870561, -25.433570225136044 ], [ -49.285626584153569, -25.433571652831674 ], [ -49.285628116436612, -25.433573080527296 ], [ -49.285629648719684, -25.433574508222915 ], [ -49.285631181002806, -25.433575935918512 ], [ -49.285632713285956, -25.433577363614088 ], [ -49.285634245569142, -25.43357879130966 ], [ -49.285635777852363, -25.433580219005211 ], [ -49.28563731013562, -25.433581646700745 ], [ -49.285638842418919, -25.433583074396278 ], [ -49.285640374702247, -25.433584502091779 ], [ -49.285641906985617, -25.433585929787277 ], [ -49.285643439269023, -25.433587357482768 ], [ -49.285644971552458, -25.433588785178227 ], [ -49.285646503835935, -25.433590212873678 ], [ -49.28564803611944, -25.433591640569123 ], [ -49.285649568402995, -25.433593068264539 ], [ -49.285651100686579, -25.433594495959948 ], [ -49.285652632970191, -25.43359592365535 ], [ -49.285654165253852, -25.433597351350723 ], [ -49.285655697537543, -25.433598779046093 ], [ -49.285657229821268, -25.433600206741449 ], [ -49.285658762105037, -25.433601634436776 ], [ -49.285660294388833, -25.4336030621321 ], [ -49.285661826672666, -25.433604489827417 ], [ -49.28566335895654, -25.433605917522708 ], [ -49.285664891240451, -25.433607345217986 ], [ -49.28566642352439, -25.433608772913257 ], [ -49.285667955808378, -25.433610200608502 ], [ -49.285669488092395, -25.433611628303744 ], [ -49.285671020376448, -25.433613055998965 ], [ -49.285672552660536, -25.433614483694171 ], [ -49.28567408494466, -25.43361591138936 ], [ -49.285675617228819, -25.433617339084549 ], [ -49.285677149513013, -25.433618766779713 ], [ -49.285678681797251, -25.433620194474855 ], [ -49.285680214081516, -25.433621622170001 ], [ -49.285681746365825, -25.433623049865115 ], [ -49.285683278650168, -25.433624477560219 ], [ -49.285684810934548, -25.433625905255322 ], [ -49.285686343218956, -25.433627332950394 ], [ -49.285687875503406, -25.433628760645458 ], [ -49.285689407787892, -25.433630188340516 ], [ -49.285690940072421, -25.433631616035544 ], [ -49.285692472356978, -25.433633043730566 ], [ -49.28569400464157, -25.43363447142557 ], [ -49.285695536926198, -25.43363589912056 ], [ -49.285697069210862, -25.433637326815536 ], [ -49.285698601495568, -25.433638754510508 ], [ -49.28570013378031, -25.433640182205455 ], [ -49.28570166606508, -25.433641609900388 ], [ -49.285703198349893, -25.433643037595306 ], [ -49.285704730634734, -25.433644465290214 ], [ -49.285706262919625, -25.433645892985098 ], [ -49.285707795204537, -25.433647320679984 ], [ -49.285709327489492, -25.433648748374843 ], [ -49.285710859774483, -25.433650176069694 ], [ -49.285712392059509, -25.433651603764524 ], [ -49.285713924344577, -25.433653031459343 ], [ -49.285715456629674, -25.433654459154152 ], [ -49.285716988914814, -25.433655886848946 ], [ -49.285718521199982, -25.433657314543719 ], [ -49.285720053485193, -25.433658742238482 ], [ -49.285721585770432, -25.43366016993323 ], [ -49.285723118055714, -25.43366159762796 ], [ -49.285724650341031, -25.433663025322677 ], [ -49.285726182626377, -25.433664453017386 ], [ -49.285727714911765, -25.433665880712077 ], [ -49.285729247197196, -25.433667308406747 ], [ -49.285730819387645, -25.433665916945827 ], [ -49.285732391578058, -25.43366452548489 ], [ -49.285733963768436, -25.433663134023927 ], [ -49.285735535958771, -25.433661742562954 ], [ -49.285737108149078, -25.433660351101956 ], [ -49.28573868033935, -25.433658959640933 ], [ -49.285740252529578, -25.433657568179896 ], [ -49.285741824719778, -25.433656176718838 ], [ -49.285743396909936, -25.433654785257769 ], [ -49.285744969100058, -25.433653393796671 ], [ -49.285746541290152, -25.433652002335567 ], [ -49.28574811348021, -25.43365061087443 ], [ -49.285749685670226, -25.433649219413279 ], [ -49.285751257860198, -25.433647827952118 ], [ -49.28575283005015, -25.433646436490925 ], [ -49.285754402240052, -25.433645045029717 ], [ -49.285755974429925, -25.433643653568492 ], [ -49.285757546619763, -25.433642262107245 ], [ -49.285759118809565, -25.433640870645988 ], [ -49.285760690999325, -25.433639479184709 ], [ -49.285762263189056, -25.433638087723395 ], [ -49.285763835378745, -25.433636696262081 ], [ -49.285765407568398, -25.433635304800742 ], [ -49.285766979758023, -25.433633913339381 ], [ -49.285768551947605, -25.43363252187801 ], [ -49.285770124137152, -25.433631130416614 ], [ -49.285771696326655, -25.433629738955194 ], [ -49.285773268516131, -25.433628347493755 ], [ -49.285774840705578, -25.43362695603231 ], [ -49.285776412894975, -25.433625564570828 ], [ -49.285777985084344, -25.43362417310934 ], [ -49.285779557273671, -25.433622781647838 ], [ -49.28578423393779, -25.433621426418867 ], [ -49.285788910601802, -25.43362007118975 ], [ -49.285793587265729, -25.433618715960485 ], [ -49.28579826392955, -25.433617360731045 ], [ -49.285802940593285, -25.43361600550147 ], [ -49.285807617256921, -25.433614650271739 ], [ -49.285812293920451, -25.433613295041845 ], [ -49.285816970583895, -25.433611939811801 ], [ -49.285821647247239, -25.433610584581601 ], [ -49.285826323910491, -25.433609229351241 ], [ -49.285831000573644, -25.433607874120732 ], [ -49.28583567723669, -25.433606518890073 ], [ -49.285840353899651, -25.433605163659244 ], [ -49.28584503056252, -25.433603808428273 ], [ -49.285849707225289, -25.433602453197146 ], [ -49.285854383887958, -25.433601097965862 ], [ -49.285859060550528, -25.433599742734426 ], [ -49.285863737213006, -25.43359838750284 ], [ -49.285868413875384, -25.433597032271084 ], [ -49.285873090537677, -25.433595677039182 ], [ -49.285877767199864, -25.433594321807139 ], [ -49.285882443861958, -25.433592966574921 ], [ -49.285887120523945, -25.433591611342553 ], [ -49.285891797185855, -25.433590256110037 ], [ -49.285896473847657, -25.433588900877357 ], [ -49.28590115050936, -25.433587545644528 ], [ -49.285905827170978, -25.43358619041155 ], [ -49.285910503832483, -25.433584835178404 ], [ -49.285915180493909, -25.43358347994511 ], [ -49.285919857155228, -25.43358212471167 ], [ -49.285924533816456, -25.433580769478063 ], [ -49.285929210477583, -25.433579414244306 ], [ -49.285933946988763, -25.433573830276526 ], [ -49.285938683499502, -25.433568246308546 ], [ -49.285943420009801, -25.433562662340396 ], [ -49.285948156519645, -25.433557078372072 ], [ -49.285952893029055, -25.433551494403563 ], [ -49.285957629538011, -25.433545910434869 ], [ -49.285962366046533, -25.433540326466005 ], [ -49.285967102554615, -25.433534742496953 ], [ -49.285971839062242, -25.43352915852773 ], [ -49.285976575569435, -25.433523574558325 ], [ -49.285981312076174, -25.433517990588733 ], [ -49.28598604858248, -25.433512406618974 ], [ -49.285990785088337, -25.433506822649033 ], [ -49.285995521593755, -25.433501238678897 ], [ -49.286000258098731, -25.433495654708604 ], [ -49.286004994603253, -25.433490070738117 ], [ -49.286009731107335, -25.433484486767451 ], [ -49.286014467610975, -25.433478902796612 ], [ -49.286019204114176, -25.433473318825591 ], [ -49.286023940616928, -25.433467734854386 ], [ -49.286028677119234, -25.43346215088301 ], [ -49.286033413621105, -25.433456566911456 ], [ -49.286038150122529, -25.433450982939707 ], [ -49.286042886623505, -25.433445398967795 ], [ -49.286047623124041, -25.433439814995698 ], [ -49.286052359624136, -25.433434231023416 ], [ -49.286057096123777, -25.433428647050956 ], [ -49.286061832622984, -25.433423063078326 ], [ -49.286066569121751, -25.433417479105504 ], [ -49.286071305620062, -25.433411895132505 ], [ -49.286076042117941, -25.433406311159327 ], [ -49.286080778615371, -25.433400727185973 ], [ -49.286082410642841, -25.433395106986541 ], [ -49.286084042670154, -25.433389486787078 ], [ -49.286085674697297, -25.433383866587576 ], [ -49.286087306724269, -25.433378246388052 ], [ -49.286088938751078, -25.433372626188504 ], [ -49.286090570777716, -25.433367005988909 ], [ -49.286092202804191, -25.433361385789297 ], [ -49.286093834830503, -25.43335576558966 ], [ -49.286095466856644, -25.433350145389973 ], [ -49.286097098882621, -25.433344525190272 ], [ -49.286098730908421, -25.433338904990539 ], [ -49.286100362934057, -25.43333328479077 ], [ -49.28610199495953, -25.433327664590973 ], [ -49.28610362698484, -25.433322044391151 ], [ -49.286105259009979, -25.433316424191286 ], [ -49.286106891034954, -25.433310803991407 ], [ -49.28610852305976, -25.433305183791489 ], [ -49.286110155084401, -25.43329956359154 ], [ -49.286111787108865, -25.433293943391565 ], [ -49.28611341913318, -25.433288323191558 ], [ -49.286115051157317, -25.433282702991516 ], [ -49.286116683181284, -25.433277082791459 ], [ -49.286118315205094, -25.43327146259136 ], [ -49.286119947228727, -25.433265842391226 ], [ -49.286121579252203, -25.433260222191073 ], [ -49.286123211275509, -25.433254601990889 ], [ -49.286124843298644, -25.433248981790666 ], [ -49.286126475321616, -25.433243361590424 ], [ -49.286128107344425, -25.433237741390144 ], [ -49.286129739367055, -25.433232121189835 ], [ -49.28613137138953, -25.433226500989505 ], [ -49.286133003411834, -25.433220880789133 ], [ -49.286134575591795, -25.433219489323267 ], [ -49.286136147771714, -25.433218097857381 ], [ -49.286137719951604, -25.43321670639147 ], [ -49.286139292131452, -25.433215314925548 ], [ -49.286140864311271, -25.433213923459608 ], [ -49.286142436491048, -25.43321253199364 ], [ -49.286144008670789, -25.433211140527664 ], [ -49.286145580850501, -25.433209749061668 ], [ -49.286147153030171, -25.433208357595642 ], [ -49.286148725209813, -25.433206966129596 ], [ -49.286150297389405, -25.43320557466355 ], [ -49.286151869568968, -25.433204183197468 ], [ -49.286153441748496, -25.433202791731375 ], [ -49.286155013927988, -25.433201400265265 ], [ -49.286156586107445, -25.433200008799126 ], [ -49.28615815828686, -25.43319861733297 ], [ -49.286159730466238, -25.433197225866802 ], [ -49.286161302645581, -25.43319583440061 ], [ -49.286162874824896, -25.433194442934401 ], [ -49.286164447004175, -25.43319305146818 ], [ -49.286166019183405, -25.433191660001924 ], [ -49.286167591362606, -25.433190268535665 ], [ -49.286169163541778, -25.433188877069384 ], [ -49.286170735720901, -25.433187485603074 ], [ -49.286172307899996, -25.433186094136747 ], [ -49.286173880079062, -25.43318470267041 ], [ -49.286175452258078, -25.433183311204047 ], [ -49.286177024437066, -25.433181919737667 ], [ -49.286178596616011, -25.433180528271276 ], [ -49.286180168794928, -25.433179136804849 ], [ -49.286181740973809, -25.433177745338419 ], [ -49.286183313152648, -25.433176353871957 ], [ -49.286187989795486, -25.433174998628925 ], [ -49.286192666438232, -25.433173643385739 ], [ -49.286197343080886, -25.433172288142398 ], [ -49.28620201972344, -25.4331709328989 ], [ -49.286206696365895, -25.433169577655256 ], [ -49.286211373008257, -25.433168222411457 ], [ -49.28621604965052, -25.433166867167486 ], [ -49.28622072629269, -25.433165511923381 ], [ -49.286225402934761, -25.433164156679108 ], [ -49.28623007957674, -25.433162801434687 ], [ -49.286234756218619, -25.433161446190109 ], [ -49.286239432860405, -25.433160090945378 ], [ -49.286244109502086, -25.433158735700481 ], [ -49.28624878614368, -25.433157380455444 ], [ -49.286253462785169, -25.433156025210252 ], [ -49.286258139426572, -25.433154669964889 ], [ -49.286262816067875, -25.433153314719391 ], [ -49.286267492709079, -25.433151959473733 ], [ -49.286272169350191, -25.433150604227912 ], [ -49.286276845991196, -25.433149248981945 ], [ -49.286281522632116, -25.433147893735825 ], [ -49.286286199272936, -25.433146538489538 ], [ -49.286290875913657, -25.433145183243109 ], [ -49.286295552554293, -25.433143827996521 ], [ -49.286300229194822, -25.433142472749775 ], [ -49.286304905835259, -25.433141117502885 ], [ -49.286309582475596, -25.433139762255827 ], [ -49.286314259115841, -25.43313840700862 ], [ -49.286318935755979, -25.433137051761257 ], [ -49.286323612396039, -25.433135696513745 ], [ -49.286328289035986, -25.433134341266069 ], [ -49.286332965675847, -25.433132986018247 ], [ -49.286337642315608, -25.433131630770266 ], [ -49.286342318955271, -25.433130275522124 ], [ -49.28634699559484, -25.433128920273841 ], [ -49.286351672234311, -25.433127565025405 ], [ -49.286356348873689, -25.433126209776795 ], [ -49.286361025512967, -25.433124854528046 ], [ -49.286365702152146, -25.433123499279141 ], [ -49.286370378791233, -25.433122144030076 ], [ -49.286375055430227, -25.433120788780865 ], [ -49.286379732069122, -25.433119433531488 ], [ -49.286384408707917, -25.433118078281957 ], [ -49.28638908534662, -25.433116723032281 ], [ -49.286393761985224, -25.433115367782449 ], [ -49.286398438623735, -25.433114012532446 ], [ -49.286403115262154, -25.433112657282308 ], [ -49.286407791900466, -25.433111302032014 ], [ -49.286412468538686, -25.433109946781553 ], [ -49.286417145176813, -25.433108591530949 ], [ -49.286421821814834, -25.433107236280186 ], [ -49.286426498452769, -25.43310588102926 ], [ -49.286431175090598, -25.433104525778194 ], [ -49.286435851728349, -25.433103170526966 ], [ -49.286440528365986, -25.433101815275585 ], [ -49.286445205003531, -25.433100460024047 ], [ -49.286449881640984, -25.43309910477236 ], [ -49.286454558278336, -25.433097749520506 ], [ -49.28645923491559, -25.433096394268514 ], [ -49.286463911552758, -25.433095039016358 ], [ -49.286468588189813, -25.433093683764039 ], [ -49.286473264826782, -25.433092328511584 ], [ -49.286477941463659, -25.433090973258967 ], [ -49.286482618100436, -25.433089618006189 ], [ -49.286488846968261, -25.433088280861739 ], [ -49.28649507583598, -25.433086943717019 ], [ -49.28650130470357, -25.433085606572018 ], [ -49.286507533571033, -25.433084269426754 ], [ -49.286513762438382, -25.433082932281216 ], [ -49.286519991305603, -25.433081595135413 ], [ -49.286526220172703, -25.433080257989335 ], [ -49.286532449039683, -25.433078920842984 ], [ -49.286538677906542, -25.433077583696353 ], [ -49.286544906773273, -25.433076246549458 ], [ -49.28655113563989, -25.433074909402293 ], [ -49.286557364506379, -25.433073572254848 ], [ -49.286563593372755, -25.43307223510714 ], [ -49.286569822239002, -25.433070897959155 ], [ -49.286576051105122, -25.4330695608109 ], [ -49.286582279971128, -25.433068223662378 ], [ -49.286588508837006, -25.433066886513579 ], [ -49.286594737702771, -25.433065549364507 ], [ -49.286600966568408, -25.433064212215168 ], [ -49.28660719543393, -25.433062875065559 ], [ -49.286613424299318, -25.433061537915677 ], [ -49.286619653164593, -25.433060200765524 ], [ -49.286625882029746, -25.433058863615102 ], [ -49.286632110894772, -25.433057526464392 ], [ -49.286638339759676, -25.433056189313429 ], [ -49.28664456862446, -25.433054852162186 ], [ -49.286650797489131, -25.43305351501067 ], [ -49.286657026353666, -25.433052177858883 ], [ -49.286663255218087, -25.43305084070683 ], [ -49.286669484082388, -25.4330495035545 ], [ -49.286675712946561, -25.4330481664019 ], [ -49.286681941810613, -25.433046829249033 ], [ -49.286688170674545, -25.433045492095896 ], [ -49.286694399538355, -25.433044154942476 ], [ -49.286700628402038, -25.433042817788785 ], [ -49.286706857265607, -25.433041480634834 ], [ -49.286713086129048, -25.433040143480607 ], [ -49.286719314992375, -25.433038806326103 ], [ -49.286725543855574, -25.433037469171332 ], [ -49.286731772718646, -25.433036132016291 ], [ -49.286738001581604, -25.433034794860966 ], [ -49.286744230444441, -25.433033457705381 ], [ -49.28675045930715, -25.43303212054952 ], [ -49.286756688169746, -25.433030783393384 ], [ -49.286762917032206, -25.433029446236986 ], [ -49.286769145894553, -25.433028109080311 ], [ -49.286775374756786, -25.433026771923366 ], [ -49.286781603618884, -25.433025434766151 ], [ -49.286787832480861, -25.433024097608659 ], [ -49.286794061342725, -25.433022760450889 ], [ -49.286800290204461, -25.433021423292871 ], [ -49.286806519066076, -25.433020086134565 ], [ -49.28681274792757, -25.433018748975982 ], [ -49.286818976788943, -25.433017411817147 ], [ -49.286825205650182, -25.433016074658024 ], [ -49.286831434511313, -25.433014737498624 ], [ -49.286837663372317, -25.433013400338968 ], [ -49.2868438922332, -25.433012063179035 ], [ -49.286850121093963, -25.433010726018821 ], [ -49.286856349954604, -25.433009388858352 ], [ -49.286862578815125, -25.433008051697605 ], [ -49.286868807675518, -25.433006714536575 ], [ -49.28687503653579, -25.433005377375284 ], [ -49.286881265395941, -25.433004040213724 ], [ -49.286884389795205, -25.433002666843453 ], [ -49.286887514194412, -25.433001293473115 ], [ -49.28689063859354, -25.432999920102709 ], [ -49.286893762992612, -25.432998546732225 ], [ -49.286896887391606, -25.43299717336167 ], [ -49.286900011790543, -25.432995799991055 ], [ -49.286903136189402, -25.432994426620354 ], [ -49.286906260588196, -25.432993053249596 ], [ -49.28690938498692, -25.432991679878764 ], [ -49.28691250938558, -25.432990306507858 ], [ -49.286915633784176, -25.432988933136887 ], [ -49.286918758182694, -25.432987559765845 ], [ -49.286921882581154, -25.432986186394729 ], [ -49.286925006979537, -25.432984813023541 ], [ -49.286928131377856, -25.43298343965229 ], [ -49.286931255776111, -25.432982066280957 ], [ -49.286934380174294, -25.43298069290956 ], [ -49.286937504572421, -25.432979319538095 ], [ -49.286940628970463, -25.432977946166559 ], [ -49.286943753368448, -25.432976572794956 ], [ -49.286946877766361, -25.432975199423279 ], [ -49.286950002164211, -25.432973826051523 ], [ -49.28695312656199, -25.432972452679707 ], [ -49.286956250959697, -25.432971079307819 ], [ -49.286959375357348, -25.432969705935857 ], [ -49.286962499754921, -25.432968332563828 ], [ -49.28696562415243, -25.432966959191727 ], [ -49.286968748549867, -25.432965585819556 ], [ -49.286971872947241, -25.432964212447313 ], [ -49.286974997344544, -25.43296283907501 ], [ -49.286978121741782, -25.432961465702618 ], [ -49.28698124613895, -25.43296009233017 ], [ -49.286984390473329, -25.432957309378793 ], [ -49.286987534807558, -25.432954526427338 ], [ -49.286990679141645, -25.432951743475808 ], [ -49.286993823475584, -25.432948960524207 ], [ -49.286996967809387, -25.432946177572529 ], [ -49.287000112143041, -25.432943394620768 ], [ -49.287003256476545, -25.432940611668933 ], [ -49.287006400809908, -25.432937828717023 ], [ -49.287009545143128, -25.432935045765042 ], [ -49.287012689476207, -25.432932262812979 ], [ -49.287015833809136, -25.432929479860846 ], [ -49.287018978141923, -25.432926696908638 ], [ -49.287022122474568, -25.432923913956344 ], [ -49.287025266807063, -25.43292113100398 ], [ -49.287028411139417, -25.43291834805154 ], [ -49.287031555471629, -25.432915565099023 ], [ -49.287034699803691, -25.432912782146445 ], [ -49.287037844135611, -25.432909999193772 ], [ -49.287040988467389, -25.432907216241031 ], [ -49.287044132799018, -25.432904433288218 ], [ -49.287047277130512, -25.432901650335314 ], [ -49.287050421461856, -25.432898867382342 ], [ -49.287053565793052, -25.432896084429302 ], [ -49.287056710124105, -25.432893301476174 ], [ -49.287059854455016, -25.432890518522974 ], [ -49.287062998785778, -25.432887735569711 ], [ -49.287066143116398, -25.432884952616359 ], [ -49.287069287446883, -25.432882169662928 ], [ -49.287072431777212, -25.432879386709434 ], [ -49.287075576107398, -25.432876603755851 ], [ -49.287078720437442, -25.432873820802197 ], [ -49.287081864767345, -25.432871037848475 ], [ -49.287085009097098, -25.432868254894665 ], [ -49.287088153426716, -25.432865471940787 ], [ -49.287091297756177, -25.432862688986837 ], [ -49.287094442085504, -25.432859906032796 ], [ -49.287097586414674, -25.432857123078687 ], [ -49.28710073074371, -25.432854340124511 ], [ -49.287103875072603, -25.432851557170249 ], [ -49.287107019401347, -25.432848774215909 ], [ -49.287110163729949, -25.432845991261509 ], [ -49.287113308058402, -25.43284320830702 ], [ -49.287116452386712, -25.432840425352452 ], [ -49.287119596714881, -25.432837642397821 ], [ -49.287122741042907, -25.432834859443098 ], [ -49.287125885370784, -25.432832076488307 ], [ -49.287129029698519, -25.432829293533452 ], [ -49.287132174026105, -25.432826510578497 ], [ -49.287135318353556, -25.432823727623486 ], [ -49.287138462680858, -25.432820944668396 ], [ -49.287141607008017, -25.432818161713222 ], [ -49.287144751335028, -25.432815378757972 ], [ -49.287147895661896, -25.432812595802659 ], [ -49.287151039988622, -25.432809812847264 ], [ -49.287154184315199, -25.432807029891787 ], [ -49.287157328641634, -25.432804246936239 ], [ -49.287160472967926, -25.432801463980617 ], [ -49.287163617294063, -25.432798681024909 ], [ -49.287166761620071, -25.432795898069138 ], [ -49.28716990594593, -25.432793115113284 ], [ -49.28717305027164, -25.432790332157353 ], [ -49.287176194597208, -25.432787549201354 ], [ -49.287179338922641, -25.432784766245273 ], [ -49.287182483247918, -25.432781983289114 ], [ -49.287185627573052, -25.432779200332892 ], [ -49.287188771898045, -25.43277641737658 ], [ -49.287191916222888, -25.43277363442019 ], [ -49.287195060547596, -25.43277085146374 ], [ -49.287198204872155, -25.432768068507212 ], [ -49.287201349196565, -25.432765285550591 ], [ -49.287204493520839, -25.43276250259391 ], [ -49.287207637844965, -25.432759719637147 ], [ -49.287210782168948, -25.432756936680303 ], [ -49.287213926492775, -25.432754153723394 ], [ -49.287217070816467, -25.432751370766404 ], [ -49.287220215140024, -25.432748587809336 ], [ -49.287223359463425, -25.432745804852207 ], [ -49.287226503786684, -25.432743021894982 ], [ -49.2872296481098, -25.43274023893769 ], [ -49.287232792432775, -25.43273745598032 ], [ -49.2872359367556, -25.432734673022878 ], [ -49.287239081078276, -25.432731890065355 ], [ -49.28724222540081, -25.432729107107761 ], [ -49.287245369723209, -25.432726324150089 ], [ -49.287248514045451, -25.432723541192335 ], [ -49.287251658367566, -25.432720758234517 ], [ -49.287254802689525, -25.432717975276617 ], [ -49.287257947011341, -25.432715192318639 ], [ -49.287261091333008, -25.43271240936059 ], [ -49.28726423565454, -25.43270962640246 ], [ -49.287267379975923, -25.432706843444258 ], [ -49.287270524297156, -25.432704060485982 ], [ -49.287273668618255, -25.432701277527627 ], [ -49.287276812939204, -25.432698494569195 ], [ -49.287279957260004, -25.432695711610691 ], [ -49.28728310158067, -25.432692928652106 ], [ -49.287284693674486, -25.432690127593659 ], [ -49.287286285768225, -25.432687326535191 ], [ -49.287287877861885, -25.432684525476699 ], [ -49.287289469955468, -25.432681724418185 ], [ -49.287291062048979, -25.432678923359649 ], [ -49.287292654142412, -25.432676122301096 ], [ -49.287294246235767, -25.432673321242515 ], [ -49.287295838329044, -25.432670520183912 ], [ -49.28729743042225, -25.432667719125284 ], [ -49.287299022515377, -25.432664918066642 ], [ -49.287300614608419, -25.432662117007975 ], [ -49.287302206701391, -25.43265931594928 ], [ -49.287303798794291, -25.432656514890571 ], [ -49.287305390887113, -25.432653713831836 ], [ -49.28730698297985, -25.432650912773077 ], [ -49.287308575072515, -25.43264811171429 ], [ -49.28731016716511, -25.432645310655499 ], [ -49.287311759257612, -25.432642509596675 ], [ -49.287313351350051, -25.432639708537828 ], [ -49.287314943442411, -25.432636907478965 ], [ -49.287316535534693, -25.432634106420068 ], [ -49.287318127626897, -25.432631305361156 ], [ -49.287319719719029, -25.432628504302237 ], [ -49.287321311811084, -25.432625703243271 ], [ -49.28732290390306, -25.432622902184296 ], [ -49.287324495994959, -25.432620101125298 ], [ -49.287326088086779, -25.432617300066269 ], [ -49.287327680178521, -25.432614499007229 ], [ -49.287329272270192, -25.432611697948168 ], [ -49.287330864361785, -25.432608896889075 ], [ -49.287332456453299, -25.432606095829957 ], [ -49.287334048544736, -25.432603294770836 ], [ -49.287335620703232, -25.432601903290863 ], [ -49.287337192861699, -25.432600511810875 ], [ -49.287338765020117, -25.432599120330863 ], [ -49.287340337178506, -25.432597728850837 ], [ -49.28734190933686, -25.432596337370786 ], [ -49.287343481495178, -25.43259494589072 ], [ -49.287345053653453, -25.432593554410634 ], [ -49.287346625811701, -25.432592162930536 ], [ -49.287348197969905, -25.43259077145041 ], [ -49.287349770128074, -25.432589379970263 ], [ -49.287351342286208, -25.432587988490106 ], [ -49.287352914444313, -25.432586597009923 ], [ -49.287354486602375, -25.43258520552973 ], [ -49.287356058760402, -25.432583814049512 ], [ -49.287357630918386, -25.432582422569268 ], [ -49.287359203076342, -25.432581031089015 ], [ -49.287360775234262, -25.43257963960874 ], [ -49.287362347392147, -25.432578248128443 ], [ -49.287363919549996, -25.432576856648126 ], [ -49.28736549170781, -25.432575465167801 ], [ -49.287367063865581, -25.432574073687444 ], [ -49.287368636023317, -25.432572682207073 ], [ -49.287370208181017, -25.432571290726688 ], [ -49.287371780338688, -25.432569899246278 ], [ -49.287373352496317, -25.432568507765854 ], [ -49.287374924653918, -25.432567116285409 ], [ -49.287376496811468, -25.432565724804942 ], [ -49.287378068968991, -25.432564333324461 ], [ -49.287379641126478, -25.432562941843958 ], [ -49.287381213283929, -25.432561550363431 ], [ -49.287382785441345, -25.432560158882893 ], [ -49.287384357598718, -25.432558767402334 ], [ -49.287385929756056, -25.432557375921753 ], [ -49.287387501913365, -25.432555984441155 ], [ -49.287389074070632, -25.432554592960543 ], [ -49.287390646227863, -25.432553201479902 ], [ -49.287392218385065, -25.432551809999254 ], [ -49.287393790542225, -25.432550418518584 ], [ -49.287395362699357, -25.432549027037886 ], [ -49.287396934856439, -25.432547635557178 ], [ -49.287398507013492, -25.432546244076448 ], [ -49.28740007917051, -25.432544852595694 ], [ -49.287401651327492, -25.432543461114925 ], [ -49.287403223484432, -25.432542069634149 ], [ -49.287404795641343, -25.43254067815333 ], [ -49.287406367798212, -25.432539286672505 ], [ -49.287407939955052, -25.432537895191672 ], [ -49.28740951211185, -25.432536503710796 ], [ -49.287411084268619, -25.432535112229921 ], [ -49.287412656425346, -25.432533720749024 ], [ -49.287414228582037, -25.432532329268096 ], [ -49.287415800738692, -25.43253093778716 ], [ -49.287417372895312, -25.43252954630621 ], [ -49.287418945051897, -25.432528154825228 ], [ -49.287420517208439, -25.432526763344232 ], [ -49.287422089364952, -25.432525371863221 ], [ -49.28742366152143, -25.432523980382182 ], [ -49.287425233677865, -25.432522588901133 ], [ -49.287426805834272, -25.432521197420066 ], [ -49.287428377990636, -25.432519805938966 ], [ -49.287429950146972, -25.432518414457856 ], [ -49.287431522303258, -25.432517022976732 ], [ -49.287433094459523, -25.432515631495583 ], [ -49.287434666615745, -25.432514240014417 ], [ -49.287436238771932, -25.432512848533236 ], [ -49.287437810928083, -25.432511457052026 ], [ -49.287439383084198, -25.432510065570803 ], [ -49.287440955240271, -25.432508674089561 ], [ -49.287442527396323, -25.432507282608302 ], [ -49.287444099552324, -25.432505891127022 ], [ -49.287445671708298, -25.432504499645727 ], [ -49.287447243864229, -25.432503108164404 ], [ -49.287448816020124, -25.432501716683067 ], [ -49.287450388175984, -25.432500325201712 ], [ -49.287451960331815, -25.432498933720332 ], [ -49.287453532487604, -25.432497542238941 ], [ -49.287455104643357, -25.43249615075753 ], [ -49.287456676799074, -25.432494759276096 ], [ -49.287458248954756, -25.432493367794649 ], [ -49.287459821110403, -25.432491976313184 ], [ -49.287461393266014, -25.432490584831687 ], [ -49.287462965421582, -25.432489193350179 ], [ -49.287464537577122, -25.43248780186866 ], [ -49.28746610973262, -25.432486410387106 ], [ -49.287467681888081, -25.432485018905549 ], [ -49.287469254043515, -25.432483627423967 ], [ -49.287470826198906, -25.432482235942356 ], [ -49.287472398354268, -25.432480844460741 ], [ -49.287473970509588, -25.432479452979102 ], [ -49.287475542664872, -25.432478061497431 ], [ -49.287477114820121, -25.432476670015756 ], [ -49.287478686975327, -25.432475278534071 ], [ -49.287480259130504, -25.432473887052346 ], [ -49.287481831285653, -25.432472495570611 ], [ -49.287483403440753, -25.432471104088865 ], [ -49.287484975595817, -25.43246971260708 ], [ -49.287486547750845, -25.432468321125288 ], [ -49.287488119905845, -25.432466929643478 ], [ -49.287489692060809, -25.432465538161651 ], [ -49.287491264215731, -25.432464146679795 ], [ -49.287492836370618, -25.432462755197932 ], [ -49.287494408525468, -25.432461363716047 ], [ -49.287495980680283, -25.432459972234131 ], [ -49.287497552835063, -25.432458580752211 ], [ -49.287499124989807, -25.432457189270274 ], [ -49.287500697144516, -25.432455797788311 ], [ -49.287502269299182, -25.432454406306331 ], [ -49.28750384145382, -25.432453014824329 ], [ -49.287505413608422, -25.432451623342299 ], [ -49.287506985762981, -25.432450231860269 ], [ -49.287508557917505, -25.432448840378214 ], [ -49.287510130072, -25.432447448896134 ], [ -49.287511702226453, -25.43244605741404 ], [ -49.287513274380871, -25.432444665931932 ], [ -49.287514846535252, -25.432443274449792 ], [ -49.287516418689599, -25.432441882967641 ], [ -49.287517990843909, -25.432440491485472 ], [ -49.287519562998185, -25.432439100003272 ], [ -49.287521135152424, -25.432437708521068 ], [ -49.287522707306628, -25.432436317038849 ], [ -49.28752427946079, -25.432434925556599 ], [ -49.287525851614916, -25.432433534074327 ], [ -49.287527423769014, -25.432432142592045 ], [ -49.287528995923068, -25.432430751109742 ], [ -49.287530568077095, -25.432429359627417 ], [ -49.287532140231079, -25.432427968145081 ], [ -49.287533712385027, -25.432426576662717 ], [ -49.28753528453894, -25.432425185180335 ], [ -49.287536856692817, -25.432423793697943 ], [ -49.287538428846659, -25.432422402215519 ], [ -49.287540001000465, -25.43242101073308 ], [ -49.287541573154229, -25.432419619250631 ], [ -49.287543145307964, -25.432418227768149 ], [ -49.287544717461657, -25.432416836285661 ], [ -49.287546289615321, -25.432415444803151 ], [ -49.287547861768942, -25.432414053320613 ], [ -49.287549433922528, -25.432412661838061 ], [ -49.287551006076086, -25.432411270355502 ], [ -49.287552578229601, -25.43240987887291 ], [ -49.28755415038308, -25.432408487390301 ], [ -49.287555722536524, -25.432407095907678 ], [ -49.287557294689933, -25.432405704425033 ], [ -49.287558866843305, -25.432404312942367 ], [ -49.287560438996643, -25.432402921459683 ], [ -49.287562011149937, -25.432401529976978 ], [ -49.287563583303204, -25.432400138494263 ], [ -49.287565155456434, -25.432398747011522 ], [ -49.287566727609622, -25.43239735552876 ], [ -49.287568299762775, -25.432395964045988 ], [ -49.287569871915892, -25.43239457256319 ], [ -49.287571444068973, -25.432393181080368 ], [ -49.287573016222026, -25.432391789597538 ], [ -49.287574588375037, -25.432390398114684 ], [ -49.287576160528012, -25.432389006631809 ], [ -49.287577732680951, -25.432387615148922 ], [ -49.287579304833855, -25.432386223666011 ], [ -49.287580876986716, -25.432384832183079 ], [ -49.287582449139549, -25.432383440700132 ], [ -49.287584021292346, -25.432382049217168 ], [ -49.287585593445108, -25.432380657734178 ], [ -49.287596478935633, -25.432379374829253 ], [ -49.287607364425988, -25.432378091923514 ], [ -49.287618249916157, -25.432376809016947 ], [ -49.287629135406142, -25.432375526109574 ], [ -49.28764002089595, -25.432374243201377 ], [ -49.287650906385579, -25.432372960292355 ], [ -49.287661791875024, -25.432371677382513 ], [ -49.287672677364291, -25.432370394471867 ], [ -49.287683562853381, -25.432369111560384 ], [ -49.287694448342279, -25.432367828648086 ], [ -49.287705333831006, -25.432366545734972 ], [ -49.287716219319549, -25.43236526282104 ], [ -49.287727104807907, -25.432363979906288 ], [ -49.28773799029608, -25.432362696990722 ], [ -49.287748875784082, -25.432361414074322 ], [ -49.2877597612719, -25.432360131157111 ], [ -49.28777064675954, -25.432358848239087 ], [ -49.287781532246996, -25.432357565320235 ], [ -49.287792417734273, -25.432356282400566 ], [ -49.287803303221366, -25.432354999480079 ], [ -49.287814188708282, -25.432353716558769 ], [ -49.287825074195013, -25.432352433636641 ], [ -49.287835959681566, -25.432351150713703 ], [ -49.287846845167941, -25.432349867789924 ], [ -49.287857730654125, -25.432348584865345 ], [ -49.287868616140138, -25.432347301939952 ], [ -49.287879501625966, -25.432346019013718 ], [ -49.287890387111609, -25.43234473608668 ], [ -49.287901272597082, -25.432343453158822 ], [ -49.287912158082364, -25.432342170230136 ], [ -49.287923043567474, -25.43234088730064 ], [ -49.287933929052393, -25.432339604370327 ], [ -49.287944814537141, -25.43233832143919 ], [ -49.287955700021698, -25.432337038507235 ], [ -49.287966585506084, -25.432335755574453 ], [ -49.287977470990285, -25.432334472640861 ], [ -49.287988356474308, -25.432333189706448 ], [ -49.28799924195814, -25.432331906771207 ], [ -49.288010127441801, -25.432330623835156 ], [ -49.288021012925277, -25.432329340898288 ], [ -49.288031898408576, -25.432328057960586 ], [ -49.28804278389169, -25.43232677502208 ], [ -49.288053669374627, -25.432325492082747 ], [ -49.288064554857378, -25.4323242091426 ], [ -49.288075440339952, -25.432322926201632 ], [ -49.288086325822348, -25.432321643259847 ], [ -49.288097211304553, -25.432320360317231 ], [ -49.28810809678658, -25.432319077373812 ], [ -49.288118982268429, -25.432317794429565 ], [ -49.288129867750101, -25.432316511484501 ], [ -49.288140753231588, -25.43231522853862 ], [ -49.288151638712897, -25.432313945591911 ], [ -49.288162524194021, -25.432312662644385 ], [ -49.288173409674968, -25.432311379696046 ], [ -49.28818429515573, -25.432310096746882 ], [ -49.288195180636315, -25.432308813796901 ], [ -49.288206066116715, -25.432307530846106 ], [ -49.288216951596937, -25.432306247894488 ], [ -49.288227837076974, -25.432304964942048 ], [ -49.288238722556834, -25.432303681988792 ], [ -49.288249608036516, -25.432302399034718 ], [ -49.288260493516013, -25.43230111607981 ], [ -49.288271378995333, -25.432299833124102 ], [ -49.288282264474468, -25.432298550167566 ], [ -49.288286941063483, -25.432297194854549 ], [ -49.288291617652398, -25.432295839541375 ], [ -49.288296294241228, -25.432294484228052 ], [ -49.288300970829958, -25.432293128914562 ], [ -49.288305647418589, -25.432291773600923 ], [ -49.288310324007121, -25.432290418287135 ], [ -49.28831500059556, -25.432289062973183 ], [ -49.288319677183907, -25.432287707659086 ], [ -49.288324353772154, -25.432286352344832 ], [ -49.288329030360302, -25.432284997030418 ], [ -49.288333706948357, -25.432283641715856 ], [ -49.288338383536313, -25.432282286401144 ], [ -49.288343060124177, -25.432280931086257 ], [ -49.288347736711948, -25.432279575771229 ], [ -49.288352413299613, -25.432278220456052 ], [ -49.288357089887185, -25.432276865140707 ], [ -49.288361766474658, -25.432275509825214 ], [ -49.288366443062046, -25.432274154509578 ], [ -49.288371119649327, -25.432272799193765 ], [ -49.288375796236515, -25.432271443877813 ], [ -49.288380472823604, -25.432270088561705 ], [ -49.288385149410601, -25.432268733245426 ], [ -49.288389825997498, -25.432267377929012 ], [ -49.288394502584303, -25.432266022612442 ], [ -49.288399179171009, -25.432264667295705 ], [ -49.288403855757615, -25.432263311978822 ], [ -49.288408532344128, -25.432261956661787 ], [ -49.288413208930542, -25.432260601344588 ], [ -49.288417885516864, -25.43225924602724 ], [ -49.288422562103094, -25.432257890709746 ], [ -49.288427238689216, -25.432256535392078 ], [ -49.288431915275247, -25.432255180074268 ], [ -49.288436591861192, -25.432253824756305 ], [ -49.288441268447031, -25.432252469438179 ], [ -49.28844594503277, -25.432251114119904 ], [ -49.288450621618416, -25.432249758801479 ], [ -49.288455298203964, -25.432248403482884 ], [ -49.288459974789419, -25.432247048164143 ], [ -49.288464651374774, -25.432245692845257 ], [ -49.288469327960037, -25.432244337526203 ], [ -49.288474004545208, -25.432242982206997 ], [ -49.288478681130272, -25.432241626887652 ], [ -49.288483357715243, -25.432240271568123 ], [ -49.288488034300123, -25.432238916248458 ], [ -49.288492710884896, -25.432237560928641 ], [ -49.288497387469583, -25.432236205608664 ], [ -49.288502064054171, -25.43223485028853 ], [ -49.28850674063866, -25.432233494968251 ], [ -49.288511417223056, -25.432232139647798 ], [ -49.288516093807353, -25.432230784327206 ], [ -49.288520770391557, -25.432229429006462 ], [ -49.288525446975662, -25.432228073685547 ], [ -49.288530123559674, -25.432226718364493 ], [ -49.28853480014358, -25.432225363043276 ], [ -49.288539476727401, -25.43222400772191 ], [ -49.288544153311122, -25.432222652400387 ], [ -49.288548829894744, -25.432221297078712 ], [ -49.288553506478273, -25.432219941756873 ], [ -49.288558183061703, -25.432218586434889 ], [ -49.288562859645033, -25.432217231112752 ], [ -49.288567536228278, -25.432215875790448 ], [ -49.288572212811417, -25.432214520468001 ], [ -49.288576889394463, -25.432213165145402 ], [ -49.288581565977417, -25.432211809822633 ], [ -49.288583138117048, -25.432210418328228 ], [ -49.288584710256636, -25.432209026833807 ], [ -49.288586282396196, -25.432207635339356 ], [ -49.28858785453572, -25.432206243844892 ], [ -49.288589426675202, -25.432204852350413 ], [ -49.288590998814648, -25.432203460855913 ], [ -49.288592570954059, -25.432202069361388 ], [ -49.288594143093441, -25.432200677866849 ], [ -49.28859571523278, -25.432199286372285 ], [ -49.288597287372085, -25.432197894877714 ], [ -49.28859885951136, -25.432196503383118 ], [ -49.288600431650586, -25.4321951118885 ], [ -49.288602003789784, -25.432193720393869 ], [ -49.288603575928946, -25.43219232889922 ], [ -49.288605148068072, -25.432190937404538 ], [ -49.288606720207156, -25.43218954590985 ], [ -49.288608292346211, -25.43218815441514 ], [ -49.288609864485224, -25.432186762920402 ], [ -49.288611436624201, -25.432185371425664 ], [ -49.28861300876315, -25.432183979930898 ], [ -49.288614580902056, -25.432182588436106 ], [ -49.288616153040927, -25.432181196941301 ], [ -49.288617725179762, -25.432179805446477 ], [ -49.288619297318569, -25.432178413951625 ], [ -49.288620869457333, -25.432177022456774 ], [ -49.288622441596061, -25.432175630961893 ], [ -49.288624013734747, -25.432174239466992 ], [ -49.288625585873405, -25.432172847972073 ], [ -49.288627158012019, -25.432171456477143 ], [ -49.288628730150599, -25.432170064982174 ], [ -49.28863030228915, -25.432168673487201 ], [ -49.288631874427658, -25.432167281992207 ], [ -49.288633446566138, -25.432165890497199 ], [ -49.288635018704575, -25.432164499002173 ], [ -49.288636590842984, -25.432163107507112 ], [ -49.288638162981343, -25.432161716012043 ], [ -49.288639735119673, -25.432160324516957 ], [ -49.288641307257969, -25.432158933021842 ], [ -49.288642879396228, -25.432157541526717 ], [ -49.288644451534452, -25.432156150031577 ], [ -49.288646023672634, -25.432154758536406 ], [ -49.288647595810787, -25.43215336704122 ], [ -49.288649167948897, -25.432151975546027 ], [ -49.288650740086979, -25.432150584050795 ], [ -49.288652312225025, -25.43214919255556 ], [ -49.288653884363022, -25.432147801060303 ], [ -49.28865545650099, -25.432146409565014 ], [ -49.28865702863893, -25.432145018069718 ], [ -49.288658600776827, -25.432143626574408 ], [ -49.288660172914682, -25.432142235079056 ], [ -49.288661745052508, -25.432140843583714 ], [ -49.288663317190299, -25.432139452088339 ], [ -49.288664889328054, -25.432138060592944 ], [ -49.288666461465766, -25.432136669097535 ], [ -49.28866803360345, -25.432135277602104 ], [ -49.288669605741099, -25.432133886106651 ], [ -49.288671177878705, -25.432132494611182 ], [ -49.288672750016275, -25.432131103115697 ], [ -49.288674322153817, -25.432129711620192 ], [ -49.288675894291316, -25.432128320124665 ], [ -49.28867746642878, -25.432126928629124 ], [ -49.288679038566208, -25.432125537133551 ], [ -49.288680610703601, -25.432124145637975 ], [ -49.288682182840958, -25.432122754142373 ], [ -49.288683754978273, -25.432121362646747 ], [ -49.288685327115559, -25.43211997115111 ], [ -49.288686899252809, -25.432118579655455 ], [ -49.288688471390017, -25.432117188159776 ], [ -49.28869004352719, -25.432115796664082 ], [ -49.288691615664334, -25.432114405168374 ], [ -49.288693187801442, -25.43211301367263 ], [ -49.288694759938508, -25.432111622176883 ], [ -49.288696332075538, -25.432110230681115 ], [ -49.288697904212533, -25.432108839185315 ], [ -49.288699476349485, -25.432107447689514 ], [ -49.288701048486416, -25.432106056193685 ], [ -49.288702620623305, -25.432104664697828 ], [ -49.28870419276015, -25.432103273201967 ], [ -49.288705764896967, -25.432101881706085 ], [ -49.288707337033742, -25.432100490210168 ], [ -49.288708909170488, -25.432099098714254 ], [ -49.288710481307199, -25.432097707218315 ], [ -49.288712053443859, -25.432096315722344 ], [ -49.288713625580499, -25.432094924226369 ], [ -49.288715197717096, -25.43209353273037 ], [ -49.288716769853657, -25.432092141234342 ], [ -49.288718341990183, -25.432090749738311 ], [ -49.288719914126673, -25.432089358242255 ], [ -49.288721486263128, -25.432087966746181 ], [ -49.288723058399547, -25.432086575250089 ], [ -49.288724630535924, -25.43208518375398 ], [ -49.288726202672272, -25.432083792257838 ], [ -49.288727774808585, -25.43208240076169 ], [ -49.288729346944855, -25.43208100926552 ], [ -49.28873091908109, -25.432079617769325 ], [ -49.288732491217296, -25.432078226273124 ], [ -49.288735595657378, -25.432078262441284 ], [ -49.288738700097461, -25.43207829860938 ], [ -49.288741804537551, -25.432078334777408 ], [ -49.288744908977648, -25.432078370945376 ], [ -49.288748013417752, -25.432078407113277 ], [ -49.288751117857863, -25.43207844328111 ], [ -49.288754222297975, -25.432078479448879 ], [ -49.2887573267381, -25.432078515616581 ], [ -49.288760431178225, -25.432078551784219 ], [ -49.288763535618358, -25.432078587951786 ], [ -49.288766640058498, -25.432078624119296 ], [ -49.288769744498644, -25.432078660286738 ], [ -49.288772848938791, -25.432078696454109 ], [ -49.288775953378952, -25.432078732621424 ], [ -49.288779057819113, -25.432078768788667 ], [ -49.288782162259288, -25.432078804955847 ], [ -49.288785266699456, -25.432078841122959 ], [ -49.288788371139646, -25.432078877290003 ], [ -49.288791475579828, -25.432078913456991 ], [ -49.288794580020017, -25.432078949623904 ], [ -49.288797684460214, -25.432078985790756 ], [ -49.288800788900417, -25.432079021957538 ], [ -49.288803893340635, -25.432079058124263 ], [ -49.288806997780853, -25.432079094290909 ], [ -49.288810102221071, -25.432079130457502 ], [ -49.288813206661303, -25.432079166624025 ], [ -49.288816311101534, -25.432079202790479 ], [ -49.288819415541781, -25.432079238956877 ], [ -49.288822519982027, -25.432079275123204 ], [ -49.288825624422273, -25.432079311289463 ], [ -49.288828728862534, -25.432079347455659 ], [ -49.288831833302801, -25.432079383621783 ], [ -49.288833405437906, -25.432077992124437 ], [ -49.288834977572982, -25.432076600627067 ], [ -49.288836549708009, -25.432075209129682 ], [ -49.288838121843007, -25.432073817632283 ], [ -49.28883969397797, -25.432072426134848 ], [ -49.28884126611289, -25.432071034637413 ], [ -49.288842838247781, -25.432069643139947 ], [ -49.288844410382637, -25.432068251642463 ], [ -49.288845982517458, -25.432066860144964 ], [ -49.288847554652236, -25.432065468647448 ], [ -49.288849126786985, -25.432064077149903 ], [ -49.288850698921692, -25.432062685652355 ], [ -49.288852271056363, -25.432061294154774 ], [ -49.288853843190999, -25.432059902657173 ], [ -49.2888554153256, -25.432058511159568 ], [ -49.288856987460164, -25.432057119661934 ], [ -49.288858559594694, -25.432055728164272 ], [ -49.288860131729187, -25.43205433666661 ], [ -49.288861703863638, -25.43205294516892 ], [ -49.288863275998061, -25.432051553671204 ], [ -49.288864848132448, -25.432050162173482 ], [ -49.288866420266793, -25.432048770675742 ], [ -49.288867992401102, -25.432047379177966 ], [ -49.288869564535382, -25.432045987680187 ], [ -49.288871136669627, -25.432044596182383 ], [ -49.288872708803829, -25.432043204684554 ], [ -49.288874280937996, -25.432041813186714 ], [ -49.288875853072128, -25.43204042168886 ], [ -49.288877425206223, -25.432039030190975 ], [ -49.288878997340284, -25.432037638693075 ], [ -49.288880569474308, -25.43203624719516 ], [ -49.288882141608298, -25.432034855697221 ], [ -49.288883713742244, -25.432033464199257 ], [ -49.288885285876162, -25.43203207270129 ], [ -49.288886858010038, -25.432030681203297 ], [ -49.288888430143885, -25.43202928970528 ], [ -49.288890002277682, -25.432027898207252 ], [ -49.288891574411458, -25.432026506709207 ], [ -49.288893146545192, -25.432025115211129 ], [ -49.28889471867889, -25.432023723713044 ], [ -49.288896290812552, -25.432022332214942 ], [ -49.288897862946186, -25.432020940716807 ], [ -49.28889943507977, -25.432019549218666 ], [ -49.288901007213326, -25.432018157720503 ], [ -49.288902579346839, -25.432016766222318 ], [ -49.288904151480324, -25.43201537472412 ], [ -49.288905723613773, -25.432013983225904 ], [ -49.28890729574718, -25.432012591727656 ], [ -49.288908867880551, -25.432011200229397 ], [ -49.288910440013893, -25.432009808731124 ], [ -49.288912012147193, -25.432008417232826 ], [ -49.288913584280458, -25.43200702573451 ], [ -49.288915156413694, -25.432005634236184 ], [ -49.28891672854688, -25.432004242737822 ], [ -49.288918300680038, -25.432002851239453 ], [ -49.28891987281316, -25.432001459741066 ], [ -49.288921444946247, -25.432000068242647 ], [ -49.288923017079298, -25.431998676744215 ], [ -49.288924589212307, -25.431997285245771 ], [ -49.288926161345287, -25.431995893747303 ], [ -49.288927733478225, -25.431994502248816 ], [ -49.288929305611127, -25.431993110750316 ], [ -49.288930877744001, -25.431991719251783 ], [ -49.288932449876832, -25.431990327753244 ], [ -49.288934022009627, -25.431988936254683 ] ] ] ] } }
]
}
