{
"type": "FeatureCollection",
"name": "area_contribuicao_alto_iguacu",
"crs": { "type": "name", "properties": { "name": "urn:ogc:def:crs:EPSG::31982" } },
"features": [
{ "type": "Feature", "properties": { "AREA": 285895425.32340997, "PERIMETER": 239372.04716, "BACIAS1_": 15, "BACIAS1_ID": 0, "NOME_BACIA": "AREA DE CONTRIBUICAO DIRETA DO ALTO RIO IGUACU", "SUB_AREA": 285.9, "SUBCODIGO": 14, "BACCODIGO": 2, "SUBNOME": "AREA DE CONTRIBUICAO DIRETA DO ALTO RIO IGUACU", "SUBBAC_DAT": "2002-01-03", "SUBBAC_POP": 182093, "SUBBAC_P_1": 190504, "SUBBAC_DEN": 666.34, "SUBBAC_D_1": 636.92 }, "geometry": { "type": "MultiPolygon", "coordinates": [ [ [ [ 686507.883970180992037, 7186262.639013836160302 ], [ 686541.296895628096536, 7186253.357636287808418 ], [ 686607.194613314932212, 7186249.645072340033948 ], [ 686674.020466046291403, 7186238.507412698119879 ], [ 686744.558867223327979, 7186231.082299870438874 ], [ 686777.971791286254302, 7186216.232100713998079 ], [ 686809.528435143991373, 7186175.394067904911935 ], [ 686809.528418121160939, 7186106.711934896185994 ], [ 686813.24094724515453, 7186032.460979379713535 ], [ 686816.953482347656973, 7185982.341584118083119 ], [ 686820.666011930326931, 7185909.946902479045093 ], [ 686828.091093636932783, 7185856.114958577789366 ], [ 686829.947347152978182, 7185774.438908090814948 ], [ 686835.516152797383256, 7185711.325595336034894 ], [ 686820.665945674059913, 7185642.643466029316187 ], [ 686772.402805320569314, 7185551.686058593913913 ], [ 686744.558683713432401, 7185490.429027952253819 ], [ 686738.989836676046252, 7185386.477692974731326 ], [ 686763.121350495144725, 7185204.562848454341292 ], [ 686770.546407360234298, 7185050.492116025649011 ], [ 686792.821673624450341, 7184974.384882183745503 ], [ 686835.515933761140332, 7184827.739236561581492 ], [ 686893.98852866422385, 7184712.650242721661925 ], [ 686942.251635828055441, 7184669.955932008102536 ], [ 686971.952011838788167, 7184653.249459929764271 ], [ 687031.352770765079185, 7184647.680623695254326 ], [ 687105.603720229351893, 7184643.968057651072741 ], [ 687216.980152723845094, 7184671.812138075940311 ], [ 687343.206786380847916, 7184744.206787498667836 ], [ 687443.445584648521617, 7184805.463800159282982 ], [ 687515.840279302909039, 7184877.858462870121002 ], [ 687616.079084997414611, 7184968.815857318229973 ], [ 687703.323975779116154, 7185065.342076566070318 ], [ 687805.419065919821151, 7185198.993769391439855 ], [ 687868.532397391623817, 7185293.663720767013729 ], [ 687940.927094910992309, 7185377.196026666089892 ], [ 688056.944241129327565, 7185521.985359251499176 ], [ 688088.500901565887034, 7185547.973185516893864 ], [ 688157.183036315254867, 7185570.248454838991165 ], [ 688194.308513408293948, 7185577.673541082069278 ], [ 688235.146537562599406, 7185583.242352534085512 ], [ 688275.984562179539353, 7185590.667437847703695 ], [ 688314.966313500655815, 7185599.948797484859824 ], [ 688340.95415034389589, 7185616.655255807563663 ], [ 688357.660621159826405, 7185644.499359615147114 ], [ 688372.5108228540048, 7185690.906202524900436 ], [ 688391.073567437240854, 7185718.750305876135826 ], [ 688413.348856297438033, 7185733.600491251796484 ], [ 688426.342774025397375, 7185739.16930961702019 ], [ 688448.618066136492416, 7185767.013412045314908 ], [ 688469.037086807191372, 7185804.13888425566256 ], [ 688482.03101057279855, 7185833.839262856170535 ], [ 688509.875130009604618, 7185885.814924139529467 ], [ 688548.856885991874151, 7185913.659022415056825 ], [ 688574.84472424373962, 7185935.9343023262918 ], [ 688600.832563425879925, 7185961.922129970043898 ], [ 688626.820403076708317, 7185989.76623147726059 ], [ 688654.66451509622857, 7186012.041510929353535 ], [ 688676.939801181433722, 7186015.754053115844727 ], [ 688721.490371493622661, 7186015.754042029380798 ], [ 688771.609763096552342, 7186015.754029551520944 ], [ 688825.441698969574645, 7186002.760099094361067 ], [ 688845.860701525118202, 7185967.490890579298139 ], [ 688882.986169341951609, 7185937.790499497205019 ], [ 688905.261448448291048, 7185913.658933703787625 ], [ 688923.824179096613079, 7185885.814821111038327 ], [ 688927.536719178082421, 7185856.114438351243734 ], [ 688940.53062481386587, 7185813.420136231929064 ], [ 688970.2309826745186, 7185724.318983346223831 ], [ 688979.512337988475338, 7185670.487038971856236 ], [ 688973.943504602881148, 7185622.223919896408916 ], [ 688972.087215947569348, 7185562.823156716302037 ], [ 688953.524468554183841, 7185523.841410204768181 ], [ 688934.961724885972217, 7185499.709854602813721 ], [ 688897.836240347474813, 7185462.584386581555009 ], [ 688875.560943576158024, 7185416.177545543760061 ], [ 688871.848388144979253, 7185384.620890792459249 ], [ 688877.41720198711846, 7185354.920507593080401 ], [ 688890.411113199428655, 7185334.501491862349212 ], [ 688916.39893934619613, 7185308.513651302084327 ], [ 688953.524409452453256, 7185288.094629555940628 ], [ 688994.362426614621654, 7185265.819333018735051 ], [ 689027.775348729453981, 7185243.54403833206743 ], [ 689046.338077494525351, 7185208.274830311536789 ], [ 689057.475703299278393, 7185141.448968471959233 ], [ 689063.044513871544041, 7185098.754668239504099 ], [ 689092.744876810815185, 7185030.07252792082727 ], [ 689129.870345968520269, 7185005.940958449617028 ], [ 689170.708365440717898, 7184992.94703122228384 ], [ 689228.252852481557056, 7184994.803290721960366 ], [ 689267.234603318502195, 7185002.228376442566514 ], [ 689322.922817067359574, 7185005.94091026391834 ], [ 689399.030039850622416, 7185000.372069668024778 ], [ 689448.134229216258973, 7184995.910429248586297 ], [ 689454.718245200929232, 7184970.671673959121108 ], [ 689489.059296237188391, 7184916.839723370969296 ], [ 689552.172595684183761, 7184883.426778076216578 ], [ 689606.004530062433332, 7184864.864025995135307 ], [ 689644.986268284381367, 7184822.169717418029904 ], [ 689672.830361604574136, 7184770.194042319431901 ], [ 689698.818178827175871, 7184708.936998380348086 ], [ 689714.596483357599936, 7184619.835849074646831 ], [ 689714.596464665140957, 7184545.584894621744752 ], [ 689694.177424809196964, 7184432.352194203063846 ], [ 689690.464856734150089, 7184350.676145252771676 ], [ 689668.189553407486528, 7184278.281470261514187 ], [ 689657.051900578429922, 7184237.443448113277555 ], [ 689647.509461319074035, 7184199.285371776670218 ], [ 689610.140567580237985, 7184213.907993959262967 ], [ 689576.021141136647202, 7184220.406941529363394 ], [ 689553.274856568314135, 7184223.656416736543179 ], [ 689532.15330748539418, 7184230.155361057259142 ], [ 689481.786544140893966, 7184275.647946912795305 ], [ 689437.91871947364416, 7184321.140531146898866 ], [ 689389.176685481099412, 7184345.51156472414732 ], [ 689350.183054606779478, 7184350.385778743773699 ], [ 689306.315217680996284, 7184347.136320176534355 ], [ 689268.946316993446089, 7184334.138451430015266 ], [ 689229.95267836865969, 7184308.142705007456243 ], [ 689192.583771156729199, 7184269.149080102331936 ], [ 689168.21274375775829, 7184239.903860509395599 ], [ 689140.592245797859505, 7184205.784437451511621 ], [ 689107.594854967785068, 7184185.467917280271649 ], [ 689076.038198277237825, 7184174.330281989648938 ], [ 689029.631355246994644, 7184178.042841279879212 ], [ 688979.511967490427196, 7184192.893044659867883 ], [ 688942.386494646314532, 7184202.174423216842115 ], [ 688910.829842611099593, 7184209.599526520818472 ], [ 688882.985739954281598, 7184224.449724344536662 ], [ 688856.997906867298298, 7184222.593456954695284 ], [ 688818.016152821015567, 7184202.17445420101285 ], [ 688786.459492880385369, 7184178.042901875451207 ], [ 688744.969333218643442, 7184124.547798085026443 ], [ 688720.598309096414596, 7184108.300456556491554 ], [ 688648.297602854087017, 7184054.684227502904832 ], [ 688615.802900915383361, 7184020.564805646426976 ], [ 688599.55554608348757, 7183988.070114506408572 ], [ 688594.681332721142098, 7183950.701216266490519 ], [ 688583.308179869432934, 7183910.082850120961666 ], [ 688570.310294786584564, 7183879.212892937473953 ], [ 688555.687679101480171, 7183864.590283746831119 ], [ 688536.190860220696777, 7183853.217145283706486 ], [ 688515.069310327409767, 7183856.466620053164661 ], [ 688508.570372055983171, 7183858.091356428340077 ], [ 688464.702540042344481, 7183874.338714923709631 ], [ 688427.333642232697457, 7183872.713989453390241 ], [ 688407.836820915807039, 7183851.592442437075078 ], [ 688396.463671732228249, 7183825.596689123660326 ], [ 688389.964724928606302, 7183793.101995566859841 ], [ 688388.339974015252665, 7183728.112605633214116 ], [ 688373.71734533784911, 7183661.498484175652266 ], [ 688367.218393260845914, 7183607.882238769903779 ], [ 688362.344175445614383, 7183552.641258206218481 ], [ 688359.094697173452005, 7183516.897094335407019 ], [ 688304.666048010112718, 7183365.796775386668742 ], [ 688306.290774964960292, 7183334.926814587786794 ], [ 688281.919738700264134, 7183269.937430340796709 ], [ 688283.54445713176392, 7183204.948039645329118 ], [ 688286.793911449145526, 7183144.832852821797132 ], [ 688268.921810615574941, 7183066.84558892250061 ], [ 688239.676568736787885, 7182995.357266881503165 ], [ 688215.305536140222102, 7182944.990495474077761 ], [ 688184.43556852824986, 7182909.246338490396738 ], [ 688156.815073093632236, 7182884.875323997810483 ], [ 688125.945108326501213, 7182860.504310314543545 ], [ 688080.452529124217108, 7182826.384891714900732 ], [ 688059.330968717113137, 7182787.391262801364064 ], [ 688039.834141764207743, 7182743.523429218679667 ], [ 688005.714706050115637, 7182712.653477312065661 ], [ 687961.846865579253063, 7182694.781405875459313 ], [ 687936.663470945321023, 7182665.536186508834362 ], [ 687917.166643595555797, 7182620.043618174269795 ], [ 687900.919285988202319, 7182576.175783789716661 ], [ 687905.793476619408466, 7182522.559535639360547 ], [ 687938.288152935681865, 7182454.320667844265699 ], [ 687980.531236838316545, 7182384.457062883302569 ], [ 688011.401185364462435, 7182343.838686341419816 ], [ 688048.770074174273759, 7182309.719247209839523 ], [ 688092.637898810440674, 7182264.226663175038993 ], [ 688125.132581991376355, 7182223.608286233618855 ], [ 688164.126200184109621, 7182168.367294884286821 ], [ 688199.870351878460497, 7182124.49944762699306 ], [ 688242.113441420369782, 7182077.382129246369004 ], [ 688272.983389515196905, 7182035.139017954468727 ], [ 688294.104925958090462, 7181978.273296296596527 ], [ 688307.102794756414369, 7181944.153863219544291 ], [ 688300.603846756392159, 7181906.784965484403074 ], [ 688253.48653252935037, 7181871.040812589228153 ], [ 688201.495010254788212, 7181819.049313363619149 ], [ 688152.752958126133308, 7181770.307282837107778 ], [ 688040.646234608837403, 7181643.577999847009778 ], [ 687993.528913520742208, 7181580.213356136344373 ], [ 687956.160008937935345, 7181550.968139837495983 ], [ 687922.040574903250672, 7181526.597126992419362 ], [ 687887.921139248879626, 7181495.727175133302808 ], [ 687847.302769395755604, 7181482.729307173751295 ], [ 687790.437054114299826, 7181474.605647498741746 ], [ 687766.066030099289492, 7181458.358306001871824 ], [ 687751.183453189209104, 7181428.723147782497108 ], [ 687727.787281792610884, 7181459.918060840107501 ], [ 687679.695142524316907, 7181487.213616605848074 ], [ 687639.401725112926215, 7181496.312141203321517 ], [ 687595.208945474587381, 7181509.310030169785023 ], [ 687536.71850175736472, 7181526.207286080345511 ], [ 687484.726995401317254, 7181537.90538917016238 ], [ 687448.332939561107196, 7181540.504973778501153 ], [ 687404.14015668455977, 7181540.504984702914953 ], [ 687367.746100521995686, 7181541.804781503975391 ], [ 687336.551196254091337, 7181547.003940427675843 ], [ 687305.356292632757686, 7181554.802674951963127 ], [ 687262.463301686104387, 7181571.699926989153028 ], [ 687229.968613561009988, 7181592.496539866551757 ], [ 687203.972864091396332, 7181613.293151133693755 ], [ 687176.677329473430291, 7181644.488065145909786 ], [ 687154.580943197244778, 7181665.284675451926887 ], [ 687120.78646733192727, 7181686.081288645043969 ], [ 687094.79071592213586, 7181699.079173093661666 ], [ 687060.996240376727656, 7181721.175574087537825 ], [ 687023.302400020649657, 7181736.773037027567625 ], [ 686998.60643504653126, 7181744.571769940666854 ], [ 686967.411532705766149, 7181757.569655669853091 ], [ 686945.315143837942742, 7181767.967963544651866 ], [ 686920.61917983321473, 7181779.666059863753617 ], [ 686885.524916225345805, 7181800.462673369795084 ], [ 686847.831078439718112, 7181826.458438728004694 ], [ 686816.636178345652297, 7181848.554839076474309 ], [ 686782.841706331586465, 7181884.948905903846025 ], [ 686742.548296294524334, 7181923.94254993647337 ], [ 686694.456162757240236, 7181974.634286122396588 ], [ 686642.464658935554326, 7181996.730691589415073 ], [ 686590.473155107349157, 7182018.8270970499143 ], [ 686551.479526351788081, 7182031.824984683655202 ], [ 686503.38738314434886, 7182043.523086754605174 ], [ 686455.295239613158628, 7182053.92140101455152 ], [ 686417.601397620164789, 7182063.019924910739064 ], [ 686377.307984020444565, 7182087.715903092175722 ], [ 686340.913931364426389, 7182103.313365683890879 ], [ 686313.780865979962982, 7182117.611038198694587 ], [ 686269.913032413227484, 7182127.359457508660853 ], [ 686226.04519844299648, 7182135.48314206302166 ], [ 686191.925773270428181, 7182146.85629372857511 ], [ 686151.307407828047872, 7182151.730507967993617 ], [ 686107.439575460040942, 7182166.35313153360039 ], [ 686079.819089751690626, 7182180.975751109421253 ], [ 686063.571751918876544, 7182216.719919706694782 ], [ 686063.57176114525646, 7182254.088819076307118 ], [ 686058.697580815991387, 7182349.948170831426978 ], [ 686048.949212129344232, 7182509.172179263085127 ], [ 686044.075018558534794, 7182551.415284109301865 ], [ 686032.701887525385246, 7182598.532594820484519 ], [ 686018.079283142462373, 7182629.402558770962059 ], [ 685996.957742097321898, 7182668.396198097616434 ], [ 685966.087792244507, 7182704.140370305627584 ], [ 685944.966246384079568, 7182723.637192557565868 ], [ 685912.471557050361298, 7182739.884548090398312 ], [ 685860.480051308404654, 7182754.507173645310104 ], [ 685808.488544762483798, 7182765.880329685285687 ], [ 685743.499160077190027, 7182774.004019393585622 ], [ 685691.507649924373254, 7182770.754562620073557 ], [ 685649.26454497652594, 7182756.131960159167647 ], [ 685592.398829223355278, 7182746.38356554787606 ], [ 685537.157847739057615, 7182735.010435778647661 ], [ 685464.044782120850869, 7182712.26416708342731 ], [ 685405.55432890728116, 7182691.142629563808441 ], [ 685368.185427969205193, 7182676.52002589777112 ], [ 685316.193917825818062, 7182673.270569096319377 ], [ 685275.575553146074526, 7182681.394252805970609 ], [ 685243.080865399329923, 7182704.140547335147858 ], [ 685216.272747386712581, 7182720.387901443988085 ], [ 685203.274874043650925, 7182736.635252182371914 ], [ 685188.652270424179733, 7182770.754685633815825 ], [ 685156.157604626147076, 7182882.861391758546233 ], [ 685115.5392634824384, 7182986.844426102936268 ], [ 685099.291929178172722, 7183037.211207528598607 ], [ 685097.667209275532514, 7183097.326393929310143 ], [ 685092.7930379929021, 7183230.554645203053951 ], [ 685087.918865115032531, 7183357.283957470208406 ], [ 685082.232308139326051, 7183415.774410128593445 ], [ 685075.733376250136644, 7183443.394902595318854 ], [ 685052.987103656399995, 7183495.386420397087932 ], [ 685023.741891984129325, 7183545.75320502743125 ], [ 684986.373006166191772, 7183592.870522128418088 ], [ 684955.503059816779569, 7183643.237307162955403 ], [ 684927.882587584899738, 7183713.100908504799008 ], [ 684910.010517786606215, 7183760.218220854178071 ], [ 684879.140574612421915, 7183823.582883963361382 ], [ 684854.769562939647585, 7183857.702319835312665 ], [ 684827.14907993376255, 7183883.698082707822323 ], [ 684801.348297888762318, 7183902.090086463838816 ], [ 684773.27288279728964, 7183902.090093309059739 ], [ 684745.197465922217816, 7183894.811288433149457 ], [ 684720.241538849193603, 7183884.412992056459188 ], [ 684703.604252772522159, 7183871.935033166781068 ], [ 684682.807646708097309, 7183862.576566023752093 ], [ 684657.851721931132488, 7183861.536741856485605 ], [ 684643.294099291786551, 7183861.536745402961969 ], [ 684623.537326983292587, 7183866.735901442356408 ], [ 684607.939875174546614, 7183870.895226224325597 ], [ 684595.461915460415184, 7183881.293531715869904 ], [ 684580.904297150089405, 7183898.970649436116219 ], [ 684568.426337686250918, 7183910.408785173669457 ], [ 684556.988206121488474, 7183912.488448448479176 ], [ 684534.111944010714069, 7183920.807095985859632 ], [ 684513.315339220920578, 7183916.647780064493418 ], [ 684493.558563345926814, 7183907.289312660694122 ], [ 684457.164501910330728, 7183887.532546851783991 ], [ 684428.04925205046311, 7183868.815609516575933 ], [ 684398.93400346301496, 7183855.297823406755924 ], [ 684384.376380064175464, 7183852.178336210548878 ], [ 684366.699263805290684, 7183839.700377566739917 ], [ 684313.667915037483908, 7183802.266501624137163 ], [ 684271.034870447358117, 7183774.191095364280045 ], [ 684248.158604777418077, 7183767.952119452878833 ], [ 684237.760300860041752, 7183759.633480014279485 ], [ 684232.561147884116508, 7183751.314839316532016 ], [ 684218.003522197715938, 7183738.836879910901189 ], [ 684201.366232830449007, 7183712.841127820312977 ], [ 684186.808604604098946, 7183689.964865960180759 ], [ 684173.290808852529153, 7183676.447076056152582 ], [ 684162.89250493759755, 7183668.128436620347202 ], [ 684146.255219637416303, 7183658.769968455657363 ], [ 684126.498444282915443, 7183651.49116153921932 ], [ 684104.662007281556726, 7183639.013203900307417 ], [ 684083.865403007832356, 7183636.933548458851874 ], [ 684024.59507492010016, 7183606.778485739603639 ], [ 684008.997620065230876, 7183598.459847563877702 ], [ 683991.320506107644178, 7183595.340361120179296 ], [ 683980.922203716589138, 7183593.26070315297693 ], [ 683972.603560689138249, 7183587.021723702549934 ], [ 683968.444238160154782, 7183579.742912996560335 ], [ 683967.404406701796688, 7183574.543762023560703 ], [ 683973.643386561074294, 7183569.344609282910824 ], [ 683985.081516852951609, 7183562.065794791094959 ], [ 683986.121345012215897, 7183553.747152579016984 ], [ 683986.12134298007004, 7183545.428510618396103 ], [ 683983.001850637956522, 7183538.149699660018086 ], [ 683971.563715777010657, 7183526.711569741368294 ], [ 683954.926429976476356, 7183515.273441081866622 ], [ 683939.328975886572152, 7183510.074293641373515 ], [ 683920.612028697971255, 7183494.476844508200884 ], [ 683913.333216873113997, 7183492.39718578569591 ], [ 683907.094233208103105, 7183481.998884846456349 ], [ 683915.412872174754739, 7183471.600580382160842 ], [ 683950.76709577254951, 7183460.162439109757543 ], [ 683978.84250729274936, 7183445.604808866977692 ], [ 683985.081487150513567, 7183440.405656127259135 ], [ 683984.041653664666228, 7183426.887863195501268 ], [ 683984.041647825040855, 7183402.971767565235496 ], [ 683985.081469887634739, 7183369.697199477814138 ], [ 683979.882313363603316, 7183346.820935353636742 ], [ 683970.523834058898501, 7183315.626030283048749 ], [ 683968.444170129601844, 7183301.068407360464334 ], [ 683958.045867489185184, 7183297.948919149115682 ], [ 683949.727225228678435, 7183294.829430434852839 ], [ 683923.731473072664812, 7183305.227739188820124 ], [ 683907.0941918437602, 7183312.50655493978411 ], [ 683899.815380023559555, 7183310.426896214485168 ], [ 683885.257754603167996, 7183298.988767057657242 ], [ 683875.899279361125082, 7183284.431145897135139 ], [ 683865.500972410780378, 7183263.634543528780341 ], [ 683842.624705745605752, 7183253.236246630549431 ], [ 683824.947591792559251, 7183250.116760184988379 ], [ 683804.15098398225382, 7183233.479481313377619 ], [ 683785.434035281534307, 7183211.643050715327263 ], [ 683771.91623574285768, 7183182.527807142585516 ], [ 683757.358607789967209, 7183160.691375535912812 ], [ 683721.484445532318205, 7183075.425304187461734 ], [ 683697.568339814431965, 7183028.6329489890486 ], [ 683680.931047693942674, 7182991.199064224027097 ], [ 683657.014944010647014, 7182952.725350981578231 ], [ 683633.098838299047202, 7182905.932995786890388 ], [ 683623.740356986410916, 7182866.419448776170611 ], [ 683590.465776560595259, 7182807.149132927879691 ], [ 683557.191196135943756, 7182747.878817077726126 ], [ 683531.715344653697684, 7182699.006801782175899 ], [ 683512.998393438872881, 7182666.772068757563829 ], [ 683497.400932533782907, 7182633.497504730708897 ], [ 683477.6441513892496, 7182602.302602200768888 ], [ 683464.126355923945084, 7182589.824642548337579 ], [ 683452.688218804541975, 7182569.028040442615747 ], [ 683431.891611275728792, 7182553.430591818876565 ], [ 683421.49330687650945, 7182543.032291900366545 ], [ 683412.13483165379148, 7182528.474670752882957 ], [ 683406.93567793618422, 7182517.036539332941175 ], [ 683401.736523459083401, 7182502.478917180560529 ], [ 683405.895841674413532, 7182492.080613736063242 ], [ 683409.015330972033553, 7182486.88146176468581 ], [ 683412.134820264531299, 7182481.682309791445732 ], [ 683421.493290172773413, 7182474.403495823964477 ], [ 683431.891591277904809, 7182471.28400257602334 ], [ 683450.608533878345042, 7182468.164507316425443 ], [ 683464.126326302997768, 7182468.16450404189527 ], [ 683484.922930033179, 7182468.164499009028077 ], [ 683504.679703831672668, 7182469.204324471764266 ], [ 683521.316987578407861, 7182472.323811173439026 ], [ 683540.033931191312149, 7182473.36363688763231 ], [ 683551.472063241060823, 7182473.363634117878973 ], [ 683562.910194788244553, 7182471.283970860764384 ], [ 683571.228833748493344, 7182460.885666409507394 ], [ 683581.62712902831845, 7182433.850077560171485 ], [ 683583.706785852555186, 7182419.292453645728528 ], [ 683587.866102036903612, 7182400.57550825830549 ], [ 683604.503377420362085, 7182369.380596924573183 ], [ 683627.379632403491996, 7182331.946702623739839 ], [ 683650.255888392450288, 7182298.672129295766354 ], [ 683684.570277444901876, 7182269.556874167174101 ], [ 683715.765177709981799, 7182247.720431498251855 ], [ 683757.358380089048296, 7182226.923816554248333 ], [ 683817.668526832247153, 7182210.286518041044474 ], [ 683845.743938308209181, 7182195.7288878262043 ], [ 683879.018497416516766, 7182167.653463188558817 ], [ 683915.412548600579612, 7182145.817019257694483 ], [ 683951.806603085249662, 7182137.498368481174111 ], [ 683992.359980092151091, 7182136.458528394810855 ], [ 684025.634545794920996, 7182135.418690074235201 ], [ 684044.611451325472444, 7182154.395587402395904 ], [ 684055.009753187769093, 7182154.395584877580404 ], [ 684064.108267316478305, 7182154.395582668483257 ], [ 684074.506567589589395, 7182147.896641123108566 ], [ 684091.40380239719525, 7182124.500456552021205 ], [ 684107.001251381356269, 7182108.902999116107821 ], [ 684140.795728932716884, 7182094.605325068347156 ], [ 684166.791482314816676, 7182089.406167535111308 ], [ 684203.185535331605934, 7182075.108492851257324 ], [ 684230.481073584523983, 7182058.211244769394398 ], [ 684257.776611518696882, 7182040.014208883047104 ], [ 684264.275545413722284, 7182020.517390246503055 ], [ 684255.177024609525688, 7181993.221848582848907 ], [ 684234.380414534942247, 7181967.2260975651443 ], [ 684223.982106004375964, 7181939.93055621907115 ], [ 684220.082737722666934, 7181919.133952310308814 ], [ 684223.982096788939089, 7181902.236709918826818 ], [ 684231.780817462364212, 7181878.840527561493218 ], [ 684244.778689697966911, 7181858.043919546529651 ], [ 684253.877197784837335, 7181833.347949070855975 ], [ 684264.2754910599906, 7181798.253675856627524 ], [ 684277.27335852640681, 7181757.960250794887543 ], [ 684317.566761366906576, 7181689.07148742955178 ], [ 684459.243584689218551, 7181527.897765401750803 ], [ 684525.532740856753662, 7181453.809844510629773 ], [ 684626.91615556855686, 7181338.1287053944543 ], [ 684704.903388856910169, 7181213.349057367071509 ], [ 684728.299559731036425, 7181179.554568806663156 ], [ 684756.244982880889438, 7181126.263262108899653 ], [ 684773.142215733067133, 7181095.068350737914443 ], [ 684795.238594724447466, 7181044.376621073111892 ], [ 684806.936674099764787, 7181002.783408557996154 ], [ 684816.035181518294849, 7180975.487862501293421 ], [ 684819.9345392921241, 7180953.391468921676278 ], [ 684819.934533872175962, 7180931.295076290145516 ], [ 684817.334951076889411, 7180901.399957483634353 ], [ 684812.135794097092003, 7180876.703990517184138 ], [ 684809.536208434496075, 7180835.110781500115991 ], [ 684812.135773694026284, 7180793.517571214586496 ], [ 684818.797180908732116, 7180773.533332146704197 ], [ 684752.995424471446313, 7180762.972572302445769 ], [ 684670.13395109155681, 7180740.226305972784758 ], [ 684621.39191040978767, 7180736.976848340593278 ], [ 684590.521951020346023, 7180733.727386356331408 ], [ 684517.408888409030624, 7180722.354260897263885 ], [ 684475.16578240157105, 7180702.857454158365726 ], [ 684411.801123398006894, 7180673.612244049087167 ], [ 684348.436462014447898, 7180634.618625426664948 ], [ 684263.950241680257022, 7180561.50558215379715 ], [ 684169.715616166591644, 7180499.76568450871855 ], [ 684140.47038668661844, 7180477.019405096769333 ], [ 684085.229406979982741, 7180472.145214261487126 ], [ 684031.613161141984165, 7180464.021553525701165 ], [ 683989.370058735250495, 7180459.14735952951014 ], [ 683950.376426841714419, 7180459.147368991747499 ], [ 683909.758058303617872, 7180451.023705095052719 ], [ 683893.510711285285652, 7180449.398974285461009 ], [ 683875.638624848099425, 7180428.277426859363914 ], [ 683869.139677870087326, 7180394.157998664304614 ], [ 683862.640730896033347, 7180360.038570467382669 ], [ 683846.393379521323368, 7180340.541757401078939 ], [ 683831.770763993612491, 7180325.919148188084364 ], [ 683802.525538493646309, 7180319.420216277241707 ], [ 683747.284559594350867, 7180317.795494921505451 ], [ 683617.305783077608794, 7180303.172913664951921 ], [ 683540.943249223055318, 7180283.676115150563419 ], [ 683430.461291032959707, 7180278.801937645301223 ], [ 683337.851418075850233, 7180290.175103310495615 ], [ 683231.431300888652913, 7180303.173007052391768 ], [ 683205.435546297812834, 7180303.173013335093856 ], [ 683164.817177777178586, 7180295.049349401146173 ], [ 683116.07513120805379, 7180267.428870413452387 ], [ 683081.955696205375716, 7180238.183653145097196 ], [ 683052.710462032118812, 7180195.940556693822145 ], [ 683023.465228257002309, 7180155.322194993495941 ], [ 682987.72104676021263, 7180077.334935606457293 ], [ 682929.230564236990176, 7179934.358291713520885 ], [ 682898.36059739405755, 7179900.238869413733482 ], [ 682875.614306224277243, 7179875.867853656411171 ], [ 682848.806172885466367, 7179828.750552379526198 ], [ 682848.806166181806475, 7179801.130061633884907 ], [ 682860.179303680313751, 7179780.008507143706083 ], [ 682891.049255527905189, 7179752.388008953072131 ], [ 682980.409650029148906, 7179703.645944895222783 ], [ 683068.145311433589086, 7179661.402820223011076 ], [ 683181.87672265432775, 7179599.662872266955674 ], [ 683235.492957751033828, 7179563.918694821186364 ], [ 683235.492954590125009, 7179550.920816831290722 ], [ 683232.243481319630519, 7179534.673470124602318 ], [ 683250.115550723508932, 7179485.931423331610858 ], [ 683256.614481855998747, 7179455.06146152690053 ], [ 683254.989741270663217, 7179430.690440688282251 ], [ 683245.241326591698453, 7179403.069952314719558 ], [ 683220.870297210291028, 7179364.076324233785272 ], [ 683209.497147479443811, 7179334.831101506948471 ], [ 683190.812672422267497, 7179225.973877869546413 ], [ 683168.066372967790812, 7179167.483432428911328 ], [ 683158.317949607153423, 7179104.118779601529241 ], [ 683153.443729827180505, 7179039.129390855319798 ], [ 683148.569515186594799, 7178995.261553838849068 ], [ 683150.194235626724549, 7178936.771102521568537 ], [ 683163.192104997811839, 7178904.276404425501823 ], [ 683213.558867568266578, 7178855.534349819645286 ], [ 683278.548247592290863, 7178829.538578143343329 ], [ 683322.416070725303143, 7178777.54705561324954 ], [ 683350.036551220575348, 7178741.802884485572577 ], [ 683380.906501821591519, 7178709.308182068169117 ], [ 683400.4033109996235, 7178681.687686645425856 ], [ 683399.590936550637707, 7178652.442461391910911 ], [ 683397.966197939706035, 7178636.195114314556122 ], [ 683381.71884502726607, 7178610.199362293817103 ], [ 683362.222021220019087, 7178577.704672066494823 ], [ 683342.725198600441217, 7178550.084186087362468 ], [ 683321.603641719091684, 7178524.088435243815184 ], [ 683305.356290394905955, 7178504.591622212901711 ], [ 683293.983144230209291, 7178489.969012243673205 ], [ 683282.609998462488875, 7178476.971137018874288 ], [ 683274.486322801094502, 7178467.222730502486229 ], [ 683264.737906159250997, 7178431.478568430058658 ], [ 683263.11316438682843, 7178402.233343384228647 ], [ 683240.366836497560143, 7178226.761996264569461 ], [ 683233.86788166500628, 7178160.147873243317008 ], [ 683206.247376290848479, 7178093.533755335956812 ], [ 683177.002141798380762, 7178049.66592426225543 ], [ 683165.628994457307272, 7178030.169110063463449 ], [ 683154.255844748811796, 7178000.923887386918068 ], [ 683141.257959198555909, 7177966.804460866376758 ], [ 683109.575617989525199, 7177903.439813444390893 ], [ 683085.204589056782424, 7177866.070920186117291 ], [ 683075.456176379695535, 7177846.574105598032475 ], [ 683064.083031018963084, 7177835.200965125113726 ], [ 683052.709888026700355, 7177833.576233128085732 ], [ 683033.21307451906614, 7177843.324646312743425 ], [ 683020.215200819540769, 7177857.947262158617377 ], [ 682986.095778161310591, 7177879.068822089582682 ], [ 682922.7311336544808, 7177908.314062806777656 ], [ 682883.73750662826933, 7177927.810889164917171 ], [ 682826.871800346067175, 7177955.431393565610051 ], [ 682791.127641443279572, 7177970.054014896973968 ], [ 682755.383475842885673, 7177957.056145553477108 ], [ 682726.138246896327473, 7177935.934600912034512 ], [ 682706.64142392296344, 7177906.689380193129182 ], [ 682682.270394222578034, 7177866.071017431095243 ], [ 682679.020918211201206, 7177838.45052754227072 ], [ 682685.519851320888847, 7177815.70423954166472 ], [ 682690.394051744835451, 7177801.08162565715611 ], [ 682713.140332204755396, 7177781.58480322919786 ], [ 682760.257628176128492, 7177744.215892729349434 ], [ 682941.415505660930648, 7177593.115517724305391 ], [ 683004.780145403579809, 7177544.37346007861197 ], [ 683073.018989896401763, 7177498.880870743654668 ], [ 683133.134161102003418, 7177453.388283367268741 ], [ 683258.238714568549767, 7177391.648332832381129 ], [ 683267.9871185508091, 7177375.400983028113842 ], [ 683272.861316586961038, 7177351.02996068354696 ], [ 683277.735512253013439, 7177316.910529876127839 ], [ 683277.735501578077674, 7177273.04269178211689 ], [ 683250.115003347396851, 7177235.673799346201122 ], [ 683204.622419171850197, 7177178.808094306848943 ], [ 683139.633020326029509, 7177126.816598208621144 ], [ 683116.886724492302164, 7177082.948765624314547 ], [ 683107.138305109809153, 7177035.831460412591696 ], [ 683097.38989086181391, 7177009.835706871002913 ], [ 683073.018864722573198, 7176983.839956859126687 ], [ 683008.029463534476236, 7176922.100052307359874 ], [ 682977.159496020525694, 7176884.731160663999617 ], [ 682907.295895225950517, 7176840.863339465111494 ], [ 682858.553846522932872, 7176803.494452135637403 ], [ 682814.686000210698694, 7176759.626624654047191 ], [ 682756.195535313803703, 7176688.138310072943568 ], [ 682694.455600728280842, 7176615.025261535309255 ], [ 682626.216709023574367, 7176465.549681671895087 ], [ 682601.845680948579684, 7176431.430257955566049 ], [ 682579.099383198888972, 7176379.438751679845154 ], [ 682561.227290591690689, 7176332.321448466740549 ], [ 682557.977801596047357, 7176251.084712149575353 ], [ 682535.231507001793943, 7176212.091083824634552 ], [ 682515.734685261035338, 7176187.720067392103374 ], [ 682489.738924516132101, 7176161.724317785352468 ], [ 682443.892015482881106, 7176186.308592822402716 ], [ 682403.583847062429413, 7176192.066912814974785 ], [ 682311.450881910976022, 7176169.033693835139275 ], [ 682196.284672693815082, 7176128.725549520924687 ], [ 682023.535370714496821, 7176117.208970467559993 ], [ 681902.610858502681367, 7176105.692378932610154 ], [ 681845.027760162134655, 7176111.450703041628003 ], [ 681798.961281769326888, 7176117.20902438275516 ], [ 681701.070023342734203, 7176163.275530169717968 ], [ 681631.970324490685016, 7176249.650201063603163 ], [ 681528.320794917177409, 7176456.949396329000592 ], [ 681488.012668099836446, 7176635.457025007344782 ], [ 681424.671280544484034, 7176727.590004848316312 ], [ 681332.538333376054652, 7176779.414819538593292 ], [ 681257.680318906204775, 7176842.75625067204237 ], [ 681177.063997211749665, 7176917.614303769543767 ], [ 681096.447667193366215, 7176957.922495097853243 ], [ 680912.181747855851427, 7176957.922539116814733 ], [ 680750.949054616736248, 7176900.339474651962519 ], [ 680658.816072857473046, 7176808.206531931646168 ], [ 680595.474632723722607, 7176681.523720595985651 ], [ 680566.68303176574409, 7176468.466246685013175 ], [ 680578.199611683725379, 7176301.475245535373688 ], [ 680635.78267828328535, 7176163.275784885510802 ], [ 680647.299265085719526, 7176025.076335238292813 ], [ 680653.057558485772461, 7175955.97661042585969 ], [ 680681.849098673788831, 7175915.668431557714939 ], [ 680727.915567391784862, 7175869.601938281208277 ], [ 680785.498647751519457, 7175788.985580547712743 ], [ 680820.048493750975467, 7175731.402469454333186 ], [ 680820.048485456616618, 7175696.852607747539878 ], [ 680785.4986131999176, 7175645.027823431417346 ], [ 680710.640555966412649, 7175529.861635618843138 ], [ 680624.265865013469011, 7175357.112347740679979 ], [ 680601.232587863807566, 7175201.637975640594959 ], [ 680549.407745716744103, 7174982.822197360917926 ], [ 680549.40771534643136, 7174856.139371238648891 ], [ 680572.440930351498537, 7174752.489780751988292 ], [ 680578.199178182752803, 7174493.36581695266068 ], [ 680589.715770492097363, 7174378.199608718976378 ], [ 680710.640239573083818, 7174211.208581948652864 ], [ 680831.564704454853199, 7174026.942624382674694 ], [ 681010.07226191193331, 7173813.885101736523211 ], [ 681125.238440243410878, 7173727.51042016595602 ], [ 681194.338145845104009, 7173669.92730095423758 ], [ 681263.43785420875065, 7173623.86080227419734 ], [ 681326.779253996443003, 7173583.55261523835361 ], [ 681367.087409804109484, 7173525.969502909108996 ], [ 681372.845708661479875, 7173479.903019390068948 ], [ 681372.845686473650858, 7173387.770055117085576 ], [ 681326.779170808382332, 7173238.05399922747165 ], [ 681228.887878083623946, 7173140.162748146802187 ], [ 681113.721663845470175, 7173076.821362784132361 ], [ 681038.86361788737122, 7173007.721657508052886 ], [ 680980.016493638860993, 7172984.828877106308937 ], [ 680929.455738541204482, 7173048.02985549531877 ], [ 680837.322804237948731, 7173151.679462250322104 ], [ 680802.77296389255207, 7173232.295814208686352 ], [ 680762.46481358690653, 7173312.912167547270656 ], [ 680716.398354700533673, 7173399.286832534708083 ], [ 680653.056967326789163, 7173491.419811913743615 ], [ 680624.265427233884111, 7173531.72799064964056 ], [ 680583.957264463650063, 7173560.519551599398255 ], [ 680468.79108195763547, 7173629.619302259758115 ], [ 680353.624893910367973, 7173675.685811836272478 ], [ 680244.217003404046409, 7173669.927527607418597 ], [ 680169.358972622547299, 7173664.169235144741833 ], [ 680048.434463584562764, 7173664.169263894669712 ], [ 679956.30150431743823, 7173664.169285785406828 ], [ 679841.135285983909853, 7173583.55296937841922 ], [ 679749.002314361510798, 7173531.728198834694922 ], [ 679697.177509665954858, 7173468.38679818995297 ], [ 679570.494687966071069, 7173456.870207693427801 ], [ 679472.603418772458099, 7173456.87023089081049 ], [ 679409.261999691952951, 7173416.562074026092887 ], [ 679328.645634308340959, 7173307.154198054224253 ], [ 679230.754345949855633, 7173226.537877507507801 ], [ 679144.379689840134233, 7173197.746346611529589 ], [ 679023.455165822175331, 7173134.404962286353111 ], [ 678758.572878049337305, 7173007.722199032083154 ], [ 678580.065235489862971, 7172863.764484560117126 ], [ 678505.207181600271724, 7172760.114917490631342 ], [ 678493.69054396264255, 7172685.256886808201671 ], [ 678545.515302078565583, 7172552.815738606266677 ], [ 678603.098391976440325, 7172512.507553212344646 ], [ 678741.297832027543336, 7172518.265830876305699 ], [ 678787.364311589859426, 7172518.265820004045963 ], [ 678856.464017256163061, 7172460.682701097801328 ], [ 678914.047101655392908, 7172397.341274650767446 ], [ 678937.080326381023042, 7172333.999856367707253 ], [ 678960.113557948148809, 7172299.449989377520978 ], [ 678994.663409394677728, 7172264.900119667872787 ], [ 679092.554674323415384, 7172247.625165755860507 ], [ 679144.379472033353522, 7172282.175015047192574 ], [ 679253.787371925078332, 7172328.241471229121089 ], [ 679305.612164161400869, 7172339.75807948037982 ], [ 679340.162021082825959, 7172328.241450783796608 ], [ 679368.953551600221545, 7172247.625100358389318 ], [ 679368.953529654769227, 7172155.492136240936816 ], [ 679391.986754333833233, 7172092.150717964395881 ], [ 679386.228426559362561, 7172017.292685995809734 ], [ 679299.853745902655646, 7171884.851570574566722 ], [ 679230.753999203909189, 7171769.685381840914488 ], [ 679196.204098455258645, 7171596.936082419008017 ], [ 679242.270554659073241, 7171499.044797230511904 ], [ 679345.920111590647139, 7171406.911808675155044 ], [ 679501.394462040509097, 7171332.05373858474195 ], [ 679645.35218434385024, 7171222.645809702575207 ], [ 679737.485125441220589, 7171147.787754600867629 ], [ 679806.584821282420307, 7171049.896463975310326 ], [ 679837.618315148865804, 7170943.66188445687294 ], [ 679824.620431809453294, 7170917.666131859645247 ], [ 679821.370956701925024, 7170893.295111680403352 ], [ 679818.121481599053368, 7170868.924091497436166 ], [ 679825.432781276991591, 7170842.928334082476795 ], [ 679810.8101605825359, 7170805.559438763186336 ], [ 679792.938069827505387, 7170764.941074756905437 ], [ 679745.820759026915766, 7170738.945330260321498 ], [ 679713.326062713982537, 7170724.322725404053926 ], [ 679682.456101429532282, 7170711.324854888021946 ], [ 679656.46034252026584, 7170691.828044299036264 ], [ 679653.210867036134005, 7170665.832289393991232 ], [ 679648.336654971819371, 7170631.712861228734255 ], [ 679633.714038163889199, 7170610.59131320938468 ], [ 679617.466688266140409, 7170595.968704498372972 ], [ 679596.345134835923091, 7170582.970831671729684 ], [ 679580.097785327583551, 7170569.972957689315081 ], [ 679571.974109025439247, 7170556.975081779994071 ], [ 679570.349368572002277, 7170532.604061223566532 ], [ 679545.978338886168785, 7170490.36096403747797 ], [ 679519.982576502719894, 7170456.241540889255702 ], [ 679500.485756941023283, 7170439.994198216125369 ], [ 679427.372688438394107, 7170399.375847312621772 ], [ 679396.502727175597101, 7170386.377976790070534 ], [ 679365.632762813474983, 7170360.382228437811136 ], [ 679329.888587957131676, 7170306.765990850515664 ], [ 679277.897072505787946, 7170277.520778036676347 ], [ 679204.784005965106189, 7170245.026100765913725 ], [ 679133.295668271835893, 7170188.160402171313763 ], [ 679105.675175527459942, 7170171.913061416707933 ], [ 679063.432073731673881, 7170167.038867220282555 ], [ 679018.751873449189588, 7170176.787286155857146 ], [ 678984.63244716997724, 7170181.66149840503931 ], [ 678952.137758231488988, 7170197.908853370696306 ], [ 678916.393606964033097, 7170243.401434217579663 ], [ 678849.779493282898329, 7170271.021940341219306 ], [ 678791.289050094550475, 7170287.269301435910165 ], [ 678747.421215197187848, 7170288.8940465208143 ], [ 678706.802849192870781, 7170288.894056105054915 ], [ 678648.31240523129236, 7170301.891947733238339 ], [ 678589.821962421992794, 7170319.764043542556465 ], [ 678542.704658240545541, 7170321.388789382763207 ], [ 678495.587352902279235, 7170318.1393310315907 ], [ 678454.968982660677284, 7170300.267258582636714 ], [ 678415.975345520535484, 7170275.896246837452054 ], [ 678380.231177279725671, 7170249.900499599054456 ], [ 678339.612803964642808, 7170219.030549320392311 ], [ 678282.747088101226836, 7170204.407950149849057 ], [ 678217.7576975034317, 7170183.286413971334696 ], [ 678177.139325353899039, 7170157.290667871013284 ], [ 678162.516708979732357, 7170137.793854570016265 ], [ 678154.393029246712103, 7170110.173366097733378 ], [ 678154.393021939438768, 7170079.30340625718236 ], [ 678154.393010407453403, 7170030.561364409513772 ], [ 678154.392995029687881, 7169965.571975282393396 ], [ 678139.77036943717394, 7169907.081528514623642 ], [ 678128.397213120711967, 7169848.591080982238054 ], [ 678105.650915488833562, 7169794.974840316921473 ], [ 678087.77882523520384, 7169755.981211055070162 ], [ 678068.282001500483602, 7169721.861786358989775 ], [ 678058.533586749341339, 7169692.616563554853201 ], [ 678050.40990279673133, 7169647.123993096873164 ], [ 678032.537815237883478, 7169619.503506932407618 ], [ 678000.855477874283679, 7169569.136737833730876 ], [ 677974.859715976868756, 7169536.642049399204552 ], [ 677934.241344637121074, 7169513.895772762596607 ], [ 677908.245590035920031, 7169512.271044144406915 ], [ 677888.748773222556338, 7169507.396844541653991 ], [ 677875.750893811462447, 7169497.648439232259989 ], [ 677854.629339675069787, 7169481.401096921414137 ], [ 677817.260442990111187, 7169481.40110569819808 ], [ 677749.021591244847514, 7169494.398999531753361 ], [ 677698.65482052299194, 7169507.396889168769121 ], [ 677635.290172688663006, 7169520.394781848415732 ], [ 677597.921277534333058, 7169526.893729522824287 ], [ 677562.177114721853286, 7169523.644268448464572 ], [ 677519.934018718311563, 7169543.141095076687634 ], [ 677505.311411183327436, 7169561.01318050455302 ], [ 677498.812477225554176, 7169580.509998752735555 ], [ 677484.189871607348323, 7169606.505757817998528 ], [ 677459.818857005797327, 7169627.627314980141819 ], [ 677441.946777511620894, 7169634.12625808082521 ], [ 677424.074695336865261, 7169629.252058085985482 ], [ 677407.827342440374196, 7169601.631571524776518 ], [ 677401.328397378209047, 7169574.011082684621215 ], [ 677394.829451167024672, 7169541.516389663331211 ], [ 677385.081036446150392, 7169512.271166859194636 ], [ 677362.334745383472182, 7169486.275416553020477 ], [ 677315.21743283350952, 7169452.155998317524791 ], [ 677266.475389475468546, 7169434.283927732147276 ], [ 677242.10436798655428, 7169426.160259801894426 ], [ 677230.731222842354327, 7169414.787119375541806 ], [ 677224.232279700110666, 7169395.290304174646735 ], [ 677216.108596949372441, 7169354.67193790525198 ], [ 677198.236508280737326, 7169322.177247553132474 ], [ 677167.366544040618464, 7169296.181499150581658 ], [ 677146.244993744883686, 7169296.181504091247916 ], [ 677108.876096688793041, 7169294.55677810497582 ], [ 677053.635118997772224, 7169294.556791020557284 ], [ 676998.394142068806104, 7169297.806273384019732 ], [ 676938.278962753713131, 7169307.55469579435885 ], [ 676883.037985061644576, 7169307.554708698764443 ], [ 676834.295945157529786, 7169304.305250625126064 ], [ 676818.048596107400954, 7169292.93211133312434 ], [ 676780.679691802477464, 7169260.437425525858998 ], [ 676764.432335885823704, 7169219.819061159156263 ], [ 676753.059185410384089, 7169185.699634555727243 ], [ 676736.811821107636206, 7169109.33710621111095 ], [ 676702.692385327187367, 7169073.592950197868049 ], [ 676666.948217965196818, 7169050.846672372892499 ], [ 676636.078255660249852, 7169032.974597586318851 ], [ 676619.830906617688015, 7169021.601458294317126 ], [ 676618.206166643183678, 7168998.855172507464886 ], [ 676626.329832967952825, 7168969.609945546835661 ], [ 676653.950316848000512, 7168948.488387671299279 ], [ 676696.193413223256357, 7168930.616295833140612 ], [ 676735.187041463330388, 7168917.618408927693963 ], [ 676766.056996899889782, 7168906.245258643291891 ], [ 676818.048501854296774, 7168891.622633973136544 ], [ 676866.790536769549362, 7168873.7505406094715 ], [ 676884.662616250920109, 7168867.251597531139851 ], [ 676946.402528259321116, 7168849.379501125775278 ], [ 676993.519829677417874, 7168836.381612310186028 ], [ 677021.140313922776841, 7168816.88478914834559 ], [ 677040.637124599888921, 7168795.763233156874776 ], [ 677042.26185465126764, 7168776.266416070982814 ], [ 677035.762912665260956, 7168761.64380506426096 ], [ 677019.515562857734039, 7168747.02119633089751 ], [ 677000.018743397202343, 7168730.773853635415435 ], [ 676964.274571457062848, 7168688.530759129673243 ], [ 676949.651953998021781, 7168664.159741666167974 ], [ 676928.530396467074752, 7168633.289786823093891 ], [ 676900.90989924618043, 7168597.545629322528839 ], [ 676861.916258428827859, 7168556.927270302549005 ], [ 676840.794699761085212, 7168521.183111287653446 ], [ 676834.295757013955154, 7168503.311030831187963 ], [ 676831.858642849023454, 7168451.319520208053291 ], [ 676852.980179379461333, 7168392.829065186902881 ], [ 676887.099594519822858, 7168340.837546030059457 ], [ 676956.963167825480923, 7168272.598671281710267 ], [ 676984.583649377920665, 7168241.728705065324903 ], [ 677020.327804867411032, 7168214.108206395059824 ], [ 677049.57302104937844, 7168183.238239797763526 ], [ 677069.069824066595174, 7168129.621989347040653 ], [ 677086.941894355113618, 7168084.129412894137204 ], [ 677093.440824488759972, 7168048.385247448459268 ], [ 677085.31714443245437, 7168019.14002432115376 ], [ 677078.818201306625269, 7167999.643209151923656 ], [ 677067.445053507108241, 7167976.896925680339336 ], [ 677051.19770218944177, 7167955.775378070771694 ], [ 677030.076149641769007, 7167946.026974665001035 ], [ 677008.954595563933253, 7167929.779632365331054 ], [ 676979.709368694573641, 7167915.157026689499617 ], [ 676953.713609954109415, 7167895.660216081887484 ], [ 676942.340463305823505, 7167877.788136782124639 ], [ 676932.592051296262071, 7167859.916057098656893 ], [ 676916.344698074506596, 7167830.670835874043405 ], [ 676901.722083304310217, 7167817.672961503267288 ], [ 676867.602649867767468, 7167791.677213900722563 ], [ 676863.540807174169458, 7167765.681459276005626 ], [ 676855.417129418812692, 7167746.184644494205713 ], [ 676847.293451284291223, 7167725.063094990327954 ], [ 676844.043976289220154, 7167700.692074902355671 ], [ 676850.542906049406156, 7167663.323174752295017 ], [ 676865.165508980397135, 7167625.954272709786892 ], [ 676863.540765946730971, 7167590.210109188221395 ], [ 676852.167615872924216, 7167557.715417385101318 ], [ 676835.920264950837009, 7167538.218604506924748 ], [ 676798.551364929415286, 7167523.596000725403428 ], [ 676751.434058249578811, 7167513.84760338626802 ], [ 676717.314627120969817, 7167497.600264124572277 ], [ 676686.44466144463513, 7167465.105576876550913 ], [ 676653.949961519800127, 7167434.23562472872436 ], [ 676626.329464353621006, 7167398.491467274725437 ], [ 676605.20790534815751, 7167361.122573587112129 ], [ 676595.459491826128215, 7167336.75155502744019 ], [ 676587.335812560515478, 7167310.755801362916827 ], [ 676584.086334906285629, 7167275.011638231575489 ], [ 676584.086328429519199, 7167247.391147954389453 ], [ 676582.461584646720439, 7167208.397515002638102 ], [ 676579.212108900421299, 7167180.777025489136577 ], [ 676577.587368551176041, 7167156.406005037017167 ], [ 676566.214221543981694, 7167136.909191026352346 ], [ 676540.218463219702244, 7167119.037115147337317 ], [ 676517.472176448325627, 7167110.91344684176147 ], [ 676493.10115618724376, 7167107.663983076810837 ], [ 676465.480666279792786, 7167102.789785351604223 ], [ 676442.734379509929568, 7167094.66611704044044 ], [ 676436.235437930095941, 7167081.668240781873465 ], [ 676421.612814427586272, 7167031.301467815414071 ], [ 676416.738600626704283, 7166989.058366190642118 ], [ 676413.489122985629365, 7166953.314203074201941 ], [ 676398.86650329164695, 7166919.194777330383658 ], [ 676398.866498723626137, 7166899.697960672900081 ], [ 676402.115964180673473, 7166883.450612703338265 ], [ 676415.113837435143068, 7166867.203262461349368 ], [ 676431.361179958330467, 7166850.95591146312654 ], [ 676434.610644270200282, 7166829.834359331987798 ], [ 676431.361168531002477, 7166802.213869826868176 ], [ 676426.486955874133855, 7166764.844972378574312 ], [ 676428.111683652736247, 7166735.599747018888593 ], [ 676431.361146443989128, 7166707.979256007820368 ], [ 676442.734278588788584, 7166664.111415890976787 ], [ 676455.73214841040317, 7166633.241453168913722 ], [ 676471.979489400750026, 7166610.495163292624056 ], [ 676483.352628399035893, 7166595.872548151761293 ], [ 676491.119285872671753, 7166572.289563316851854 ], [ 676474.781497371383011, 7166544.515336230397224 ], [ 676461.71126526943408, 7166516.741108385846019 ], [ 676440.472141792648472, 7166487.333104152232409 ], [ 676409.430348359048367, 7166454.657545629888773 ], [ 676378.388554926612414, 7166421.981987107545137 ], [ 676340.811647551367059, 7166384.405095246620476 ], [ 676300.784070594003424, 7166337.025534227490425 ], [ 676281.178728768718429, 7166322.321534208022058 ], [ 676259.939610275556333, 7166314.152647715061903 ], [ 676225.630267727887258, 7166312.518877414055169 ], [ 676197.856038353871554, 7166312.518883875571191 ], [ 676166.81425067584496, 7166304.349999664351344 ], [ 676135.772459553088993, 7166281.477110860869288 ], [ 676096.561782029340975, 7166278.209563408046961 ], [ 676073.688887635013089, 7166279.843347012996674 ], [ 676052.449772967142053, 7166288.01224338915199 ], [ 676026.309325233451091, 7166302.71625405177474 ], [ 675983.831099715898745, 7166335.391829674132168 ], [ 675949.521762131713331, 7166354.99717709608376 ], [ 675915.212421107338741, 7166359.898519929498434 ], [ 675879.269297689781524, 7166346.828301981091499 ], [ 675843.326174268615432, 7166333.758084028959274 ], [ 675809.016831721644849, 7166332.124313710257411 ], [ 675769.806158010615036, 7166345.194549111649394 ], [ 675737.130600146832876, 7166371.335009296424687 ], [ 675715.891490429639816, 7166400.743023401126266 ], [ 675684.849715716205537, 7166448.122600946575403 ], [ 675668.511941355420277, 7166480.798170490190387 ], [ 675653.807943284744397, 7166505.304848218336701 ], [ 675622.766162461251952, 7166526.543973159044981 ], [ 675577.020375945372507, 7166539.614210072904825 ], [ 675539.443477370776236, 7166539.614218783564866 ], [ 675511.669243038864806, 7166518.375107480213046 ], [ 675482.261229366064072, 7166492.234661690890789 ], [ 675465.92344204580877, 7166469.36176944989711 ], [ 675457.75454572099261, 7166446.488875314593315 ], [ 675459.388318967656232, 7166425.249757196754217 ], [ 675472.458539606770501, 7166404.010636428371072 ], [ 675493.697650091955438, 7166377.87017890624702 ], [ 675511.669206467689946, 7166361.532391866669059 ], [ 675519.838094032369554, 7166346.828385384753346 ], [ 675516.570534205646254, 7166332.124381555244327 ], [ 675498.598969454062171, 7166312.519046273082495 ], [ 675464.289621194591746, 7166286.378601625561714 ], [ 675428.346495499252342, 7166263.50571393314749 ], [ 675412.008709711022675, 7166247.167934842407703 ], [ 675362.17846857290715, 7166221.027493792586029 ], [ 675322.967791057191789, 7166217.759946298785508 ], [ 675288.658449658076279, 7166221.027510815300047 ], [ 675249.447777846595272, 7166242.266637627035379 ], [ 675188.997990595642477, 7166268.407104209065437 ], [ 675153.05487289535813, 7166279.843560536392033 ], [ 675108.942868381505832, 7166309.251579910516739 ], [ 675084.4362007266609, 7166332.124481599777937 ], [ 675037.056643613846973, 7166377.870284603908658 ], [ 674974.973085361765698, 7166435.052539017051458 ], [ 674929.22730187443085, 7166461.193002189509571 ], [ 674890.016633079038002, 7166495.502355290576816 ], [ 674854.073522191494703, 7166536.346820786595345 ], [ 674819.764186847722158, 7166565.754837887361646 ], [ 674785.454845806467347, 7166570.656180672347546 ], [ 674736.441500219982117, 7166572.289970273151994 ], [ 674707.033494534669444, 7166580.458868499845266 ], [ 674692.329494156409055, 7166595.162876484915614 ], [ 674692.329497948056087, 7166611.500659365206957 ], [ 674679.259280695463531, 7166647.443784716539085 ], [ 674667.82284467772115, 7166696.457135999575257 ], [ 674641.682402208913118, 7166734.034042658284307 ], [ 674615.54195367381908, 7166745.470496704801917 ], [ 674582.866386654903181, 7166732.400277932174504 ], [ 674553.458371871616691, 7166701.358497234992683 ], [ 674517.515240124659613, 7166652.345156876370311 ], [ 674486.473447146709077, 7166621.30337655544281 ], [ 674465.234325256431475, 7166598.430485418066382 ], [ 674437.460088304476812, 7166565.75492605753243 ], [ 674409.68585551623255, 7166551.050927863456309 ], [ 674381.911622350220568, 7166534.713151386007667 ], [ 674341.067165865097195, 7166528.178047639317811 ], [ 674282.251155625795946, 7166549.417178921401501 ], [ 674210.364917901577428, 7166562.487421764992177 ], [ 674127.042231268016621, 7166569.022554080933332 ], [ 674055.155989007209428, 7166562.48745745792985 ], [ 673989.804858783842064, 7166552.684802748262882 ], [ 673947.326618817518465, 7166523.27680333238095 ], [ 673903.214597259531729, 7166479.164799693971872 ], [ 673875.440359956584871, 7166444.855462031438947 ], [ 673850.933677166700363, 7166402.377232180908322 ], [ 673805.187869875924662, 7166325.589663174003363 ], [ 673764.343409637804143, 7166302.716776521876454 ], [ 673741.470511468360201, 7166288.012777188792825 ], [ 673698.992268887581304, 7166247.168329754844308 ], [ 673697.358485035132617, 7166222.661655821837485 ], [ 673702.259811335010454, 7166186.71853238157928 ], [ 673716.963806443847716, 7166149.141628406941891 ], [ 673720.231351904454641, 7166101.762057337909937 ], [ 673700.62599845090881, 7166036.410930363461375 ], [ 673677.753095387481153, 7166000.467813301831484 ], [ 673658.147748345974833, 7165962.890917208045721 ], [ 673641.809959589503706, 7165933.482911793515086 ], [ 673610.768164035165682, 7165891.004683468490839 ], [ 673592.796591430786066, 7165837.090004139579833 ], [ 673596.064135768800043, 7165784.809098228812218 ], [ 673609.134351926972158, 7165743.964638082310557 ], [ 673632.007234624004923, 7165691.683727682568133 ], [ 673636.908559791510925, 7165650.839269410818815 ], [ 673632.00721841736231, 7165621.431261390447617 ], [ 673625.472096961806528, 7165583.85436231829226 ], [ 673638.542313114507124, 7165543.009902177378535 ], [ 673656.513866117107682, 7165511.968110628426075 ], [ 673677.752973624272272, 7165472.757426904514432 ], [ 673692.456968343467452, 7165433.546744681894779 ], [ 673700.625840477063321, 7165351.857828541658819 ], [ 673700.625829541007988, 7165304.478258272632957 ], [ 673702.259597930940799, 7165262.000022486783564 ], [ 673710.428482127492316, 7165232.592011485248804 ], [ 673728.824821053538471, 7165217.103789126500487 ], [ 673722.289701859466732, 7165189.329559784382582 ], [ 673740.261255979770795, 7165163.189103104174137 ], [ 673771.303037552745081, 7165145.2175348456949 ], [ 673813.78126460686326, 7165119.077072538435459 ], [ 673830.119043168262579, 7165104.373064224608243 ], [ 673856.259489770745859, 7165084.767718806862831 ], [ 673857.893263438600115, 7165065.162379015237093 ], [ 673857.89326003997121, 7165050.458374455571175 ], [ 673839.921694229356945, 7165025.95170431304723 ], [ 673803.97856826975476, 7165001.445038299076259 ], [ 673743.528773904312402, 7164996.543717319145799 ], [ 673696.149206235306337, 7164996.543728190474212 ], [ 673648.769638186669908, 7164994.909960774704814 ], [ 673609.558957726694643, 7164978.572186924517155 ], [ 673580.150944558554329, 7164954.06551940087229 ], [ 673552.376714107231237, 7164949.164190916344523 ], [ 673519.701149446424097, 7164945.896641837432981 ], [ 673488.659364862716757, 7164950.79798380099237 ], [ 673452.71624606999103, 7164957.333105174824595 ], [ 673420.040683667641133, 7164963.868225798010826 ], [ 673393.900232918094844, 7164965.502010069787502 ], [ 673375.928671262459829, 7164958.966901047155261 ], [ 673364.49222050816752, 7164944.262899106368423 ], [ 673364.492213358404115, 7164913.22111170552671 ], [ 673387.365101318573579, 7164883.813097351230681 ], [ 673423.308213332318701, 7164847.869966866448522 ], [ 673444.54732384509407, 7164821.729509458877146 ], [ 673454.34998360206373, 7164780.885050112381577 ], [ 673442.913522684248164, 7164722.069034511223435 ], [ 673434.744616273790598, 7164655.084126750007272 ], [ 673431.47704934340436, 7164609.338335555046797 ], [ 673411.871703478042036, 7164576.662774374708533 ], [ 673388.998803860973567, 7164555.42366192676127 ], [ 673339.985455016954802, 7164542.353446885943413 ], [ 673312.211220819619484, 7164521.114335561171174 ], [ 673251.761416718713008, 7164473.734779175370932 ], [ 673204.381835547741503, 7164414.91877182200551 ], [ 673186.410268265753984, 7164383.876988556236029 ], [ 673166.804917906643823, 7164331.596087984740734 ], [ 673158.636020173318684, 7164302.188080759719014 ], [ 673152.10089950193651, 7164267.8787383120507 ], [ 673150.467107024160214, 7164205.795163942500949 ], [ 673170.072430314961821, 7164140.444028154015541 ], [ 673189.677761116647162, 7164107.768458019942045 ], [ 673196.212865621550009, 7164071.825334311462939 ], [ 673196.212865244364366, 7164070.191556028090417 ], [ 673215.818192285485566, 7164021.178203070536256 ], [ 673215.818185892305337, 7163993.403972275555134 ], [ 673212.550619354122318, 7163949.291959402151406 ], [ 673204.3817208702676, 7163916.616395629942417 ], [ 673181.508815638022497, 7163870.87060896679759 ], [ 673179.875022030551918, 7163803.885699782520533 ], [ 673186.410123523208313, 7163754.872349835932255 ], [ 673189.677667501266114, 7163700.957665796391666 ], [ 673202.747884772019461, 7163665.014540608040988 ], [ 673233.789657643763348, 7163609.46607193723321 ], [ 673243.592314012115821, 7163553.917608130723238 ], [ 673253.394970002002083, 7163496.735366045497358 ], [ 673263.197628999012522, 7163452.62335021328181 ], [ 673269.732730859424919, 7163405.24377856682986 ], [ 673304.042060476494953, 7163351.329087443649769 ], [ 673351.421616375562735, 7163300.681949893012643 ], [ 673397.167406122665852, 7163302.315717698074877 ], [ 673449.44831051887013, 7163312.11837540473789 ], [ 673490.29276644391939, 7163317.019700887612998 ], [ 673522.968327269190922, 7163303.949467154219747 ], [ 673532.770988883567043, 7163271.273899292573333 ], [ 673527.869647906627506, 7163243.499669644981623 ], [ 673504.996744558215141, 7163205.922774434089661 ], [ 673482.12384309549816, 7163176.514770631678402 ], [ 673460.884720958187245, 7163152.008101291023195 ], [ 673416.772701504989527, 7163116.064989230595529 ], [ 673356.322903907974251, 7163096.459663713350892 ], [ 673300.774444648297504, 7163093.192119870334864 ], [ 673258.296212050132453, 7163094.825907871127129 ], [ 673201.113977232016623, 7163102.994812360033393 ], [ 673179.874863, 7163112.797486900351942 ], [ 673148.833079619216733, 7163122.600163681432605 ], [ 673134.129076648619957, 7163125.867723606526852 ], [ 673121.058850366971456, 7163122.600170033983886 ], [ 673104.721063943579793, 7163102.994834405370057 ], [ 673090.017054959898815, 7163080.121941845864058 ], [ 673076.946817407384515, 7163027.84103986993432 ], [ 673063.876585111720487, 7162998.433033817447722 ], [ 673057.341458446579054, 7162937.983238952234387 ], [ 673057.341451308457181, 7162906.941451633349061 ], [ 673047.538777279667556, 7162885.702336238697171 ], [ 673027.933434482896701, 7162866.097001360729337 ], [ 673011.595648440765217, 7162848.125444021075964 ], [ 673009.961866119527258, 7162830.153883317485452 ], [ 673009.961861612042412, 7162810.548543959856033 ], [ 673034.468527710763738, 7162781.140529327094555 ], [ 673067.144092274596915, 7162784.408078417181969 ], [ 673091.650766262901016, 7162789.309407649561763 ], [ 673109.622326359152794, 7162789.309403542429209 ], [ 673124.326327820541337, 7162779.506730501540005 ], [ 673132.495213887421414, 7162758.267611000686884 ], [ 673139.030320635880344, 7162732.127157032489777 ], [ 673174.973427293822169, 7162673.311130755580962 ], [ 673191.311203934950754, 7162650.438231106847525 ], [ 673215.817872652201913, 7162632.466664426028728 ], [ 673241.958318057120778, 7162607.959984256885946 ], [ 673261.563650697236881, 7162583.453305583447218 ], [ 673266.464979626005515, 7162558.946630274876952 ], [ 673274.633861548034474, 7162519.735949708148837 ], [ 673266.464965331135318, 7162496.863055672496557 ], [ 673250.127176661044359, 7162467.455050391145051 ], [ 673215.817829030216672, 7162442.948384059593081 ], [ 673189.677375732804649, 7162433.14572037011385 ], [ 673174.973372025298886, 7162433.145723732188344 ], [ 673160.269364557461813, 7162416.807944308035076 ], [ 673161.90313861251343, 7162398.836382869631052 ], [ 673171.70580023038201, 7162366.160815052688122 ], [ 673173.339572405675426, 7162340.020362220704556 ], [ 673173.339569397736341, 7162326.950135992839932 ], [ 673157.001784870284609, 7162315.513691779226065 ], [ 673142.297781163011678, 7162315.513695143163204 ], [ 673114.523552314843982, 7162317.147479772567749 ], [ 673086.749321963405237, 7162312.246151288971305 ], [ 673063.876423551351763, 7162295.908373732119799 ], [ 673037.735966505948454, 7162269.767927255481482 ], [ 673001.792840700712986, 7162245.261261293664575 ], [ 672967.483496470027603, 7162235.458599465899169 ], [ 672921.737710918416269, 7162251.796392699703574 ], [ 672903.766151208081283, 7162253.430175082758069 ], [ 672887.428369689034298, 7162255.063957091420889 ], [ 672867.823032164364122, 7162258.331518126651645 ], [ 672846.583916078321636, 7162259.965301254764199 ], [ 672815.542129726381972, 7162256.697751788422465 ], [ 672797.570566262467764, 7162241.99375138245523 ], [ 672773.063882919261232, 7162196.24796518497169 ], [ 672756.726095023797825, 7162170.107516460120678 ], [ 672738.754533064900897, 7162161.938629172742367 ], [ 672706.078966654487886, 7162150.502188679762185 ], [ 672660.333170980680734, 7162122.727968389168382 ], [ 672629.291380512993783, 7162101.488857854157686 ], [ 672596.6158099839231, 7162072.080856298096478 ], [ 672557.40512333123479, 7162027.968851733952761 ], [ 672531.264668936375529, 7162013.26485319249332 ], [ 672521.461996056023054, 7161996.927072647027671 ], [ 672519.828214496606961, 7161982.223068522289395 ], [ 672529.630880257929675, 7161967.519061787053943 ], [ 672542.701101647806354, 7161949.547497749328613 ], [ 672572.109097806969658, 7161900.534142716787755 ], [ 672612.953542408184148, 7161856.422119910828769 ], [ 672660.333105381345376, 7161836.816769775003195 ], [ 672683.205997022218071, 7161823.746538337320089 ], [ 672699.543772906763479, 7161797.606082169339061 ], [ 672707.712659725220874, 7161779.634519256651402 ], [ 672699.543763910420239, 7161758.395403516478837 ], [ 672686.4735339039471, 7161738.790067169815302 ], [ 672647.262851385166869, 7161712.649623678065836 ], [ 672609.685948553844355, 7161693.044292921200395 ], [ 672578.644158478826284, 7161673.438960675150156 ], [ 672560.672593164606951, 7161650.566068892367184 ], [ 672532.898359095444903, 7161629.326957620680332 ], [ 672501.856564907589927, 7161591.750064324587584 ], [ 672454.476993708172813, 7161575.412292354740202 ], [ 672425.068982203956693, 7161557.440738008357584 ], [ 672400.562304144143127, 7161534.567847714759409 ], [ 672358.084069532807916, 7161527.052477318793535 ], [ 672342.399799226783216, 7161528.359503511339426 ], [ 672333.250641076941974, 7161527.052482971921563 ], [ 672320.180414976552129, 7161524.438440705649555 ], [ 672305.803164527285844, 7161513.982263006269932 ], [ 672295.34698352671694, 7161511.368220143020153 ], [ 672280.969736668630503, 7161516.596313902176917 ], [ 672263.978448602603748, 7161538.815702331252396 ], [ 672258.750364085077308, 7161563.649133330211043 ], [ 672253.522278669290245, 7161584.561496466398239 ], [ 672241.759078410337679, 7161596.324702734127641 ], [ 672226.074807803612202, 7161596.324706304818392 ], [ 672216.925649052718654, 7161592.403640521690249 ], [ 672186.86412500962615, 7161568.87724017072469 ], [ 672156.802606349228881, 7161568.877247009426355 ], [ 672135.890246738330461, 7161574.105342251248658 ], [ 672118.898956871475093, 7161588.482594951987267 ], [ 672104.521712405025028, 7161604.166869681328535 ], [ 672092.758516024565324, 7161632.921370029449463 ], [ 672084.916387897217646, 7161664.289914730936289 ], [ 672077.074260362656787, 7161698.272504679858685 ], [ 672077.074263950111344, 7161713.956776139326394 ], [ 672079.688311742385849, 7161725.719979139044881 ], [ 672088.837475873646326, 7161753.167452117428184 ], [ 672088.837480359128676, 7161772.772791443392634 ], [ 672073.153214829624631, 7161794.992179583758116 ], [ 672062.697036813362502, 7161805.448362937197089 ], [ 672045.705747539177537, 7161822.439660883508623 ], [ 672030.021481111878529, 7161840.737981155514717 ], [ 672022.179349389974959, 7161856.422254401259124 ], [ 672018.258285322808661, 7161872.106526754796505 ], [ 672009.10913194832392, 7161891.711868165060878 ], [ 671996.038908231304958, 7161899.554006868973374 ], [ 671977.740596699528396, 7161917.852327733300626 ], [ 671960.749308014754206, 7161937.457670925185084 ], [ 671952.907175696920604, 7161950.527898930944502 ], [ 671943.758018136955798, 7161951.834923630580306 ], [ 671925.45970182470046, 7161949.220882544294 ], [ 671899.319249012507498, 7161941.378752747550607 ], [ 671873.178797990549356, 7161941.378758681938052 ], [ 671856.187505425070412, 7161943.992807785049081 ], [ 671847.038349058013409, 7161950.527922971174121 ], [ 671845.731328298570588, 7161958.370059002190828 ], [ 671845.731331284390762, 7161971.440285224467516 ], [ 671845.731333671021275, 7161981.896466201171279 ], [ 671852.266450905124657, 7162001.501804053783417 ], [ 671852.266452396521345, 7162008.036917163059115 ], [ 671841.810273480252363, 7162014.572032647207379 ], [ 671824.8189818066312, 7162021.107149617746472 ], [ 671814.362804679083638, 7162035.484400835819542 ], [ 671815.669831705512479, 7162055.089739874005318 ], [ 671824.818995236069895, 7162079.923167619854212 ], [ 671833.968158168601803, 7162102.142550123855472 ], [ 671849.652432963717729, 7162120.440863279625773 ], [ 671857.494570661569014, 7162130.897042479366064 ], [ 671867.950754355289973, 7162145.274288952350616 ], [ 671862.722667135996744, 7162158.344516363926232 ], [ 671860.108629495371133, 7162191.020082520321012 ], [ 671852.266503438120708, 7162231.537785600870848 ], [ 671844.424377979827113, 7162274.669533931650221 ], [ 671844.424382156808861, 7162292.967850649729371 ], [ 671845.731408588006161, 7162309.959144450724125 ], [ 671847.038434125017375, 7162323.029370381496847 ], [ 671847.038438901887275, 7162343.941732346080244 ], [ 671848.345465930178761, 7162363.547071393579245 ], [ 671849.652492362190969, 7162380.538365192711353 ], [ 671853.573563898913562, 7162397.52965840138495 ], [ 671861.415703088161536, 7162414.520950720645487 ], [ 671861.41571084887255, 7162448.50353891775012 ], [ 671857.494648268213496, 7162470.722924401052296 ], [ 671847.038472330081277, 7162490.328266120515764 ], [ 671830.047185421455652, 7162517.775745062157512 ], [ 671823.51207653991878, 7162534.767040647566319 ], [ 671823.512081911321729, 7162558.293447865173221 ], [ 671823.512086686096154, 7162579.205809837207198 ], [ 671827.433157924795523, 7162594.890080427750945 ], [ 671833.968273668200709, 7162607.960305177606642 ], [ 671843.117433624574915, 7162617.109461462125182 ], [ 671847.038504564785399, 7162631.486709428951144 ], [ 671844.42446632438805, 7162661.548230361193419 ], [ 671853.573634934844449, 7162708.601042727008462 ], [ 671858.801730815903284, 7162733.434471387416124 ], [ 671854.880669426522218, 7162760.881947370246053 ], [ 671862.72280951810535, 7162781.794307569973171 ], [ 671878.407086417311803, 7162809.241779105737805 ], [ 671883.635182299418375, 7162834.075207770802081 ], [ 671884.942209032014944, 7162852.373524204827845 ], [ 671879.714121507713571, 7162864.136729004792869 ], [ 671861.415808456484228, 7162875.899936772882938 ], [ 671833.968337236321531, 7162886.356123995035887 ], [ 671809.134909931453876, 7162891.584220126271248 ], [ 671792.143617341294885, 7162894.198269232176244 ], [ 671775.152325947885402, 7162902.040408827364445 ], [ 671743.783788856817409, 7162920.338732680305839 ], [ 671721.56440724839922, 7162928.180873462930322 ], [ 671691.502892709570006, 7162946.479197017848492 ], [ 671671.897558891912922, 7162966.084540824405849 ], [ 671661.44138293992728, 7162985.68988255225122 ], [ 671645.757116478984244, 7163003.988202843815088 ], [ 671630.072847336065024, 7163010.523319521918893 ], [ 671602.625373723451048, 7163010.523325745947659 ], [ 671568.642789433477446, 7163019.67249181587249 ], [ 671535.967228291672654, 7163031.435702834278345 ], [ 671517.668917315313593, 7163052.348068967461586 ], [ 671501.984651446109638, 7163073.260434506461024 ], [ 671481.072297448059544, 7163103.321959597989917 ], [ 671458.8529268525308, 7163159.523937474004924 ], [ 671445.78270667779725, 7163183.05034767370671 ], [ 671420.949284717440605, 7163211.804851030930877 ], [ 671384.352658881689422, 7163236.638289179652929 ], [ 671358.212212278274819, 7163256.243634464219213 ], [ 671345.141988532268442, 7163264.085773169994354 ], [ 671319.001538652577437, 7163269.313869584351778 ], [ 671292.86109145404771, 7163286.305169617757201 ], [ 671279.790868596872315, 7163298.068376196548343 ], [ 671271.94873625296168, 7163311.138604212552309 ], [ 671260.185534758493304, 7163317.673720001243055 ], [ 671239.27317420206964, 7163318.980747355148196 ], [ 671219.667836792068556, 7163322.901819663122296 ], [ 671213.13272580516059, 7163330.743956889025867 ], [ 671213.132727592717856, 7163338.586092635989189 ], [ 671219.667845119489357, 7163359.49845315143466 ], [ 671228.817008643178269, 7163384.331880949437618 ], [ 671227.509990845574066, 7163405.244243241846561 ], [ 671232.738083441159688, 7163415.700423054397106 ], [ 671234.045107778627425, 7163423.54255850892514 ], [ 671223.588929132674821, 7163431.384696620516479 ], [ 671205.290616652928293, 7163445.761949632316828 ], [ 671192.220398547826335, 7163478.437518209218979 ], [ 671181.76422168710269, 7163494.121792070567608 ], [ 671162.15888427128084, 7163498.042864380404353 ], [ 671142.553545965231024, 7163498.042868809774518 ], [ 671108.570959566859528, 7163498.042876491323113 ], [ 671082.430506709963083, 7163490.200746649876237 ], [ 671060.211124189430848, 7163494.121819544583559 ], [ 671058.904103119391948, 7163500.656932966783643 ], [ 671062.82517464319244, 7163517.648226204328239 ], [ 671069.360292759141885, 7163541.17463197465986 ], [ 671073.281364282243885, 7163558.165925214998424 ], [ 671079.816479427623563, 7163568.622104736976326 ], [ 671088.965638199122623, 7163572.543170545250177 ], [ 671098.114796074572951, 7163572.543168477714062 ], [ 671113.7990655337926, 7163567.315074431709945 ], [ 671129.483336476841941, 7163568.622093514539301 ], [ 671149.088676270795986, 7163575.157202204689384 ], [ 671159.544859972666018, 7163589.534448713064194 ], [ 671158.237843363778666, 7163615.674901511520147 ], [ 671155.623804200906307, 7163641.815354604274035 ], [ 671146.474648698698729, 7163652.271537673659623 ], [ 671132.097402390791103, 7163660.113676674664021 ], [ 671104.649930241284892, 7163666.648796007037163 ], [ 671077.2024571999209, 7163669.262847458943725 ], [ 671057.597119185957126, 7163670.569874512962997 ], [ 671037.991781764896587, 7163674.490946820005774 ], [ 671010.544310507364571, 7163684.947134021669626 ], [ 670997.474087340640835, 7163695.403317974880338 ], [ 670980.482795623014681, 7163701.938434939831495 ], [ 670958.263413095381111, 7163705.859507832676172 ], [ 670933.429984267335385, 7163704.552490816451609 ], [ 670913.824645660468377, 7163703.245472615584731 ], [ 670878.535035216365941, 7163696.710367455147207 ], [ 670860.236719457665458, 7163696.710371585562825 ], [ 670847.166495993034914, 7163705.859532911330462 ], [ 670839.324363636318594, 7163718.929760932922363 ], [ 670836.710322089260444, 7163734.614033026620746 ], [ 670839.324372832663357, 7163759.447462320327759 ], [ 670841.284911412280053, 7163780.359823882579803 ], [ 670839.977889452595264, 7163782.973869428038597 ], [ 670839.977893902687356, 7163802.579208807088435 ], [ 670836.056830392451957, 7163820.877526449039578 ], [ 670825.600652334745973, 7163831.333709811791778 ], [ 670809.916384644107893, 7163844.403939603827894 ], [ 670782.468916343874298, 7163867.930353056639433 ], [ 670770.705718692857772, 7163891.456762969493866 ], [ 670751.100385417696089, 7163913.676152026280761 ], [ 670740.644209725782275, 7163934.5885163936764 ], [ 670727.573989814380184, 7163959.421949230134487 ], [ 670709.27567968366202, 7163984.255383243784308 ], [ 670701.433547911932692, 7163999.939656521193683 ], [ 670684.442257667309605, 7164013.009886608459055 ], [ 670667.450964455492795, 7164013.009890438988805 ], [ 670650.459670652984641, 7164010.395849019289017 ], [ 670620.398151598870754, 7164009.088833168148994 ], [ 670582.494499292457476, 7164016.930977463722229 ], [ 670553.740004869177938, 7164024.773119699209929 ], [ 670543.283824430312961, 7164024.77312205452472 ], [ 670532.82764221704565, 7164016.93098865263164 ], [ 670530.213593848398887, 7164002.55374035704881 ], [ 670522.371454376727343, 7163984.255425365641713 ], [ 670510.608246942632832, 7163964.650088629685342 ], [ 670485.774812780786306, 7163939.81666433531791 ], [ 670475.318627903121524, 7163920.211327305063605 ], [ 670458.327329957741313, 7163899.298969122581184 ], [ 670441.336032015737146, 7163878.38661093916744 ], [ 670441.336028758436441, 7163864.00936205778271 ], [ 670442.643046576762572, 7163843.096999758854508 ], [ 670440.028997324407101, 7163824.798683589324355 ], [ 670425.651745972922072, 7163810.421437947079539 ], [ 670411.274496098514646, 7163802.579305429011583 ], [ 670394.283201709971763, 7163797.351218755356967 ], [ 670374.677861620788462, 7163789.509087414480746 ], [ 670364.221679409849457, 7163781.666954014450312 ], [ 670348.537405802053399, 7163768.596731291152537 ], [ 670327.298286191304214, 7163754.872998502105474 ], [ 670284.820052810246125, 7163753.239229778759181 ], [ 670253.778268255991861, 7163758.140571605414152 ], [ 670226.004040824598633, 7163766.309469256550074 ], [ 670198.229812658857554, 7163771.210810346528888 ], [ 670173.723144565708935, 7163792.449933519586921 ], [ 670111.639592444524169, 7163877.406418125145137 ], [ 670082.231592723401263, 7163911.715768652968109 ], [ 670029.950701620662585, 7163960.729128859937191 ], [ 669997.275141815654933, 7163978.700697298161685 ], [ 669977.669803866185248, 7163980.334479982964694 ], [ 669944.994238892337307, 7163975.433152473531663 ], [ 669931.924012241885066, 7163970.531820558942854 ], [ 669899.248445795616135, 7163959.095379919745028 ], [ 669874.741770683787763, 7163949.292715725488961 ], [ 669856.770207611727528, 7163936.222493505105376 ], [ 669723.617271238705143, 7163875.772726934403181 ], [ 669653.364803414675407, 7163851.266068452969193 ], [ 669615.787899822113104, 7163828.393180929124355 ], [ 669596.182555617531762, 7163802.252732811495662 ], [ 669586.379881672793999, 7163781.013617347925901 ], [ 669584.746096854330972, 7163751.605608643963933 ], [ 669586.379869894008152, 7163728.732712332159281 ], [ 669586.379865475581028, 7163709.127372955903411 ], [ 669583.112305041169748, 7163691.155812591314316 ], [ 669573.309632572811097, 7163676.45181025378406 ], [ 669552.887399645056576, 7163651.945140608586371 ], [ 669551.253617035108618, 7163632.33980159740895 ], [ 669530.014497589902021, 7163619.269580103456974 ], [ 669489.170037260046229, 7163594.762915030121803 ], [ 669458.128247926943004, 7163578.425139166414738 ], [ 669433.621569890296087, 7163555.552248714491725 ], [ 669405.847326277405955, 7163491.83490196801722 ], [ 669369.904198697186075, 7163459.159344390034676 ], [ 669351.932635276112705, 7163444.455343884415925 ], [ 669347.031293713487685, 7163413.413557643070817 ], [ 669338.862397606833838, 7163390.540663538500667 ], [ 669322.52461495436728, 7163387.273110631853342 ], [ 669302.919278120622039, 7163393.808228138834238 ], [ 669281.680165667785332, 7163411.779793976806104 ], [ 669273.511274708202109, 7163411.779795804992318 ], [ 669253.905934566864744, 7163403.610908784903586 ], [ 669227.765481658047065, 7163395.442023224197328 ], [ 669204.892586236237548, 7163392.174471775069833 ], [ 669193.456135954125784, 7163379.10424808319658 ], [ 669136.27389079099521, 7163341.527360406704247 ], [ 669118.302327377954498, 7163326.823359893634915 ], [ 669105.232097438070923, 7163307.218023447319865 ], [ 669097.063195465598255, 7163258.204676853492856 ], [ 669082.359186603920534, 7163235.331784211099148 ], [ 669069.288952628383413, 7163197.75488668307662 ], [ 669062.753833989845589, 7163171.614435655996203 ], [ 669062.753824080922641, 7163127.502422088757157 ], [ 669061.120039281784557, 7163098.094413412734866 ], [ 669048.049803476314992, 7163052.34862448554486 ], [ 669031.712012023665011, 7163009.870392856188118 ], [ 669008.839114412548952, 7162996.800171723589301 ], [ 668973.712874501245096, 7162957.58950084540993 ], [ 668967.17775440053083, 7162924.913936711847782 ], [ 668945.938634251244366, 7162908.576158649288118 ], [ 668924.699514835025184, 7162895.505937153473496 ], [ 668918.164398037130013, 7162877.534377535805106 ], [ 668919.798167060129344, 7162836.689920178614557 ], [ 668913.263041095458902, 7162777.873903576284647 ], [ 668911.62925263796933, 7162732.128112117759883 ], [ 668909.995464546373114, 7162688.016098942607641 ], [ 668911.629234669380821, 7162652.072976434603333 ], [ 668905.094114205567166, 7162617.763634031638503 ], [ 668905.094107238808647, 7162586.721846727654338 ], [ 668903.460319516132586, 7162544.243611838668585 ], [ 668903.460311081027612, 7162506.666711425408721 ], [ 668868.334084251197055, 7162525.618547298014164 ], [ 668848.728748901514336, 7162538.688777903094888 ], [ 668825.202347070444375, 7162556.987099872902036 ], [ 668799.061898371670395, 7162567.443286687135696 ], [ 668769.000381725956686, 7162576.59245175216347 ], [ 668755.930156497983262, 7162577.899477288126945 ], [ 668745.473977252608165, 7162583.127570113167167 ], [ 668733.710774284321815, 7162583.127572737634182 ], [ 668711.491389726288617, 7162577.899487194605172 ], [ 668699.72818558383733, 7162572.671399326995015 ], [ 668682.736888891085982, 7162556.987131632864475 ], [ 668672.280708180274814, 7162555.680111339315772 ], [ 668652.675371071323752, 7162560.908206201158464 ], [ 668643.526213206001557, 7162560.908208237960935 ], [ 668630.455985929467715, 7162553.066075412556529 ], [ 668610.85064589092508, 7162545.223944037221372 ], [ 668595.166374680353329, 7162542.609902288764715 ], [ 668582.096147107658908, 7162533.46074683777988 ], [ 668566.411872679134831, 7162516.469456227496266 ], [ 668548.113553437869996, 7162500.785188824869692 ], [ 668536.350350763183087, 7162502.092214069329202 ], [ 668527.201194363646209, 7162508.627329219132662 ], [ 668515.437993734143674, 7162519.083512822166085 ], [ 668497.13968034775462, 7162529.539697881788015 ], [ 668489.297546206158586, 7162534.767790118232369 ], [ 668467.078164870734327, 7162543.916953425854445 ], [ 668448.779849139740691, 7162543.916957499459386 ], [ 668431.788556841667742, 7162547.838029149919748 ], [ 668425.253443496651016, 7162545.22398535721004 ], [ 668416.104283584281802, 7162536.074829030781984 ], [ 668405.648099657148123, 7162520.390559878200293 ], [ 668395.191915147006512, 7162502.092245481908321 ], [ 668383.428711887565441, 7162500.785225478000939 ], [ 668367.744443017872982, 7162508.627364702522755 ], [ 668344.218037666752934, 7162511.241415183059871 ], [ 668325.919722814694978, 7162515.162487120367587 ], [ 668315.463545323000289, 7162528.232715674676001 ], [ 668311.542484389268793, 7162558.294236880727112 ], [ 668303.700352584244683, 7162573.97851010132581 ], [ 668298.472266176715493, 7162590.969805366359651 ], [ 668284.095023949397728, 7162617.110261025838554 ], [ 668271.024805146851577, 7162647.171784267760813 ], [ 668259.261611529393122, 7162688.996510829776525 ], [ 668243.57734586764127, 7162711.215898916125298 ], [ 668221.357967153890058, 7162732.128265827894211 ], [ 668196.524542748578824, 7162750.426588075235486 ], [ 668169.077072067884728, 7162763.496820406988263 ], [ 668137.708534605568275, 7162780.48812147974968 ], [ 668107.647018526447937, 7162792.251331768929958 ], [ 668093.269773076055571, 7162804.014538574032485 ], [ 668082.813594407169148, 7162811.856676636263728 ], [ 668077.585506823495962, 7162823.61988141015172 ], [ 668084.120621046167798, 7162830.154993077740073 ], [ 668101.111918026232161, 7162847.146283414214849 ], [ 668111.568099906435236, 7162853.681394210085273 ], [ 668125.945351197151467, 7162868.058639876544476 ], [ 668140.322601611143909, 7162878.514817673712969 ], [ 668165.156033617677167, 7162894.19908363930881 ], [ 668171.691149008693174, 7162905.962285801768303 ], [ 668179.533288415987045, 7162924.260600793175399 ], [ 668187.37542928266339, 7162949.094028905034065 ], [ 668183.454365712590516, 7162967.392346510663629 ], [ 668163.849032970145345, 7162992.225780718028545 ], [ 668152.08583612611983, 7163019.673258434981108 ], [ 668144.243706650333479, 7163045.81371265463531 ], [ 668122.024325293954462, 7163054.962875959463418 ], [ 668093.269831463578157, 7163065.419063335284591 ], [ 668067.129381865262985, 7163071.95418226160109 ], [ 668040.988931679981761, 7163075.87525593675673 ], [ 668022.690616230829619, 7163077.182282623834908 ], [ 668003.085279686842114, 7163085.024422718212008 ], [ 667983.479941974394023, 7163087.638472317717969 ], [ 667976.944830377469771, 7163092.866564262658358 ], [ 667970.409719944698736, 7163103.322746707126498 ], [ 667973.023768551414832, 7163119.007017615251243 ], [ 667975.637818617746234, 7163141.226401645690203 ], [ 667973.023779054754414, 7163166.059832084923983 ], [ 667962.567602421389893, 7163183.051128521561623 ], [ 667954.071958159096539, 7163193.507311400026083 ], [ 667930.54555686947424, 7163214.419678608886898 ], [ 667922.703424756531604, 7163228.796929216012359 ], [ 667922.703427091706544, 7163239.253110209479928 ], [ 667913.554270386113785, 7163244.481202736496925 ], [ 667896.562977772438899, 7163247.095251753926277 ], [ 667873.036571815959178, 7163247.095256970264018 ], [ 667856.045278330333531, 7163245.788238115608692 ], [ 667836.439940030802973, 7163245.78824246302247 ], [ 667825.983760479022749, 7163249.709312653169036 ], [ 667815.52758238487877, 7163260.165495967492461 ], [ 667808.992471076082438, 7163266.700610537081957 ], [ 667808.992474280414172, 7163281.077859405428171 ], [ 667818.141636817716062, 7163301.990219367668033 ], [ 667823.369731695624068, 7163322.902580201625824 ], [ 667814.220576737308875, 7163335.972808472812176 ], [ 667795.922264192602597, 7163350.350061398930848 ], [ 667775.009907416300848, 7163368.648382779210806 ], [ 667760.632664574659429, 7163392.174793207086623 ], [ 667747.562441367655993, 7163402.630977101624012 ], [ 667721.421993501367979, 7163417.008231764659286 ], [ 667709.39738752390258, 7163423.804752077907324 ], [ 667691.621884521562606, 7163440.534645610488951 ], [ 667674.89199699962046, 7163445.76273981295526 ], [ 667659.207727756118402, 7163452.036451885476708 ], [ 667648.751550587359816, 7163466.675107602030039 ], [ 667639.340992393670604, 7163485.496235478669405 ], [ 667629.930434198584408, 7163504.317363360896707 ], [ 667623.6567303664051, 7163524.18410864751786 ], [ 667625.747970411204733, 7163541.95961588062346 ], [ 667625.747974602971226, 7163560.780741679482162 ], [ 667618.42865226091817, 7163578.556251000612974 ], [ 667606.92685681511648, 7163592.149288846179843 ], [ 667583.923262892640196, 7163605.742329237982631 ], [ 667565.1021413753042, 7163620.380986803211272 ], [ 667515.141212906455621, 7163659.264920957386494 ], [ 667457.958983075805008, 7163690.306720951572061 ], [ 667423.649647574289702, 7163719.714737609028816 ], [ 667390.974090990261175, 7163752.390310464426875 ], [ 667366.46742754674051, 7163794.868551203049719 ], [ 667364.833656618837267, 7163827.544117199257016 ], [ 667348.495883048395626, 7163865.121021289378405 ], [ 667322.355436682584696, 7163886.360144730657339 ], [ 667276.609651999315247, 7163907.599272505380213 ], [ 667229.230085127754137, 7163910.866839537397027 ], [ 667199.8220791046042, 7163917.401959160342813 ], [ 667042.979383088182658, 7163964.781563958153129 ], [ 667026.641604057047516, 7163977.85179382096976 ], [ 666997.233601656043902, 7164000.724696256220341 ], [ 666979.262045516748913, 7164018.696261325851083 ], [ 666967.825601064716466, 7164031.76649010181427 ], [ 666938.417594673461281, 7164036.667831434868276 ], [ 666910.6433653854765, 7164036.667837560176849 ], [ 666879.601580077200197, 7164038.301622683182359 ], [ 666850.193571509327739, 7164033.400294319726527 ], [ 666833.855785954860039, 7164017.062515100464225 ], [ 666824.053109190426767, 7163982.753173335455358 ], [ 666817.517984105274081, 7163927.204713189974427 ], [ 666814.25041975453496, 7163891.261591706424952 ], [ 666814.25040925166104, 7163843.88202153518796 ], [ 666815.884175856015645, 7163791.601116163656116 ], [ 666814.250377021962777, 7163698.475754475221038 ], [ 666794.645021330099553, 7163620.05440129339695 ], [ 666799.546345407841727, 7163572.674830057658255 ], [ 666804.447668758453801, 7163522.027702265419066 ], [ 666775.039617490372621, 7163324.340536765754223 ], [ 666768.504496397450566, 7163286.763637751340866 ], [ 666768.504492776817642, 7163270.425854947417974 ], [ 666779.940936498111114, 7163254.088069623336196 ], [ 666794.644936961471103, 7163239.384061861783266 ], [ 666810.982715256977826, 7163223.046275455504656 ], [ 666825.686713186558336, 7163196.905819728970528 ], [ 666856.728488682419993, 7163151.160021043382585 ], [ 666894.305378750083037, 7163113.583112316206098 ], [ 666930.248493160237558, 7163087.442651908844709 ], [ 666962.924052637536079, 7163067.837305340915918 ], [ 666979.261830198578537, 7163048.231962379068136 ], [ 667051.148062629625201, 7163012.288824360817671 ], [ 667069.119620555080473, 7163002.486150711774826 ], [ 667113.23162881215103, 7162989.415914738550782 ], [ 667145.907189730671234, 7162976.34568128362298 ], [ 667203.08942060591653, 7162950.205216179601848 ], [ 667232.497424777946435, 7162935.50120516680181 ], [ 667257.004092919640243, 7162914.262082112953067 ], [ 667257.004090014146641, 7162901.191855875775218 ], [ 667239.032525558839552, 7162881.586520492099226 ], [ 667207.990735214203596, 7162860.347409714013338 ], [ 667170.41383392305579, 7162847.277191777713597 ], [ 667127.935598788084462, 7162837.474531479179859 ], [ 667077.28847233671695, 7162826.038094703108072 ], [ 667047.880461642285809, 7162811.334096677601337 ], [ 667021.740007690852508, 7162798.263876208104193 ], [ 666992.331998806796037, 7162791.728769581764936 ], [ 666949.853763317340054, 7162780.292330995202065 ], [ 666910.643085654708557, 7162775.391004802659154 ], [ 666853.460842466214672, 7162745.983008379116654 ], [ 666833.855497660115361, 7162716.575003674253821 ], [ 666819.151485978160053, 7162680.631884770467877 ], [ 666810.982589593855664, 7162656.125212386250496 ], [ 666810.982583801262081, 7162629.984759917482734 ], [ 666825.686582442373037, 7162607.111860770732164 ], [ 666833.855469409842044, 7162589.140297901816666 ], [ 666842.024356013746001, 7162569.534956755116582 ], [ 666856.728353928308934, 7162543.394501052796841 ], [ 666879.601242792326957, 7162517.25404354929924 ], [ 666899.206579260295257, 7162509.085147832520306 ], [ 666931.8821430595126, 7162509.085140625946224 ], [ 666951.487479889998212, 7162502.550023186951876 ], [ 666962.923925043200143, 7162492.747350992634892 ], [ 666987.430594270117581, 7162476.409562798216939 ], [ 667007.035925658536144, 7162445.36777117755264 ], [ 667007.035919856862165, 7162419.227318720892072 ], [ 666997.233242017333396, 7162380.016642197966576 ], [ 666993.965681286063045, 7162360.411303575150669 ], [ 666993.965677662286907, 7162344.073520791716874 ], [ 667002.134562446270138, 7162316.299288257025182 ], [ 667015.204780709696934, 7162283.623719806782901 ], [ 667028.274999336688779, 7162252.581929635256529 ], [ 667056.049221302499063, 7162219.906357942149043 ], [ 667085.457221094751731, 7162185.597007609903812 ], [ 667100.161221895483322, 7162172.526778140105307 ], [ 667118.132776533835568, 7162148.020100003108382 ], [ 667136.104330809321254, 7162121.879643585532904 ], [ 667147.540773778920993, 7162102.274301725439727 ], [ 667147.540768698090687, 7162079.401405836455524 ], [ 667141.00564977270551, 7162051.627176554873586 ], [ 667114.865195484133437, 7162036.923177826218307 ], [ 667082.189628802472726, 7162023.852958818897605 ], [ 667049.51406175957527, 7162009.148961529135704 ], [ 667028.274940592003986, 7161987.909848606213927 ], [ 667018.47226529289037, 7161960.135620050132275 ], [ 667007.035810355097055, 7161925.826278743334115 ], [ 666995.599353247322142, 7161881.714267777279019 ], [ 666993.965567805571482, 7161849.038702588528395 ], [ 666979.261554684257135, 7161806.560470624826849 ], [ 666969.458876489661634, 7161765.716015856713057 ], [ 666958.0224233714398, 7161739.575565943494439 ], [ 666944.952194602345116, 7161724.871564332395792 ], [ 666910.642850112402812, 7161713.435123959556222 ], [ 666884.502397650037892, 7161706.900016616098583 ], [ 666852.643722255015746, 7161703.632467084564269 ], [ 666829.770828706794418, 7161708.533806955441833 ], [ 666792.193931102287024, 7161711.801371792331338 ], [ 666764.419702263432555, 7161713.435156187042594 ], [ 666733.377915961085819, 7161710.16760647110641 ], [ 666707.237462055170909, 7161697.097386013716459 ], [ 666650.055223658215255, 7161688.928507220000029 ], [ 666601.041872948873788, 7161666.055622132495046 ], [ 666560.197412096662447, 7161638.281400412321091 ], [ 666525.888062915531918, 7161605.605842425487936 ], [ 666506.282713091233745, 7161553.324941881000996 ], [ 666496.48003709455952, 7161522.283156780526042 ], [ 666489.944917835993692, 7161492.875149242579937 ], [ 666478.50846256967634, 7161456.932029671035707 ], [ 666475.240895714610815, 7161409.552460376173258 ], [ 666468.705773204681464, 7161365.44044834934175 ], [ 666465.438209601212293, 7161332.764883544296026 ], [ 666467.071982366382144, 7161308.25820904225111 ], [ 666476.874649685109034, 7161300.089315506629646 ], [ 666512.817768720327877, 7161295.187972771003842 ], [ 666555.295999421505257, 7161285.385293771512806 ], [ 666587.971564976032823, 7161293.554177958518267 ], [ 666635.351132771000266, 7161295.187945805490017 ], [ 666697.434705340536311, 7161301.723045238293707 ], [ 666720.307598151499406, 7161293.554148821160197 ], [ 666743.180489877006039, 7161280.483917573466897 ], [ 666759.518268130486831, 7161264.146131213754416 ], [ 666769.320933270035312, 7161246.174568017944694 ], [ 666777.48981443059165, 7161202.06255276594311 ], [ 666782.391143197892234, 7161175.922099271789193 ], [ 666795.461361087509431, 7161141.612752601504326 ], [ 666810.165358615340665, 7161113.838518669828773 ], [ 666822.418687774450518, 7161081.162950456142426 ], [ 666835.488904212834314, 7161040.318490684963763 ], [ 666850.192893764935434, 7160976.601134700700641 ], [ 666851.826662894687615, 7160935.756677454337478 ], [ 666852.251436352962628, 7160895.761785171926022 ], [ 666827.744759207824245, 7160876.156451269984245 ], [ 666806.505636264919303, 7160846.748447 ], [ 666795.069183529587463, 7160822.241775393486023 ], [ 666780.365171161713079, 7160783.0311000328511 ], [ 666765.661157708149403, 7160738.919089846313 ], [ 666765.661147206556052, 7160691.539519874379039 ], [ 666757.492247588001192, 7160652.328843080438673 ], [ 666721.549119169008918, 7160614.751950681209564 ], [ 666679.070886337780394, 7160614.751960039138794 ], [ 666631.691317500080913, 7160608.216857371851802 ], [ 666595.748195600463077, 7160600.047973909415305 ], [ 666567.973962465068325, 7160582.076419001445174 ], [ 666540.199726074468344, 7160549.400859625078738 ], [ 666515.693042439059354, 7160500.387516783550382 ], [ 666468.313469634391367, 7160475.880853088572621 ], [ 666406.229897139943205, 7160469.34575364459306 ], [ 666331.076100241625682, 7160467.711991890333593 ], [ 666257.556084780255333, 7160480.782234237529337 ], [ 666219.979189761448652, 7160495.486246960237622 ], [ 666194.655630410998128, 7160506.922700443305075 ], [ 666175.050292182713747, 7160506.922704746946692 ], [ 666152.177396861603484, 7160503.655153222382069 ], [ 666101.530272026546299, 7160498.753829512745142 ], [ 666032.911590394331142, 7160508.556514216586947 ], [ 666006.771137981442735, 7160502.021406852640212 ], [ 665983.898239057511091, 7160482.416072579100728 ], [ 665946.321336826775223, 7160464.444519799202681 ], [ 665916.913328767172061, 7160461.176969698630273 ], [ 665890.772877797484398, 7160461.17697542719543 ], [ 665871.167542452923954, 7160474.247205920517445 ], [ 665856.463542024604976, 7160488.951213611289859 ], [ 665818.886650597560219, 7160519.993009056895971 ], [ 665794.379982132697478, 7160539.59835371747613 ], [ 665766.605758733348921, 7160565.738812191411853 ], [ 665750.267978674499318, 7160573.907707143574953 ], [ 665715.958640011027455, 7160588.611719126813114 ], [ 665658.776409263606183, 7160614.752184038981795 ], [ 665631.002182982629165, 7160627.822416313923895 ], [ 665608.129292335826904, 7160645.793982338160276 ], [ 665570.552404123474844, 7160691.539782252162695 ], [ 665557.482187262969092, 7160730.750463708303869 ], [ 665544.411968242842704, 7160760.158475514501333 ], [ 665511.736409551114775, 7160783.031378510408103 ], [ 665482.328405793407001, 7160799.369167689234018 ], [ 665456.187957329442725, 7160810.805621329694986 ], [ 665385.93550034717191, 7160833.678532535210252 ], [ 665340.18971292336937, 7160841.847433906048536 ], [ 665315.683044436154887, 7160861.452778561040759 ], [ 665314.049271635594778, 7160885.959453044459224 ], [ 665310.781724591855891, 7160928.437688914127648 ], [ 665300.162182891741395, 7161003.591491902247071 ], [ 665300.162191862938926, 7161044.435948787257075 ], [ 665308.331099307746626, 7161119.589747684076428 ], [ 665326.302669415948913, 7161165.335535480640829 ], [ 665318.133786375750788, 7161201.278659334406257 ], [ 665300.162233135895804, 7161232.320450500585139 ], [ 665254.416447843192145, 7161250.2920215241611 ], [ 665175.995099517749622, 7161271.531156229786575 ], [ 665122.080432602553628, 7161331.980964209884405 ], [ 665082.869771159486845, 7161400.599660365842283 ], [ 665079.602222667541355, 7161436.542783158831298 ], [ 665081.236008024541661, 7161469.218348332680762 ], [ 665084.503569776774384, 7161493.725021766498685 ], [ 665096.75691765663214, 7161546.005923942662776 ], [ 665108.193378234049305, 7161606.455717688426375 ], [ 665111.460946439532563, 7161660.370400110259652 ], [ 665101.658286629593931, 7161702.848637448623776 ], [ 665093.489403217798099, 7161737.157983049750328 ], [ 665077.151631369371898, 7161782.903778372332454 ], [ 665083.686749498010613, 7161807.410451104864478 ], [ 665098.390757138957269, 7161825.382008945569396 ], [ 665116.362322947476059, 7161851.522457463666797 ], [ 665137.601445135078393, 7161877.66290526650846 ], [ 665158.840564812533557, 7161892.366905128583312 ], [ 665188.248575436417013, 7161907.070903211832047 ], [ 665199.685025627259165, 7161920.141126934438944 ], [ 665201.318808478070423, 7161941.380244184285402 ], [ 665188.248589782742783, 7161972.422034310176969 ], [ 665147.404147612163797, 7162029.604282941669226 ], [ 665117.996149890124798, 7162073.716302855871618 ], [ 665075.517925577005371, 7162112.926990787498653 ], [ 665031.405917338561267, 7162125.997226631268859 ], [ 664995.462796462117694, 7162122.729677910916507 ], [ 664949.717003225930966, 7162104.758126823231578 ], [ 664907.238763505476527, 7162073.716348799876869 ], [ 664853.324080408201553, 7162060.64613432250917 ], [ 664810.845842124777846, 7162036.139469405636191 ], [ 664768.36760170198977, 7162001.830134823918343 ], [ 664716.086699657607824, 7162001.830146199092269 ], [ 664686.678695831913501, 7162018.167935373261571 ], [ 664650.735582468681969, 7162049.209730471484363 ], [ 664652.36937602981925, 7162119.462196061387658 ], [ 664655.636952784610912, 7162212.587557196617126 ], [ 664663.805859461659566, 7162284.473799658939242 ], [ 664681.77743062900845, 7162335.120922377333045 ], [ 664698.115217173006386, 7162356.360036442987621 ], [ 664734.058341279509477, 7162374.331589685752988 ], [ 664774.902801029616967, 7162397.20447669364512 ], [ 664815.747267222031951, 7162449.485372717492282 ], [ 664830.451278088614345, 7162482.160935088992119 ], [ 664845.155285732587799, 7162500.132492952048779 ], [ 664863.126852623536251, 7162531.174276333302259 ], [ 664882.732197706354782, 7162562.216059361584485 ], [ 664895.802430385374464, 7162594.89162209443748 ], [ 664895.802437189035118, 7162625.93340939283371 ], [ 664892.534892262890935, 7162678.214315036311746 ], [ 664863.126896649133414, 7162732.129004653543234 ], [ 664822.282445464516059, 7162748.466796341352165 ], [ 664776.536656130920164, 7162748.4668063018471 ], [ 664732.424642128171399, 7162735.396589666604996 ], [ 664683.411292838514782, 7162719.0588175393641 ], [ 664637.66549921920523, 7162699.453488137573004 ], [ 664604.989931837655604, 7162683.115712453611195 ], [ 664552.709018672467209, 7162632.468597169034183 ], [ 664438.344538573175669, 7162601.426834721118212 ], [ 664394.232521014288068, 7162572.018835279159248 ], [ 664323.9800559876021, 7162558.948624301701784 ], [ 664245.558701081317849, 7162550.779749928042293 ], [ 664175.306231423513964, 7162516.470421312376857 ], [ 664152.433330348227173, 7162487.062417257577181 ], [ 664152.433321083080955, 7162444.584182012826204 ], [ 664168.771091934409924, 7162393.937051834538579 ], [ 664175.306192216346972, 7162336.754810670390725 ], [ 664168.771054864861071, 7162224.024110890924931 ], [ 664140.996816024184227, 7162179.912103403359652 ], [ 664095.251021382748149, 7162155.405439151450992 ], [ 664038.068781198817305, 7162139.067668767645955 ], [ 664005.393217417760752, 7162139.067675847560167 ], [ 663969.45009867940098, 7162145.60279674641788 ], [ 663920.436755139846355, 7162155.405477028340101 ], [ 663859.986961072427221, 7162150.504155283793807 ], [ 663835.480281832860783, 7162121.096151587553322 ], [ 663806.072266249917448, 7162083.519257562234998 ], [ 663775.03047496965155, 7162057.378811834380031 ], [ 663747.256240778136998, 7162034.505921956151724 ], [ 663656.581532819662243, 7161949.549471128731966 ], [ 663622.272179842693731, 7161898.902351946569979 ], [ 663610.835724707925692, 7161862.959232316352427 ], [ 663607.56815589859616, 7161805.776993319392204 ], [ 663573.258800088311546, 7161742.059647927060723 ], [ 663543.85078666289337, 7161714.285423573106527 ], [ 663516.07655178650748, 7161688.144977139309049 ], [ 663491.569872219697572, 7161657.103195173665881 ], [ 663476.865859299432486, 7161614.62496315408498 ], [ 663449.908515290939249, 7161596.653407929465175 ], [ 663405.79650776530616, 7161612.991200221702456 ], [ 663366.585839411476627, 7161650.568109050393105 ], [ 663337.177840893040411, 7161691.412572319619358 ], [ 663298.784069424495101, 7161764.932603067718446 ], [ 663285.713854197412729, 7161812.312175925821066 ], [ 663287.347640897613019, 7161851.522854225710034 ], [ 663305.319210896152072, 7161897.268642116338015 ], [ 663326.558341532596387, 7161962.619768628850579 ], [ 663357.600157976616174, 7162104.758472088724375 ], [ 663382.106854576966725, 7162214.221611422486603 ], [ 663372.304201401071623, 7162287.741636054590344 ], [ 663341.262433178490028, 7162367.796778393909335 ], [ 663279.178893521777354, 7162513.203058579936624 ], [ 663274.277584829251282, 7162632.468873992562294 ], [ 663254.672258242848329, 7162686.383561429567635 ], [ 663235.066925272811204, 7162710.890239843167365 ], [ 663176.250915379496291, 7162733.763148434460163 ], [ 663150.110465039731935, 7162737.030710629187524 ], [ 663107.632232442731038, 7162738.664498059079051 ], [ 663060.252664568717591, 7162737.030729990452528 ], [ 662998.169094748212956, 7162743.565856475383043 ], [ 662931.18419282825198, 7162761.537431967444718 ], [ 662885.438409154652618, 7162787.677894281223416 ], [ 662856.030403137789108, 7162794.21301372628659 ], [ 662824.988616810529493, 7162790.945463842712343 ], [ 662785.777935290476307, 7162768.072576367296278 ], [ 662762.905034617171623, 7162740.298350539058447 ], [ 662694.286328718415461, 7162639.004111983813345 ], [ 662630.568970827152953, 7162599.793446985073388 ], [ 662592.992064686957747, 7162563.850332919508219 ], [ 662543.978712636744604, 7162534.442334426566958 ], [ 662522.739592989906669, 7162519.738334480673075 ], [ 662503.134248359594494, 7162490.330329671502113 ], [ 662468.824897907674313, 7162451.119658347219229 ], [ 662436.149327409686521, 7162420.077878070995212 ], [ 662398.572426930069923, 7162410.275216463021934 ], [ 662367.530640620854683, 7162407.007666565477848 ], [ 662349.559079125174321, 7162400.472557308152318 ], [ 662338.914385216892697, 7162397.569461261853576 ], [ 662313.61595683824271, 7162390.669895342551172 ], [ 662279.306608511134982, 7162361.261893685907125 ], [ 662244.997262303368188, 7162341.656561702489853 ], [ 662199.251467713620514, 7162317.149897331371903 ], [ 662158.407008398557082, 7162295.910788464359939 ], [ 662133.900331331416965, 7162276.30545437708497 ], [ 662120.830099834129214, 7162248.531226446852088 ], [ 662096.323422417859547, 7162227.292114078998566 ], [ 662078.351860577007756, 7162219.123226537369192 ], [ 662042.408736894838512, 7162202.785451452247798 ], [ 662024.437171888072044, 7162179.912559406831861 ], [ 661983.592715046717785, 7162170.109898483380675 ], [ 661934.57936726254411, 7162160.307239299640059 ], [ 661881.481574708828703, 7162153.772137546911836 ], [ 661809.595336143276654, 7162161.941044304519892 ], [ 661765.483331006835215, 7162189.715284460224211 ], [ 661723.005104055977426, 7162217.489524262025952 ], [ 661652.752644023508765, 7162227.292208937928081 ], [ 661572.697518008062616, 7162251.798900198191404 ], [ 661535.120621053734794, 7162258.334021331742406 ], [ 661495.909942757571116, 7162250.165138306096196 ], [ 661474.670823842985556, 7162238.72869489248842 ], [ 661437.093917775433511, 7162202.785580792464316 ], [ 661406.052127622882836, 7162181.546469797380269 ], [ 661383.179230172303505, 7162168.476248449645936 ], [ 661347.236110012512654, 7162168.476256111636758 ], [ 661314.560546227381565, 7162168.476263077929616 ], [ 661281.884980693575926, 7162160.307378649711609 ], [ 661249.209414109587669, 7162147.237159388139844 ], [ 661201.829838224686682, 7162108.026490812189877 ], [ 661175.689381953096017, 7162083.519822212867439 ], [ 661128.309803277603351, 7162031.238927412778139 ], [ 661084.19778623431921, 7162003.464706082828343 ], [ 661036.818212812999263, 7161975.690485445782542 ], [ 660975.551523744827136, 7161943.014932928606868 ], [ 660962.481295089470223, 7161928.310931210406125 ], [ 660949.411059796926565, 7161882.565142223611474 ], [ 660926.538155024289154, 7161835.185577049851418 ], [ 660893.862586715025827, 7161813.946466391906142 ], [ 660857.919462728779763, 7161795.974912982434034 ], [ 660831.779006475931965, 7161771.468244383111596 ], [ 660799.103428047965281, 7161702.84956369176507 ], [ 660782.765639185206965, 7161670.174001624807715 ], [ 660764.794069343945011, 7161624.428213692270219 ], [ 660746.822502293623984, 7161591.752651975490153 ], [ 660725.583379222545773, 7161560.710869232192636 ], [ 660692.907809882191941, 7161534.570423744618893 ], [ 660661.866018035798334, 7161505.162421355955303 ], [ 660645.528231624048203, 7161483.923307230696082 ], [ 660630.824222703231499, 7161459.416636204347014 ], [ 660611.218875036109239, 7161415.30462690629065 ], [ 660603.049977124901488, 7161382.629063114523888 ], [ 660603.049968754523434, 7161343.418384487740695 ], [ 660594.881070846691728, 7161310.742820700630546 ], [ 660572.825054858345538, 7161261.729477098211646 ], [ 660554.853483992395923, 7161211.082354360260069 ], [ 660525.445465121185407, 7161157.167677499353886 ], [ 660507.4738977473462, 7161122.85833752155304 ], [ 660502.572554824291728, 7161083.647659948095679 ], [ 660514.008994116215035, 7161046.070757184177637 ], [ 660530.346771102398634, 7161023.197857864201069 ], [ 660543.416992762358859, 7161005.226294063962996 ], [ 660546.684544951771386, 7160985.620954066514969 ], [ 660543.416984746581875, 7160967.649393728002906 ], [ 660533.61431249009911, 7160952.945391332730651 ], [ 660509.107639692025259, 7160952.94539653044194 ], [ 660478.065854496555403, 7160954.579181388020515 ], [ 660442.122734390897676, 7160954.579189008101821 ], [ 660414.348498253850266, 7160921.903629392385483 ], [ 660383.306705746450461, 7160889.228070467710495 ], [ 660383.306699479697272, 7160859.820061514154077 ], [ 660386.574249930796213, 7160832.045830148272216 ], [ 660404.545803363900632, 7160801.00403911434114 ], [ 660412.714686283958144, 7160763.427137062884867 ], [ 660411.080903569352813, 7160742.188019838184118 ], [ 660383.306664306437597, 7160694.808455755934119 ], [ 660357.166207760572433, 7160668.668008901178837 ], [ 660331.025750172673725, 7160637.626227223314345 ], [ 660317.955522597534582, 7160627.823560344055295 ], [ 660299.983961159130558, 7160621.288451051339507 ], [ 660239.534168286714703, 7160621.288463851436973 ], [ 660205.224826384801418, 7160621.288471113890409 ], [ 660187.253266340470873, 7160621.288474917411804 ], [ 660156.211483592400327, 7160634.358707683160901 ], [ 660134.972370653180405, 7160650.696494922041893 ], [ 660099.029254038701765, 7160667.034285271540284 ], [ 660077.790137625299394, 7160667.034289764240384 ], [ 660053.283462751191109, 7160657.231625302694738 ], [ 660020.607893821550533, 7160632.724958091974258 ], [ 659974.86210843839217, 7160650.696528782136738 ], [ 659948.721664412179962, 7160683.372099796310067 ], [ 659916.046107984962873, 7160717.681450471282005 ], [ 659881.736776839359663, 7160768.328584236092865 ], [ 659865.399005740764551, 7160818.975714206695557 ], [ 659865.399015110451728, 7160863.087727634236217 ], [ 659853.96257231652271, 7160884.326847622171044 ], [ 659842.526127443648875, 7160895.763297963887453 ], [ 659821.287011020933278, 7160895.76330244820565 ], [ 659798.414114328683354, 7160885.960637629032135 ], [ 659777.174996173125692, 7160877.791750736534595 ], [ 659751.851430121343583, 7160858.186416782438755 ], [ 659732.246088763000444, 7160843.482416444458067 ], [ 659706.105632928665727, 7160820.609526112675667 ], [ 659683.232733465498313, 7160797.736635087057948 ], [ 659634.219378523062915, 7160753.624632008373737 ], [ 659588.473584808991291, 7160732.385524081066251 ], [ 659536.192682857159525, 7160732.385535104200244 ], [ 659483.911779863527045, 7160727.48421129770577 ], [ 659447.968656656215899, 7160712.78021439909935 ], [ 659405.490420359070413, 7160696.44244059920311 ], [ 659356.477074435446411, 7160694.808672646060586 ], [ 659318.900177888339385, 7160702.977571929804981 ], [ 659292.759726566378959, 7160701.343799156136811 ], [ 659233.943708759616129, 7160686.639807061292231 ], [ 659168.592580285272561, 7160681.738485984504223 ], [ 659103.24145284993574, 7160681.738499723374844 ], [ 659067.298330687219277, 7160671.93583763204515 ], [ 659039.524098765105009, 7160658.865617272444069 ], [ 659019.918757769744843, 7160645.795395194552839 ], [ 658983.975630778237246, 7160613.119837254285812 ], [ 658949.666280595120043, 7160573.909165875986218 ], [ 658920.258267730474472, 7160547.768719663843513 ], [ 658912.089371282490902, 7160521.628268986940384 ], [ 658910.455587921314873, 7160497.121595218777657 ], [ 658908.821801110869274, 7160456.277138708159328 ], [ 658912.089339881786145, 7160372.954446046613157 ], [ 658903.920436190441251, 7160312.504651630297303 ], [ 658899.019090594141744, 7160260.223747899755836 ], [ 658895.751528359134682, 7160232.449517932720482 ], [ 658869.611072916653939, 7160211.210405863821507 ], [ 658851.639512193156406, 7160207.942853088490665 ], [ 658817.33017065434251, 7160209.576638562604785 ], [ 658781.387055756524205, 7160234.083320207893848 ], [ 658760.147947627818212, 7160273.294003231450915 ], [ 658740.542617680039257, 7160312.504685913212597 ], [ 658716.035950072109699, 7160337.011365161277354 ], [ 658688.261722647352144, 7160345.180262353271246 ], [ 658660.487494532950222, 7160350.081602998077869 ], [ 658647.417269049910828, 7160350.081605738028884 ], [ 658626.178149543469772, 7160335.37760572321713 ], [ 658583.699912597425282, 7160315.77227533981204 ], [ 658555.925683449138887, 7160315.772281158715487 ], [ 658529.785231799469329, 7160312.504730086773634 ], [ 658502.010997833334841, 7160289.631840070709586 ], [ 658502.010992671479471, 7160265.125165967270732 ], [ 658502.010986477136612, 7160235.717157041653991 ], [ 658497.109644695417956, 7160201.407814322039485 ], [ 658470.969186854781583, 7160168.732254326343536 ], [ 658449.730067012482323, 7160152.394476039335132 ], [ 658418.688277374953032, 7160132.78914325684309 ], [ 658377.026928161154501, 7160106.648699601180851 ], [ 658329.647357710869983, 7160091.94470505323261 ], [ 658292.070456372573972, 7160077.240708456374705 ], [ 658277.366449618479237, 7160062.536707068793476 ], [ 658265.929999233339913, 7160047.832705004140735 ], [ 658262.662438397295773, 7160026.593588135205209 ], [ 658259.394874470192008, 7159990.650466812774539 ], [ 658236.521971984417178, 7159953.073571313172579 ], [ 658223.451736201997846, 7159904.060225857421756 ], [ 658215.282835319172591, 7159856.680657654069364 ], [ 658197.311264986405149, 7159807.667313228361309 ], [ 658174.438363541266881, 7159774.991752556525171 ], [ 658159.734357138862833, 7159761.921529448591173 ], [ 658143.396569806616753, 7159735.78108050301671 ], [ 658131.960115307127126, 7159701.471739172004163 ], [ 658117.256103758467361, 7159663.89484197832644 ], [ 658107.453430190915242, 7159642.65572648588568 ], [ 658086.214308999362402, 7159619.78283510915935 ], [ 658073.144079411169514, 7159600.177498575299978 ], [ 658071.510291273822077, 7159552.797929024323821 ], [ 658073.144062590668909, 7159520.122363241389394 ], [ 658053.53871031885501, 7159453.137458183802664 ], [ 658032.299584330059588, 7159407.391671007499099 ], [ 657999.624011404812336, 7159363.279664494097233 ], [ 657962.047103930963203, 7159319.167659005150199 ], [ 657926.103976020705886, 7159281.590766260400414 ], [ 657899.963518577045761, 7159250.548984555527568 ], [ 657891.794623550027609, 7159230.943647004663944 ], [ 657890.160842967103235, 7159219.507199443876743 ], [ 657898.32973216753453, 7159211.338306384161115 ], [ 657909.766178074409254, 7159204.803190913982689 ], [ 657935.906627280870453, 7159196.63429409917444 ], [ 657953.878184205153957, 7159181.930285907350481 ], [ 657980.018629982601851, 7159157.42360638268292 ], [ 657997.99018450116273, 7159131.283150292001665 ], [ 658030.665743690216914, 7159110.04402594268322 ], [ 658051.90485629113391, 7159092.07246052660048 ], [ 658060.073741022031754, 7159062.664449943229556 ], [ 658060.073736559948884, 7159041.425332421436906 ], [ 658055.172395834117197, 7159012.01732456497848 ], [ 658027.398159873438999, 7158979.341764949262142 ], [ 657991.45503197168, 7158941.7648722268641 ], [ 657940.807892892276868, 7158868.244860616512597 ], [ 657913.033655227860436, 7158827.400409646332264 ], [ 657878.724305180716328, 7158788.189738316461444 ], [ 657824.809621068066917, 7158768.584410313516855 ], [ 657774.162495720665902, 7158760.41552952490747 ], [ 657710.445149372681044, 7158773.485768968239427 ], [ 657646.727805419708602, 7158797.992456300184131 ], [ 657607.517134873894975, 7158825.766695065423846 ], [ 657576.475349762476981, 7158827.400479799136519 ], [ 657560.137565889395773, 7158817.59781357832253 ], [ 657550.697191936895251, 7158832.241801859810948 ], [ 657510.375106550287455, 7158832.241810249164701 ], [ 657473.154719393118285, 7158829.140118951909244 ], [ 657435.93433125782758, 7158821.38587908539921 ], [ 657394.061396111152135, 7158819.835038274526596 ], [ 657369.247807698207907, 7158832.241839610040188 ], [ 657352.188468099338934, 7158852.402886943891644 ], [ 657344.434226746670902, 7158880.318179953843355 ], [ 657344.43423096369952, 7158900.479223744943738 ], [ 657330.476593479281291, 7158936.148765655234456 ], [ 657318.069804785074666, 7158968.716608203016222 ], [ 657301.010468422668055, 7159004.386150764301419 ], [ 657276.196885514771566, 7159043.157393982633948 ], [ 657254.485001157503575, 7159080.377787034958601 ], [ 657243.629059950239025, 7159103.640532128512859 ], [ 657238.976519413408823, 7159140.860921639949083 ], [ 657238.976533996523358, 7159210.64915016386658 ], [ 657238.976549555896781, 7159285.089927265420556 ], [ 657229.671462644939311, 7159331.615414889529347 ], [ 657211.061279746005312, 7159381.242603498511016 ], [ 657172.290051221381873, 7159416.912150582298636 ], [ 657125.764578736852854, 7159468.090194514021277 ], [ 657100.950994507293217, 7159500.658039655536413 ], [ 657094.747602905612439, 7159530.124181888997555 ], [ 657088.544217128423043, 7159587.50561554916203 ], [ 657102.501874712412246, 7159647.988744074478745 ], [ 657128.866326520568691, 7159702.268471935763955 ], [ 657149.027378629660234, 7159747.243103941902518 ], [ 657162.209617980755866, 7159838.74322312604636 ], [ 657168.413021573098376, 7159866.658513270318508 ], [ 657168.413027729489841, 7159896.12465423066169 ], [ 657108.898991136229597, 7159928.140884354710579 ], [ 657042.794232790009119, 7159942.650166036561131 ], [ 656994.717900143237785, 7159942.650176011025906 ], [ 656952.844967844197527, 7159955.056980891153216 ], [ 656932.683930297382176, 7159979.870577462017536 ], [ 656914.073742187931202, 7160004.68417371250689 ], [ 656892.361865869956091, 7160080.675804917700589 ], [ 656881.505926578072831, 7160113.243647185154259 ], [ 656861.344889669329859, 7160141.158942808397114 ], [ 656836.531303467578255, 7160164.421690823510289 ], [ 656824.124511823989451, 7160183.031887691468 ], [ 656819.471969318110496, 7160210.947180105373263 ], [ 656822.573675309075043, 7160245.065869009122252 ], [ 656838.082176830153912, 7160279.184555347077549 ], [ 656850.488981409347616, 7160322.608339477330446 ], [ 656870.650035784114152, 7160378.438918208703399 ], [ 656892.361936365487054, 7160418.76100136525929 ], [ 656916.959457451477647, 7160468.628649300895631 ], [ 656941.989137569209561, 7160510.261113078333437 ], [ 656951.294240686809644, 7160541.278101658448577 ], [ 656952.845097245648503, 7160575.396790901198983 ], [ 656938.887459064018913, 7160607.964633837342262 ], [ 656902.615430446108803, 7160640.757416432723403 ], [ 656888.308552767848596, 7160691.481844141148031 ], [ 656873.108917189529166, 7160745.371507098898292 ], [ 656859.987153870402835, 7160791.894162136130035 ], [ 656810.167011003242806, 7160874.710778990760446 ], [ 656793.107671017525718, 7160893.320976838469505 ], [ 656772.946635055006482, 7160925.888821071945131 ], [ 656766.743245040299371, 7160963.109210988506675 ], [ 656774.497500651981682, 7161003.431297071278095 ], [ 656817.921299906098284, 7161074.770366301760077 ], [ 656853.590855835471302, 7161164.719631466083229 ], [ 656853.590867150574923, 7161218.999364908784628 ], [ 656847.3874890957959, 7161313.601187348365784 ], [ 656814.819661457790062, 7161364.779228496365249 ], [ 656780.700982111738995, 7161405.101323274895549 ], [ 656745.031455576885492, 7161456.279365070164204 ], [ 656717.116172379697673, 7161488.847210928797722 ], [ 656680.360856879968196, 7161515.866442604921758 ], [ 656679.661084661027417, 7161522.164404854178429 ], [ 656652.755930810351856, 7161538.4744091341272 ], [ 656641.899987612268887, 7161552.432057132013142 ], [ 656635.696594034903683, 7161572.593102273531258 ], [ 656635.696598878363147, 7161595.85584519058466 ], [ 656638.798301963601261, 7161616.016888410784304 ], [ 656665.722378584672697, 7161647.613004298880696 ], [ 656710.137391549069434, 7161688.906801455654204 ], [ 656747.357787891523913, 7161735.432279591448605 ], [ 656776.823937665089034, 7161785.059458388015628 ], [ 656778.374796155607328, 7161828.483244857750833 ], [ 656770.620554427499883, 7161854.847688443958759 ], [ 656755.112067740410566, 7161892.068080339580774 ], [ 656728.747633000719361, 7161919.983377311378717 ], [ 656705.484894889872521, 7161937.042726941406727 ], [ 656671.366209697560407, 7161949.449530232697725 ], [ 656636.191645839018747, 7161958.658645767718554 ], [ 656609.332235800102353, 7161968.059737410396338 ], [ 656589.171194957336411, 7161977.364838753826916 ], [ 656570.56100388255436, 7161988.220789302140474 ], [ 656564.35760997608304, 7162006.830984929576516 ], [ 656558.154218329698779, 7162036.297127255238593 ], [ 656558.154227685648948, 7162081.271763591095805 ], [ 656598.705988277914003, 7162154.555072346702218 ], [ 656633.370449636364356, 7162196.034613170661032 ], [ 656644.226406403118744, 7162247.212645385414362 ], [ 656624.065372011158615, 7162287.534737315028906 ], [ 656588.395841553458013, 7162320.102584811858833 ], [ 656543.421214097412303, 7162351.119584700092673 ], [ 656503.099135295953602, 7162383.687433157116175 ], [ 656464.327907226164825, 7162422.458679407835007 ], [ 656416.251584090758115, 7162468.984175230376422 ], [ 656389.887149000074714, 7162495.348622679710388 ], [ 656375.929511079797521, 7162529.467315215617418 ], [ 656371.276970477658324, 7162566.687704894691706 ], [ 656355.768481175182387, 7162591.501300574280322 ], [ 656340.259991552913561, 7162614.764046726748347 ], [ 656332.505749480100349, 7162639.577640807256103 ], [ 656332.505757212173194, 7162676.798029526136816 ], [ 656326.302365227718838, 7162704.713322349824011 ], [ 656323.200673743267544, 7162740.382862184196711 ], [ 656294.509960926021449, 7162749.687965286895633 ], [ 656265.011678008711897, 7162762.094767620787024 ], [ 656265.011680907686241, 7162776.052413392812014 ], [ 656237.128541404614225, 7162797.764312572777271 ], [ 656216.967505044536665, 7162828.781307339668274 ], [ 656213.8658116243314, 7162855.145749995484948 ], [ 656218.518371554091573, 7162910.976332133635879 ], [ 656237.128574246075004, 7162955.950964677147567 ], [ 656238.679427878465503, 7162976.112008258700371 ], [ 656241.781133852899075, 7163010.23069728910923 ], [ 656265.011735953623429, 7163041.149938302114606 ], [ 656261.824055759236217, 7163069.839115863665938 ], [ 656286.7557835849002, 7163086.222315016202629 ], [ 656299.162582379067317, 7163101.730807764455676 ], [ 656308.467685179319233, 7163131.196946930140257 ], [ 656303.815145857282914, 7163174.620734762400389 ], [ 656285.204962156713009, 7163221.146224537864327 ], [ 656269.696476059965789, 7163261.468315550126135 ], [ 656263.493088575545698, 7163311.095501834526658 ], [ 656257.28969722869806, 7163342.112493742257357 ], [ 656238.679510300396942, 7163373.129488212987781 ], [ 656213.865922042168677, 7163387.087139116600156 ], [ 656178.196385719347745, 7163391.739695072174072 ], [ 656134.772600871277973, 7163390.188854497857392 ], [ 656103.755611603381112, 7163388.638011362403631 ], [ 656069.368038047803566, 7163386.818283569067717 ], [ 656053.859546790132299, 7163402.326782081276178 ], [ 656033.698508154717274, 7163422.487830148078501 ], [ 656021.221978335059248, 7163434.964365800842643 ], [ 656021.221981913666241, 7163452.222859174013138 ], [ 656021.221987058175728, 7163477.036451678723097 ], [ 656021.221993809798732, 7163509.604291846044362 ], [ 656021.222008921438828, 7163582.494219841435552 ], [ 656021.222015350009315, 7163613.511210482567549 ], [ 656061.882739239837974, 7163691.053678704425693 ], [ 656071.18784525222145, 7163736.028313221409917 ], [ 656069.637006738572381, 7163788.757197636179626 ], [ 656055.679373925784603, 7163847.689482747577131 ], [ 656043.272587663959712, 7163892.664121747016907 ], [ 656021.222083829925396, 7163943.842160870321095 ], [ 655998.297967807622626, 7163960.901510453782976 ], [ 655968.831830214010552, 7163970.206613721325994 ], [ 655908.348703971249051, 7163981.062572909519076 ], [ 655872.679169868002646, 7163996.571075581945479 ], [ 655855.619831391377375, 7164022.935521151870489 ], [ 655846.314742407994345, 7164060.155911855399609 ], [ 655846.314761033398099, 7164150.105184772051871 ], [ 655864.924962129909545, 7164187.32556973490864 ], [ 655882.759752954822034, 7164294.334183860570192 ], [ 655887.412307726568542, 7164325.351173571310937 ], [ 655887.412317363778129, 7164371.876659575849771 ], [ 655888.963172915042378, 7164401.342800395563245 ], [ 655899.819123880006373, 7164424.605541164986789 ], [ 655902.92084173229523, 7164516.105663018301129 ], [ 655913.776792699587531, 7164539.368403791449964 ], [ 655935.488691100617871, 7164568.83454046305269 ], [ 655963.40398826287128, 7164602.953224461525679 ], [ 655979.143859710777178, 7164638.512400886043906 ], [ 655968.91470329510048, 7164653.003712957724929 ], [ 655950.476433954318054, 7164679.124607412144542 ], [ 655958.751463051652536, 7164714.614391880109906 ], [ 655958.751470122253522, 7164748.733081636950374 ], [ 655961.853175128111616, 7164778.199222151190042 ], [ 655954.098931413376704, 7164795.258568627759814 ], [ 655933.937891771201976, 7164810.767068123444915 ], [ 655890.514111342607066, 7164830.928121016360819 ], [ 655862.598827661247924, 7164861.945117453113198 ], [ 655847.090339899412356, 7164894.512960874475539 ], [ 655834.683548792032525, 7164916.224856914952397 ], [ 655814.522511071758345, 7164941.038453618064523 ], [ 655781.06766702234745, 7164947.376469447277486 ], [ 655774.249836963019334, 7164969.777928922325373 ], [ 655750.937691304832697, 7164978.258855536580086 ], [ 655732.327501108404249, 7164993.767354714684188 ], [ 655721.471558482153341, 7165010.826701829209924 ], [ 655701.310518190264702, 7165023.233502256684005 ], [ 655687.352876341785304, 7165038.742000476457179 ], [ 655679.598632295499556, 7165054.250497417524457 ], [ 655678.047785731381737, 7165068.20814355276525 ], [ 655684.251187063986436, 7165085.267487160861492 ], [ 655701.310534552671015, 7165102.32682853937149 ], [ 655728.065142422448844, 7165121.527760479599237 ], [ 655752.488573489594273, 7165136.445507786236703 ], [ 655767.997071205638349, 7165151.953999945893884 ], [ 655769.547925794147886, 7165176.767592191696167 ], [ 655769.547930929227732, 7165201.581184754148126 ], [ 655760.242839357350022, 7165226.394779236987233 ], [ 655741.632651401916519, 7165252.759225165471435 ], [ 655721.471615593181923, 7165286.877919090911746 ], [ 655704.412278047762811, 7165317.894913309253752 ], [ 655687.352940176730044, 7165347.361057994887233 ], [ 655670.293600060627796, 7165365.971255930140615 ], [ 655657.886806375463493, 7165375.276355694048107 ], [ 655648.581711270147935, 7165383.030605286359787 ], [ 655629.660635306150652, 7165392.800246573984623 ], [ 655615.944877587491646, 7165395.800369733944535 ], [ 655606.862435407587327, 7165401.09050683863461 ], [ 655598.98669465968851, 7165408.966251263394952 ], [ 655583.649725921219215, 7165424.717740019783378 ], [ 655572.310440724832006, 7165455.301903523504734 ], [ 655557.223279501777142, 7165475.875315202400088 ], [ 655540.509071480715647, 7165498.667428145185113 ], [ 655529.563483926234767, 7165513.593236619606614 ], [ 655496.598495468264446, 7165530.361342418938875 ], [ 655481.090001272619702, 7165531.912195138633251 ], [ 655460.928961602970958, 7165547.420694638043642 ], [ 655445.420470609329641, 7165564.480042720213532 ], [ 655443.869626281550154, 7165589.293635617010295 ], [ 655458.630490606883541, 7165610.320092764683068 ], [ 655491.94597306358628, 7165655.980155799537897 ], [ 655509.005324085592292, 7165690.09884209278971 ], [ 655499.700233140727505, 7165718.014135656878352 ], [ 655471.784947486710735, 7165739.726034900173545 ], [ 655414.403522239532322, 7165761.437940191477537 ], [ 655372.530587031506002, 7165761.437948785722256 ], [ 655339.962745976867154, 7165749.031159177422523 ], [ 655313.598299207747914, 7165719.565023393370211 ], [ 655280.078014346421696, 7165686.842630160041153 ], [ 655242.259213857003488, 7165668.387003326788545 ], [ 655201.937121390481479, 7165635.819171332754195 ], [ 655177.123526000999846, 7165615.658132448792458 ], [ 655147.657384179532528, 7165604.802191731519997 ], [ 655108.88614788511768, 7165604.802199676632881 ], [ 655079.420009894645773, 7165612.556453393772244 ], [ 655034.445380582939833, 7165635.819205647334456 ], [ 654997.22500651050359, 7165697.85319471731782 ], [ 654992.572464222554117, 7165727.319336861371994 ], [ 654979.390245795832016, 7165736.624436777085066 ], [ 654946.822407619794831, 7165738.175292979925871 ], [ 654898.746073007816449, 7165730.421055134385824 ], [ 654856.873137162649073, 7165727.319364627823234 ], [ 654822.754446664359421, 7165714.912575313821435 ], [ 654777.779810004169121, 7165702.505788216367364 ], [ 654718.847526363213547, 7165680.793906759470701 ], [ 654670.771190164261498, 7165665.285421216860414 ], [ 654641.30505057843402, 7165665.285427233204246 ], [ 654628.898258464643732, 7165682.344774669036269 ], [ 654635.101660096319392, 7165700.954967835918069 ], [ 654666.118654872407205, 7165728.870253155939281 ], [ 654704.88989627500996, 7165753.683837816119194 ], [ 654760.720480698859319, 7165773.844870379194617 ], [ 654788.635773071786389, 7165784.700811429880559 ], [ 654822.754466762184165, 7165812.616096111014485 ], [ 654850.669764559948817, 7165849.836479280143976 ], [ 654870.83081892656628, 7165905.667058479040861 ], [ 654880.094355145702139, 7165955.62039908953011 ], [ 654841.978650157805532, 7166041.380787461996078 ], [ 654812.752346160355955, 7166107.140011440962553 ], [ 654795.613069415325299, 7166145.703407559543848 ], [ 654783.52027989027556, 7166172.912200531922281 ], [ 654770.961776519892737, 7166189.238262728787959 ], [ 654749.864635603851639, 7166265.464175820350647 ], [ 654735.906999768572859, 7166310.438815262168646 ], [ 654724.275641303393058, 7166370.921949608251452 ], [ 654727.377350092167035, 7166418.998284643515944 ], [ 654745.987557561486028, 7166487.235660510137677 ], [ 654747.538417216972448, 7166536.862845407798886 ], [ 654747.538425505743362, 7166577.184933396056294 ], [ 654722.724847632227466, 7166642.320619072765112 ], [ 654707.216362336068414, 7166687.295258853584528 ], [ 654687.055323894252069, 7166709.007156509906054 ], [ 654668.445132038905285, 7166716.761408004909754 ], [ 654615.716255057835951, 7166738.473312310874462 ], [ 654569.190773660666309, 7166749.329268578439951 ], [ 654538.173786169383675, 7166757.083522602915764 ], [ 654514.135618991451338, 7166753.98182843439281 ], [ 654466.059286228381097, 7166755.532687781378627 ], [ 654417.982953146682121, 7166755.532697586342692 ], [ 654382.313413473311812, 7166744.676758090034127 ], [ 654332.686227762023918, 7166729.168272824026644 ], [ 654273.753939601243474, 7166685.744497757405043 ], [ 654258.245439976919442, 7166660.930908302776515 ], [ 654225.677596994908527, 7166639.219021401368082 ], [ 654162.092764934292063, 7166617.507140815258026 ], [ 654108.410045126336627, 7166622.98591410368681 ], [ 654022.516316302353516, 7166628.363115987740457 ], [ 653949.626393554150127, 7166636.117378503084183 ], [ 653917.05856136220973, 7166667.13437589071691 ], [ 653886.041577037540264, 7166690.397125270217657 ], [ 653837.965245862025768, 7166699.702232269570231 ], [ 653808.49910623463802, 7166699.702238256111741 ], [ 653797.643160371575505, 7166701.253089997917414 ], [ 653785.236367272678763, 7166713.659888826310635 ], [ 653780.583823347114958, 7166735.371783309616148 ], [ 653774.38043344928883, 7166774.14302303083241 ], [ 653765.075344010838307, 7166809.812564305961132 ], [ 653741.812608848558739, 7166842.380409341305494 ], [ 653710.795622926321812, 7166857.88891102746129 ], [ 653659.617590932291932, 7166857.888921413570642 ], [ 653614.642956437310204, 7166856.338081002235413 ], [ 653577.422569212852977, 7166854.787239012308419 ], [ 653551.058128173463047, 7166853.236394820734859 ], [ 653516.939441125839949, 7166857.888950353488326 ], [ 653478.168207925045863, 7166873.397453600540757 ], [ 653433.193579436163418, 7166901.312754414975643 ], [ 653403.727442013565451, 7166912.168707154691219 ], [ 653385.117251403396949, 7166926.126356774941087 ], [ 653363.405362512450665, 7166943.185706100426614 ], [ 653335.435329654952511, 7166978.849101347848773 ], [ 653337.040934106917121, 7167003.668843457475305 ], [ 653337.040939792175777, 7167031.584135163575411 ], [ 653333.939244672190398, 7167050.194330260157585 ], [ 653355.651147781987675, 7167102.92321019154042 ], [ 653416.134284427040257, 7167141.694436421617866 ], [ 653458.007228563306853, 7167185.118215039372444 ], [ 653510.736115096951835, 7167209.931796979159117 ], [ 653552.609053548658267, 7167225.440283882431686 ], [ 653574.320949718472548, 7167244.050473953597248 ], [ 653575.871803288464434, 7167264.211517652496696 ], [ 653557.261613619863056, 7167282.821715906262398 ], [ 653538.651421737740748, 7167290.575967375189066 ], [ 653513.837832667632028, 7167301.431919185444713 ], [ 653489.024243911611848, 7167313.83872053027153 ], [ 653473.515752517734654, 7167329.347219072282314 ], [ 653461.108958139899187, 7167335.550619745627046 ], [ 653444.049614131101407, 7167335.550623200833797 ], [ 653426.990264750318602, 7167309.186184484511614 ], [ 653408.380064015625976, 7167273.516648843884468 ], [ 653383.566464831470512, 7167234.745415380224586 ], [ 653330.837578616570681, 7167211.482682969421148 ], [ 653285.862945049419068, 7167214.584391155280173 ], [ 653247.091708671767265, 7167214.584399001672864 ], [ 653209.871317013166845, 7167191.321663441136479 ], [ 653186.608572659897618, 7167178.914871834218502 ], [ 653166.447527221869677, 7167166.508079599589109 ], [ 653129.227135565713979, 7167143.245344038121402 ], [ 653105.964391850284301, 7167133.940251505933702 ], [ 653074.947401804616675, 7167129.287709159776568 ], [ 653047.032110037631355, 7167121.533467104658484 ], [ 653011.362572257756256, 7167119.982624775730073 ], [ 652969.489640125771984, 7167135.491128627210855 ], [ 652938.472655753022991, 7167158.75387798063457 ], [ 652913.659063844126649, 7167155.652183914557099 ], [ 652887.294621217995882, 7167146.347092002630234 ], [ 652853.175931632518768, 7167138.592851192690432 ], [ 652836.116587311727926, 7167137.042005100287497 ], [ 652815.955544398631901, 7167137.04200916737318 ], [ 652797.34535125142429, 7167138.592862462624907 ], [ 652744.61647387361154, 7167158.75391711294651 ], [ 652701.192690076888539, 7167163.40647448785603 ], [ 652650.014655543956906, 7167150.99968849401921 ], [ 652606.59086797456257, 7167137.042051393538713 ], [ 652566.26877931621857, 7167123.084413664415479 ], [ 652522.844993319013156, 7167116.881024255417287 ], [ 652487.175458997138776, 7167132.389526832848787 ], [ 652429.794029477750883, 7167133.940387926064432 ], [ 652383.268545828294009, 7167133.940397290512919 ], [ 652370.861750818323344, 7167137.042098866775632 ], [ 652356.904108547838405, 7167150.999747527763247 ], [ 652335.192219943506643, 7167169.609946368262172 ], [ 652322.785425557754934, 7167175.813347021117806 ], [ 652291.768436772050336, 7167177.364202799275517 ], [ 652262.30229649762623, 7167174.26250964589417 ], [ 652235.937855133088306, 7167171.160815868526697 ], [ 652187.861522026825696, 7167171.160825532861054 ], [ 652153.742834643810056, 7167174.262531469576061 ], [ 652087.056310269981623, 7167185.118491639383137 ], [ 652042.08167795103509, 7167194.423597910441458 ], [ 652014.166386819211766, 7167189.771054897457361 ], [ 651980.047695363289677, 7167172.711716811172664 ], [ 651914.136581320082769, 7167112.228598007932305 ], [ 651883.119583770399913, 7167070.355666670948267 ], [ 651862.958532725227997, 7167030.033582700416446 ], [ 651831.941530490876175, 7166964.897908285260201 ], [ 651807.405946636223234, 7166890.882859503850341 ], [ 651748.195638369070366, 7166857.889306897297502 ], [ 651728.034588587237522, 7166823.770621088333428 ], [ 651715.627785138320178, 7166784.999385110102594 ], [ 651672.420040370081551, 7166686.381552470847964 ], [ 651630.331042349804193, 7166671.787385894916952 ], [ 651605.517443899880163, 7166636.117851482704282 ], [ 651597.763191945618019, 7166612.85510996170342 ], [ 651595.499371067155153, 7166566.72722439467907 ], [ 651572.599571228842251, 7166530.74183867033571 ], [ 651544.437960767303593, 7166486.487896610051394 ], [ 651500.05964295566082, 7166446.914228955283761 ], [ 651453.245695845107548, 7166348.088578865863383 ], [ 651440.411076774471439, 7166333.649637463502586 ], [ 651419.447865627589636, 7166310.06603317335248 ], [ 651409.334914046921767, 7166268.566550279036164 ], [ 651369.906236021313816, 7166254.331719353795052 ], [ 651351.082128057139926, 7166233.154605298303068 ], [ 651305.4279950739583, 7166240.651279375888407 ], [ 651280.614401018247008, 7166226.693638497963548 ], [ 651263.55505329510197, 7166208.083447460085154 ], [ 651240.292308072326705, 7166191.0241071972996 ], [ 651203.071916836081073, 7166169.312221108935773 ], [ 651161.19897818134632, 7166152.252884563058615 ], [ 651116.224339998327196, 7166132.091849556192756 ], [ 651060.393753469688818, 7166101.074869954027236 ], [ 651020.071663028094918, 7166077.81213494297117 ], [ 650996.808917194139212, 7166057.651095602661371 ], [ 650985.952964179916307, 7166023.532407952472568 ], [ 650984.402107262052596, 7165986.312019377946854 ], [ 650984.402100419742055, 7165952.193329567089677 ], [ 650968.893598427413963, 7165914.972943780943751 ], [ 650948.732551814289764, 7165896.362753359600902 ], [ 650940.978300818009302, 7165877.752560468390584 ], [ 650940.978296777233481, 7165857.591516493819654 ], [ 650950.283389759017155, 7165838.981320197694004 ], [ 650980.875316030927934, 7165819.895712114870548 ], [ 650982.110648126923479, 7165821.355649534612894 ], [ 651001.461412662756629, 7165794.006673434749246 ], [ 650998.359709401614964, 7165772.294780541211367 ], [ 650989.054609889048152, 7165758.337136572226882 ], [ 650956.486762685934082, 7165714.913356047123671 ], [ 650906.859569960855879, 7165663.735331246629357 ], [ 650869.639175965334289, 7165628.0657993350178 ], [ 650841.723880860023201, 7165603.252212317660451 ], [ 650829.317080271895975, 7165578.438622215762734 ], [ 650826.215380126610398, 7165572.23522468842566 ], [ 650813.80858109309338, 7165555.175882264971733 ], [ 650799.850933232344687, 7165541.218239223584533 ], [ 650778.96805276744999, 7165518.895567974075675 ], [ 650761.987897940096445, 7165538.963032901287079 ], [ 650742.38256285758689, 7165555.300819654017687 ], [ 650708.073227274464443, 7165587.97639218904078 ], [ 650683.566558580612764, 7165609.215514774434268 ], [ 650668.86255579139106, 7165614.11685255728662 ], [ 650634.553213011357002, 7165610.849302813410759 ], [ 650608.412759904866107, 7165601.046638302505016 ], [ 650583.906086630886421, 7165599.412864891812205 ], [ 650565.934529411490075, 7165614.116873032413423 ], [ 650536.526526774279773, 7165638.623553157784045 ], [ 650520.188747423933819, 7165651.693782690912485 ], [ 650482.611855106195435, 7165682.735577584244311 ], [ 650446.668738698936068, 7165702.340924148447812 ], [ 650412.359402117086574, 7165730.115161820314825 ], [ 650379.683842098689638, 7165749.720507735386491 ], [ 650332.304277327028103, 7165764.424521716311574 ], [ 650296.361160259111784, 7165780.762311706319451 ], [ 650280.023381879786029, 7165798.733876093290746 ], [ 650260.418048408231698, 7165823.240554268471897 ], [ 650242.446494437055662, 7165854.282345263287425 ], [ 650239.178940978134051, 7165868.986350484192371 ], [ 650239.178944237530231, 7165885.324133343994617 ], [ 650245.714059961028397, 7165900.028136618435383 ], [ 650260.418067326187156, 7165917.999694844707847 ], [ 650263.685626653488725, 7165932.703698771074414 ], [ 650263.685630890773609, 7165953.942816488444805 ], [ 650257.150522016221657, 7165973.548157216981053 ], [ 650253.882969537284225, 7165993.153497298248112 ], [ 650247.347862618393265, 7166022.561507742851973 ], [ 650235.911422083037905, 7166056.870854023844004 ], [ 650224.474979267339222, 7166079.743752300739288 ], [ 650203.235864326590672, 7166087.912647943943739 ], [ 650180.36296956113074, 7166087.912652482278645 ], [ 650168.926525438553654, 7166104.250437614507973 ], [ 650167.292750174296089, 7166118.954442512243986 ], [ 650165.658975560916588, 7166136.92600399069488 ], [ 650155.85631159087643, 7166163.066458515822887 ], [ 650141.152315957238898, 7166203.910918593406677 ], [ 650110.11053573701065, 7166231.685155619867146 ], [ 650069.266083073336631, 7166243.121611721813679 ], [ 650034.956741241971031, 7166244.755396807566285 ], [ 650016.985182365286164, 7166251.290513513609767 ], [ 650007.182515458902344, 7166262.726963467895985 ], [ 650002.281186073552817, 7166288.867417021654546 ], [ 650002.281190957059152, 7166313.374091325327754 ], [ 649999.013638142962009, 7166331.345653127878904 ], [ 649977.774527100729756, 7166359.11988821066916 ], [ 649951.63408113992773, 7166385.260345978662372 ], [ 649930.39497204660438, 7166422.837250785902143 ], [ 649928.761202960740775, 7166468.583043145015836 ], [ 649928.761208492331207, 7166496.357274025678635 ], [ 649923.859882682096213, 7166540.469288751482964 ], [ 649910.789661974995397, 7166564.975965648889542 ], [ 649886.282992899417877, 7166584.581309948116541 ], [ 649837.269646292319521, 7166581.313763074576855 ], [ 649791.523857380263507, 7166584.581328701227903 ], [ 649758.848295683041215, 7166596.017783176153898 ], [ 649739.242960874224082, 7166613.989348215982318 ], [ 649718.00384721532464, 7166628.69335700199008 ], [ 649685.328288763877936, 7166656.467594351619482 ], [ 649662.45539787854068, 7166676.072938322089612 ], [ 649616.709612532053143, 7166697.312065100297332 ], [ 649584.034049854148179, 7166703.847184706479311 ], [ 649544.823374054394662, 7166708.748527316376567 ], [ 649510.51403187867254, 7166708.748534091748297 ], [ 649440.261572569957934, 7166725.086330836638808 ], [ 649374.91044396487996, 7166721.818787159398198 ], [ 649325.89709508093074, 7166707.114792236126959 ], [ 649285.052639135625213, 7166702.213465426117182 ], [ 649232.771735800080933, 7166697.312140870839357 ], [ 649191.927281153853983, 7166698.945927207358181 ], [ 649152.716606321977451, 7166708.748604658991098 ], [ 649118.407263498753309, 7166705.481054838746786 ], [ 649080.830359747866169, 7166679.340609638020396 ], [ 649062.8587953542592, 7166658.101495437324047 ], [ 649049.788561677210964, 7166617.25704082660377 ], [ 649049.788558442378417, 7166600.919257951900363 ], [ 649051.422330493107438, 7166569.87747017107904 ], [ 649051.422322729486041, 7166530.666791275143623 ], [ 649046.52098166407086, 7166497.991226498037577 ], [ 649025.281856675399467, 7166455.512995213270187 ], [ 649023.648072008625604, 7166422.837429793551564 ], [ 649017.112955009914003, 7166401.598313351161778 ], [ 649005.676504065282643, 7166383.62675444688648 ], [ 648968.099600980291143, 7166360.753865822218359 ], [ 648943.592921867151745, 7166329.71208319440484 ], [ 648912.55112382338848, 7166267.628514403477311 ], [ 648901.114667386747897, 7166221.88272462785244 ], [ 648897.847103235777467, 7166182.672046396881342 ], [ 648888.044420800404623, 7166115.687138582579792 ], [ 648899.480855578789487, 7166051.96978317014873 ], [ 648899.480849761515856, 7166022.561774020083249 ], [ 648899.480844591045752, 7165996.421321442350745 ], [ 648894.579503212706186, 7165962.111978398635983 ], [ 648878.241712838178501, 7165919.633746177889407 ], [ 648848.833699150476605, 7165888.591964529827237 ], [ 648803.08790220390074, 7165851.015072946436703 ], [ 648770.412327928934246, 7165798.734174229204655 ], [ 648737.736755275866017, 7165754.622166935354471 ], [ 648706.694965016562492, 7165731.749277039431036 ], [ 648670.751841459888965, 7165715.411501242779195 ], [ 648642.977606955799274, 7165689.271054130978882 ], [ 648634.808715647086501, 7165687.637277448549867 ], [ 648620.104713815147988, 7165697.439950047060847 ], [ 648608.668271598173305, 7165723.580404858104885 ], [ 648595.598051829496399, 7165752.988416561856866 ], [ 648585.79538684268482, 7165774.22753619775176 ], [ 648569.999674954451621, 7165793.19421642459929 ], [ 648569.689389958046377, 7165797.693362057209015 ], [ 648568.944005911704153, 7165808.501462418586016 ], [ 648567.823836649069563, 7165824.743964302353561 ], [ 648549.852284543565474, 7165865.588424971327186 ], [ 648526.979396553710103, 7165899.897773459553719 ], [ 648495.937614998780191, 7165921.136897265911102 ], [ 648438.755385509692132, 7165958.713809054344893 ], [ 648406.079827039968222, 7165986.488046320155263 ], [ 648370.136708952486515, 7165997.924501368775964 ], [ 648322.757139942259528, 7165991.389397507533431 ], [ 648285.180240116547793, 7165984.854291723109782 ], [ 648250.870897972607054, 7165984.854298442602158 ], [ 648187.970433517009951, 7165965.248971324414015 ], [ 648145.492197816027328, 7165952.178753348998725 ], [ 648111.182851174264215, 7165929.305864058434963 ], [ 648093.211286826641299, 7165908.066749859601259 ], [ 648070.338388209347613, 7165888.461414903402328 ], [ 648054.000604633823968, 7165880.292526667937636 ], [ 648019.69125992374029, 7165867.222307089716196 ], [ 647995.184583113295957, 7165847.616972452960908 ], [ 647962.509017890784889, 7165841.081865698099136 ], [ 647938.002344933105633, 7165841.081870483234525 ], [ 647911.86189635086339, 7165854.152101878076792 ], [ 647892.256561837042682, 7165873.757445137947798 ], [ 647885.721455470309593, 7165906.433012127876282 ], [ 647879.186347496346571, 7165930.939687694422901 ], [ 647867.749906534911133, 7165963.615255646407604 ], [ 647846.510797670925967, 7166002.825938657857478 ], [ 647812.201459697913378, 7166024.065063072368503 ], [ 647774.62456629157532, 7166050.205522987991571 ], [ 647709.273441278142855, 7166064.90954031329602 ], [ 647663.527653992758133, 7166076.345997242256999 ], [ 647621.049420857802033, 7166076.346005524508655 ], [ 647593.275189898908138, 7166068.177119508385658 ], [ 647542.628065457451157, 7166066.543351093307137 ], [ 647501.78361083951313, 7166068.177137338556349 ], [ 647472.375608726637438, 7166095.951373932883143 ], [ 647472.375613848445937, 7166122.091826512478292 ], [ 647474.009397488087416, 7166149.866057060658932 ], [ 647474.009405809687451, 7166192.344292507506907 ], [ 647478.910747444839217, 7166228.287413857877254 ], [ 647480.544532364001498, 7166262.596757553517818 ], [ 647474.009426936507225, 7166300.173659424297512 ], [ 647472.375657060183585, 7166342.651895193383098 ], [ 647472.37566154031083, 7166365.524791210889816 ], [ 647482.178333289804868, 7166378.595015595667064 ], [ 647507.501899523194879, 7166399.834128390997648 ], [ 647530.374799422221258, 7166425.974576525390148 ], [ 647533.642362861311994, 7166461.917698203586042 ], [ 647540.177483020117506, 7166499.494597533717752 ], [ 647554.881491291918792, 7166522.367490688338876 ], [ 647572.853053395985626, 7166532.170156909152865 ], [ 647582.655723545816727, 7166537.071489857509732 ], [ 647595.725952978013083, 7166556.676826758310199 ], [ 647598.993511936627328, 7166569.747052418999374 ], [ 647598.993518345523626, 7166602.422618164680898 ], [ 647597.359746232395992, 7166633.464405943639576 ], [ 647571.219304661732167, 7166682.477759663015604 ], [ 647554.881531319930218, 7166726.589776613749564 ], [ 647545.078866931144148, 7166751.096452839672565 ], [ 647532.008647425100207, 7166782.138242851942778 ], [ 647515.670871835900471, 7166814.813811788335443 ], [ 647496.065536328707822, 7166829.51782019995153 ], [ 647466.657532264478505, 7166847.489387094974518 ], [ 647440.517082357313484, 7166854.024505337700248 ], [ 647411.109074452426285, 7166852.39073277451098 ], [ 647396.405069061205722, 7166844.221844198182225 ], [ 647381.701061749714427, 7166826.250285893678665 ], [ 647373.532167235389352, 7166808.278726315125823 ], [ 647362.095706728985533, 7166741.29381874576211 ], [ 647342.490367702906951, 7166738.026265986263752 ], [ 647332.687700425391085, 7166747.8289376180619 ], [ 647331.053925425861962, 7166764.166720815002918 ], [ 647332.687706182245165, 7166777.236946796998382 ], [ 647335.9552654591389, 7166791.940950751304626 ], [ 647345.757938170572743, 7166809.912510011345148 ], [ 647347.391720207873732, 7166829.517849145457149 ], [ 647342.490388487931341, 7166844.221854691393673 ], [ 647324.518830536166206, 7166855.658306203782558 ], [ 647306.547270983923227, 7166858.925866272300482 ], [ 647295.110822629882023, 7166854.024533636868 ], [ 647270.604150601779111, 7166858.925873264670372 ], [ 647254.266368610900827, 7166858.925876443274319 ], [ 647228.125916784629226, 7166855.658324953168631 ], [ 647198.717906003352255, 7166839.320547791197896 ], [ 647164.408557752263732, 7166808.278766990639269 ], [ 647131.732988982577808, 7166783.772099025547504 ], [ 647105.592537158168852, 7166780.504547527991235 ], [ 647094.156091363052838, 7166788.673441191203892 ], [ 647095.78987275424879, 7166805.011223748326302 ], [ 647108.86010185838677, 7166822.982782375067472 ], [ 647133.366778995841742, 7166844.221895357593894 ], [ 647161.141013491200283, 7166870.362342566251755 ], [ 647175.845022396184504, 7166896.502792314626276 ], [ 647182.380140944616869, 7166925.910800227895379 ], [ 647180.746367855463177, 7166952.051253154873848 ], [ 647159.507256691227667, 7166979.825488181784749 ], [ 647126.831695897388272, 7166996.163277413696051 ], [ 647099.057466504629701, 7166996.163282810710371 ], [ 647071.28323679510504, 7166994.529509916901588 ], [ 647038.607672167709097, 7166991.261959686875343 ], [ 646991.228104701265693, 7166992.895747173577547 ], [ 646974.073434244492091, 7166996.163307081907988 ], [ 646946.299202939961106, 7166986.360642740502954 ], [ 646920.158750792499632, 7166981.459312952123582 ], [ 646890.750742881326005, 7166979.82554036937654 ], [ 646859.708957093418576, 7166979.825546390376985 ], [ 646820.498281899024732, 7166987.994445433840156 ], [ 646791.090277177165262, 7167002.698455730453134 ], [ 646748.612049084971659, 7167028.838916575536132 ], [ 646712.668933472479694, 7167053.345597866922617 ], [ 646683.260928426054306, 7167066.415829868987203 ], [ 646639.148919899715111, 7167081.119843009859324 ], [ 646619.543582140700892, 7167084.387403381988406 ], [ 646573.797793821431696, 7167090.922525393776596 ], [ 646514.98178372066468, 7167117.062989391386509 ], [ 646462.700883237062953, 7167126.86566923558712 ], [ 646421.856428559403867, 7167128.49945542216301 ], [ 646395.715975458384492, 7167118.696790751069784 ], [ 646374.47685631935019, 7167105.626568546518683 ], [ 646332.815504604368471, 7167066.41589767858386 ], [ 646305.041272036032751, 7167050.078120162710547 ], [ 646282.16837692388799, 7167048.444346292875707 ], [ 646247.859035368310288, 7167051.711909497156739 ], [ 646213.549696032539941, 7167066.415920717641711 ], [ 646171.071466965484433, 7167087.655046666041017 ], [ 646136.762125088484026, 7167089.288831576704979 ], [ 646104.086559828720056, 7167082.753724731504917 ], [ 646074.678550648037344, 7167074.58483896497637 ], [ 646042.002984120743349, 7167061.514618960209191 ], [ 646014.228751557529904, 7167045.17684143409133 ], [ 645968.482951832585968, 7166992.895945029333234 ], [ 645935.807380242971703, 7166953.685272411443293 ], [ 645904.7655878047226, 7166919.375934347510338 ], [ 645873.723798534832895, 7166901.404379159212112 ], [ 645800.203778301598504, 7166894.869280166924 ], [ 645764.260657917940989, 7166894.869287085719407 ], [ 645741.387762179481797, 7166889.967956625856459 ], [ 645703.810867391643114, 7166909.573303315788507 ], [ 645687.473085716250353, 7166911.207084747031331 ], [ 645654.797520780703053, 7166906.305756168439984 ], [ 645627.023288549855351, 7166891.601756917312741 ], [ 645595.981498973094858, 7166871.996423434466124 ], [ 645563.305933724739589, 7166865.46131656691432 ], [ 645512.658812075038441, 7166878.531552603468299 ], [ 645481.617026291089132, 7166878.531558565795422 ], [ 645438.321904011303559, 7166878.531566884368658 ], [ 645420.350341611076146, 7166867.095122322440147 ], [ 645400.744998487643898, 7166842.588451771065593 ], [ 645384.407206714968197, 7166791.94132798537612 ], [ 645379.505865806248039, 7166759.265763172879815 ], [ 645381.139638011343777, 7166728.223975395783782 ], [ 645392.576081931591034, 7166710.252412036061287 ], [ 645410.547638646909036, 7166692.280847420915961 ], [ 645423.617860765429214, 7166674.309283750131726 ], [ 645433.420525539899245, 7166651.436385840177536 ], [ 645439.955632021650672, 7166618.760818839073181 ], [ 645438.321845931583084, 7166577.916361973620951 ], [ 645435.054283222649246, 7166545.24079685471952 ], [ 645431.786716092494316, 7166489.692335717380047 ], [ 645405.646258922759444, 7166458.650553284212947 ], [ 645382.773362252046354, 7166448.847887955605984 ], [ 645356.632908242405392, 7166434.143888393417001 ], [ 645333.760010625468567, 7166419.439888201653957 ], [ 645323.957335444982164, 7166388.398102631792426 ], [ 645319.055994857684709, 7166357.35631612688303 ], [ 645294.549314633943141, 7166319.779420234262943 ], [ 645273.310192067874596, 7166288.737636862322688 ], [ 645261.873739323578775, 7166260.963408185169101 ], [ 645258.606177253415808, 7166231.555399654433131 ], [ 645258.606171890976839, 7166203.781168784014881 ], [ 645270.859499232843518, 7166156.40159612800926 ], [ 645279.028378868591972, 7166097.585576256737113 ], [ 645279.028370986110531, 7166056.741119106300175 ], [ 645282.295917921233922, 7166007.727769893594086 ], [ 645293.732359308283776, 7165976.68598026689142 ], [ 645283.929683186695911, 7165940.742859859019518 ], [ 645254.521668389672413, 7165903.165964925661683 ], [ 645233.282543629989959, 7165860.687733571976423 ], [ 645233.282538588391617, 7165834.547281002625823 ], [ 645239.817647275514901, 7165813.308162037283182 ], [ 645262.690536357811652, 7165783.900148508138955 ], [ 645285.563426698092371, 7165761.027248123660684 ], [ 645318.238986216718331, 7165738.154345856979489 ], [ 645350.914545737672597, 7165715.281443586573005 ], [ 645362.350989011814818, 7165694.042323682457209 ], [ 645359.083426307654008, 7165661.366758605465293 ], [ 645346.83008541748859, 7165638.493864965625107 ], [ 645335.393632362713106, 7165609.085858028382063 ], [ 645338.661181815317832, 7165573.142735126428306 ], [ 645343.562507571419701, 7165527.396942207589746 ], [ 645340.294939821353182, 7165468.580924578011036 ], [ 645340.294932881835848, 7165432.63780231308192 ], [ 645351.731375205796212, 7165406.497347564436495 ], [ 645366.435376761713997, 7165395.060896749608219 ], [ 645400.74471666815225, 7165383.624442165717483 ], [ 645444.856723540229723, 7165360.751537710428238 ], [ 645470.997170254238881, 7165337.87863670475781 ], [ 645492.236279852339067, 7165301.935510363429785 ], [ 645492.236269430955872, 7165248.020826978608966 ], [ 645497.137595175299793, 7165202.275034077465534 ], [ 645490.602475446765311, 7165166.331913080066442 ], [ 645470.997131099691615, 7165135.290129449218512 ], [ 645449.758005720446818, 7165089.544341577216983 ], [ 645428.518885393394157, 7165069.939006249420345 ], [ 645400.744656072929502, 7165069.939011584967375 ], [ 645366.435313970781863, 7165069.939018173143268 ], [ 645338.661084651015699, 7165069.93902350589633 ], [ 645307.61929610313382, 7165055.235024910420179 ], [ 645273.309949273709208, 7165030.728357235901058 ], [ 645256.972163221100345, 7165009.489242680370808 ], [ 645230.83170264295768, 7164960.475899184122682 ], [ 645216.127691319561563, 7164921.265223195776343 ], [ 645207.958794042351656, 7164888.58965908922255 ], [ 645212.860120747121982, 7164847.74520106241107 ], [ 645225.930342208128422, 7164826.506080871447921 ], [ 645243.901898567099124, 7164806.900738024152815 ], [ 645270.042343060253188, 7164772.591389058157802 ], [ 645284.746339557343163, 7164735.014485719613731 ], [ 645289.6476659423206, 7164692.536249417811632 ], [ 645278.211205020081252, 7164622.283785443753004 ], [ 645265.140972214983776, 7164584.706887444481254 ], [ 645250.436960899154656, 7164545.496211476624012 ], [ 645245.535620326409116, 7164514.454425044357777 ], [ 645245.535614967579022, 7164486.680194240994751 ], [ 645248.803166625322774, 7164462.173519374802709 ], [ 645248.030061925528571, 7164427.103680770844221 ], [ 645179.178307481110096, 7164393.4784198962152 ], [ 645123.136183349532075, 7164374.263988309539855 ], [ 645092.713311183266342, 7164339.037516534328461 ], [ 645055.885625569615513, 7164305.412249514833093 ], [ 645030.266367125557736, 7164287.799015622586012 ], [ 645020.659148025442846, 7164295.805035099387169 ], [ 645019.057948595844209, 7164316.62068126257509 ], [ 645025.462766675860621, 7164339.03752941917628 ], [ 645028.665177880320698, 7164361.454378193244338 ], [ 645028.665186517988332, 7164406.288076967000961 ], [ 645014.254361104918644, 7164435.109743226319551 ], [ 644995.039923205273226, 7164452.722985712811351 ], [ 644963.015857781050727, 7164470.336230648681521 ], [ 644913.378554811934009, 7164489.550682486966252 ], [ 644886.158097855048254, 7164497.556705334223807 ], [ 644817.306352049228735, 7164508.76514320448041 ], [ 644781.279279556241818, 7164534.384406543336809 ], [ 644746.052810627617873, 7164569.61089089512825 ], [ 644728.439581701299176, 7164616.045796575956047 ], [ 644701.219131820136681, 7164660.87950056605041 ], [ 644682.004697605036199, 7164697.707185388542712 ], [ 644682.004703760845587, 7164729.731255952268839 ], [ 644686.80832208879292, 7164771.3625467736274 ], [ 644698.016750486916862, 7164793.779394032433629 ], [ 644714.028787982533686, 7164809.791426256299019 ], [ 644755.660081469919533, 7164830.607064167968929 ], [ 644776.475728367688134, 7164841.815484886988997 ], [ 644802.094986515934579, 7164857.827515272423625 ], [ 644813.30341307236813, 7164870.637141359969974 ], [ 644813.303415844216943, 7164885.047973116859794 ], [ 644810.101011733524501, 7164899.45880548749119 ], [ 644798.892593187047169, 7164928.280471148900688 ], [ 644789.285377770080231, 7164955.500932978466153 ], [ 644778.076959218713455, 7164984.32259863987565 ], [ 644766.86854005290661, 7165009.941857246682048 ], [ 644766.868545288220048, 7165037.162317239679396 ], [ 644765.267346774577163, 7165062.781574008986354 ], [ 644734.844484142726287, 7165077.19241158850491 ], [ 644707.624030552571639, 7165102.811673257499933 ], [ 644685.207192515255883, 7165155.651394005864859 ], [ 644639.572899946710095, 7165184.473066254518926 ], [ 644570.721157764550298, 7165214.895946461707354 ], [ 644549.905514856567606, 7165224.503171612508595 ], [ 644501.869420188246295, 7165269.336879609152675 ], [ 644460.238134981947951, 7165291.75373696628958 ], [ 644431.41647455166094, 7165299.759760113433003 ], [ 644402.59481258271262, 7165299.759765610098839 ], [ 644364.16593303042464, 7165315.771808234974742 ], [ 644343.35028827318456, 7165315.771812204271555 ], [ 644324.135845732060261, 7165309.367001749575138 ], [ 644308.123811918194406, 7165312.569411862641573 ], [ 644284.105764882871881, 7165336.587469384074211 ], [ 644274.498553126235493, 7165383.022373575717211 ], [ 644272.897359197959304, 7165432.659683304838836 ], [ 644274.498573075165041, 7165487.100603015162051 ], [ 644276.099785112426616, 7165531.934301551431417 ], [ 644288.909417876508087, 7165559.154759123921394 ], [ 644290.510627456824295, 7165591.178829421289265 ], [ 644282.504612389719114, 7165602.387255655601621 ], [ 644271.296191047411412, 7165616.798089566640556 ], [ 644256.885362818371505, 7165631.20892408490181 ], [ 644229.664908577571623, 7165653.62577869463712 ], [ 644216.855283483862877, 7165666.435409376397729 ], [ 644192.837240115390159, 7165709.66790927387774 ], [ 644191.236043112236075, 7165743.293183717876673 ], [ 644188.033642971888185, 7165778.519662001170218 ], [ 644188.033650639117695, 7165818.54975026845932 ], [ 644178.426437646034174, 7165858.579840366728604 ], [ 644156.009594644769095, 7165885.800304654985666 ], [ 644136.795157915679738, 7165909.818361278623343 ], [ 644117.580717507051304, 7165914.621975528076291 ], [ 644095.163868678384461, 7165911.41957273427397 ], [ 644071.145817324984819, 7165913.020780835300684 ], [ 644031.115736433770508, 7165940.241248477250338 ], [ 644011.901298782904632, 7165959.45569450315088 ], [ 643979.877231124788523, 7165965.860514717176557 ], [ 643970.270010152831674, 7165964.259313015267253 ], [ 643955.859178237384185, 7165959.455705162137747 ], [ 643928.638717545662075, 7165948.24728561937809 ], [ 643901.418255936005153, 7165932.235255485400558 ], [ 643854.983349328511395, 7165897.008786629885435 ], [ 643797.340022285003215, 7165880.996762272901833 ], [ 643758.911139630246907, 7165880.996769569814205 ], [ 643710.875039370148443, 7165897.008813999593258 ], [ 643667.642550660995767, 7165919.425671631470323 ], [ 643634.017285363865085, 7165956.253359224647284 ], [ 643597.1896101225866, 7165977.069012112915516 ], [ 643553.957117437850684, 7165978.670223843306303 ], [ 643529.939065774087794, 7165978.670228397473693 ], [ 643510.724623835529201, 7165975.467824975028634 ], [ 643477.899951092433184, 7165964.259406480938196 ], [ 643455.48309921415057, 7165945.044968359172344 ], [ 643429.863841668935493, 7165932.235344961285591 ], [ 643410.649401256348938, 7165937.038959195837379 ], [ 643402.6433858651435, 7165946.646181898191571 ], [ 643404.24459113937337, 7165956.253402778878808 ], [ 643407.447000774322078, 7165970.664233951829374 ], [ 643423.459038266795687, 7165986.67626622878015 ], [ 643441.072279811836779, 7166005.890705265104771 ], [ 643465.090336662018672, 7166033.111160743050277 ], [ 643466.69154377002269, 7166052.325602813623846 ], [ 643460.286734570632689, 7166076.343656996265054 ], [ 643447.477113728644326, 7166111.570137109607458 ], [ 643428.262678802479059, 7166145.195414908230305 ], [ 643397.83982037298847, 7166182.023101892322302 ], [ 643370.619367915671319, 7166214.047177678905427 ], [ 643353.006135816802271, 7166244.470048113726079 ], [ 643353.006140087614767, 7166266.886897556483746 ], [ 643346.601330576464534, 7166289.303748212754726 ], [ 643309.773658966645598, 7166329.333843477070332 ], [ 643221.707483512582257, 7166402.989222604781389 ], [ 643194.487029516720213, 7166427.007280733436346 ], [ 643124.034082501195371, 7166451.025347033515573 ], [ 643079.200387253775261, 7166457.430169636383653 ], [ 643037.569097681902349, 7166457.430177500471473 ], [ 643000.741417530109175, 7166452.626573860645294 ], [ 642965.514941432862543, 7166451.025376982986927 ], [ 642931.889669083757326, 7166451.025383329950273 ], [ 642875.046948303584941, 7166459.031411718577147 ], [ 642783.778361346339807, 7166508.668738432228565 ], [ 642646.074877796461806, 7166575.919312741607428 ], [ 642540.395459193969145, 7166622.354235079139471 ], [ 642453.930481926770881, 7166668.789153793826699 ], [ 642378.673926948802546, 7166705.616849198006094 ], [ 642297.012556063709781, 7166731.236121069639921 ], [ 642215.351180633995682, 7166732.837339945137501 ], [ 642164.112668554414995, 7166723.230128373019397 ], [ 642119.278969354578294, 7166708.819304993376136 ], [ 642088.856098448159173, 7166679.997647119686007 ], [ 642040.819989338284358, 7166649.574789015576243 ], [ 642006.394114957889542, 7166647.97359194047749 ], [ 641964.762831412954256, 7166679.997670397162437 ], [ 641908.720718060969375, 7166718.426565681584179 ], [ 641873.494245275272988, 7166734.438607609830797 ], [ 641812.648520671646111, 7166768.063893197104335 ], [ 641755.005202351603657, 7166798.486771108582616 ], [ 641714.975120124639943, 7166819.302424529567361 ], [ 641689.355864988872781, 7166819.302429324015975 ], [ 641671.742624372476712, 7166804.891600824892521 ], [ 641654.129381345817819, 7166777.671144063584507 ], [ 641650.215828322572634, 7166768.166805567219853 ], [ 641627.677064991090447, 7166790.705578576773405 ], [ 641585.264546949416399, 7166856.680637462995946 ], [ 641524.00201978883706, 7166946.218218076974154 ], [ 641448.601985115092248, 7167049.893312260508537 ], [ 641415.614492403808981, 7167214.830945875495672 ], [ 641410.902003181399778, 7167290.231005033478141 ], [ 641472.164556952542625, 7167342.068533655256033 ], [ 641561.702123076305725, 7167351.493524208664894 ], [ 641584.489889683318324, 7167364.515100171789527 ], [ 641592.037276132497936, 7167354.981555204838514 ], [ 641618.012635058839805, 7167338.357317730784416 ], [ 641659.573212390067056, 7167327.967164570465684 ], [ 641695.938718090066686, 7167321.733070535585284 ], [ 641749.967470181873068, 7167316.537987731397152 ], [ 641827.893556731636636, 7167318.616002215072513 ], [ 641868.415123491548002, 7167329.006140010431409 ], [ 641911.014723329804838, 7167361.2155827190727 ], [ 641957.770388348959386, 7167431.868562582880259 ], [ 642005.56506394140888, 7167481.741251474246383 ], [ 642045.047616231604479, 7167492.131389457732439 ], [ 642089.725243285298347, 7167514.989700930193067 ], [ 642114.661594002041966, 7167531.613928868435323 ], [ 642135.44188816123642, 7167555.51125936023891 ], [ 642148.949082122766413, 7167585.642678452655673 ], [ 642155.183176864404231, 7167627.203258836641908 ], [ 642169.209877874236554, 7167656.295663294382393 ], [ 642185.834117443533614, 7167697.856241734698415 ], [ 642206.614415731863119, 7167743.572877548635006 ], [ 642231.550772543530911, 7167792.406556205824018 ], [ 642239.862894885009155, 7167826.694034437648952 ], [ 642239.862902541062795, 7167867.215601464733481 ], [ 642228.433745190734044, 7167877.605749005451798 ], [ 642196.224296615924686, 7167879.683784134685993 ], [ 642170.2489345415961, 7167879.683789012953639 ], [ 642137.000470697181299, 7167877.605766174383461 ], [ 642102.712992371292785, 7167875.52774353325367 ], [ 642081.932702712132595, 7167875.527747431769967 ], [ 642080.893689014599659, 7167879.683805784210563 ], [ 642089.20580742682796, 7167893.19099323451519 ], [ 642105.830042290850542, 7167909.81522274389863 ], [ 642145.312597547075711, 7167935.790578817948699 ], [ 642181.678108767140657, 7167958.648891856893897 ], [ 642240.901942936703563, 7168004.365520466119051 ], [ 642262.721250025555491, 7168019.950734461657703 ], [ 642304.281832883367315, 7168038.652988363057375 ], [ 642343.764386580442078, 7168056.316228114068508 ], [ 642371.817779786884785, 7168067.745382774621248 ], [ 642435.197666404535994, 7168084.369603490456939 ], [ 642490.265435780864209, 7168093.720723985694349 ], [ 642567.152508914354257, 7168100.993811288848519 ], [ 642654.429727273527533, 7168110.34492571093142 ], [ 642772.877378555480391, 7168111.383917924016714 ], [ 642838.335290602524765, 7168109.305876502767205 ], [ 642880.934885202907026, 7168113.461926620453596 ], [ 642898.598134177736938, 7168128.008126843720675 ], [ 642919.378427392803133, 7168146.710384634323418 ], [ 642922.495476365787908, 7168175.802791157737374 ], [ 642926.651537453872152, 7168192.427023010328412 ], [ 642934.963656676234677, 7168210.09026861935854 ], [ 642944.314788996009156, 7168220.480412248522043 ], [ 642957.821980830980465, 7168239.182671416550875 ], [ 642976.524246663204394, 7168266.197045918554068 ], [ 642985.875380962155759, 7168286.977334950119257 ], [ 643005.616659698542207, 7168305.679592940956354 ], [ 643028.474983664928004, 7168333.732981201261282 ], [ 643054.45035128062591, 7168362.82538341358304 ], [ 643072.113602634635754, 7168389.839758114889264 ], [ 643079.386711327591911, 7168428.283294722437859 ], [ 643080.425731339259073, 7168457.37570164911449 ], [ 643067.957566420664079, 7168504.131358309648931 ], [ 643062.762500318931416, 7168537.379824578762054 ], [ 643062.762503084959462, 7168551.926028143614531 ], [ 643062.762512563262135, 7168601.798726074397564 ], [ 643062.762518286006525, 7168631.930147745646536 ], [ 643062.762525000260212, 7168667.256642116233706 ], [ 643063.801545998547226, 7168701.544121753424406 ], [ 643063.801551331300288, 7168729.597514347173274 ], [ 643046.138310036389157, 7168755.572881194762886 ], [ 643033.670139385387301, 7168772.197116198018193 ], [ 643020.162953657330945, 7168785.704307777807117 ], [ 643018.084926464478485, 7168795.055439034476876 ], [ 643027.436058995430358, 7168806.484597215428948 ], [ 643043.021279414999299, 7168823.108826922252774 ], [ 643056.528472251142375, 7168847.006158804520965 ], [ 643074.191723811556585, 7168875.059548066928983 ], [ 643098.089060506084934, 7168893.761805284768343 ], [ 643145.883731722133234, 7168919.737159769050777 ], [ 643188.483330718241632, 7168946.751529773697257 ], [ 643217.575736871454865, 7168949.868567896075547 ], [ 643243.551100165932439, 7168956.102650227025151 ], [ 643275.760552147170529, 7168971.687862245365977 ], [ 643303.813948368420824, 7168998.702234999276698 ], [ 643322.516217197175138, 7169041.301827637478709 ], [ 643329.789325117017142, 7169075.589306110516191 ], [ 643330.828345337999053, 7169105.720727602951229 ], [ 643325.633280628244393, 7169146.24229568708688 ], [ 643325.63328873901628, 7169188.841891869902611 ], [ 643316.80167254130356, 7169225.207402484491467 ], [ 643309.528575300471857, 7169247.026709225028753 ], [ 643297.060406031552702, 7169270.924046031199396 ], [ 643280.436179613345303, 7169298.977441791445017 ], [ 643277.319141103886068, 7169324.952805913053453 ], [ 643280.436187522718683, 7169340.538023443892598 ], [ 643294.982392091769725, 7169349.889151565730572 ], [ 643320.957754410454072, 7169350.928161188960075 ], [ 643349.011145899537951, 7169353.006184961646795 ], [ 643385.376657225540839, 7169375.864497987553477 ], [ 643400.961877271067351, 7169390.410698616877198 ], [ 643415.508083425811492, 7169408.073943067342043 ], [ 643430.054288193117827, 7169418.464085726998746 ], [ 643454.990637220907956, 7169425.737182791344821 ], [ 643473.692898348439485, 7169427.815208332613111 ], [ 643499.668259679339826, 7169423.659145244397223 ], [ 643510.058402352733538, 7169412.229983320459723 ], [ 643523.565589667996392, 7169407.034908052533865 ], [ 643545.384894050192088, 7169408.073918459936976 ], [ 643572.399273037561215, 7169420.542087836191058 ], [ 643594.218580393702723, 7169437.166316363029182 ], [ 643622.271972876507789, 7169444.439412834122777 ], [ 643648.247337579727173, 7169457.946596946567297 ], [ 643676.300729864975438, 7169464.180678874254227 ], [ 643699.159048736328259, 7169465.219689076766372 ], [ 643718.900323952082545, 7169465.219685330986977 ], [ 643743.836670206976123, 7169457.946578808128834 ], [ 643765.655970425228588, 7169437.166283839382231 ], [ 643789.553299214458093, 7169414.307959387078881 ], [ 643821.762745471904054, 7169399.761749690398574 ], [ 643869.557410192908719, 7169391.449624279513955 ], [ 643894.493759222561494, 7169398.722721335478127 ], [ 643921.508139604236931, 7169418.463992487639189 ], [ 643939.171387440292165, 7169426.776105461642146 ], [ 643955.795620192890055, 7169431.971175011247396 ], [ 643984.368519325042143, 7169436.127227745018899 ], [ 643995.797680449788459, 7169445.478356444276869 ], [ 644009.304872332955711, 7169464.180615623481572 ], [ 644024.890092392219231, 7169478.726816238835454 ], [ 644042.55334062827751, 7169489.116958297789097 ], [ 644060.216588861891069, 7169499.507100351154804 ], [ 644091.387026795069687, 7169517.17034162953496 ], [ 644112.167317890562117, 7169524.443439467810094 ], [ 644140.220714957569726, 7169555.613870376721025 ], [ 644145.415792555082589, 7169582.628247471526265 ], [ 644164.118058061925694, 7169607.564592910930514 ], [ 644188.015393214998767, 7169617.954733778722584 ], [ 644218.146813488332555, 7169618.993742583319545 ], [ 644252.434290507575497, 7169613.798663344234228 ], [ 644286.721767924376763, 7169610.681613188236952 ], [ 644314.775160420918837, 7169617.954709634184837 ], [ 644371.920959900948219, 7169632.5009023277089 ], [ 644399.974355189595371, 7169654.320202354341745 ], [ 644411.403519112383947, 7169678.217534637078643 ], [ 644432.183813004987314, 7169700.03683605324477 ], [ 644448.80804656795226, 7169709.387963758781552 ], [ 644473.74439521250315, 7169714.583031710237265 ], [ 644496.083206847775728, 7169715.622041990980506 ], [ 644503.356307648820803, 7169712.504996977746487 ], [ 644511.66842333052773, 7169711.465980850160122 ], [ 644532.448713040328585, 7169711.46597688831389 ], [ 644556.346047003404237, 7169715.622030491009355 ], [ 644574.009294254821725, 7169720.817099830135703 ], [ 644604.140717324451543, 7169736.402312204241753 ], [ 644620.764951686607674, 7169749.909498075023293 ], [ 644660.247509520850144, 7169788.353028586134315 ], [ 644669.598643283825368, 7169806.016274015419185 ], [ 644683.105838584480807, 7169842.381780405528843 ], [ 644684.144859859603457, 7169877.70827463734895 ], [ 644688.300924590439536, 7169913.034768275916576 ], [ 644708.042204612400383, 7169937.971113515086472 ], [ 644730.900531483930536, 7169980.570705378428102 ], [ 644747.524772646487691, 7170029.404385689646006 ], [ 644768.305071753216907, 7170078.238065207377076 ], [ 644780.77324878051877, 7170094.862295500934124 ], [ 644804.670584354433231, 7170107.330465442501009 ], [ 644831.684963588020764, 7170120.837649328634143 ], [ 644851.426241818699054, 7170136.422863690182567 ], [ 644872.206534737022594, 7170153.047092394903302 ], [ 644887.272246385924518, 7170161.359205853193998 ], [ 644894.545350986649282, 7170177.983437143266201 ], [ 644897.662399046006612, 7170201.880771024152637 ], [ 644890.389302640222013, 7170227.856135979294777 ], [ 644866.491973858326674, 7170250.714460488408804 ], [ 644850.90676136338152, 7170275.650812497362494 ], [ 644833.243520894553512, 7170305.782237611711025 ], [ 644806.229151445208117, 7170343.186766314320266 ], [ 644795.839009777759202, 7170359.811000984162092 ], [ 644782.331827447633259, 7170390.981439851224422 ], [ 644772.980703066335991, 7170422.151877924799919 ], [ 644771.941691975109279, 7170439.815125349909067 ], [ 644771.941699766204692, 7170480.336692526005208 ], [ 644775.058746822294779, 7170499.038953704759479 ], [ 644797.917071917443536, 7170532.287414709106088 ], [ 644824.931452565942891, 7170553.067700404673815 ], [ 644849.867806040216237, 7170583.199117382988334 ], [ 644861.816478834836744, 7170615.408565936610103 ], [ 644878.440715616568923, 7170641.383926333859563 ], [ 644886.752835110994056, 7170660.086186522617936 ], [ 644904.416084183612838, 7170674.63238674774766 ], [ 644918.962287999107502, 7170679.827456681057811 ], [ 644939.742578534176573, 7170683.983510876074433 ], [ 644954.288782350369729, 7170689.178580809384584 ], [ 644968.834987365175039, 7170700.607738001272082 ], [ 644989.615279500372708, 7170713.07590854447335 ], [ 645010.395569836720824, 7170716.192948194220662 ], [ 645023.902758166310377, 7170716.19294560700655 ], [ 645051.956148308585398, 7170710.997867520898581 ], [ 645072.736437243176624, 7170706.84180536493659 ], [ 645096.633770441287197, 7170706.841800788417459 ], [ 645116.375047692097723, 7170717.231942437589169 ], [ 645130.92125451285392, 7170738.012230515480042 ], [ 645141.311404389329255, 7170763.987592108547688 ], [ 645166.247759085847065, 7170800.353096347302198 ], [ 645187.0280512268655, 7170812.821266883984208 ], [ 645204.691299709258601, 7170824.250423477962613 ], [ 645223.393562678829767, 7170835.679579868912697 ], [ 645238.978784392122179, 7170858.537896838970482 ], [ 645240.0178058934398, 7170894.903405660763383 ], [ 645238.978800225071609, 7170940.620045778341591 ], [ 645236.900778064504266, 7170975.946540657430887 ], [ 645234.822757909074426, 7171021.66318097896874 ], [ 645249.888477191678248, 7171069.457847101613879 ], [ 645259.23961258912459, 7171095.433208905160427 ], [ 645275.863852003240027, 7171134.915758381597698 ], [ 645293.527105707325973, 7171173.359293116256595 ], [ 645304.956270481809042, 7171201.412683612667024 ], [ 645307.034303668071516, 7171223.231988636776805 ], [ 645316.385438065510243, 7171244.012277722358704 ], [ 645336.126716135302559, 7171258.558477553538978 ], [ 645360.024049550527707, 7171259.597487507387996 ], [ 645384.960397655144334, 7171261.675511809065938 ], [ 645402.623644544975832, 7171264.792552050203085 ], [ 645424.442950387485325, 7171273.104664214886725 ], [ 645436.911125846090727, 7171281.416778173297644 ], [ 645449.379303710185923, 7171302.197066660970449 ], [ 645449.379308728501201, 7171328.172430263832211 ], [ 645437.950155985658057, 7171362.459912415593863 ], [ 645437.950163410976529, 7171400.903450550511479 ], [ 645447.301302231382579, 7171444.542059617117047 ], [ 645455.613421141402796, 7171460.127276184037328 ], [ 645475.874210078618489, 7171493.375737713649869 ], [ 645486.26435837126337, 7171511.038982970640063 ], [ 645503.927608881727792, 7171532.858285009860992 ], [ 645537.176075908937491, 7171550.521525878459215 ], [ 645549.644252777565271, 7171566.106741651892662 ], [ 645557.956374907051213, 7171598.316190933808684 ], [ 645566.268496635835618, 7171628.447611125186086 ], [ 645589.126818989869207, 7171647.149868534877896 ], [ 645625.492327077779919, 7171652.344934266060591 ], [ 645663.935863138991408, 7171652.344926876947284 ], [ 645684.716152901062742, 7171652.344922881573439 ], [ 645700.301369218155742, 7171647.149847157299519 ], [ 645721.081656767521054, 7171635.720683169551194 ], [ 645751.213073904858902, 7171620.135459203273058 ], [ 645781.344489633105695, 7171597.277133423835039 ], [ 645799.007731505436823, 7171574.41881004627794 ], [ 645813.553931319736876, 7171558.833589077927172 ], [ 645835.373233553254977, 7171548.443439433351159 ], [ 645855.114509228151292, 7171550.521464721299708 ], [ 645871.738742645015009, 7171558.8335778741166 ], [ 645890.441004839492962, 7171566.106676083058119 ], [ 645915.377353960415348, 7171573.379773091524839 ], [ 645945.508774112095125, 7171573.379767285659909 ], [ 645979.796251006657258, 7171567.145673412829638 ], [ 645998.498510383069515, 7171559.872567996382713 ], [ 646042.656625314964913, 7171555.716501304879785 ], [ 646070.710015883902088, 7171552.599452261812985 ], [ 646099.802419936400838, 7171544.287330294027925 ], [ 646132.011866642977111, 7171531.819149546325207 ], [ 646167.338356208754703, 7171516.233924563974142 ], [ 646190.196671109879389, 7171496.492643808946013 ], [ 646215.133012967882678, 7171466.361217210069299 ], [ 646236.952312976587564, 7171444.541907564736903 ], [ 646274.356828886899166, 7171415.449493103660643 ], [ 646320.073460897197947, 7171387.39609157666564 ], [ 646356.438965345150791, 7171373.888895476236939 ], [ 646376.180241620400921, 7171379.083964383229613 ], [ 646407.350675040856004, 7171372.849871093407273 ], [ 646422.935890335356817, 7171362.459722638130188 ], [ 646438.521105429390445, 7171351.03055963665247 ], [ 646467.613508254406042, 7171336.484350395388901 ], [ 646490.47182657988742, 7171334.406316885724664 ], [ 646536.188462420599535, 7171326.094191689044237 ], [ 646555.929735056124628, 7171312.586998796090484 ], [ 646575.671008097357117, 7171301.157834992744029 ], [ 646606.32193750643637, 7171311.547974498942494 ], [ 646634.375328875146806, 7171312.586983613669872 ], [ 646659.31167677976191, 7171313.625993330031633 ], [ 646689.443095707218163, 7171307.391900228336453 ], [ 646718.535500551457517, 7171303.235836416482925 ], [ 646749.705935382982716, 7171304.274844921194017 ], [ 646781.915386930457316, 7171316.743013210594654 ], [ 646811.007795217796229, 7171330.250196645967662 ], [ 646856.72443753760308, 7171355.186536844819784 ], [ 646879.582756673451513, 7171357.264561500400305 ], [ 646907.63614784181118, 7171357.264556060545146 ], [ 646951.274754703976214, 7171348.95243124011904 ], [ 646985.562231580261141, 7171342.718337321653962 ], [ 647013.615623559337109, 7171346.874390052631497 ], [ 647059.332264264812693, 7171363.498613882809877 ], [ 647093.61974641890265, 7171384.278898110613227 ], [ 647112.322012882912531, 7171413.371301718056202 ], [ 647126.868223832920194, 7171454.931880666874349 ], [ 647140.894922258914448, 7171469.478081561625004 ], [ 647153.363097536144778, 7171476.751180951483548 ], [ 647176.221419113921002, 7171491.297380128875375 ], [ 647198.040727216983214, 7171511.03865223377943 ], [ 647216.742992874584161, 7171535.974997665733099 ], [ 647236.484273022739217, 7171560.911342896521091 ], [ 647258.303580520208925, 7171577.535571366548538 ], [ 647277.005844759522006, 7171595.198814986273646 ], [ 647292.591065535089001, 7171612.862059215083718 ], [ 647305.059242238057777, 7171627.40826041251421 ], [ 647322.722493820474483, 7171654.422635136172175 ], [ 647331.034615010255948, 7171681.437011679634452 ], [ 647335.190680282074027, 7171718.841534482315183 ], [ 647346.619847988826223, 7171761.44112859107554 ], [ 647360.127045484958217, 7171808.196780478581786 ], [ 647362.205079544219188, 7171834.17214369866997 ], [ 647380.907348266569898, 7171874.693707309663296 ], [ 647393.895033235661685, 7171894.434981137514114 ], [ 647406.363213198492303, 7171925.605415062047541 ], [ 647419.870405006338842, 7171943.268659696914256 ], [ 647445.845769051462412, 7171952.619785545393825 ], [ 647481.172261456842534, 7171951.580764122307301 ], [ 647518.576783045311458, 7171951.580756839364767 ], [ 647550.786233614897355, 7171958.853852381929755 ], [ 647582.995684386929497, 7171967.165962467901409 ], [ 647621.439222706365399, 7171978.595114968717098 ], [ 647667.155860203551129, 7171978.595106057822704 ], [ 647709.75545443862211, 7171979.634112297557294 ], [ 647741.964905826607719, 7171991.063266010954976 ], [ 647775.213371296180412, 7172000.414390433579683 ], [ 647810.539864519727416, 7172003.531427173875272 ], [ 647845.866357541177422, 7172005.609449369832873 ], [ 647875.99778036295902, 7172019.116632571443915 ], [ 647900.934130949317478, 7172033.662831337191164 ], [ 647923.792450718581676, 7172038.857899600639939 ], [ 647962.23599231033586, 7172066.911284809932113 ], [ 647979.899243314168416, 7172090.80861589871347 ], [ 648020.420816545607522, 7172132.369189791381359 ], [ 648051.591257542022504, 7172164.578634604811668 ], [ 648077.566628138301894, 7172207.178225887939334 ], [ 648098.346926089376211, 7172248.738803644664586 ], [ 648123.283282204531133, 7172291.338395132683218 ], [ 648140.946536283823662, 7172330.820944408886135 ], [ 648171.07796341762878, 7172366.147433065809309 ], [ 648209.521503401221707, 7172385.888701912015676 ], [ 648239.65292297070846, 7172382.771652379073203 ], [ 648268.745325803873129, 7172368.225443045608699 ], [ 648301.993786180624738, 7172351.601203808560967 ], [ 648331.086191673530266, 7172350.562183566391468 ], [ 648364.334655116428621, 7172349.523162507452071 ], [ 648411.090306921396405, 7172348.484138803556561 ], [ 648450.572857097024098, 7172346.406101975589991 ], [ 648486.938365032779984, 7172350.562153030186892 ], [ 648511.87471584614832, 7172366.147366322577 ], [ 648542.006141154328361, 7172392.122724058106542 ], [ 648552.396288913907483, 7172406.668925661593676 ], [ 648570.059540357789956, 7172432.644285836257041 ], [ 648594.99589568329975, 7172471.08781913947314 ], [ 648614.737178565119393, 7172509.531353460624814 ], [ 648626.166340818163007, 7172524.077554861083627 ], [ 648647.985647352179512, 7172535.506710583344102 ], [ 648684.351154682226479, 7172536.545717991888523 ], [ 648732.145818935940042, 7172525.116548605263233 ], [ 648774.745410125120543, 7172510.570336597040296 ], [ 648807.993870907463133, 7172496.02412642352283 ], [ 648831.891200875630602, 7172479.399888995103538 ], [ 648857.866561465896666, 7172471.087767524644732 ], [ 648868.256706563406624, 7172472.126780028454959 ], [ 648882.802911261911504, 7172481.47790808044374 ], [ 648921.246452705701813, 7172508.492278716526926 ], [ 648952.416893551824614, 7172539.66270896140486 ], [ 648977.353244174271822, 7172554.208907701075077 ], [ 648998.133535195258446, 7172560.442990889772773 ], [ 649037.096580192446709, 7172568.75509959179908 ], [ 649100.476465486455709, 7172576.028188940137625 ], [ 649144.115074863075279, 7172580.184238532558084 ], [ 649192.948758747661486, 7172594.73043255880475 ], [ 649260.484704472706653, 7172614.471695626154542 ], [ 649283.343026331276633, 7172630.056909314356744 ], [ 649306.201346131740138, 7172635.251977538689971 ], [ 649324.903607559390366, 7172638.369017489254475 ], [ 649351.917986966320314, 7172651.876201260834932 ], [ 649408.024775995523669, 7172685.124655673280358 ], [ 649462.053538319538347, 7172729.8022704962641 ], [ 649488.02890612767078, 7172757.855658116750419 ], [ 649502.055607307702303, 7172785.909048095345497 ], [ 649507.250683264806867, 7172803.572294354438782 ], [ 649507.250687801511958, 7172826.430614375509322 ], [ 649498.938574563711882, 7172839.937805117107928 ], [ 649485.431389085832052, 7172854.484011433087289 ], [ 649471.924204017268494, 7172871.108246838673949 ], [ 649465.690121204359457, 7172891.888538995757699 ], [ 649475.041255322750658, 7172910.590798985213041 ], [ 649496.86055919888895, 7172908.512765587307513 ], [ 649521.796904687420465, 7172897.083600655198097 ], [ 649554.006347062299028, 7172862.796114267781377 ], [ 649593.488894993439317, 7172849.288917368277907 ], [ 649620.503272139001638, 7172851.366941126063466 ], [ 649648.556660885224119, 7172838.898761028423905 ], [ 649674.532019619829953, 7172821.235508609563112 ], [ 649710.89752428419888, 7172808.767326868139207 ], [ 649736.872886111726984, 7172806.689292639493942 ], [ 649767.00430776074063, 7172813.962388506159186 ], [ 649785.706570643465966, 7172824.352530272677541 ], [ 649799.213762936647981, 7172844.09380398131907 ], [ 649821.033073424361646, 7172875.264236055314541 ], [ 649834.540265306830406, 7172892.927480670623481 ], [ 649858.437601052923128, 7172905.395650500431657 ], [ 649875.061832890962251, 7172905.395647211931646 ], [ 649899.998179405927658, 7172899.16155499778688 ], [ 649923.89551143348217, 7172892.927462991327047 ], [ 649952.987918183091097, 7172898.122529964894056 ], [ 649971.690181481884792, 7172910.590700818225741 ], [ 649997.665547454264015, 7172929.29295751079917 ], [ 650025.718941992498003, 7172945.917184697464108 ], [ 650058.967408983968198, 7172962.541410858742893 ], [ 650085.981786551536061, 7172966.697463690303266 ], [ 650098.449960430734791, 7172966.697461218573153 ], [ 650129.100887679029256, 7172965.658440601080656 ], [ 650151.959206870407797, 7172967.736465161666274 ], [ 650173.778513024910353, 7172977.08759175427258 ], [ 650215.339096767129377, 7172997.867874445393682 ], [ 650251.704608685453422, 7173021.765201803296804 ], [ 650277.679977986961603, 7173057.091691235080361 ], [ 650296.382244198117405, 7173084.106065737083554 ], [ 650329.630717838415876, 7173133.978757378645241 ], [ 650352.489044504240155, 7173173.461305621080101 ], [ 650363.918210120056756, 7173204.631739754229784 ], [ 650369.113289210246876, 7173237.880204223096371 ], [ 650372.230337038403377, 7173259.699509089812636 ], [ 650384.698514034156688, 7173275.2847248185426 ], [ 650406.517819784581661, 7173282.557822316884995 ], [ 650451.195443081553094, 7173283.596827990375459 ], [ 650478.209820243529975, 7173285.674851718358696 ], [ 650485.482922923867591, 7173291.908937554806471 ], [ 650492.756027679424733, 7173308.533168863505125 ], [ 650495.873075511073694, 7173330.352473728358746 ], [ 650501.068150868057273, 7173344.898676355369389 ], [ 650526.00450404046569, 7173371.913049622438848 ], [ 650537.43366842076648, 7173396.849396482110023 ], [ 650560.811502973316237, 7173439.448988270014524 ], [ 650579.513768583303317, 7173463.346319137141109 ], [ 650617.957309101941064, 7173485.165616985410452 ], [ 650662.634932824177667, 7173488.282651741988957 ], [ 650705.23452694225125, 7173488.282643266953528 ], [ 650740.561021288391203, 7173496.594752619042993 ], [ 650771.731460584094748, 7173519.453066455200315 ], [ 650809.135990989278071, 7173563.091669995337725 ], [ 650835.111359711736441, 7173595.301115792244673 ], [ 650873.554898577509448, 7173608.808297251351178 ], [ 650908.881392722134478, 7173616.081392045132816 ], [ 650959.793101941468194, 7173611.925323713570833 ], [ 651022.133971184957772, 7173610.886296739801764 ], [ 651060.577509846887551, 7173623.354463643394411 ], [ 651099.02105413901154, 7173663.876023327000439 ], [ 651143.179175632656552, 7173691.929407299496233 ], [ 651174.349617451662198, 7173727.255895697511733 ], [ 651193.051887469133362, 7173772.972532060928643 ], [ 651213.832186468294822, 7173818.689168008044362 ], [ 651221.105298129841685, 7173869.600879397243261 ], [ 651229.417421362479217, 7173905.966386910527945 ], [ 651246.041660107439384, 7173940.253863668069243 ], [ 651262.665897394996136, 7173967.26823859475553 ], [ 651291.758307952200994, 7173991.165567386895418 ], [ 651326.045788882067427, 7174004.672749664634466 ], [ 651368.645383237628266, 7174005.711755700409412 ], [ 651405.010890644160099, 7174006.750762981362641 ], [ 651436.181323924101889, 7173999.477654913440347 ], [ 651463.195696103037335, 7173976.619329459965229 ], [ 651497.483170975814573, 7173959.995089838281274 ], [ 651531.770647307741456, 7173950.643952049314976 ], [ 651577.487284089904279, 7173946.48788471147418 ], [ 651601.384616553434171, 7173942.331821735948324 ], [ 651638.789138658088632, 7173944.409843346104026 ], [ 651669.440067197894678, 7173949.60490994900465 ], [ 651701.649516429519281, 7173949.604903502389789 ], [ 651727.624879549955949, 7173953.760956490412354 ], [ 651758.795316172530875, 7173963.112081177532673 ], [ 651784.770679504494183, 7173968.307148713618517 ], [ 651805.55096932919696, 7173968.307144548743963 ], [ 651830.487316494691186, 7173965.190095908939838 ], [ 651860.618734440999106, 7173953.760929839685559 ], [ 651894.906209510052577, 7173938.175704749301076 ], [ 651918.803541343426332, 7173930.902598122134805 ], [ 651949.973973985062912, 7173920.512446391396224 ], [ 651974.91031988884788, 7173911.161310457624495 ], [ 651992.573566239909269, 7173911.161306915804744 ], [ 652005.041742653120309, 7173923.629478987306356 ], [ 652006.080762805533595, 7173951.682871572673321 ], [ 652006.080770774977282, 7173991.165424391627312 ], [ 652010.236835660296492, 7174025.45290364138782 ], [ 652031.01713178108912, 7174056.623335912823677 ], [ 652055.953488177619874, 7174099.222927377559245 ], [ 652084.006884694448672, 7174125.198285449296236 ], [ 652101.670135878259316, 7174149.095616510137916 ], [ 652118.294373827520758, 7174179.227035069838166 ], [ 652134.918611570494249, 7174208.319439082406461 ], [ 652151.542847845354117, 7174230.138741258531809 ], [ 652187.908360304543748, 7174256.114097662270069 ], [ 652215.442247696686536, 7174272.738324902020395 ], [ 652232.066482295049354, 7174286.245510690845549 ], [ 652255.963818758027628, 7174301.830724113620818 ], [ 652277.783126865979284, 7174320.532981600612402 ], [ 652286.095246163196862, 7174337.157212702557445 ], [ 652298.563426157459617, 7174367.288632102310658 ], [ 652315.187664332450368, 7174398.459065215662122 ], [ 652337.006975387688726, 7174431.707526382058859 ], [ 652389.996724779950455, 7174482.619228606112301 ], [ 652431.557307405746542, 7174497.165423924103379 ], [ 652477.273947163484991, 7174507.555560210719705 ], [ 652536.497774685150944, 7174514.828650131821632 ], [ 652574.941315523581579, 7174537.686962460167706 ], [ 652606.111753234290518, 7174552.233159866183996 ], [ 652637.282191789592616, 7174570.935415461659431 ], [ 652655.984455175348558, 7174583.403586277738214 ], [ 652674.686719404766336, 7174600.027815291658044 ], [ 652688.193912439513952, 7174622.886132644489408 ], [ 652700.662091822829098, 7174649.900508400984108 ], [ 652715.208299138699658, 7174671.719810996204615 ], [ 652737.547119572525844, 7174715.358417548239231 ], [ 652751.054311768617481, 7174734.060676706023514 ], [ 652759.366435293690301, 7174771.46519879437983 ], [ 652767.678556922939606, 7174799.51858994551003 ], [ 652775.990676867892034, 7174819.259864700958133 ], [ 652786.380824954248965, 7174834.845080841332674 ], [ 652805.083090247702785, 7174856.664382603019476 ], [ 652825.863380518159829, 7174858.742407510988414 ], [ 652847.682683599647135, 7174852.508315812796354 ], [ 652869.501983725233003, 7174831.728020427748561 ], [ 652898.594382978277281, 7174799.518563533201814 ], [ 652933.920869393623434, 7174768.348119929432869 ], [ 652977.55947554577142, 7174755.879936533048749 ], [ 653001.456811402924359, 7174768.348106294870377 ], [ 653030.54922057245858, 7174784.972333202138543 ], [ 653064.836701144231483, 7174796.401486316695809 ], [ 653098.08516596048139, 7174801.596552344039083 ], [ 653116.787427461473271, 7174804.713592210784554 ], [ 653137.567720902618021, 7174822.376835344359279 ], [ 653143.801814194419421, 7174853.547270559705794 ], [ 653150.03590748924762, 7174884.717705775052309 ], [ 653158.348026174702682, 7174898.224893236532807 ], [ 653183.284382027806714, 7174937.707441067323089 ], [ 653197.8305935903918, 7174980.307034644298255 ], [ 653220.688918138272129, 7175008.360422855243087 ], [ 653248.742316208779812, 7175041.608882762491703 ], [ 653266.405567873618565, 7175067.58424292691052 ], [ 653301.212557402905077, 7175087.325512325391173 ], [ 653333.422011547721922, 7175111.222840445116162 ], [ 653369.787523455219343, 7175134.081153175793588 ], [ 653413.426136180292815, 7175153.822420781478286 ], [ 653450.830661104759201, 7175169.407631449401379 ], [ 653486.157159371534362, 7175196.422002582810819 ], [ 653492.391248024767265, 7175204.734117720276117 ], [ 653524.600699426955543, 7175215.124256689101458 ], [ 653534.990845204330981, 7175219.280312781222165 ], [ 653555.771135703311302, 7175222.397352170199156 ], [ 653572.39536335458979, 7175201.617057807743549 ], [ 653595.253677116823383, 7175176.680703983642161 ], [ 653618.111991089535877, 7175152.783364707604051 ], [ 653637.853260948089883, 7175125.768982414156199 ], [ 653659.67255893885158, 7175094.598541504703462 ], [ 653704.350178530206904, 7175076.935285098850727 ], [ 653738.637654463294894, 7175065.506118097342551 ], [ 653755.261885288637131, 7175060.311041977256536 ], [ 653799.939507208415307, 7175054.076945612207055 ], [ 653835.266000603791326, 7175057.193982088938355 ], [ 653863.319392121280544, 7175058.232990941032767 ], [ 653891.372785553103313, 7175068.623130735009909 ], [ 653907.997017862508073, 7175070.70115646161139 ], [ 653917.348141293856315, 7175036.413674427196383 ], [ 653911.114046268165112, 7174996.931122817099094 ], [ 653903.840939297224395, 7174969.916746011003852 ], [ 653903.840933989384212, 7174943.941382277756929 ], [ 653902.801913128932938, 7174912.770946010015905 ], [ 653883.060628426610492, 7174867.054309854283929 ], [ 653882.021609475254081, 7174845.235004532150924 ], [ 653889.294707316206768, 7174827.571755720302463 ], [ 653905.918936862261035, 7174816.142592301592231 ], [ 653933.452816452598199, 7174794.323281175456941 ], [ 653970.857336270972155, 7174784.972142634913325 ], [ 654008.261854602722451, 7174768.347902243956923 ], [ 654032.159184315707535, 7174750.684650052338839 ], [ 654046.705381260951981, 7174721.59223972260952 ], [ 654055.017492098035291, 7174696.655888854525983 ], [ 654069.563690316863358, 7174673.797565821558237 ], [ 654091.38298998051323, 7174650.939241306856275 ], [ 654093.461015774519183, 7174635.354022650048137 ], [ 654085.148895798251033, 7174615.61274791136384 ], [ 654053.978456142474897, 7174591.715419629588723 ], [ 654045.666335527785122, 7174568.857101244851947 ], [ 654049.822391161578707, 7174557.427940366789699 ], [ 654062.290562517475337, 7174544.959763243794441 ], [ 654079.953807180863805, 7174536.64764326158911 ], [ 654114.241284360410646, 7174531.452563544735312 ], [ 654150.606787333032116, 7174510.672265169210732 ], [ 654188.011301178485155, 7174472.228719256818295 ], [ 654211.908627051510848, 7174435.863205190747976 ], [ 654242.040039870422333, 7174399.497689858078957 ], [ 654264.37884357268922, 7174361.054147014394403 ], [ 654277.886028989683837, 7174346.507940582931042 ], [ 654310.095473127090372, 7174321.571584861725569 ], [ 654338.148860787856393, 7174303.908331822603941 ], [ 654345.421957546961494, 7174281.050010275095701 ], [ 654342.304910025559366, 7174261.308734492398798 ], [ 654323.602644701837562, 7174239.489432785660028 ], [ 654302.822350397938862, 7174217.67013150639832 ], [ 654285.159097653231584, 7174186.499698654748499 ], [ 654273.729930159403011, 7174147.017148146405816 ], [ 654256.066677841241471, 7174117.924744398333132 ], [ 654223.857221156707965, 7174081.55924176890403 ], [ 654175.023533249041066, 7174048.310786171816289 ], [ 654143.853094887686893, 7174030.647545199841261 ], [ 654120.994770760415122, 7174004.672186149284244 ], [ 654099.175459212972783, 7173969.345695957541466 ], [ 654091.902350545162335, 7173934.019202807918191 ], [ 654099.175443694693968, 7173893.497633960098028 ], [ 654098.136422186507843, 7173859.21015409193933 ], [ 654092.941343778162263, 7173830.117747811600566 ], [ 654089.824294565245509, 7173802.064355655573308 ], [ 654090.863305230624974, 7173783.36209358740598 ], [ 654099.175418395083398, 7173769.854902777820826 ], [ 654117.87767732120119, 7173760.503768041729927 ], [ 654153.204168316093273, 7173752.191644473001361 ], [ 654191.128192772623152, 7173730.372331254184246 ], [ 654222.298624311806634, 7173714.787106695584953 ], [ 654252.430040082894266, 7173692.967795062810183 ], [ 654263.859194164164364, 7173666.992429045960307 ], [ 654264.898202482843772, 7173636.861006956547499 ], [ 654252.430020931642503, 7173599.456485789269209 ], [ 654249.312969582970254, 7173561.012948166579008 ], [ 654246.715424632304348, 7173518.413352254778147 ], [ 654261.2616251608124, 7173506.98418927192688 ], [ 654281.00289707724005, 7173490.359952494502068 ], [ 654299.70515429310035, 7173472.696701383218169 ], [ 654306.97825168329291, 7173452.955423504114151 ], [ 654309.056276618619449, 7173433.214146682992578 ], [ 654306.978238697629422, 7173389.5755361225456 ], [ 654293.471042019198649, 7173349.053971538320184 ], [ 654271.651731756166555, 7173319.961568663828075 ], [ 654245.676366089610383, 7173303.337341202422976 ], [ 654206.193810987053439, 7173281.518043751828372 ], [ 654179.179430193617009, 7173261.776772860437632 ], [ 654164.633219884475693, 7173225.411266678012908 ], [ 654161.516166841727681, 7173178.655612701550126 ], [ 654161.516157482634299, 7173132.938972640782595 ], [ 654157.36008888669312, 7173080.988246150314808 ], [ 654141.774865155573934, 7173049.817812921479344 ], [ 654133.462739877984859, 7173004.101174559444189 ], [ 654109.565400653402321, 7172975.008772119879723 ], [ 654109.565396615769714, 7172955.267495734617114 ], [ 654132.423713478492573, 7172945.916360165923834 ], [ 654178.14035061316099, 7172943.838321767747402 ], [ 654212.427830057684332, 7172950.072402067482471 ], [ 654246.715311843669042, 7172967.735642379149795 ], [ 654270.612647667527199, 7172980.203812070190907 ], [ 654287.23688376613427, 7173000.984099615365267 ], [ 654289.314915725495666, 7173015.530302845872939 ], [ 654292.43196430511307, 7173040.466651329770684 ], [ 654295.549011394032277, 7173058.129897987470031 ], [ 654300.74408639781177, 7173070.598071489483118 ], [ 654313.212263475405052, 7173086.183287149295211 ], [ 654330.875513639999554, 7173104.885545393452048 ], [ 654364.12398222356569, 7173128.782873195596039 ], [ 654395.294419698184356, 7173142.290055949240923 ], [ 654422.828304754919372, 7173147.485123071819544 ], [ 654452.959725186112337, 7173148.524131474085152 ], [ 654504.91044820623938, 7173141.251019053161144 ], [ 654552.705110704293475, 7173121.509732915088534 ], [ 654607.77287399279885, 7173098.651401648297906 ], [ 654650.37246574042365, 7173087.222232937812805 ], [ 654689.85501764586661, 7173093.456312157213688 ], [ 654721.025452564703301, 7173094.495320338755846 ], [ 654787.522382925730199, 7173109.041510407812893 ], [ 654821.80986601440236, 7173132.938837977126241 ], [ 654850.902276870328933, 7173157.875181153416634 ], [ 654873.760600566398352, 7173181.772511059418321 ], [ 654897.657938333693892, 7173203.591811657883227 ], [ 654927.78936175769195, 7173219.177023699507117 ], [ 654951.686697387252934, 7173230.60617882758379 ], [ 654963.115857636672445, 7173234.762234676629305 ], [ 654979.740088842110708, 7173231.645187633112073 ], [ 654993.247272297507152, 7173207.74785029143095 ], [ 654993.247265456127934, 7173174.499384792521596 ], [ 654988.052187016000971, 7173145.406978543847799 ], [ 654975.584009500453249, 7173127.743733798153698 ], [ 654965.193860747851431, 7173109.041474081575871 ], [ 654968.310895240516402, 7173065.4028624817729 ], [ 654971.427933366387151, 7173039.427498178556561 ], [ 654972.466943364706822, 7173017.608192482963204 ], [ 654984.415607004892081, 7173003.06198638677597 ], [ 655007.27392343361862, 7172991.632821695879102 ], [ 655051.951543511007912, 7172977.086608901619911 ], [ 655109.097337465267628, 7172962.540393549017608 ], [ 655155.85298630327452, 7172946.95516577642411 ], [ 655214.037793887080625, 7172928.252892017364502 ], [ 655255.598370912484825, 7172915.784708943217993 ], [ 655313.263667389983311, 7172878.380173449404538 ], [ 655373.526502013555728, 7172850.326768337748945 ], [ 655415.087076461524703, 7172825.390410697087646 ], [ 655456.647649831837043, 7172795.258980324491858 ], [ 655499.247239407384768, 7172773.439666109159589 ], [ 655529.378655745531432, 7172754.737398089841008 ], [ 655538.729781863279641, 7172733.957105244509876 ], [ 655535.612733888207003, 7172712.137800415977836 ], [ 655526.261598117067479, 7172686.162438677623868 ], [ 655505.48130596394185, 7172674.733282938599586 ], [ 655473.271855926606804, 7172670.577231364324689 ], [ 655427.555219244211912, 7172674.733298934064806 ], [ 655397.423799047595821, 7172674.733305114321411 ], [ 655357.941247371258214, 7172669.538240481168032 ], [ 655342.356027668807656, 7172658.109083671122789 ], [ 655337.160952006001025, 7172642.523866545408964 ], [ 655347.551093043526635, 7172623.821602582931519 ], [ 655369.370392821496353, 7172602.002292640507221 ], [ 655381.838564123609103, 7172589.534115532413125 ], [ 655389.111660616938025, 7172565.636779479682446 ], [ 655384.955593657912686, 7172521.998169399797916 ], [ 655373.52642612636555, 7172482.515619001351297 ], [ 655373.006910522817634, 7172441.99405181966722 ], [ 655389.631135063478723, 7172406.667553850449622 ], [ 655391.70915567711927, 7172366.145986141636968 ], [ 655401.060276860371232, 7172321.468358756974339 ], [ 655408.333371422020718, 7172288.219891805201769 ], [ 655429.113652840838768, 7172247.69832026399672 ], [ 655446.776894433191046, 7172224.839996635913849 ], [ 655466.518166078370996, 7172207.176745310425758 ], [ 655474.830276840133592, 7172182.240394512191415 ], [ 655469.635196246556006, 7172142.757842849940062 ], [ 655460.284058766672388, 7172108.47036477457732 ], [ 655446.776864621904679, 7172080.416974820196629 ], [ 655432.750154008273967, 7172007.685959529131651 ], [ 655427.5550740621984, 7171971.320451512932777 ], [ 655417.164921885123476, 7171935.993959108367562 ], [ 655414.047874559881166, 7171917.291697937063873 ], [ 655409.891807598876767, 7171873.653087896294892 ], [ 655409.89180094958283, 7171841.443637004122138 ], [ 655420.281939402921125, 7171810.273198519833386 ], [ 655441.062223808839917, 7171784.297830631956458 ], [ 655457.686452617985196, 7171769.751623591408134 ], [ 655490.934912813128904, 7171753.127384048886597 ], [ 655509.637171242269687, 7171741.698220217600465 ], [ 655518.988296058727428, 7171714.683840129524469 ], [ 655515.871248516021296, 7171694.942564418539405 ], [ 655503.403067791718058, 7171661.694101545959711 ], [ 655499.247004473698325, 7171635.718738782219589 ], [ 655506.520100955734961, 7171611.821402760222554 ], [ 655515.871228773961775, 7171599.353226304985583 ], [ 655531.975948618259281, 7171576.494903014972806 ], [ 655553.795246428344399, 7171545.324462194927037 ], [ 655556.912284741527401, 7171520.388112486340106 ], [ 655548.600162183749489, 7171488.178663311526179 ], [ 655555.873258019215427, 7171461.164283663034439 ], [ 655578.731572888791561, 7171442.462017166428268 ], [ 655607.823972322512418, 7171412.330589402467012 ], [ 655626.526227093534544, 7171383.238178317435086 ], [ 655638.994395364657976, 7171356.22379760351032 ], [ 655633.799318843055516, 7171336.482522327452898 ], [ 655608.862966842483729, 7171315.702236567623913 ], [ 655580.809567088028416, 7171274.141660558059812 ], [ 655580.809559789020568, 7171238.815166058018804 ], [ 655591.199697794974782, 7171205.566698510199785 ], [ 655596.914266312029213, 7171151.537941044196486 ], [ 655598.992291422560811, 7171132.835678827017546 ], [ 655602.109326297417283, 7171091.275096423923969 ], [ 655609.382419118075632, 7171049.71451317705214 ], [ 655626.00664447422605, 7171018.544073443859816 ], [ 655642.630871977191418, 7170997.76377915032208 ], [ 655669.645243275910616, 7170971.788410003297031 ], [ 655684.191440940718167, 7170946.85205796174705 ], [ 655671.723259146208875, 7170908.40852240845561 ], [ 655654.060006850631908, 7170879.316118815913796 ], [ 655632.240698540350422, 7170859.574846969917417 ], [ 655618.733506773365662, 7170842.950617047026753 ], [ 655618.733503336203285, 7170826.326384350657463 ], [ 655632.240684798220173, 7170793.077916179783642 ], [ 655633.279695203178562, 7170773.336639639921486 ], [ 655654.059981076978147, 7170754.634373586624861 ], [ 655677.95731105376035, 7170739.049150524660945 ], [ 655706.530204285867512, 7170714.112795606255531 ], [ 655715.881334026227705, 7170710.995750054717064 ], [ 655733.544578367378563, 7170701.644615530967712 ], [ 655748.090776885161176, 7170680.864321673288941 ], [ 655764.715003516292199, 7170655.92796921171248 ], [ 655780.30021823849529, 7170643.459791487082839 ], [ 655807.314594681491144, 7170642.420771386474371 ], [ 655833.289957280969247, 7170644.498795128427446 ], [ 655864.460392528562807, 7170647.61583234462887 ], [ 655896.669840329210274, 7170641.381738455034792 ], [ 655918.489141111145727, 7170624.757501274347305 ], [ 655949.659573560813442, 7170614.367349420674145 ], [ 655989.142122120363638, 7170605.016210403293371 ], [ 656032.780730347614735, 7170603.977186867967248 ], [ 656054.600034999777563, 7170606.055211460217834 ], [ 656062.912151539465412, 7170609.172253377735615 ], [ 656090.965549143496901, 7170640.342683894559741 ], [ 656102.394711946137249, 7170656.966914232820272 ], [ 656117.979932908900082, 7170674.630158258602023 ], [ 656146.033326854230836, 7170688.137341540306807 ], [ 656167.852631511283107, 7170690.215366125106812 ], [ 656194.867006012238562, 7170679.825215121731162 ], [ 656220.84236495080404, 7170664.239991614595056 ], [ 656250.973781618871726, 7170647.61575270537287 ], [ 656277.988156550098211, 7170639.303630786016583 ], [ 656292.534358288161457, 7170634.108555067330599 ], [ 656315.392672896385193, 7170614.367274023592472 ], [ 656340.329013892216608, 7170582.157818036153913 ], [ 656361.109299527481198, 7170562.416537425480783 ], [ 656389.162689155898988, 7170555.143429830670357 ], [ 656406.825937157962471, 7170563.455542529001832 ], [ 656429.684256727341563, 7170567.611595982685685 ], [ 656444.23045867739711, 7170563.455534806475043 ], [ 656513.324918586062267, 7170546.831287836655974 ], [ 656529.949147347826511, 7170532.285080797970295 ], [ 656552.807460004114546, 7170503.192668864503503 ], [ 656581.899857635144144, 7170464.749124754220247 ], [ 656600.602111478568986, 7170431.500655507668853 ], [ 656610.992234948789701, 7170328.63821360655129 ], [ 656615.148285761009902, 7170294.350732835009694 ], [ 656612.03123409091495, 7170254.868180847726762 ], [ 656604.75812598853372, 7170222.658731525763869 ], [ 656604.758121017483063, 7170198.761397043243051 ], [ 656606.83614480192773, 7170173.825047589838505 ], [ 656607.875155400717631, 7170155.122785605490208 ], [ 656607.875149348052219, 7170126.03037841245532 ], [ 656607.875143730198033, 7170099.016000305302441 ], [ 656590.211888608057052, 7170056.416407710872591 ], [ 656590.211882557254285, 7170027.324000522494316 ], [ 656601.64103757950943, 7170006.543707308359444 ], [ 656620.343296596198343, 7169998.231587103568017 ], [ 656652.552745659369975, 7169998.231580441817641 ], [ 656695.152342178625986, 7170010.699746141210198 ], [ 656739.829966585966758, 7170017.972838692367077 ], [ 656819.834086763788946, 7170040.831142062321305 ], [ 656855.160581669188105, 7170052.260294714011252 ], [ 656885.292000895366073, 7170048.104230303317308 ], [ 656907.111302070901729, 7170033.558022188954055 ], [ 656937.242716531269252, 7170006.543637841939926 ], [ 656963.218073047813959, 7169979.529254352673888 ], [ 656989.193429563543759, 7169952.514870867133141 ], [ 657010.493221754324622, 7169929.656546521000564 ], [ 656999.583562720334157, 7169896.40808342769742 ], [ 656997.505530065507628, 7169878.744836638681591 ], [ 656994.388480542809702, 7169849.652430101297796 ], [ 656989.193405515397899, 7169837.184256670996547 ], [ 656972.56917071249336, 7169822.63805652782321 ], [ 656947.632817856851034, 7169797.701712683774531 ], [ 656942.437741314526647, 7169777.960437459871173 ], [ 656925.81349568546284, 7169711.463510209694505 ], [ 656913.345315580023453, 7169681.332091072574258 ], [ 656874.901772689307109, 7169648.083633694797754 ], [ 656845.809362551779486, 7169626.26433434151113 ], [ 656828.146112621412612, 7169608.60109078604728 ], [ 656829.185124510666355, 7169596.132916066795588 ], [ 656837.497236495371908, 7169577.430652591399848 ], [ 656856.199492686311714, 7169555.611343340948224 ], [ 656873.862735256669112, 7169537.948092469014227 ], [ 656895.682032951386645, 7169506.777651697397232 ], [ 656922.696400473127142, 7169463.139035347849131 ], [ 656940.35964130575303, 7169437.163668148219585 ], [ 656946.697619269252755, 7169387.290968831628561 ], [ 656942.541549891931936, 7169332.431001900695264 ], [ 656944.203959378297441, 7169266.765282534062862 ], [ 656945.866378917125985, 7169249.309837892651558 ], [ 656948.360010214149952, 7169232.685604716651142 ], [ 656947.528795853955671, 7169219.386218758299947 ], [ 656936.723036031005904, 7169175.332004443742335 ], [ 656925.917271008482203, 7169106.3414411470294 ], [ 656923.839229043805972, 7169044.000569107010961 ], [ 656937.969819277408533, 7169011.583312494680285 ], [ 656971.218275158316828, 7168975.009993760846555 ], [ 657021.090959318913519, 7168921.812438923865557 ], [ 657081.769392027752474, 7168858.64034225512296 ], [ 657141.616607242147438, 7168767.207050245255232 ], [ 657191.4892910287017, 7168712.347072146832943 ], [ 657218.08805626956746, 7168685.74829438701272 ], [ 657238.037132280645892, 7168675.773750653490424 ], [ 657259.6486325081205, 7168670.786476369947195 ], [ 657277.935285344487056, 7168660.811932984739542 ], [ 657298.715575025067665, 7168660.811928666196764 ], [ 657319.495864012045786, 7168657.487077822908759 ], [ 657328.639189387671649, 7168647.512536332011223 ], [ 657326.976762390229851, 7168629.225880762562156 ], [ 657320.742672709864564, 7168615.926495941355824 ], [ 657323.236304516671225, 7168601.795897672884166 ], [ 657341.522953877341934, 7168575.197121635079384 ], [ 657376.433835323667154, 7168550.260765411891043 ], [ 657431.293793990975246, 7168521.16834687627852 ], [ 657483.660120674874634, 7168505.37531497515738 ], [ 657511.921313244034536, 7168498.725616035051644 ], [ 657546.000987444887869, 7168494.569550787098706 ], [ 657585.899143101880327, 7168492.075907588936388 ], [ 657629.953356520505622, 7168488.75105188973248 ], [ 657660.708184198243544, 7168483.763775695115328 ], [ 657699.775128268287517, 7168481.270132663659751 ], [ 657738.010860401205719, 7168477.114066538400948 ], [ 657766.272053837659769, 7168474.620425755158067 ], [ 657793.702036035247147, 7168473.78920840844512 ], [ 657805.338999648112804, 7168480.438899042084813 ], [ 657806.170213675010018, 7168492.075861720368266 ], [ 657803.676584836444817, 7168520.337057737633586 ], [ 657788.714782541850582, 7168550.260679617524147 ], [ 657766.272077527130023, 7168587.665207750163972 ], [ 657742.998160226386972, 7168621.744889525696635 ], [ 657727.205144075793214, 7168640.862760363146663 ], [ 657716.399399011628702, 7168667.461534853093326 ], [ 657706.424866234418005, 7168697.385155700147152 ], [ 657697.2815450419439, 7168727.308776374906301 ], [ 657693.125493199331686, 7168756.401184380054474 ], [ 657683.566569693153724, 7168802.949037797749043 ], [ 657688.553844789625145, 7168829.547809002920985 ], [ 657711.827774633187801, 7168855.315364769659936 ], [ 657747.569879167363979, 7168885.23897610232234 ], [ 657784.143196681514382, 7168921.81228032335639 ], [ 657821.547721954877488, 7168940.098928450606763 ], [ 657919.630699400790036, 7168988.309182706288993 ], [ 657959.528859093086794, 7169004.933407040312886 ], [ 658006.076711140456609, 7169019.895206723362207 ], [ 658070.911216373671778, 7169026.544886255636811 ], [ 658133.252089812653139, 7169047.325164062902331 ], [ 658160.682076920988038, 7169069.767872423864901 ], [ 658195.177363400347531, 7169096.366637473925948 ], [ 658210.139176171622239, 7169116.315713539719582 ], [ 658212.632816350203939, 7169142.083273641765118 ], [ 658212.63282333558891, 7169175.331738961860538 ], [ 658212.632828226312995, 7169198.605664689093828 ], [ 658230.919495214009658, 7169255.959263551980257 ], [ 658239.231616682838649, 7169282.558034075424075 ], [ 658250.037372393533587, 7169306.663169180974364 ], [ 658250.868587998789735, 7169325.781036572530866 ], [ 658250.868591146543622, 7169340.742845972068608 ], [ 658243.387692443095148, 7169367.34161979611963 ], [ 658237.569215519353747, 7169387.29070021212101 ], [ 658232.581951930769719, 7169415.551896784454584 ], [ 658220.944997733226046, 7169453.78763435035944 ], [ 658219.282578923972324, 7169474.567925531417131 ], [ 658222.607429992873222, 7169497.010638939216733 ], [ 658225.932280013919808, 7169514.466082545928657 ], [ 658227.594707208219916, 7169533.58394976798445 ], [ 658227.594711925135925, 7169556.02666387334466 ], [ 658229.257140166475438, 7169580.131800895556808 ], [ 658240.894106072373688, 7169597.587242767214775 ], [ 658249.206224225577898, 7169608.392992267385125 ], [ 658253.362283913884312, 7169616.705107733607292 ], [ 658265.830460357363336, 7169629.173279631882906 ], [ 658275.805001690168865, 7169639.979028783738613 ], [ 658288.273175515816547, 7169639.979026177898049 ], [ 658302.403771644691005, 7169635.822965057566762 ], [ 658318.196789548033848, 7169625.017210518941283 ], [ 658326.508902984438464, 7169613.380245912820101 ], [ 658336.48344116914086, 7169609.224185657687485 ], [ 658348.120403408189304, 7169609.224183226004243 ], [ 658354.770096114487387, 7169609.224181834608316 ], [ 658362.251001984346658, 7169616.705084973014891 ], [ 658370.563119438709691, 7169624.185987935401499 ], [ 658378.044025658397004, 7169633.329314343631268 ], [ 658400.071134496713057, 7169641.64142607152462 ], [ 658412.539308322011493, 7169641.641423461958766 ], [ 658429.163539912551641, 7169640.810208354145288 ], [ 658458.255944456788711, 7169635.822932464070618 ], [ 658469.061694405740127, 7169632.498083667829633 ], [ 658484.854712135042064, 7169620.861117492429912 ], [ 658496.491674020770006, 7169619.198691792786121 ], [ 658503.972579016117379, 7169622.523536760360003 ], [ 658521.843632190139033, 7169641.641400592401624 ], [ 658543.455134361051023, 7169645.797454234212637 ], [ 658570.885118527919985, 7169654.109564828686416 ], [ 658593.32783736474812, 7169682.370755670592189 ], [ 658610.783284923643805, 7169702.319831224158406 ], [ 658619.926613448304124, 7169707.307099107652903 ], [ 658634.057210451923311, 7169707.30709614790976 ], [ 658651.512652231846005, 7169699.826187790371478 ], [ 658679.773843433940783, 7169686.526795731857419 ], [ 658708.035037964815274, 7169689.020424710586667 ], [ 658732.971386670600623, 7169694.007689286954701 ], [ 658756.245312195504084, 7169698.994954209774733 ], [ 658768.713487424422055, 7169705.644644664600492 ], [ 658779.519241579575464, 7169722.268875072710216 ], [ 658787.831366578000598, 7169765.491878281347454 ], [ 658824.404683835804462, 7169800.402759229764342 ], [ 658865.134057462448254, 7169827.832734604366124 ], [ 658899.21373540116474, 7169841.132113593630493 ], [ 658924.150086214533076, 7169856.093917770311236 ], [ 658942.436742744408548, 7169863.574818637222052 ], [ 658964.048244922189042, 7169867.730872268788517 ], [ 658985.659746227320284, 7169867.730867734178901 ], [ 659006.440035942476243, 7169867.730863370932639 ], [ 659043.013347070431337, 7169873.549337129108608 ], [ 659068.780910002999008, 7169891.004776027053595 ], [ 659101.198162839980796, 7169895.160827386192977 ], [ 659129.459356853039935, 7169895.160821449011564 ], [ 659161.87660863075871, 7169894.329603005200624 ], [ 659180.163263582624495, 7169894.329599160701036 ], [ 659202.605976476683281, 7169894.329594442620873 ], [ 659219.230211587040685, 7169910.122611992061138 ], [ 659230.035965403891169, 7169925.084419131278992 ], [ 659248.322624398279004, 7169944.20228286460042 ], [ 659261.622013507876545, 7169961.657724382355809 ], [ 659267.440497091389261, 7169973.29468603245914 ], [ 659274.090193491894752, 7169990.750128949992359 ], [ 659284.064737657899968, 7170014.85526423715055 ], [ 659296.532916237134486, 7170037.297975733876228 ], [ 659318.560026681167074, 7170053.090992144308984 ], [ 659349.314855466829613, 7170053.090985676273704 ], [ 659374.251203308580443, 7170053.922192061319947 ], [ 659395.862706023966894, 7170060.571880587376654 ], [ 659418.30541944981087, 7170063.065510766580701 ], [ 659428.279959924868308, 7170069.715201737359166 ], [ 659441.579350626678206, 7170094.651547960937023 ], [ 659446.566625614417717, 7170120.419107569381595 ], [ 659453.216322551947087, 7170140.368185389786959 ], [ 659459.866018782486208, 7170156.992416671477258 ], [ 659467.346925196819939, 7170166.96695470623672 ], [ 659477.321465846267529, 7170174.447857312858105 ], [ 659489.789640737348236, 7170179.43512449413538 ], [ 659494.776910449960269, 7170180.26633507758379 ], [ 659512.232353641069494, 7170179.435119766741991 ], [ 659539.662333961226977, 7170169.460574375465512 ], [ 659558.780197335872799, 7170154.498760936781764 ], [ 659576.23563682672102, 7170136.212101306766272 ], [ 659590.366230316343717, 7170119.587865648791194 ], [ 659629.017565498244949, 7170102.132413184270263 ], [ 659638.160890683531761, 7170091.326660014688969 ], [ 659651.46027328656055, 7170078.027271063998342 ], [ 659665.590868884464726, 7170071.377575015649199 ], [ 659683.04631207336206, 7170070.54635970108211 ], [ 659699.670545615837909, 7170078.858472535386682 ], [ 659717.125991446198896, 7170090.495431733317673 ], [ 659726.269320866907947, 7170099.63875777926296 ], [ 659737.906286812154576, 7170117.094199641607702 ], [ 659752.036888760747388, 7170140.368122417479753 ], [ 659761.180221177637577, 7170163.642046242952347 ], [ 659771.154766418738291, 7170192.734451334923506 ], [ 659785.285369429155253, 7170220.99564391747117 ], [ 659800.247179971309379, 7170230.138968737795949 ], [ 659838.482914299238473, 7170235.957442108541727 ], [ 659868.406532738939859, 7170241.775917233899236 ], [ 659882.537131871795282, 7170251.750453863292933 ], [ 659890.018040231312625, 7170270.868319872766733 ], [ 659903.317429539514706, 7170289.154973019845784 ], [ 659923.266512090456672, 7170309.935259664431214 ], [ 659944.878014466608874, 7170314.922524907626212 ], [ 659963.995882075512782, 7170319.909790674224496 ], [ 659973.97042114532087, 7170319.909788567572832 ], [ 659990.59465345647186, 7170322.403419960290194 ], [ 660014.6997904231539, 7170326.559473041445017 ], [ 660034.64887015230488, 7170334.040373533964157 ], [ 660052.935526349465363, 7170339.858851108700037 ], [ 660085.768385358271189, 7170345.677325611934066 ], [ 660106.548677031532861, 7170354.820649196393788 ], [ 660146.446834370028228, 7170359.80791056714952 ], [ 660176.370454762829468, 7170374.769713658839464 ], [ 660204.631655337754637, 7170405.524538157507777 ], [ 660242.036179150105454, 7170416.330281492322683 ], [ 660267.803741954732686, 7170432.954508728347719 ], [ 660282.765555869787931, 7170457.89085459522903 ], [ 660298.55857801088132, 7170467.034179234877229 ], [ 660311.026752381119877, 7170469.527811497449875 ], [ 660335.131887937779538, 7170467.034171491861343 ], [ 660362.561866311822087, 7170447.916298090480268 ], [ 660377.523671733448282, 7170432.95448550209403 ], [ 660388.329420622205362, 7170424.642366867512465 ], [ 660408.278497169259936, 7170417.161457935348153 ], [ 660419.915456765098497, 7170404.693280952982605 ], [ 660432.383627590723336, 7170390.562680526636541 ], [ 660462.307242853450589, 7170381.419346207752824 ], [ 660484.749952394282445, 7170365.62632039655 ], [ 660509.68629581364803, 7170345.67723588924855 ], [ 660542.51914667384699, 7170313.25997519120574 ], [ 660569.949123264523223, 7170285.829985441640019 ], [ 660595.716678624390624, 7170267.543324023485184 ], [ 660615.665753393317573, 7170251.750298741273582 ], [ 660635.614830997306854, 7170249.256659608334303 ], [ 660659.719967257464305, 7170250.087866127490997 ], [ 660683.825103339506313, 7170250.087861014530063 ], [ 660707.099028716795146, 7170254.243914247490466 ], [ 660723.723262449959293, 7170263.387238698080182 ], [ 660740.347498135408387, 7170281.673891126178205 ], [ 660751.153250568546355, 7170289.986005174927413 ], [ 660773.595965248532593, 7170298.298116752877831 ], [ 660800.194737163023092, 7170303.285380913875997 ], [ 660824.299875025637448, 7170311.597492137923837 ], [ 660860.041976372245699, 7170325.728082333691418 ], [ 660879.991055398946628, 7170329.884136267006397 ], [ 660896.615287536405958, 7170331.546556003391743 ], [ 660915.733155685244128, 7170339.02745665051043 ], [ 660932.357390490011312, 7170353.158050904981792 ], [ 660948.981622449937277, 7170353.989259006455541 ], [ 660963.943431054358371, 7170353.989255828782916 ], [ 660984.723720428068191, 7170352.326828140765429 ], [ 661009.660066679934971, 7170345.67712976410985 ], [ 661023.79066245269496, 7170339.858645318076015 ], [ 661038.336864372482523, 7170335.702584054321051 ], [ 661059.117155522573739, 7170342.352272709831595 ], [ 661084.053506039083004, 7170355.651653558015823 ], [ 661100.677739425562322, 7170363.132554732263088 ], [ 661135.588626702083275, 7170365.626182205975056 ], [ 661151.381647609639913, 7170368.951025387272239 ], [ 661170.499516115989536, 7170378.094349295832217 ], [ 661193.773442747537047, 7170388.068883958272636 ], [ 661229.515543040703051, 7170397.21220432780683 ], [ 661258.607949019642547, 7170398.874621406197548 ], [ 661299.33731688989792, 7170398.874612729996443 ], [ 661325.936085963388905, 7170390.562490718439221 ], [ 661369.159086641622707, 7170381.419153534807265 ], [ 661383.2896838337183, 7170382.250362156890333 ], [ 661391.601800441392697, 7170385.57520692422986 ], [ 661398.251494578784332, 7170392.224898583255708 ], [ 661405.732401910121553, 7170406.355494771152735 ], [ 661409.888462349888869, 7170417.992456771433353 ], [ 661426.097092973534018, 7170439.603955811820924 ], [ 661480.125852336990647, 7170467.865139868110418 ], [ 661595.664271809626371, 7170507.763273686170578 ], [ 661632.237585664726794, 7170526.049921842291951 ], [ 661658.005146718816832, 7170534.362032687291503 ], [ 661688.759978557354771, 7170548.492623912170529 ], [ 661749.438426367705688, 7170556.804727301001549 ], [ 661761.075389155070297, 7170559.298359719105065 ], [ 661784.349315622705035, 7170568.441682732664049 ], [ 661795.155068429070525, 7170578.416220035403967 ], [ 661809.285668127820827, 7170590.884391539730132 ], [ 661816.766573680797592, 7170596.702871384099126 ], [ 661823.416268363478594, 7170605.846197945065796 ], [ 661835.053233471699059, 7170619.145581612363458 ], [ 661837.546870741760358, 7170630.782543966546655 ], [ 661838.378086440614425, 7170649.900411386974156 ], [ 661850.846262426814064, 7170659.874948340468109 ], [ 661873.288976773968898, 7170666.524636622518301 ], [ 661888.250785204349086, 7170665.69342178851366 ], [ 661919.005611156113446, 7170652.394029058516026 ], [ 661947.266801980673335, 7170637.432213589549065 ], [ 661963.891033769352362, 7170637.43221003562212 ], [ 661978.021631686249748, 7170641.588265188969672 ], [ 662000.464346030727029, 7170648.237953463569283 ], [ 662024.569482125341892, 7170648.23794830776751 ], [ 662041.609321679105051, 7170657.381272645667195 ], [ 662059.895981118665077, 7170678.161559604108334 ], [ 662069.870525918551721, 7170704.760329782962799 ], [ 662079.013857878977433, 7170725.540618697181344 ], [ 662082.338709423784167, 7170749.645755392499268 ], [ 662084.832348665455356, 7170770.426045732572675 ], [ 662085.66356508852914, 7170792.868759696371853 ], [ 662087.325993275968358, 7170816.142685119062662 ], [ 662097.300536110065877, 7170833.598127319477499 ], [ 662111.431135999271646, 7170846.897510454058647 ], [ 662124.730523580103181, 7170856.872047225944698 ], [ 662134.705064805340953, 7170866.846584709361196 ], [ 662157.978993611875921, 7170886.795658968389034 ], [ 662181.252922422601841, 7170906.744733225554228 ], [ 662205.358061391161755, 7170920.044114225544035 ], [ 662215.332602975540794, 7170931.681074978783727 ], [ 662215.332605482311919, 7170943.318037868477404 ], [ 662212.007761272252537, 7170953.292578203603625 ], [ 662204.526859649922699, 7170965.760754331946373 ], [ 662188.733841949608177, 7170977.397720605134964 ], [ 662174.603246174519882, 7170983.216205076314509 ], [ 662152.160535575589165, 7170994.02196113858372 ], [ 662143.017210234072991, 7171003.996502716094255 ], [ 662112.262390000745654, 7171043.894667785614729 ], [ 662110.599973441334441, 7171074.649498648010194 ], [ 662114.756037118495442, 7171101.248270081356168 ], [ 662123.899367827689275, 7171116.210077562369406 ], [ 662135.536333490977995, 7171132.003096141852438 ], [ 662148.835721078212373, 7171141.977632917463779 ], [ 662171.27843400882557, 7171141.97762811370194 ], [ 662181.25297255103942, 7171139.483991071581841 ], [ 662203.695685303770006, 7171138.652774630114436 ], [ 662227.800821771961637, 7171140.315192738547921 ], [ 662249.412325801327825, 7171152.78336263820529 ], [ 662261.049290924798697, 7171166.082746312022209 ], [ 662276.011102054733783, 7171177.719705998897552 ], [ 662297.622615399537608, 7171233.410880940034986 ], [ 662304.2723127809586, 7171255.022382033988833 ], [ 662315.909282566513866, 7171289.93326822668314 ], [ 662360.794722774648108, 7171356.43018944747746 ], [ 662373.2629012883408, 7171378.041689300909638 ], [ 662384.068657161202282, 7171402.146824415773153 ], [ 662400.692891476443037, 7171413.783783749677241 ], [ 662418.979547002818435, 7171416.27741473633796 ], [ 662437.26620198879391, 7171416.277410815469921 ], [ 662453.890432899119332, 7171412.121349072083831 ], [ 662472.177087707677856, 7171411.290133511647582 ], [ 662480.489203789853491, 7171412.121343363076448 ], [ 662496.282226697076112, 7171424.589514510706067 ], [ 662518.724941430264153, 7171432.901626052334905 ], [ 662538.674023008323275, 7171448.694642850197852 ], [ 662549.479777271277271, 7171465.31887324526906 ], [ 662561.947955252602696, 7171484.436738189309835 ], [ 662580.23461275594309, 7171496.073697160929441 ], [ 662620.548381171422079, 7171525.166095757856965 ], [ 662634.678981442004442, 7171540.12790216691792 ], [ 662656.290486923186108, 7171559.245765148662031 ], [ 662675.40835655736737, 7171573.376358852721751 ], [ 662695.357435987680219, 7171579.194836016744375 ], [ 662727.774691431433894, 7171594.987850131466985 ], [ 662759.360734024550766, 7171604.962382977828383 ], [ 662772.660121810738929, 7171615.768131384626031 ], [ 662780.972240590723231, 7171629.067515771836042 ], [ 662790.946783449617215, 7171646.522957978770137 ], [ 662805.908595497021452, 7171662.315975846722722 ], [ 662825.026464057387784, 7171671.459299732930958 ], [ 662849.131601622560993, 7171678.10898763872683 ], [ 662868.249468207941391, 7171678.108983526006341 ], [ 662910.641259868862107, 7171680.602609318681061 ], [ 662944.720936701400205, 7171688.083506708964705 ], [ 662967.994862858322449, 7171695.564406426623464 ], [ 662980.463039237773046, 7171707.201366648077965 ], [ 663001.243331882753409, 7171720.500748349353671 ], [ 663045.181181173655204, 7171741.779756775125861 ], [ 663055.820691493223421, 7171750.823337081819773 ], [ 663073.375880864681676, 7171753.483210539445281 ], [ 663091.463045193115249, 7171754.015182092785835 ], [ 663106.358357243007049, 7171755.611105223186314 ], [ 663126.573424858506769, 7171763.590732579119503 ], [ 663144.12861457769759, 7171767.846532374620438 ], [ 663156.364051266224124, 7171777.422087786719203 ], [ 663161.683807521825656, 7171786.997644687071443 ], [ 663161.151834063464776, 7171796.041227402165532 ], [ 663172.323323722812347, 7171823.17197279445827 ], [ 663177.111105022602715, 7171834.875431600958109 ], [ 663183.494812114280649, 7171844.450988273136318 ], [ 663198.390125203295611, 7171850.834690429270267 ], [ 663210.093585786176845, 7171857.218393271788955 ], [ 663227.648775506066158, 7171861.474193065427244 ], [ 663241.480138899758458, 7171873.092760218307376 ], [ 663256.873468183912337, 7171864.037855673581362 ], [ 663273.172288916772231, 7171861.321381792426109 ], [ 663280.416209501679987, 7171861.321380231529474 ], [ 663302.147973423125222, 7171871.281766895204782 ], [ 663325.690718671539798, 7171886.675093906931579 ], [ 663365.532284850953147, 7171900.257437154650688 ], [ 663402.657383951940574, 7171928.32762295473367 ], [ 663445.215422910638154, 7171953.681337212212384 ], [ 663477.813069294439629, 7171970.88564251549542 ], [ 663559.75993097841274, 7172017.06562109105289 ], [ 663581.491695695091039, 7172030.647968241944909 ], [ 663638.537577810697258, 7172065.056580593809485 ], [ 663682.906595947337337, 7172085.882843836210668 ], [ 663749.007380579947494, 7172128.440865332260728 ], [ 663791.565419164835475, 7172151.983599331229925 ], [ 663839.556399182183668, 7172180.053782768547535 ], [ 663981.718357134843245, 7172255.209432231262326 ], [ 664041.480706943082623, 7172277.846672372892499 ], [ 664088.566192366299219, 7172285.090583159588277 ], [ 664136.557168256025761, 7172294.145473996177316 ], [ 664180.926181880407967, 7172294.145464382134378 ], [ 664209.901864245766774, 7172294.145458100363612 ], [ 664224.389704837463796, 7172291.428984588012099 ], [ 664232.539114317391068, 7172285.996042082086205 ], [ 664239.783032342791557, 7172274.224668907932937 ], [ 664237.972050020936877, 7172264.26427794713527 ], [ 664224.389697332284413, 7172257.020359905436635 ], [ 664210.807344840490259, 7172250.681931983679533 ], [ 664182.737152156070806, 7172248.87095782533288 ], [ 664157.383428114349954, 7172239.816062087193131 ], [ 664121.163822199217975, 7172226.23371808975935 ], [ 664086.75519682711456, 7172214.46235394012183 ], [ 664055.515785532072186, 7172197.258048366755247 ], [ 664030.162062873132527, 7172194.541583489626646 ], [ 664007.524808463756926, 7172182.770216789096594 ], [ 663979.454612627392635, 7172166.471400650218129 ], [ 663924.219712606980465, 7172141.117689158767462 ], [ 663887.094613278284669, 7172112.142013254575431 ], [ 663868.07931699953042, 7172090.41025441326201 ], [ 663850.874999294057488, 7172061.434574199840426 ], [ 663812.844408322125673, 7172025.214977506548166 ], [ 663789.301664243103005, 7172015.25459124520421 ], [ 663755.798525809310377, 7171988.995384922251105 ], [ 663732.255777792655863, 7171960.925196202471852 ], [ 663726.822833415470086, 7171942.815394922159612 ], [ 663725.011848738533445, 7171921.989122483879328 ], [ 663721.389875649707392, 7171863.132265287451446 ], [ 663724.106337007717229, 7171822.385209180414677 ], [ 663724.10632696817629, 7171776.205212922766805 ], [ 663721.389845722587779, 7171725.497766643762589 ], [ 663722.295326543506235, 7171682.939730685204268 ], [ 663725.917265376308933, 7171584.241306554526091 ], [ 663722.295286182081327, 7171497.314255591481924 ], [ 663719.126061872579157, 7171455.66171065159142 ], [ 663702.827235638978891, 7171433.024461117573082 ], [ 663673.851542480639182, 7171383.222510659135878 ], [ 663652.572510417783633, 7171312.594285728409886 ], [ 663646.234075185493566, 7171290.862524168565869 ], [ 663646.234069479862228, 7171264.603310633450747 ], [ 663646.234063181327656, 7171235.62762672547251 ], [ 663641.706609080079943, 7171218.423315386287868 ], [ 663641.706602389574982, 7171187.636651239357889 ], [ 663642.612089312402532, 7171173.148809093050659 ], [ 663646.234046454075724, 7171158.660966359078884 ], [ 663646.234043306089006, 7171144.17312441021204 ], [ 663645.328546542325057, 7171113.386460462585092 ], [ 663645.328541621332988, 7171090.74920741841197 ], [ 663641.706575430231169, 7171063.584504544734955 ], [ 663643.517552427598275, 7171049.096662206575274 ], [ 663650.761468872777186, 7171030.081368085928261 ], [ 663650.308718916377984, 7171007.444115138612688 ], [ 663643.06479125272017, 7170974.846472322940826 ], [ 663643.064782791421749, 7170935.910397094674408 ], [ 663650.308685854543, 7170855.321774708107114 ], [ 663653.025142489699647, 7170792.842955738306046 ], [ 663653.025137570453808, 7170770.205702702514827 ], [ 663668.418448721407913, 7170677.845706997439265 ], [ 663662.080012508085929, 7170651.586494849994779 ], [ 663662.080007981974632, 7170630.760222058743238 ], [ 663668.418434352846816, 7170611.744928143918514 ], [ 663680.189802138251252, 7170597.257083661854267 ], [ 663696.48862047935836, 7170583.674728320911527 ], [ 663732.70821863040328, 7170561.942957582883537 ], [ 663764.40036858280655, 7170550.171579154208302 ], [ 663796.998008215567097, 7170536.589220288209617 ], [ 663834.123098597861826, 7170524.817840684205294 ], [ 663883.92505136388354, 7170519.384889183565974 ], [ 663926.483084344770759, 7170517.573899732902646 ], [ 663968.135627056704834, 7170514.857420351356268 ], [ 664009.788166218320839, 7170495.842118788510561 ], [ 664065.475801093038172, 7170475.015833942219615 ], [ 664113.466773316962644, 7170467.77190257795155 ], [ 664155.119316615513526, 7170467.771893549710512 ], [ 664176.851077943108976, 7170465.960908599197865 ], [ 664194.960876810131595, 7170454.189533097669482 ], [ 664203.11028429644648, 7170439.701689396053553 ], [ 664212.16517869476229, 7170410.726003559306264 ], [ 664213.070662250625901, 7170380.844829371199012 ], [ 664213.070656128460541, 7170352.774635622277856 ], [ 664213.070638155913912, 7170270.375034620985389 ], [ 664208.543179702013731, 7170233.24994065053761 ], [ 664202.204745646566153, 7170216.951119851320982 ], [ 664189.527879907982424, 7170195.219359701499343 ], [ 664177.756504833232611, 7170176.204069719649851 ], [ 664160.552189331734553, 7170157.188780912198126 ], [ 664144.253365087555721, 7170143.606432636268437 ], [ 664130.218268387485296, 7170140.889965314418077 ], [ 664096.715136537211947, 7170144.511933056637645 ], [ 664050.535143885412253, 7170149.039393663406372 ], [ 664001.638680228381418, 7170149.944894375279546 ], [ 663966.324567840318196, 7170151.755882264114916 ], [ 663900.22379302745685, 7170153.566876812838018 ], [ 663851.327329172170721, 7170153.56688739079982 ], [ 663797.903414568630978, 7170151.755918709561229 ], [ 663759.872829995816574, 7170144.512005966156721 ], [ 663721.842242273269221, 7170122.780251292511821 ], [ 663696.488514764001593, 7170097.426533395424485 ], [ 663671.134785680333152, 7170064.828894533216953 ], [ 663653.024977959110402, 7170035.853214589878917 ], [ 663645.781051483470947, 7170008.688512541353703 ], [ 663640.348103580297902, 7169974.279889136552811 ], [ 663640.348100035800599, 7169957.981066966429353 ], [ 663641.253585582133383, 7169937.154794001951814 ], [ 663643.970051660900936, 7169918.139500886201859 ], [ 663646.233770147664472, 7169887.352836305275559 ], [ 663648.950233078678139, 7169853.849701268598437 ], [ 663649.85571252182126, 7169804.953234573826194 ], [ 663649.855705043766648, 7169770.544610004872084 ], [ 663641.706286336760968, 7169733.419516839087009 ], [ 663641.70628102356568, 7169708.971283596940339 ], [ 663647.13921672385186, 7169687.239519537426531 ], [ 663658.910585281788372, 7169676.373635553754866 ], [ 663671.587443715427071, 7169664.602261253632605 ], [ 663685.169789657229558, 7169641.059515196830034 ], [ 663691.508215033099987, 7169617.516770707443357 ], [ 663696.035662042209879, 7169602.123437687754631 ], [ 663705.090557823772542, 7169579.486182730644941 ], [ 663721.389374176622368, 7169556.848926207050681 ], [ 663736.782700454583392, 7169534.211669880896807 ], [ 663742.668380005750805, 7169507.046965010464191 ], [ 663745.38484824670013, 7169497.992063226178288 ], [ 663755.345233705709688, 7169473.543827833607793 ], [ 663769.833068334148265, 7169443.662650748156011 ], [ 663773.455021526664495, 7169411.065005652606487 ], [ 663784.320898628327996, 7169393.86069102678448 ], [ 663797.903248504502699, 7169388.427747370675206 ], [ 663813.296578714740463, 7169383.900293443351984 ], [ 663829.595398801844567, 7169378.467349199578166 ], [ 663845.894217900582589, 7169368.506954356096685 ], [ 663850.421664905035868, 7169353.11362134385854 ], [ 663850.421660570660606, 7169333.19283870793879 ], [ 663851.327146697207354, 7169315.083036119118333 ], [ 663851.327142756665125, 7169296.973233725875616 ], [ 663847.705178535426967, 7169278.863432116806507 ], [ 663846.799685506848618, 7169265.281080519780517 ], [ 663851.327132903505117, 7169251.698727745562792 ], [ 663864.00399053725414, 7169236.305392969399691 ], [ 663871.247909324942157, 7169228.155980328097939 ], [ 663880.302808254142292, 7169220.006567292846739 ], [ 663892.074176406604238, 7169207.329703072085977 ], [ 663897.507113280356862, 7169191.030879744328558 ], [ 663894.790638535981998, 7169170.204607581719756 ], [ 663895.696124072419479, 7169149.378334640525281 ], [ 663895.696119535947219, 7169128.552061894908547 ], [ 663899.318076861556619, 7169114.969709316268563 ], [ 663902.940034186467528, 7169101.387356741353869 ], [ 663908.372973424149677, 7169095.954414849169552 ], [ 663922.860813559731469, 7169091.426961116492748 ], [ 663939.159633637871593, 7169085.994016874581575 ], [ 663956.363944770768285, 7169085.088523032143712 ], [ 663968.135315881110728, 7169085.994010597467422 ], [ 663982.623157200403512, 7169086.899497584439814 ], [ 664015.673545938683674, 7169092.332431143149734 ], [ 664043.743738505872898, 7169094.143405301496387 ], [ 664073.624912201776169, 7169100.481829661875963 ], [ 664091.734713602578267, 7169100.481825741007924 ], [ 664112.5609832421178, 7169091.426920033991337 ], [ 664129.765290821087547, 7169074.222604038193822 ], [ 664137.009208224946633, 7169059.734760554507375 ], [ 664138.820183824398555, 7169038.908487422391772 ], [ 664139.725671328254975, 7169027.137115672230721 ], [ 664144.253117729676887, 7169009.027312304824591 ], [ 664150.59154288971331, 7168984.579077711328864 ], [ 664162.362910837982781, 7168970.996723368763924 ], [ 664199.487996793352067, 7168939.304561148397624 ], [ 664212.164852833026089, 7168916.667305421084166 ], [ 664253.817386960377917, 7168875.014750907197595 ], [ 664270.116199720767327, 7168836.078672249801457 ], [ 664283.6985456305556, 7168812.535926207900047 ], [ 664298.186382794519886, 7168794.426120683550835 ], [ 664324.898332538432442, 7168760.922980485484004 ], [ 664343.913619852857664, 7168741.907683858647943 ], [ 664353.874008838203736, 7168733.758270630612969 ], [ 664372.889298916910775, 7168727.419835669919848 ], [ 664403.675957330968231, 7168709.310026608407497 ], [ 664428.124186046421528, 7168694.822179394774139 ], [ 664455.288887147093192, 7168690.294722903519869 ], [ 664477.926137896487489, 7168685.76726739294827 ], [ 664506.9018185432069, 7168678.523340145125985 ], [ 664529.539069294114597, 7168673.995884635485709 ], [ 664555.798280321527272, 7168669.468428336083889 ], [ 664574.813570396974683, 7168663.129993369802833 ], [ 664590.206897817319259, 7168645.925677767023444 ], [ 664594.734346186043695, 7168636.870775594376028 ], [ 664599.261794356862083, 7168626.910383302718401 ], [ 664606.505712932557799, 7168617.85548054240644 ], [ 664618.277081658132374, 7168607.895086674951017 ], [ 664631.859430324402638, 7168597.02920229639858 ], [ 664645.441778198350221, 7168582.541357445530593 ], [ 664649.063736496842466, 7168573.486455467529595 ], [ 664659.929615548113361, 7168565.337042035534978 ], [ 664674.417455865885131, 7168561.715078413486481 ], [ 664689.810787045164034, 7168561.71507506351918 ], [ 664707.015097770025022, 7168558.99860096629709 ], [ 664730.557836607214995, 7168545.416244064457715 ], [ 664748.667635022546165, 7168531.833888344466686 ], [ 664765.871942575555295, 7168514.629572344943881 ], [ 664779.454289057874121, 7168493.803296659141779 ], [ 664787.603693539975211, 7168465.733101210556924 ], [ 664788.509177861153148, 7168439.473887572064996 ], [ 664787.603684026282281, 7168422.269575513899326 ], [ 664784.887212033150718, 7168414.120165038853884 ], [ 664781.265249375835992, 7168403.254284404218197 ], [ 664780.359757525031455, 7168395.104873536154628 ], [ 664786.698184839682654, 7168380.617030257359147 ], [ 664789.414654056774452, 7168376.089579075574875 ], [ 664794.39485062577296, 7168381.522518703714013 ], [ 664805.26072907843627, 7168370.656634915620089 ], [ 664810.693665725644678, 7168353.452321481890976 ], [ 664810.693660571938381, 7168329.909578401595354 ], [ 664812.504634565673769, 7168301.839384336024523 ], [ 664820.654041223344393, 7168283.729580193758011 ], [ 664820.654039042769, 7168273.769188888370991 ], [ 664815.22109585267026, 7168261.092328417114913 ], [ 664807.071683447342366, 7168252.942919125780463 ], [ 664792.58384095330257, 7168246.604491448029876 ], [ 664779.001488134730607, 7168238.455083340406418 ], [ 664769.946585263940506, 7168228.494694007560611 ], [ 664764.513642866979353, 7168219.439794005826116 ], [ 664761.797171075711958, 7168212.195873649790883 ], [ 664735.537955703213811, 7168196.802547350525856 ], [ 664699.318349575973116, 7168181.409223220311105 ], [ 664681.208545027766377, 7168166.921385265886784 ], [ 664664.004229557234794, 7168147.906096521764994 ], [ 664657.665794914471917, 7168128.8908054176718 ], [ 664658.571281815180555, 7168114.402963329106569 ], [ 664664.909709522733465, 7168101.726100293919444 ], [ 664673.9646076397039, 7168089.954726790077984 ], [ 664673.059115590760484, 7168080.899825805798173 ], [ 664665.815192265668884, 7168068.222965728491545 ], [ 664656.76028880639933, 7168055.546106042340398 ], [ 664652.23283450002782, 7168037.436304664239287 ], [ 664643.177931038313545, 7168024.759444980882108 ], [ 664633.217538499739021, 7168016.610036082565784 ], [ 664618.7296964089619, 7168012.082588641904294 ], [ 664603.336364449700341, 7168008.460631514899433 ], [ 664585.226562477531843, 7168005.744165099225938 ], [ 664561.683819500962272, 7168000.311229504644871 ], [ 664540.857545745093375, 7167990.350842732936144 ], [ 664533.613623213721439, 7167981.295943123288453 ], [ 664523.200482080574147, 7167956.847712200134993 ], [ 664515.051067701191641, 7167939.643401730805635 ], [ 664511.429104460286908, 7167926.061050747521222 ], [ 664511.429100305656902, 7167907.04575826972723 ], [ 664496.941255051409826, 7167888.030468942597508 ], [ 664480.642431441345252, 7167877.164591064676642 ], [ 664457.099687084788457, 7167865.393224647268653 ], [ 664441.706354534137063, 7167859.054797164164484 ], [ 664418.163609585841186, 7167844.566960390657187 ], [ 664406.392234936822206, 7167827.36265070643276 ], [ 664393.715368044911884, 7167800.197949923574924 ], [ 664385.565951497526839, 7167773.033248160034418 ], [ 664384.660458659986034, 7167760.356386707164347 ], [ 664387.376925702905282, 7167745.868544233031571 ], [ 664392.809863541857339, 7167734.097171521745622 ], [ 664400.959272773121484, 7167727.758738930337131 ], [ 664405.486721731140278, 7167721.420307123102248 ], [ 664407.297700288007036, 7167714.176385786384344 ], [ 664388.282404500292614, 7167694.255607323721051 ], [ 664365.645151011878625, 7167686.106201180256903 ], [ 664347.53534746915102, 7167676.145813817158341 ], [ 664325.803578907623887, 7167644.453664416447282 ], [ 664313.12671103363391, 7167612.761513051576912 ], [ 664300.449845532653853, 7167591.935243098065257 ], [ 664286.867489765631035, 7167570.2034832239151 ], [ 664274.190625055460259, 7167552.999173739925027 ], [ 664256.533566157682799, 7167541.227806041948497 ], [ 664248.38415258214809, 7167527.645456046797335 ], [ 664239.32924913149327, 7167514.968596366234124 ], [ 664222.124935070401989, 7167502.291738453321159 ], [ 664212.164542739745229, 7167495.047819674015045 ], [ 664200.393169681774452, 7167485.087430935353041 ], [ 664191.338266629958525, 7167474.221551487222314 ], [ 664188.621792673366144, 7167457.017239848151803 ], [ 664194.960218608845025, 7167436.190965774469078 ], [ 664194.054724589223042, 7167418.081163621507585 ], [ 664184.094331274507567, 7167406.309794257394969 ], [ 664173.228447693865746, 7167393.632934968918562 ], [ 664164.173543851822615, 7167379.145095055922866 ], [ 664163.268050229526125, 7167362.846273142844439 ], [ 664151.49667204124853, 7167329.343141352757812 ], [ 664142.441768993157893, 7167318.477261911146343 ], [ 664135.197845682967454, 7167305.800401838496327 ], [ 664136.103333975188434, 7167297.650990588590503 ], [ 664143.34725293959491, 7167290.4070680802688 ], [ 664152.402152234571986, 7167284.068635297939181 ], [ 664174.586654751561582, 7167265.053338028490543 ], [ 664192.696451568161137, 7167244.227061405777931 ], [ 664205.373308764421381, 7167227.022746430709958 ], [ 664221.672125837998465, 7167208.007450437173247 ], [ 664226.199572226731107, 7167189.897647113539279 ], [ 664218.955650104093365, 7167182.653727748431265 ], [ 664205.373296912526712, 7167172.693339405581355 ], [ 664180.925063106464222, 7167163.638443537056446 ], [ 664162.815258001442999, 7167146.434135239571333 ], [ 664136.556045840377919, 7167145.528650815598667 ], [ 664128.406634639482945, 7167142.812182232737541 ], [ 664123.879182523465715, 7167134.662772159092128 ], [ 664123.879179561045021, 7167121.080420402809978 ], [ 664132.028587999171577, 7167111.120027350261807 ], [ 664139.272505380678922, 7167096.632183909416199 ], [ 664141.083482753485441, 7167083.955321879126132 ], [ 664139.272496299468912, 7167054.97963852994144 ], [ 664131.123082729522139, 7167041.397288543172181 ], [ 664118.446219416102394, 7167030.53140988945961 ], [ 664100.336415494559333, 7167018.760042292997241 ], [ 664086.754063692176715, 7167015.138084769248962 ], [ 664069.549752208404243, 7167014.232598377391696 ], [ 664062.305830683093518, 7167009.70514936838299 ], [ 664047.817986049340107, 7166993.406330402940512 ], [ 664023.369746334850788, 7166957.186731025576591 ], [ 664003.448960507870652, 7166937.265952771529555 ], [ 663980.811706651700661, 7166927.305566392838955 ], [ 663965.418374124797992, 7166920.967138906940818 ], [ 663948.21405909396708, 7166903.762830413877964 ], [ 663929.198764129076153, 7166887.464012429118156 ], [ 663916.521901609143242, 7166880.2200942421332 ], [ 663900.675824441947043, 7166875.692647088319063 ], [ 663880.755040791351348, 7166865.73226011544466 ], [ 663868.078177678515203, 7166855.771871576085687 ], [ 663859.023274440900423, 7166844.000502018257976 ], [ 663849.062878970056772, 7166822.268741373904049 ], [ 663846.346404630807228, 7166803.253449514508247 ], [ 663846.34639635309577, 7166765.222864618524909 ], [ 663840.007961347931996, 7166744.396593309938908 ], [ 663839.102468521334231, 7166731.719731874763966 ], [ 663839.102465762989596, 7166719.042870244011283 ], [ 663840.007950901635922, 7166696.405617134645581 ], [ 663841.818926503416151, 7166675.579344065859914 ], [ 663842.724413614720106, 7166661.996992123313248 ], [ 663849.968332771677524, 7166655.658559738658369 ], [ 663862.645193515112624, 7166654.753066880628467 ], [ 663879.849503018311225, 7166646.603652108460665 ], [ 663893.431851658271626, 7166635.737767770886421 ], [ 663900.675769433612004, 7166623.060904578305781 ], [ 663900.675765689346008, 7166605.856592365540564 ], [ 663903.392231355654076, 7166585.030319101177156 ], [ 663903.392226624535397, 7166563.29855630826205 ], [ 663912.447121576988138, 7166537.039340974763036 ], [ 663920.596527841407806, 7166517.118556654080749 ], [ 663927.840437926817685, 7166469.12757892627269 ], [ 663933.27337458007969, 7166451.923265544697642 ], [ 663942.328273278661072, 7166442.868362421169877 ], [ 663972.662187165231444, 7166427.475023878738284 ], [ 663996.204927524086088, 7166421.136587964370847 ], [ 664011.598259055637754, 7166422.947564866393805 ], [ 664018.842181167798117, 7166430.191484224051237 ], [ 664030.613553026225418, 7166434.718932256102562 ], [ 664044.19590264512226, 7166428.380498500540853 ], [ 664056.8727633850649, 7166427.475005635991693 ], [ 664070.455114387674257, 7166427.475002693012357 ], [ 664085.848445525276475, 7166427.474999357014894 ], [ 664101.24177508300636, 7166420.231075091287494 ], [ 664115.729612400522456, 7166403.026759745553136 ], [ 664137.461367094656453, 7166371.334600973874331 ], [ 664155.571163297630847, 7166347.791854027658701 ], [ 664168.248019691440277, 7166326.965578609146178 ], [ 664187.26330674579367, 7166307.04479193687439 ], [ 664199.034675242728554, 7166296.178907993249595 ], [ 664218.049965264392085, 7166289.840473055839539 ], [ 664229.82133613131009, 7166289.840470502153039 ], [ 664244.309176803799346, 7166288.02948712836951 ], [ 664256.986036153975874, 7166280.785563449375331 ], [ 664269.662895113811828, 7166271.730659540742636 ], [ 664281.434263214818202, 7166259.053795362822711 ], [ 664288.678180784569122, 7166245.471442053094506 ], [ 664295.016607693745755, 7166229.172618590295315 ], [ 664305.882483945926651, 7166208.346343568526208 ], [ 664311.315420393599197, 7166190.236540071666241 ], [ 664315.842868551029824, 7166180.276147813536227 ], [ 664321.275805983459577, 7166166.693794896826148 ], [ 664323.992274011601694, 7166156.733403034508228 ], [ 664319.012076865648851, 7166148.583993072621524 ], [ 664317.201094954740256, 7166140.434582421556115 ], [ 664318.106581264757551, 7166123.230270024389029 ], [ 664323.539516523014754, 7166099.687525837682188 ], [ 664317.201083094580099, 7166086.105175477452576 ], [ 664308.146180847310461, 7166078.861256517469883 ], [ 664272.832065291935578, 7166065.278912447392941 ], [ 664258.34422205586452, 7166055.318524315953255 ], [ 664232.085005190339871, 7166032.681277118623257 ], [ 664209.447747207130305, 7166003.70559832919389 ], [ 664183.188532321713865, 7165990.123252289369702 ], [ 664169.606177770881914, 7165973.824433151632547 ], [ 664167.795194676611573, 7165960.242081811651587 ], [ 664168.70068079396151, 7165942.132279302924871 ], [ 664169.606167501187883, 7165926.738947143778205 ], [ 664165.078712431481108, 7165905.007185352034867 ], [ 664145.157926428481005, 7165884.180917015299201 ], [ 664130.670082212192938, 7165869.693078309297562 ], [ 664106.221844501793385, 7165842.528380144387484 ], [ 664084.037331762607209, 7165814.458191372454166 ], [ 664083.131840708549134, 7165809.930740992538631 ], [ 664077.698895179433748, 7165786.387999169528484 ], [ 664069.54948162403889, 7165772.80564920604229 ], [ 664054.156147144734859, 7165757.412320582196116 ], [ 664041.47928247100208, 7165740.208011136390269 ], [ 664034.235357206547633, 7165718.476249940693378 ], [ 664022.463982599321753, 7165701.27194029930979 ], [ 663999.826725426479243, 7165675.918221974745393 ], [ 663991.677310885163024, 7165657.808421435765922 ], [ 663990.771817466593347, 7165642.415089675225317 ], [ 663990.771814112900756, 7165627.021757716313004 ], [ 663990.771810561651364, 7165610.722935642115772 ], [ 663986.244357866002247, 7165599.857055244967341 ], [ 663969.94553391658701, 7165587.180197161622345 ], [ 663950.024749903008342, 7165575.408829976804554 ], [ 663941.875337732955813, 7165568.164910823106766 ], [ 663931.914945431286469, 7165560.920992055907845 ], [ 663922.860043394844979, 7165554.582563210278749 ], [ 663919.238080762443133, 7165543.716682614758611 ], [ 663917.427097870502621, 7165531.039821397513151 ], [ 663916.52160523890052, 7165519.268450098112226 ], [ 663916.521602679975331, 7165507.497078603133559 ], [ 663915.616108470363542, 7165488.481786381453276 ], [ 663910.183164131944068, 7165470.371985258534551 ], [ 663901.128256773808971, 7165439.58532331045717 ], [ 663895.69531342072878, 7165426.002972761169076 ], [ 663889.35688236891292, 7165423.286503789946437 ], [ 663879.396491843857802, 7165424.191996062174439 ], [ 663872.152574078878388, 7165436.868859237059951 ], [ 663866.719636247260496, 7165448.640231909230351 ], [ 663855.853759990888648, 7165469.466506903991103 ], [ 663849.515330516849644, 7165473.993958851322532 ], [ 663840.460429268190637, 7165471.277490464970469 ], [ 663834.121997036039829, 7165463.128080800175667 ], [ 663825.972582699847408, 7165445.923770381137729 ], [ 663817.823168561444618, 7165429.624950075522065 ], [ 663810.57924547418952, 7165417.85358015075326 ], [ 663799.7133625181159, 7165407.893191236071289 ], [ 663783.414540154859424, 7165402.46025407128036 ], [ 663771.643166935769841, 7165391.594375238753855 ], [ 663763.041010326938704, 7165387.066926527768373 ], [ 663758.513558228150941, 7165378.917516471818089 ], [ 663759.419045140966773, 7165364.429674439132214 ], [ 663767.568453366169706, 7165353.563791297376156 ], [ 663768.473941067932174, 7165342.697909725829959 ], [ 663762.135508835315704, 7165334.548500062897801 ], [ 663753.080606407020241, 7165326.399090986698866 ], [ 663738.592762996442616, 7165315.533212742768228 ], [ 663725.915901091881096, 7165311.005764910951257 ], [ 663703.278649650048465, 7165311.911259921267629 ], [ 663683.357868208084255, 7165311.911264225840569 ], [ 663660.720617752755061, 7165317.344209808856249 ], [ 663651.665717489551753, 7165319.155191996134818 ], [ 663642.610816637054086, 7165318.249703839421272 ], [ 663638.083364539779723, 7165310.100293782539666 ], [ 663629.028461718233302, 7165300.139904478564858 ], [ 663620.879049357725307, 7165291.990495206788182 ], [ 663610.013166208518669, 7165281.124616177752614 ], [ 663607.29669463483151, 7165274.786185961216688 ], [ 663610.013162271934561, 7165263.01481388323009 ], [ 663610.013157743727788, 7165242.188541244715452 ], [ 663603.674724139040336, 7165227.700700776651502 ], [ 663593.714331841678359, 7165220.456782015040517 ], [ 663566.549627914559096, 7165211.401886738836765 ], [ 663552.06178647489287, 7165209.590909637510777 ], [ 663532.141002867370844, 7165199.63052267767489 ], [ 663516.7476703816792, 7165193.292095201089978 ], [ 663504.070810645120218, 7165198.725038628093898 ], [ 663490.488462419598363, 7165211.401903165504336 ], [ 663486.866504124132916, 7165220.456805093213916 ], [ 663477.811605041846633, 7165227.70072796754539 ], [ 663469.662196813267656, 7165238.56661110278219 ], [ 663459.701808060868643, 7165247.621514400467277 ], [ 663447.024947735015303, 7165250.33798748254776 ], [ 663425.293185965856537, 7165249.432502057403326 ], [ 663408.088873739354312, 7165244.9050551969558 ], [ 663389.979070663102902, 7165236.755648073740304 ], [ 663380.924167845863849, 7165226.795258766040206 ], [ 663367.341815094230697, 7165218.645850665867329 ], [ 663354.664952605962753, 7165211.401932482607663 ], [ 663344.704559530015104, 7165200.536053257063031 ], [ 663344.704555992502719, 7165184.237231193110347 ], [ 663349.232000620104373, 7165157.97801689337939 ], [ 663355.570426950231194, 7165138.962723119184375 ], [ 663365.530812952434644, 7165117.230958220548928 ], [ 663369.152770068612881, 7165102.74311560485512 ], [ 663374.585706332698464, 7165083.727822029963136 ], [ 663374.585703188204207, 7165069.239980198442936 ], [ 663375.94393533852417, 7165055.657628187909722 ], [ 663377.754911734489724, 7165038.45331562217325 ], [ 663383.187849175883457, 7165024.870962733402848 ], [ 663391.337257601320744, 7165014.910569718107581 ], [ 663406.73058556439355, 7165000.42272456176579 ], [ 663416.690973921213299, 7164989.556841039098799 ], [ 663439.328221618430689, 7164971.447033867239952 ], [ 663460.154488397063687, 7164949.71526662632823 ], [ 663475.547816158272326, 7164934.321931360289454 ], [ 663480.9807537952438, 7164921.645068584941328 ], [ 663482.791730191092938, 7164904.440756022930145 ], [ 663483.697216320084408, 7164886.330953544005752 ], [ 663487.319172450341284, 7164867.315660363063216 ], [ 663487.319168712710962, 7164850.111348191276193 ], [ 663485.508185829501599, 7164837.434486981481314 ], [ 663479.16975222947076, 7164822.946646524593234 ], [ 663471.92582934955135, 7164812.080766716971993 ], [ 663458.343476209440269, 7164802.120378395542502 ], [ 663450.194063269416802, 7164791.254498781636357 ], [ 663447.477591106668115, 7164782.199598228558898 ], [ 663448.383077829494141, 7164766.806266094557941 ], [ 663449.288565140683204, 7164754.12940430175513 ], [ 663448.383071930264123, 7164739.641562671400607 ], [ 663448.383068785187788, 7164725.153720845468342 ], [ 663452.910515765892342, 7164709.760387927293777 ], [ 663459.24894385819789, 7164698.894505193457007 ], [ 663469.209332802100107, 7164690.745092014782131 ], [ 663480.075212793657556, 7164687.123129213228822 ], [ 663487.771875785663724, 7164675.351756069809198 ], [ 663493.204813026823103, 7164660.863913073204458 ], [ 663504.070686722407117, 7164628.266266625374556 ], [ 663507.692643047659658, 7164610.15646356344223 ], [ 663507.692640685476363, 7164599.290582193993032 ], [ 663511.314598193159327, 7164586.613719817250967 ], [ 663519.464005430345424, 7164571.220386123284698 ], [ 663519.464003657223657, 7164563.070975097827613 ], [ 663514.031061500310898, 7164554.921565245836973 ], [ 663512.220078225596808, 7164540.433723813854158 ], [ 663514.031055991188623, 7164529.567842057906091 ], [ 663516.747524218750186, 7164520.512940333224833 ], [ 663522.180463621160015, 7164515.985488588921726 ], [ 663531.235362890176475, 7164509.647055838257074 ], [ 663548.439674118766561, 7164509.647052122280002 ], [ 663564.738495083642192, 7164508.74155848659575 ], [ 663584.659275913611054, 7164506.025083841755986 ], [ 663594.619665639707819, 7164501.497631120495498 ], [ 663610.918484045541845, 7164488.820766005665064 ], [ 663621.784361473750323, 7164473.427431723102927 ], [ 663632.650239490671083, 7164460.750567781738937 ], [ 663652.571018548216671, 7164449.884682110510767 ], [ 663665.247877876507118, 7164442.640758462250233 ], [ 663681.546695493045263, 7164426.34193289000541 ], [ 663691.507082261145115, 7164408.232128463685513 ], [ 663694.22354851779528, 7164390.122325602918863 ], [ 663694.223544577253051, 7164372.012523329816759 ], [ 663692.412561693345197, 7164359.335662128403783 ], [ 663686.979618744691834, 7164347.564291827380657 ], [ 663686.979615988442674, 7164334.887430235743523 ], [ 663686.526868199114688, 7164322.210568746551871 ], [ 663685.621375575661659, 7164310.439197465777397 ], [ 663687.432352158706635, 7164294.14037502836436 ], [ 663688.337838875944726, 7164278.747042901813984 ], [ 663688.337836118414998, 7164266.070181315764785 ], [ 663686.526854020310566, 7164257.015280570834875 ], [ 663684.715872119646519, 7164248.865869937464595 ], [ 663692.865281319478527, 7164242.527437383309007 ], [ 663707.353119391831569, 7164228.945082549005747 ], [ 663714.597038135398179, 7164220.795669962652028 ], [ 663727.273893320932984, 7164194.536453930661082 ], [ 663729.990356817375869, 7164163.749789487570524 ], [ 663724.5574130800087, 7164148.356458734720945 ], [ 663716.40800033940468, 7164138.396069251000881 ], [ 663704.636625367682427, 7164119.380779413506389 ], [ 663692.865251975366846, 7164107.609410488046706 ], [ 663684.715838838135824, 7164095.83804077655077 ], [ 663680.188385169371031, 7164080.444709829054773 ], [ 663677.471911632223055, 7164065.05137849226594 ], [ 663675.660926776006818, 7164043.319616162218153 ], [ 663669.322493374464102, 7164029.7372658373788 ], [ 663668.416997993015684, 7164005.289032977074385 ], [ 663669.322484119795263, 7163987.17923051584512 ], [ 663681.999341075774282, 7163969.069425512105227 ], [ 663691.959729022346437, 7163956.392561776563525 ], [ 663709.164038069895469, 7163946.432166811078787 ], [ 663729.084817900438793, 7163939.188241597265005 ], [ 663743.119912117137574, 7163931.038827544078231 ], [ 663753.985788941383362, 7163912.929022931493819 ], [ 663753.985783821437508, 7163889.386279994621873 ], [ 663750.363820019643754, 7163873.087458740919828 ], [ 663742.214403730700724, 7163846.828247226774693 ], [ 663742.214399594115093, 7163827.812954854220152 ], [ 663744.025375979719684, 7163810.608642315492034 ], [ 663747.647332096472383, 7163791.593349159695208 ], [ 663754.89124925644137, 7163776.200015675276518 ], [ 663763.040656479424797, 7163760.806681989692152 ], [ 663763.040654116077349, 7163749.94080063700676 ], [ 663761.229672018904239, 7163740.885899901390076 ], [ 663761.22966925939545, 7163728.209038320928812 ], [ 663767.568096748669632, 7163714.626685256138444 ], [ 663774.812015485949814, 7163706.477272672578692 ], [ 663781.150441989069805, 7163688.367469044402242 ], [ 663791.110830718185753, 7163679.312565764412284 ], [ 663801.071219840319827, 7163672.06864270567894 ], [ 663800.165725440951064, 7163652.147860420867801 ], [ 663806.504149384563789, 7163622.266685328446329 ], [ 663806.504144455539063, 7163599.629432510584593 ], [ 663801.976690788171254, 7163584.236101575195789 ], [ 663792.921787393977866, 7163571.559241959825158 ], [ 663783.866884197574109, 7163559.787872452288866 ], [ 663779.339431121246889, 7163547.111011855304241 ], [ 663777.528447251184843, 7163529.906700104475021 ], [ 663771.190014837426133, 7163520.851800350472331 ], [ 663761.229620987782255, 7163506.363960702903569 ], [ 663750.363737864303403, 7163495.498081704601645 ], [ 663740.856090425513685, 7163487.348672745749354 ], [ 663745.383539165602997, 7163480.10475086607039 ], [ 663756.249419137951918, 7163476.482788065448403 ], [ 663768.926279037143104, 7163471.955334758386016 ], [ 663787.941568991169333, 7163465.616899859160185 ], [ 663816.917243720730767, 7163432.113759426400065 ], [ 663843.176451023202389, 7163411.287481157109141 ], [ 663873.963109032716602, 7163392.272182131186128 ], [ 663921.954079228220508, 7163377.784329941496253 ], [ 663949.118777967640199, 7163363.296482262201607 ], [ 663988.960338182398118, 7163351.525102170184255 ], [ 664008.881116613280028, 7163337.942746168933809 ], [ 664033.329343977035023, 7163318.021958397701383 ], [ 664056.87208364403341, 7163308.967052174732089 ], [ 664082.225805018097162, 7163307.156066454946995 ], [ 664108.485017440514639, 7163309.872531101107597 ], [ 664125.689329431275837, 7163313.494487818330526 ], [ 664139.271680772071704, 7163315.305465097539127 ], [ 664147.421090748859569, 7163312.588992995209992 ], [ 664151.043049420812167, 7163305.345071311108768 ], [ 664149.232067319913767, 7163296.290170580148697 ], [ 664141.082651220727712, 7163270.9364492027089 ], [ 664137.460688008461148, 7163257.354098305106163 ], [ 664122.972837519482709, 7163213.890576056204736 ], [ 664115.728912276332267, 7163192.158814933151007 ], [ 664113.917929384973831, 7163179.48195375315845 ], [ 664102.146555209765211, 7163164.088624399155378 ], [ 664091.280669914674945, 7163143.262354176491499 ], [ 664079.509296528762206, 7163131.49098527058959 ], [ 664064.115963091724552, 7163120.625107258558273 ], [ 664052.344591286382638, 7163116.097659251652658 ], [ 664042.384200199390762, 7163114.286681186407804 ], [ 664038.762238567695022, 7163107.948251185007393 ], [ 664041.478707177331671, 7163100.704329699277878 ], [ 664048.722626494243741, 7163095.27138745598495 ], [ 664062.304976254468784, 7163089.838443838991225 ], [ 664075.887326011201367, 7163084.405500221997499 ], [ 664097.61908475542441, 7163071.728633945807815 ], [ 664111.201435699826106, 7163071.728631002828479 ], [ 664119.350846264511347, 7163071.728629233315587 ], [ 664132.027708724141121, 7163078.972547382116318 ], [ 664144.704572368296795, 7163091.64940620213747 ], [ 664155.570456085726619, 7163105.231755527667701 ], [ 664171.869280971353874, 7163122.436064123176038 ], [ 664188.168108227662742, 7163150.506254064850509 ], [ 664202.655955556896515, 7163179.481934513896704 ], [ 664204.466937659541145, 7163188.536835242062807 ], [ 664204.466942203463987, 7163209.3631078209728 ], [ 664206.277925489586778, 7163223.850949225015938 ], [ 664214.427339217625558, 7163238.338789253495634 ], [ 664214.427340995520353, 7163246.488200262188911 ], [ 664214.427343565388583, 7163258.25957172177732 ], [ 664215.332835207576863, 7163265.50349242426455 ], [ 664218.04930678056553, 7163271.84192262403667 ], [ 664228.915187537670135, 7163271.841920265927911 ], [ 664239.781065923394635, 7163260.976036557927728 ], [ 664248.835962997283787, 7163244.677212573587894 ], [ 664256.985371784889139, 7163236.527799794450402 ], [ 664270.567721743020229, 7163232.000346286222339 ], [ 664285.055563146946952, 7163233.811323367059231 ], [ 664290.488504909677431, 7163240.149752976372838 ], [ 664303.165369745809585, 7163258.259552467614412 ], [ 664311.314784465823323, 7163277.274843057617545 ], [ 664319.464199580717832, 7163298.101113872602582 ], [ 664328.519104363047518, 7163317.116404265165329 ], [ 664340.290478544426151, 7163332.509733621962368 ], [ 664356.136556678800844, 7163341.791003834456205 ], [ 664395.751749416114762, 7163353.109621637500823 ], [ 664425.180177950533107, 7163359.900791088119149 ], [ 664472.718410226749256, 7163378.010583009570837 ], [ 664514.597331590834074, 7163405.175277283415198 ], [ 664540.63017734058667, 7163434.603700282052159 ], [ 664563.267436593770981, 7163469.691437221132219 ], [ 664585.904697584104724, 7163512.702212648466229 ], [ 664609.92142246896401, 7163584.858450777828693 ], [ 664618.764119373634458, 7163678.5908238068223 ], [ 664634.680952757131308, 7163751.100770788267255 ], [ 664648.829246610635892, 7163804.156829016283154 ], [ 664670.051678879302926, 7163844.833138069137931 ], [ 664723.107744656736031, 7163878.435298691503704 ], [ 664788.54355585842859, 7163904.963315106928349 ], [ 664884.044466068618931, 7163927.954254215583205 ], [ 664926.489314363687299, 7163935.028386479243636 ], [ 664951.248812949052081, 7163956.250805608928204 ], [ 664997.23073568358086, 7163981.010290872305632 ], [ 665044.981189440004528, 7163986.315886594355106 ], [ 665078.583366762497462, 7164018.149516060948372 ], [ 665094.500191277824342, 7164049.983149383217096 ], [ 665094.500196708715521, 7164074.742644667625427 ], [ 665103.34288009966258, 7164106.576279535889626 ], [ 665121.028240285464562, 7164140.178447854705155 ], [ 665152.861880785203539, 7164164.937936201691628 ], [ 665200.612338046892546, 7164186.160350313410163 ], [ 665241.288649523281492, 7164186.160341437906027 ], [ 665283.733492012019269, 7164166.706443017348647 ], [ 665326.178334105876274, 7164145.484009214676917 ], [ 665359.780503289424814, 7164140.178395740687847 ], [ 665418.142169135855511, 7164147.252524501644075 ], [ 665446.438739082892425, 7164172.012013608589768 ], [ 665462.355564004741609, 7164205.614182310178876 ], [ 665472.966781916911714, 7164233.910746034234762 ], [ 665501.263351478497498, 7164256.90169976465404 ], [ 665524.254310921533033, 7164260.438765492290258 ], [ 665577.310369375743903, 7164260.438753889873624 ], [ 665628.597894104081206, 7164267.512884183786809 ], [ 665685.191033634357154, 7164315.26332700625062 ], [ 665715.256147834239528, 7164380.699129421263933 ], [ 665732.941510392352939, 7164424.91251000855118 ], [ 665747.089801995898597, 7164467.357355993241072 ], [ 665763.00662849470973, 7164508.033666213043034 ], [ 665792.894892609561794, 7164589.032580012455583 ], [ 665831.095263132359833, 7164627.232935830950737 ], [ 665873.540115840034559, 7164654.114664288237691 ], [ 665901.836689094780013, 7164693.729850577190518 ], [ 665915.984979466884397, 7164730.515383362770081 ], [ 665921.644299235194921, 7164761.641604796051979 ], [ 665920.229482859140262, 7164815.405080633237958 ], [ 665901.836731507675722, 7164886.146499839611351 ], [ 665908.910883556935005, 7164935.665488917380571 ], [ 665934.377800371032208, 7164975.280675838701427 ], [ 665951.355745332199149, 7165003.577238194644451 ], [ 665972.578172165667638, 7165019.140344887040555 ], [ 666009.363713243626989, 7165051.681387807242572 ], [ 666033.41579747130163, 7165071.488978788256645 ], [ 666090.00893248221837, 7165098.370704153552651 ], [ 666135.28344168048352, 7165125.252431992441416 ], [ 666164.287427206989378, 7165156.378648318350315 ], [ 666184.095032069832087, 7165200.238321401178837 ], [ 666182.680210403283127, 7165229.949716098606586 ], [ 666175.606075201299973, 7165256.831455431878567 ], [ 666147.30951596586965, 7165280.883542818017304 ], [ 666114.768471420044079, 7165302.105974522419274 ], [ 666079.397770103532821, 7165321.913578543812037 ], [ 666039.782580983475782, 7165327.572900451719761 ], [ 666004.41187779372558, 7165338.891534641385078 ], [ 665974.700489073060453, 7165357.284309114329517 ], [ 665956.307726170984097, 7165375.677081103436649 ], [ 665930.840824625687674, 7165405.388481082394719 ], [ 665902.544270675280131, 7165453.492649637162685 ], [ 665888.395994010381401, 7165478.959562221542001 ], [ 665857.269778923247941, 7165505.841306830756366 ], [ 665826.143561653443612, 7165522.81925330683589 ], [ 665810.580456446157768, 7165546.871337899938226 ], [ 665807.750804353156127, 7165566.678934784606099 ], [ 665821.899090060265735, 7165582.242043039761484 ], [ 665837.462202438968234, 7165590.731009460985661 ], [ 665855.854975326219574, 7165617.612743228673935 ], [ 665864.343951863818802, 7165650.153792380355299 ], [ 665870.003273816313595, 7165691.183811988681555 ], [ 665872.832935263635591, 7165713.821064251475036 ], [ 665879.907082327874377, 7165740.702800499275327 ], [ 665903.959164703264832, 7165752.021421670913696 ], [ 665933.670556248864159, 7165746.362101938575506 ], [ 665959.137462172657251, 7165736.458298224955797 ], [ 665988.848852157243527, 7165723.724836962297559 ], [ 666028.464039739686996, 7165710.991373529657722 ], [ 666068.079227628884837, 7165699.672738401219249 ], [ 666119.013041032012552, 7165686.939272481948137 ], [ 666177.020994951482862, 7165671.376148395240307 ], [ 666229.369638767675497, 7165668.54648029524833 ], [ 666273.229317588964477, 7165685.524410324171185 ], [ 666344.678144984645769, 7165694.013364463113248 ], [ 666380.048853501793928, 7165706.746811435557902 ], [ 666472.012697095517069, 7165746.361983766779304 ], [ 666501.724091453128494, 7165753.436118759214878 ], [ 666537.094800289487466, 7165767.584394033066928 ], [ 666573.880334539338946, 7165768.999214245937765 ], [ 666616.325186712783761, 7165793.05128609854728 ], [ 666671.503492943476886, 7165817.103355144150555 ], [ 666725.266965307528153, 7165815.688515001907945 ], [ 666754.978359043831006, 7165819.932993375696242 ], [ 666793.178722778568044, 7165827.007126487791538 ], [ 666835.623569630784914, 7165827.007117134518921 ], [ 666859.675646689138375, 7165814.27365708630532 ], [ 666883.727724063326605, 7165802.955025343224406 ], [ 666910.609460402512923, 7165802.955019418150187 ], [ 666937.491198625066318, 7165811.443983325734735 ], [ 666987.010186931234784, 7165812.858800711110234 ], [ 667016.721579728764482, 7165812.858794156461954 ], [ 667056.336770749650896, 7165815.688442026264966 ], [ 667108.685415828367695, 7165818.518087085336447 ], [ 667129.90784145379439, 7165828.421880540437996 ], [ 667159.619239591876976, 7165852.473955171182752 ], [ 667165.27855721861124, 7165873.696378502994776 ], [ 667165.278566644876264, 7165916.14122767187655 ], [ 667163.863745957030915, 7165950.097107317298651 ], [ 667151.130295357201248, 7165965.660221491008997 ], [ 667116.467017576796934, 7166027.912674595601857 ], [ 667076.851837531779893, 7166074.602017428725958 ], [ 667069.777705181506462, 7166114.217211555689573 ], [ 667075.437025632942095, 7166148.173089649528265 ], [ 667100.903940036310814, 7166176.469650151208043 ], [ 667132.03016673005186, 7166201.936552792787552 ], [ 667177.304672889760695, 7166214.669997550547123 ], [ 667228.238496683654375, 7166248.625865651294589 ], [ 667277.757486906950362, 7166258.529652854427695 ], [ 667291.905772028723732, 7166271.263104485347867 ], [ 667291.905776431201957, 7166291.070700773969293 ], [ 667282.001983855850995, 7166313.707955863326788 ], [ 667266.438879934721626, 7166343.419353735633194 ], [ 667242.386808524723165, 7166381.619723321869969 ], [ 667197.112322779255919, 7166460.850118485279381 ], [ 667173.060250104870647, 7166493.391174850985408 ], [ 667170.23060087102931, 7166525.932226527482271 ], [ 667178.719574649934657, 7166545.739820947870612 ], [ 667198.527173636946827, 7166562.717756257392466 ], [ 667225.408919745241292, 7166606.577427832409739 ], [ 667236.727552814758383, 7166639.118476390838623 ], [ 667245.216526910662651, 7166660.340899121016264 ], [ 667255.12032860587351, 7166678.733664923347533 ], [ 667280.58723769034259, 7166682.978144220076501 ], [ 667314.543113322928548, 7166674.489166873507202 ], [ 667349.913816558429971, 7166663.170532603748143 ], [ 667388.114176563220099, 7166653.26672600954771 ], [ 667433.388684014091268, 7166671.659483990631998 ], [ 667481.492855167132802, 7166722.593292406760156 ], [ 667515.448741506203078, 7166762.208477495238185 ], [ 667567.797392320120707, 7166790.505032055079937 ], [ 667596.093965743901208, 7166830.120218397118151 ], [ 667603.168117921450175, 7166879.63920759037137 ], [ 667610.242262223735452, 7166893.787489097565413 ], [ 667644.198141959379427, 7166903.691279733553529 ], [ 667662.590908953803591, 7166903.691275661811233 ], [ 667683.81333209562581, 7166902.276442653499544 ], [ 667707.865413274732418, 7166907.935750553384423 ], [ 667720.598868923494592, 7166915.009889272972941 ], [ 667741.821292380453087, 7166915.009884574450552 ], [ 667771.532685220707208, 7166915.009877989068627 ], [ 667794.169934385921806, 7166903.69124651234597 ], [ 667816.807185444282368, 7166900.861584883183241 ], [ 667843.688925291062333, 7166916.424690308049321 ], [ 667864.911356320604682, 7166950.380564982071519 ], [ 667869.155847006011754, 7166977.262301886454225 ], [ 667874.81517002475448, 7167022.5368064744398 ], [ 667896.037600742885843, 7167055.077852847054601 ], [ 667925.748997373739257, 7167072.055785950273275 ], [ 667961.119705354678445, 7167081.959576260298491 ], [ 668004.979381139506586, 7167084.789223146624863 ], [ 668048.839056925848126, 7167087.618870031088591 ], [ 668111.091496869572438, 7167077.715058055706322 ], [ 668162.025310016120784, 7167063.566763671115041 ], [ 668203.055324913933873, 7167046.588814862072468 ], [ 668241.255681451410055, 7167021.121896835975349 ], [ 668280.870864320546389, 7166987.166008649393916 ], [ 668307.752595956204459, 7166965.943578062579036 ], [ 668328.97501783259213, 7166958.869431805796921 ], [ 668344.538129634107463, 7166964.528741577640176 ], [ 668353.027100914972834, 7166973.017709535546601 ], [ 668371.419873608741909, 7166998.484614985063672 ], [ 668394.057128146057948, 7167011.218064718879759 ], [ 668416.694384587230161, 7167032.440484299324453 ], [ 668437.91681089613121, 7167045.173934348858893 ], [ 668461.968892085482366, 7167050.833242227323353 ], [ 668500.169260649010539, 7167079.129799888469279 ], [ 668504.41374977468513, 7167098.937395251356065 ], [ 668504.41375452443026, 7167120.159819868393242 ], [ 668493.095136279822327, 7167154.115701781585813 ], [ 668488.850662036449648, 7167200.805036889389157 ], [ 668488.850668369326741, 7167229.101603050716221 ], [ 668450.650316895451397, 7167277.205774024128914 ], [ 668413.864794280380011, 7167328.139601303264499 ], [ 668357.979086424806155, 7167360.680664820596576 ], [ 668326.852871977956966, 7167390.392066215164959 ], [ 668278.748722865362652, 7167438.496239395812154 ], [ 668195.273878389969468, 7167533.289754616096616 ], [ 668161.318016001372598, 7167601.201520975679159 ], [ 668151.414226910914294, 7167639.40188751462847 ], [ 668151.414231021073647, 7167657.794655528850853 ], [ 668151.414238605531864, 7167691.750534943304956 ], [ 668164.14770059264265, 7167727.12123984284699 ], [ 668186.78495736210607, 7167749.758487760089338 ], [ 668226.400150072411634, 7167759.66227712482214 ], [ 668280.163626051857136, 7167773.810548268258572 ], [ 668319.77882098138798, 7167793.618135791271925 ], [ 668359.394015276688151, 7167810.596066694706678 ], [ 668397.594384508323856, 7167841.722281004302204 ], [ 668421.646471102721989, 7167871.433670150116086 ], [ 668465.506153900525533, 7167905.389539819210768 ], [ 668503.70651744119823, 7167911.048844557255507 ], [ 668522.099283827468753, 7167908.219183845445514 ], [ 668582.93690478883218, 7167939.345393110066652 ], [ 668619.72244358540047, 7167960.567809564061463 ], [ 668672.07109008776024, 7167969.056767761707306 ], [ 668707.441796532832086, 7167971.886416500434279 ], [ 668758.37561163213104, 7167966.22709191404283 ], [ 668793.746315538533963, 7167957.738114172592759 ], [ 668820.628051638253964, 7167956.323279870674014 ], [ 668899.151028378866613, 7168000.182939956896007 ], [ 668928.862425707629882, 7168019.990529663860798 ], [ 668958.573823670390993, 7168042.627775988541543 ], [ 668958.573828435502946, 7168063.850200636312366 ], [ 668957.159004645072855, 7168083.65779728628695 ], [ 668955.744183082366362, 7168113.36919210664928 ], [ 668964.233160099945962, 7168147.325069649145007 ], [ 668993.944561247015372, 7168184.110599075444043 ], [ 669053.367360051022843, 7168242.118546523153782 ], [ 669061.856341840117238, 7168297.29684871993959 ], [ 669060.44152186892461, 7168334.082385099492967 ], [ 669057.611873980844393, 7168372.282750106416643 ], [ 669022.241175773786381, 7168406.238637451082468 ], [ 669001.018756087170914, 7168423.21658191177994 ], [ 668945.840460386127234, 7168447.268675501458347 ], [ 668906.225271119968966, 7168452.92799757886678 ], [ 668880.758367362432182, 7168472.735599605366588 ], [ 668828.409736688248813, 7168534.988056940026581 ], [ 668802.942836731323041, 7168571.773598693311214 ], [ 668788.79455725220032, 7168584.507056642323732 ], [ 668778.890762788825668, 7168598.65534195676446 ], [ 668781.013007992645726, 7168611.388796281069517 ], [ 668786.672325686085969, 7168632.611219680868089 ], [ 668795.161304602981545, 7168675.056067110970616 ], [ 668816.383736995048821, 7168714.671255086548626 ], [ 668843.265481053851545, 7168748.627128556370735 ], [ 668865.902741682366468, 7168788.242316219955683 ], [ 668871.562060010619462, 7168812.29439624492079 ], [ 668880.051041160477325, 7168864.643041865900159 ], [ 668887.125191851169802, 7168907.087889624759555 ], [ 668887.12520264449995, 7168955.192052209749818 ], [ 668892.784523196984082, 7168989.147930422797799 ], [ 668905.517982385121286, 7169011.785180567763746 ], [ 668918.958856962504797, 7169040.08174379914999 ], [ 668943.010955995414406, 7169124.971437130123377 ], [ 668950.085104788420722, 7169158.927315033972263 ], [ 668976.966846646973863, 7169182.979390336200595 ], [ 668999.604104118305258, 7169208.446294899098575 ], [ 669002.433767257141881, 7169238.157688819803298 ], [ 668988.285488402820192, 7169253.720803406089544 ], [ 668972.722378135891631, 7169255.135635193437338 ], [ 668950.085126379271969, 7169255.135640239343047 ], [ 668927.447871764656156, 7169242.402190484106541 ], [ 668910.469929772196338, 7169228.25391115155071 ], [ 668900.566131811356172, 7169226.83908504806459 ], [ 668885.003025036072358, 7169243.817028263583779 ], [ 668865.19543292094022, 7169257.96531580016017 ], [ 668836.898870762437582, 7169269.283948604017496 ], [ 668812.846790768671781, 7169269.28395396284759 ], [ 668787.379884126479737, 7169276.358101199381053 ], [ 668794.454028473701328, 7169290.506382742896676 ], [ 668821.335768110468052, 7169304.654659872874618 ], [ 668860.950965989381075, 7169337.195702217519283 ], [ 668901.980994325364009, 7169379.640542433597147 ], [ 668911.88479546259623, 7169395.20365165732801 ], [ 668920.373771221609786, 7169423.500216009095311 ], [ 668923.203433405607939, 7169448.967124999500811 ], [ 668916.12929603853263, 7169465.945066325366497 ], [ 668889.24756401241757, 7169485.75266869366169 ], [ 668851.047208641073667, 7169516.878900085575879 ], [ 668841.143417655257508, 7169546.590296855196357 ], [ 668841.143422731547616, 7169569.22754985652864 ], [ 668892.077258252422325, 7169654.117237255908549 ], [ 668909.055203426862136, 7169682.413799727335572 ], [ 668923.20349467091728, 7169722.02898932993412 ], [ 668945.84076358738821, 7169798.429713177494705 ], [ 668998.896843710332178, 7169893.223198315128684 ], [ 669013.04513242514804, 7169921.519761424511671 ], [ 669051.245504009770229, 7169962.54977398365736 ], [ 669078.12724685377907, 7169990.846334248781204 ], [ 669089.445881322259083, 7170029.046696181409061 ], [ 669099.349687238456681, 7170065.832230120897293 ], [ 669127.646259594126604, 7170099.788103328086436 ], [ 669179.994909747038037, 7170123.840172966942191 ], [ 669229.51389898173511, 7170128.084646845236421 ], [ 669260.640119546675123, 7170125.254983261227608 ], [ 669290.351509969448671, 7170113.936350112780929 ], [ 669311.573929698788561, 7170096.958405604586005 ], [ 669344.114974998403341, 7170078.565630253404379 ], [ 669370.996711810352281, 7170079.980452558025718 ], [ 669395.048794058384374, 7170089.884245373308659 ], [ 669406.367422495502979, 7170101.202869347296655 ], [ 669404.95259617024567, 7170109.691839546896517 ], [ 669402.122943516238593, 7170126.669779943302274 ], [ 669395.048804882215336, 7170137.988408034667373 ], [ 669349.77431276650168, 7170188.922237452119589 ], [ 669320.06292807101272, 7170225.707780254073441 ], [ 669291.766370653174818, 7170258.248837797902524 ], [ 669258.517922673141584, 7170327.575432611629367 ], [ 669247.19930536521133, 7170365.775799619033933 ], [ 669241.54000036790967, 7170401.146508736535907 ], [ 669254.273458952782676, 7170420.954102288931608 ], [ 669282.570028466871008, 7170442.176520679146051 ], [ 669315.111083647818305, 7170467.643423059023917 ], [ 669330.674200301291421, 7170494.525157552212477 ], [ 669330.674202846130356, 7170505.843784067779779 ], [ 669326.429721633321606, 7170521.406896473839879 ], [ 669299.547992762411013, 7170555.362782028503716 ], [ 669292.473856347380206, 7170576.58520832657814 ], [ 669291.059031926211901, 7170593.563148417510092 ], [ 669261.347641166881658, 7170603.466953258961439 ], [ 669221.732454335666262, 7170620.444901885464787 ], [ 669217.487972802598961, 7170634.593185979872942 ], [ 669227.391776824370027, 7170662.889750059694052 ], [ 669245.784550591371953, 7170692.60114055685699 ], [ 669245.784558543120511, 7170727.971848426386714 ], [ 669235.880767555674538, 7170757.683245250955224 ], [ 669210.413869769545272, 7170804.372585328295827 ], [ 669192.021109355147928, 7170834.083984050899744 ], [ 669186.361801489256322, 7170856.721238356083632 ], [ 669185.654389596544206, 7170866.625036720186472 ], [ 669185.654397543752566, 7170901.995744597166777 ], [ 669192.728543183999136, 7170921.803339426405728 ], [ 669202.632342440774664, 7170928.87747879140079 ], [ 669223.85476600995753, 7170928.877474050968885 ], [ 669246.49202036310453, 7170940.196095514111221 ], [ 669267.714446480269544, 7170951.514717292040586 ], [ 669288.936873866943642, 7170968.492652330547571 ], [ 669300.255504861474037, 7170991.129902842454612 ], [ 669305.914827358326875, 7171033.574751038104296 ], [ 669297.425869381986558, 7171084.508572289720178 ], [ 669291.766563107492402, 7171114.219968179240823 ], [ 669280.44794260757044, 7171138.272052071988583 ], [ 669280.447950559202582, 7171173.642759962007403 ], [ 669287.522100339410827, 7171211.843122905120254 ], [ 669291.766592690255493, 7171245.799001531675458 ], [ 669301.670397358713672, 7171276.92522226460278 ], [ 669320.063170506735332, 7171303.806956155225635 ], [ 669334.918870195862837, 7171317.955235993489623 ], [ 669358.970955345779657, 7171340.592483669519424 ], [ 669387.267527122516185, 7171371.718700295314193 ], [ 669401.415817469009198, 7171407.089405031874776 ], [ 669414.14927894086577, 7171439.630453452467918 ], [ 669438.201366961817257, 7171475.001155976206064 ], [ 669438.201375876553357, 7171514.616348830983043 ], [ 669435.371727357502095, 7171549.987057371065021 ], [ 669425.467933501815423, 7171566.964999381452799 ], [ 669405.660342290299013, 7171585.357771924696863 ], [ 669378.778613066649996, 7171617.898829216137528 ], [ 669347.652399756480008, 7171653.269544087350368 ], [ 669299.548245024168864, 7171677.321636222302914 ], [ 669274.081342756282538, 7171704.203379929065704 ], [ 669241.540301517350599, 7171740.988923432305455 ], [ 669218.903058904223144, 7171782.018949675373733 ], [ 669206.169613649370149, 7171821.634145390242338 ], [ 669204.754790813894942, 7171845.686227092519403 ], [ 669210.414108225610107, 7171865.493822265416384 ], [ 669225.977222043438815, 7171879.642101960256696 ], [ 669265.592416573548689, 7171896.620032913051546 ], [ 669298.133467361098155, 7171902.27933890465647 ], [ 669320.770719199557789, 7171902.279333844780922 ], [ 669353.311769988154992, 7171907.938639840111136 ], [ 669381.608336376142688, 7171915.012775098904967 ], [ 669420.516117112361826, 7171933.405534518882632 ], [ 669453.057174908230081, 7171970.191063482314348 ], [ 669503.991002374910749, 7172018.295214870013297 ], [ 669543.606201379327103, 7172055.080742252059281 ], [ 669576.147254090756178, 7172069.22901814058423 ], [ 669597.369679284864105, 7172076.303154978901148 ], [ 669634.155216079205275, 7172087.621773278340697 ], [ 669685.089036872028373, 7172106.014529997482896 ], [ 669727.533889817539603, 7172131.481430200859904 ], [ 669762.904606669559143, 7172179.585585068911314 ], [ 669777.052896409761161, 7172212.126633200794458 ], [ 669791.201183920260519, 7172234.763883114792407 ], [ 669808.179127909243107, 7172257.401132389903069 ], [ 669823.742241747677326, 7172271.5494120772928 ], [ 669839.305353668751195, 7172277.208721859380603 ], [ 669866.187092474196106, 7172287.112514054402709 ], [ 669887.409519911976531, 7172304.090449107810855 ], [ 669919.950573917129077, 7172323.898038259707391 ], [ 669925.609889431856573, 7172335.216663531959057 ], [ 669932.684039895888418, 7172376.246683163568377 ], [ 669942.587843008921482, 7172400.298762345686555 ], [ 669966.639926296076737, 7172414.447040130384266 ], [ 669986.447523584938608, 7172422.936005593277514 ], [ 669996.351320310495794, 7172418.691518416628242 ], [ 670018.988567691762, 7172398.883916882798076 ], [ 670038.796157951466739, 7172376.246659349650145 ], [ 670061.433406930300407, 7172363.513199407607317 ], [ 670089.729971742373891, 7172363.513193052262068 ], [ 670113.782052474678494, 7172366.342844290658832 ], [ 670143.493449365487322, 7172383.320777431130409 ], [ 670156.226907689124346, 7172401.713542703539133 ], [ 670167.545541290543042, 7172435.669419793412089 ], [ 670177.449345688335598, 7172465.380812247283757 ], [ 670220.601622069487348, 7172531.877733504399657 ], [ 670243.238888318068348, 7172595.545002741739154 ], [ 670260.216835849219933, 7172633.745363518595695 ], [ 670305.491358446422964, 7172717.220224132761359 ], [ 670359.254839620436542, 7172752.590920006856322 ], [ 670398.870038707158528, 7172789.376447383314371 ], [ 670492.248707130551338, 7172809.184022834524512 ], [ 670540.352873112307861, 7172834.650921743363142 ], [ 670628.072231146739796, 7172865.77712500654161 ], [ 670708.717452787561342, 7172918.12575463578105 ], [ 670758.236447667353787, 7172946.422309853136539 ], [ 670783.703357944148593, 7172954.911274027079344 ], [ 670807.755438054329716, 7172954.911268605850637 ], [ 670824.733376318356022, 7172952.081608137115836 ], [ 670844.540970740839839, 7172947.837118715047836 ], [ 670860.104082362027839, 7172952.081600159406662 ], [ 670872.83753782522399, 7172957.740910567343235 ], [ 670896.889619539724663, 7172964.815046733245254 ], [ 670928.01584022026509, 7172961.98538307286799 ], [ 670960.55689074494876, 7172966.229860687628388 ], [ 670995.927598720183596, 7172974.718822617083788 ], [ 671024.224164522252977, 7172978.963301190175116 ], [ 671046.861418000888079, 7172986.037437669932842 ], [ 671092.135926239774562, 7173005.845023913308978 ], [ 671143.06974584585987, 7173018.578467281535268 ], [ 671188.344249586691149, 7173018.578457052819431 ], [ 671257.670833765645511, 7173019.993269700556993 ], [ 671329.827075071167201, 7173024.237738342955709 ], [ 671382.175724855391309, 7173045.460151289589703 ], [ 671420.37609544233419, 7173080.830850625410676 ], [ 671445.8430153952213, 7173131.76466435752809 ], [ 671455.746818887535483, 7173157.231571868062019 ], [ 671467.0654577127425, 7173213.824702084064484 ], [ 671474.847020776709542, 7173247.780579993501306 ], [ 671491.824951631017029, 7173212.409868158400059 ], [ 671501.728743205429055, 7173185.528127846308053 ], [ 671515.877024984918535, 7173182.698468007147312 ], [ 671528.610479486174881, 7173184.113293441943824 ], [ 671549.832904409966432, 7173189.772601914592087 ], [ 671558.321873863227665, 7173189.772599990479648 ], [ 671599.351897081243806, 7173208.165358852595091 ], [ 671678.582276395405643, 7173198.261542663909495 ], [ 671706.878840274293907, 7173194.017051289789379 ], [ 671732.345747021841817, 7173186.94290392100811 ], [ 671752.153341446770355, 7173182.698414471000433 ], [ 671763.471968996338546, 7173189.772553503513336 ], [ 671777.62025368027389, 7173199.676348531618714 ], [ 671787.524053313885815, 7173208.165316203609109 ], [ 671834.920803949935362, 7173227.972901927307248 ], [ 671884.439793402096257, 7173232.217375652864575 ], [ 671933.958780594635755, 7173226.558051135390997 ], [ 671980.648111946298741, 7173223.728383898735046 ], [ 672028.752269925433211, 7173213.824574738740921 ], [ 672093.834365839720704, 7173199.676276762038469 ], [ 672136.27921310858801, 7173199.676267117261887 ], [ 672180.138891208218411, 7173210.994883705861866 ], [ 672208.435459614032879, 7173226.557988788932562 ], [ 672239.561682888772339, 7173235.046951630152762 ], [ 672280.591698681120761, 7173220.898659103550017 ], [ 672314.547571967123076, 7173201.091054907999933 ], [ 672345.673789087217301, 7173182.698279673233628 ], [ 672356.99241373129189, 7173177.038963820785284 ], [ 672375.38518088136334, 7173177.038959633558989 ], [ 672419.244854771066457, 7173169.964808056131005 ], [ 672460.274869910557754, 7173152.98685888107866 ], [ 672492.815914620645344, 7173131.764426683075726 ], [ 672516.867990848841146, 7173114.786481371149421 ], [ 672546.579381018527783, 7173102.053019730374217 ], [ 672574.875944886822253, 7173097.808528330177069 ], [ 672600.342852597357705, 7173094.978865887969732 ], [ 672621.565274933353066, 7173089.319547774270177 ], [ 672664.010116031626239, 7173062.437800034880638 ], [ 672717.773587609059177, 7173055.363646183162928 ], [ 672755.973951768362895, 7173062.437779065221548 ], [ 672805.492943485849537, 7173076.586050965823233 ], [ 672850.060036685783416, 7173092.149152310565114 ], [ 672909.482824478996918, 7173099.223280346021056 ], [ 672959.001814254093915, 7173104.882582318037748 ], [ 673001.446660218527541, 7173099.223259349353611 ], [ 673025.498739361413755, 7173094.978768898174167 ], [ 673066.528756107087247, 7173085.074961287900805 ], [ 673097.654974832199514, 7173073.756327621638775 ], [ 673145.759135386906564, 7173075.171144949272275 ], [ 673181.129843392176554, 7173083.660106779076159 ], [ 673205.181923510623164, 7173083.660101278685033 ], [ 673234.893313014530577, 7173068.096982974559069 ], [ 673257.530560980783775, 7173051.119037964381278 ], [ 673266.019527176162228, 7173036.970752831548452 ], [ 673280.167801784002222, 7173003.014869933947921 ], [ 673290.071592316729948, 7172971.888644646853209 ], [ 673290.071584503049962, 7172937.932764988392591 ], [ 673290.071579621057026, 7172916.710340203717351 ], [ 673268.849148829933256, 7172885.584122040309012 ], [ 673254.700857622898184, 7172847.383760665543377 ], [ 673239.137737852521241, 7172807.768571296706796 ], [ 673236.30807355674915, 7172773.812692293897271 ], [ 673253.28599585511256, 7172701.656444162130356 ], [ 673281.582550916704349, 7172659.21158813033253 ], [ 673294.31599694932811, 7172623.840877253562212 ], [ 673311.293925098259933, 7172577.151538863778114 ], [ 673353.738762236665934, 7172533.291851280257106 ], [ 673386.987216457957402, 7172492.261822442524135 ], [ 673409.624463751562871, 7172472.454220809042454 ], [ 673437.921025312622078, 7172458.305931147187948 ], [ 673480.365867978078313, 7172438.498324975371361 ], [ 673521.395878487499431, 7172401.712779307737947 ], [ 673549.692439717473462, 7172386.149661326780915 ], [ 673597.79659501358401, 7172364.927225533872843 ], [ 673628.922812721226364, 7172349.364106902852654 ], [ 673652.974887919728644, 7172328.141676619648933 ], [ 673662.8786839726381, 7172321.067532761022449 ], [ 673698.956791056785733, 7172264.474391775205731 ], [ 673721.59403148223646, 7172214.955395461991429 ], [ 673724.423681108746678, 7172185.244000144302845 ], [ 673713.105048657511361, 7172156.947436384856701 ], [ 673713.105042131384835, 7172128.650870036333799 ], [ 673718.764349868521094, 7172106.013615654781461 ], [ 673738.571939357789233, 7172080.546701401472092 ], [ 673768.283326852717437, 7172056.494613187387586 ], [ 673800.824372784234583, 7172040.931494233198464 ], [ 673826.291278494871221, 7172029.612861847504973 ], [ 673847.513701116433367, 7172025.368372028693557 ], [ 673865.906467913184315, 7172023.953539488837123 ], [ 673889.958547994727269, 7172023.953533967956901 ], [ 673919.669940711930394, 7172022.538698827847838 ], [ 673943.722020795103163, 7172022.538693305104971 ], [ 673973.433409587014467, 7172004.145918358117342 ], [ 674005.97445126331877, 7171970.190031269565225 ], [ 674039.930320521234535, 7171933.404487219639122 ], [ 674068.226878779008985, 7171905.107914377003908 ], [ 674095.108612067764625, 7171890.959625028073788 ], [ 674131.894142704433762, 7171875.396505083888769 ], [ 674167.264845758210868, 7171862.663042097352445 ], [ 674267.717648166348226, 7171851.344392456114292 ], [ 674287.525241886498407, 7171844.270246313884854 ], [ 674301.673520026961342, 7171825.877474939450622 ], [ 674308.747657624189742, 7171810.314361825585365 ], [ 674308.747653039055876, 7171790.506765387952328 ], [ 674317.236617889720947, 7171770.699166998267174 ], [ 674329.970068118302152, 7171753.721224264241755 ], [ 674342.703518669703044, 7171738.158109851181507 ], [ 674356.851797135546803, 7171721.180166793055832 ], [ 674358.266621117130853, 7171702.787398349493742 ], [ 674361.096270715584978, 7171673.076003045774996 ], [ 674363.925919987261295, 7171641.949779426679015 ], [ 674361.096257939236239, 7171617.897698698565364 ], [ 674337.044173283968121, 7171598.090107803232968 ], [ 674298.843809184501879, 7171591.015975011512637 ], [ 674247.909991257591173, 7171585.356673465110362 ], [ 674215.368940771673806, 7171581.112196002155542 ], [ 674181.413061392027885, 7171574.03806222602725 ], [ 674141.797870691283606, 7171574.038071336224675 ], [ 674113.501305905752815, 7171574.038077840581536 ], [ 674022.24488283530809, 7171566.963957232423127 ], [ 673965.651751958066598, 7171561.304656963795424 ], [ 673937.35518423106987, 7171548.571208614856005 ], [ 673933.110696244519204, 7171534.422926424071193 ], [ 673933.110692324349657, 7171517.444986630231142 ], [ 673941.599656203994527, 7171493.39290330093354 ], [ 673958.577588208718225, 7171463.681504759937525 ], [ 673989.703803911339492, 7171439.629416236653924 ], [ 674018.00036149926018, 7171408.503186779096723 ], [ 674030.73380747390911, 7171373.132475950755179 ], [ 674030.733799953246489, 7171340.591424679383636 ], [ 674022.244822018546984, 7171303.80589041672647 ], [ 674018.000329127768055, 7171268.435183493420482 ], [ 674026.489293655264191, 7171247.212756803259254 ], [ 674060.445161244249903, 7171203.353071209043264 ], [ 674087.326890254160389, 7171170.812013771384954 ], [ 674115.623450446408242, 7171151.004410847090185 ], [ 674143.920013905968517, 7171145.345091078430414 ], [ 674172.216579002561048, 7171146.759912887588143 ], [ 674200.513145408593118, 7171153.834047961048782 ], [ 674233.054196533048525, 7171160.908182052895427 ], [ 674265.595241761882789, 7171142.515406463295221 ], [ 674298.136285351822153, 7171117.048489296808839 ], [ 674332.799570641713217, 7171088.751915003173053 ], [ 674352.607160412124358, 7171064.699829081073403 ], [ 674349.777499346644618, 7171044.892233315855265 ], [ 674335.62921172240749, 7171022.254983525723219 ], [ 674304.502983604790643, 7170992.543596063740551 ], [ 674277.621240201056935, 7170962.832207629457116 ], [ 674256.398810079437681, 7170934.535646207630634 ], [ 674247.909833775833249, 7170904.824253540486097 ], [ 674246.494995715096593, 7170862.379404410719872 ], [ 674247.909815112128854, 7170824.179039577022195 ], [ 674246.494980325456709, 7170795.882473601028323 ], [ 674242.250488737365231, 7170766.171079965308309 ], [ 674229.517029686598107, 7170744.948658170178533 ], [ 674226.687368299579248, 7170723.726234097033739 ], [ 674238.005992238060571, 7170715.237261604517698 ], [ 674264.887726462329738, 7170705.333457215689123 ], [ 674290.354633757495321, 7170701.088966412469745 ], [ 674328.554994863923639, 7170695.429644360207021 ], [ 674345.532931095454842, 7170684.111013935878873 ], [ 674363.92569097597152, 7170652.984786774031818 ], [ 674378.073960900539532, 7170599.221307558938861 ], [ 674392.2222308232449, 7170545.457828349433839 ], [ 674421.933616924681701, 7170515.746426902711391 ], [ 674441.741207984625362, 7170497.353654254227877 ], [ 674464.378456831793301, 7170484.620194207876921 ], [ 674482.771218998124823, 7170463.397765258327127 ], [ 674509.652946978341788, 7170426.612222889438272 ], [ 674525.21604774997104, 7170384.16736987605691 ], [ 674543.608812533318996, 7170374.263567440211773 ], [ 674562.00157535308972, 7170355.870795114897192 ], [ 674584.638823535642587, 7170340.307678440585732 ], [ 674600.201933486387134, 7170337.478018225170672 ], [ 674628.498499866807833, 7170344.552153271622956 ], [ 674656.795072484761477, 7170378.508026286959648 ], [ 674733.195797614753246, 7170379.922836981713772 ], [ 674808.181696806102991, 7170391.241446189582348 ], [ 674883.167606843519025, 7170449.249389764852822 ], [ 674929.856943601393141, 7170470.471803700551391 ], [ 674958.153519195853733, 7170517.161131539382041 ], [ 674963.812842995161191, 7170563.85046461224556 ], [ 674965.227683068718761, 7170614.784283611923456 ], [ 674985.035286941681989, 7170651.569815220311284 ], [ 675034.554279532982036, 7170669.962571868672967 ], [ 675068.510161511483602, 7170688.355332113802433 ], [ 675116.614323896239512, 7170698.25911919772625 ], [ 675160.474000250920653, 7170702.503593999892473 ], [ 675209.285576095804572, 7170709.57772428356111 ], [ 675260.219395287916996, 7170720.896339017897844 ], [ 675278.61216995306313, 7170753.437386004254222 ], [ 675333.790481109521352, 7170795.882222683168948 ], [ 675353.598084345692769, 7170829.838097658008337 ], [ 675357.842575979768299, 7170859.549491293728352 ], [ 675357.842580923577771, 7170880.771916020661592 ], [ 675346.523962266044691, 7170911.898141575977206 ], [ 675340.864656894584186, 7170944.43919413536787 ], [ 675340.86466183536686, 7170965.661618866026402 ], [ 675352.183292352128774, 7170985.469212661497295 ], [ 675374.820548119489104, 7171002.447147206403315 ], [ 675401.702286622370593, 7171010.936110872775316 ], [ 675427.169198866235092, 7171027.914044762030244 ], [ 675429.998859299579635, 7171044.891983889043331 ], [ 675438.487836971413344, 7171080.262689813971519 ], [ 675455.465780116966926, 7171098.655453983694315 ], [ 675497.910627269884571, 7171098.655444150790572 ], [ 675541.770303320838138, 7171101.485090618953109 ], [ 675574.311355444137007, 7171112.803709600120783 ], [ 675622.415516209905036, 7171115.633355079218745 ], [ 675653.541736464598216, 7171111.388862916268408 ], [ 675673.349329164251685, 7171100.070231797173619 ], [ 675690.32726010447368, 7171066.114348284900188 ], [ 675700.231054140604101, 7171050.551234514452517 ], [ 675708.72001795633696, 7171026.499151182360947 ], [ 675714.37932925822679, 7171019.425008293241262 ], [ 675724.283125274116173, 7171012.350864419713616 ], [ 675746.920375106739812, 7171003.86188927385956 ], [ 675769.557625268003903, 7170996.787742444314063 ], [ 675785.120735228061676, 7170993.958082201890647 ], [ 675802.098674085107632, 7170993.958078259602189 ], [ 675823.32109732797835, 7170992.543245017528534 ], [ 675828.98041259474121, 7171002.447041913866997 ], [ 675841.713872024789453, 7171025.084292004816234 ], [ 675864.35113077762071, 7171054.795681375078857 ], [ 675913.870121433516033, 7171064.699468085542321 ], [ 675956.314969574450515, 7171068.943943172693253 ], [ 675976.122569541097619, 7171088.75153498724103 ], [ 675981.781887786113657, 7171111.388786721974611 ], [ 675986.026380107970908, 7171143.929836994968355 ], [ 675986.026387051213533, 7171173.641231626272202 ], [ 675987.441223223926499, 7171207.597110876813531 ], [ 675990.270886318990961, 7171235.893676538020372 ], [ 676003.004351378767751, 7171282.583008002489805 ], [ 676010.078501503216103, 7171320.783370891585946 ], [ 676022.104543847264722, 7171330.687166308052838 ], [ 676094.260799249750562, 7171395.769252078607678 ], [ 676121.142539099673741, 7171409.917528990656137 ], [ 676152.268762674648315, 7171419.821319965645671 ], [ 676204.617407519370317, 7171419.821307790465653 ], [ 676255.551222800393589, 7171414.161982675082982 ], [ 676339.026087909121998, 7171409.917478296905756 ], [ 676416.841648016241379, 7171439.628854816779494 ], [ 676488.997895835898817, 7171472.169889284297824 ], [ 676531.442753956653178, 7171518.859213832765818 ], [ 676547.005878188763745, 7171576.867171179503202 ], [ 676562.56900043215137, 7171626.386158633977175 ], [ 676562.569011381245218, 7171673.075493082404137 ], [ 676564.691260040854104, 7171699.957230607047677 ], [ 676571.765409534564242, 7171735.327936878427863 ], [ 676588.743355377810076, 7171765.039327575825155 ], [ 676608.550955709186383, 7171786.26174771040678 ], [ 676626.943726144963875, 7171800.410026593133807 ], [ 676643.921673651901074, 7171837.195558873936534 ], [ 676663.729279301012866, 7171881.055232087150216 ], [ 676676.462739765411243, 7171907.936967140063643 ], [ 676694.855515516595915, 7171944.722499098628759 ], [ 676720.322431142209098, 7171975.848716135136783 ], [ 676750.033826508326456, 7171985.752507425844669 ], [ 676767.011770039331168, 7172005.560099906288087 ], [ 676769.841433161636814, 7172033.856665593571961 ], [ 676792.47869264613837, 7172066.397711609490216 ], [ 676815.823360937996767, 7172076.301504384726286 ], [ 676873.831321114208549, 7172086.205289063975215 ], [ 676924.765138095710427, 7172087.620105488225818 ], [ 676964.380330818938091, 7172096.109066137112677 ], [ 677012.484490989358164, 7172096.109054896980524 ], [ 677095.959363159257919, 7172121.575945102609694 ], [ 677134.159725649165921, 7172121.575936170294881 ], [ 677155.38214891962707, 7172120.161102890968323 ], [ 677169.530431658495218, 7172121.575927896425128 ], [ 677196.41217055299785, 7172131.479719833470881 ], [ 677211.975280866608955, 7172130.064887877553701 ], [ 677245.931155637605116, 7172117.331425072625279 ], [ 677264.323922095471062, 7172114.501764134503901 ], [ 677274.227720778202638, 7172118.746246766299009 ], [ 677286.961178938043304, 7172135.724183598533273 ], [ 677305.353953725192696, 7172168.265230599790812 ], [ 677327.991213236935437, 7172200.806276608258486 ], [ 677390.24366815155372, 7172253.15490979142487 ], [ 677445.421976536745206, 7172282.866291541606188 ], [ 677486.452005185419694, 7172323.896303150802851 ], [ 677504.844781654537655, 7172363.511491743847728 ], [ 677516.870829706313089, 7172397.467368559911847 ], [ 677505.552217451971956, 7172455.475332259200513 ], [ 677482.914974265149795, 7172492.260873837396502 ], [ 677461.692561319796368, 7172537.535384997725487 ], [ 677446.129474335582927, 7172637.988199254497886 ], [ 677439.055344466585666, 7172686.092363744974136 ], [ 677420.662584659061395, 7172717.218591063283384 ], [ 677388.12153777340427, 7172728.537225235253572 ], [ 677345.67669252702035, 7172737.026205083355308 ], [ 677307.47633033816237, 7172738.44104234687984 ], [ 677277.764937265077606, 7172738.441049300134182 ], [ 677259.372170124435797, 7172738.441053604707122 ], [ 677249.468374433927238, 7172746.930025834590197 ], [ 677245.223891041008756, 7172752.589340100996196 ], [ 677243.809065796202049, 7172765.322795305401087 ], [ 677249.468387753469869, 7172803.523158587515354 ], [ 677249.468392749549821, 7172824.74558337032795 ], [ 677238.149774139747024, 7172855.87180903647095 ], [ 677224.001496719545685, 7172877.094237131997943 ], [ 677209.853220959426835, 7172905.390806823968887 ], [ 677181.556663444498554, 7172936.517036463133991 ], [ 677153.26010459731333, 7172961.983952824957669 ], [ 677113.64491582068149, 7172970.472932005301118 ], [ 677066.955589491175488, 7172994.525024346075952 ], [ 677040.07385621976573, 7173008.673313822597265 ], [ 676997.629018933046609, 7173051.118173316121101 ], [ 676974.991777699207887, 7173096.392684826627374 ], [ 676956.599020192981698, 7173137.422710387036204 ], [ 676948.110059715923853, 7173175.623076999559999 ], [ 676946.695238120038994, 7173203.91964372061193 ], [ 676948.110073346411809, 7173233.631038105115294 ], [ 676948.110080326674506, 7173263.342432818375528 ], [ 676944.00708859495353, 7173306.636180363595486 ], [ 676942.875227332464419, 7173312.2954939045012 ], [ 676925.89729187800549, 7173327.009712398052216 ], [ 676882.886519415187649, 7173353.04256352968514 ], [ 676864.776724023278803, 7173379.075408842414618 ], [ 676852.326243991614319, 7173415.295016743242741 ], [ 676842.139484630897641, 7173432.272958962246776 ], [ 676834.216448596911505, 7173441.327862057834864 ], [ 676810.447334913536906, 7173444.72345557436347 ], [ 676786.678220966015942, 7173446.987186434678733 ], [ 676777.623322868719697, 7173458.305815109983087 ], [ 676767.436562974471599, 7173473.020032013766468 ], [ 676766.3047062268015, 7173497.921010714955628 ], [ 676767.436573336599395, 7173517.16267560236156 ], [ 676764.040992194670253, 7173545.459242802113295 ], [ 676753.854233361314982, 7173564.700910335406661 ], [ 676739.1400241474621, 7173583.942578922957182 ], [ 676728.953262657974847, 7173591.865619894117117 ], [ 676717.634638836490922, 7173600.920523786917329 ], [ 676704.052290890016593, 7173614.502878828905523 ], [ 676678.019455200992525, 7173631.480824748985469 ], [ 676664.437108841841109, 7173651.854355728253722 ], [ 676642.931726183160208, 7173680.150927154347301 ], [ 676636.140556189930066, 7173703.920044524595141 ], [ 676632.744972654152662, 7173722.02984781935811 ], [ 676635.574639228638262, 7173765.040628106333315 ], [ 676635.574647989007644, 7173802.3920957762748 ], [ 676621.992307203705423, 7173846.534742549993098 ], [ 676598.223201204324141, 7173882.754353106021881 ], [ 676584.640855639241636, 7173906.523472064174712 ], [ 676563.135471110465005, 7173926.897004898637533 ], [ 676549.553126603830606, 7173955.193574485369027 ], [ 676535.97078236239031, 7173984.622006729245186 ], [ 676525.784024048480205, 7174006.127399584278464 ], [ 676511.069815879804082, 7174029.896518808789551 ], [ 676491.828160781296901, 7174068.379853629507124 ], [ 676477.113952879328281, 7174093.280835511162877 ], [ 676474.850230870768428, 7174106.863187922164798 ], [ 676477.113962692790665, 7174135.159753823652864 ], [ 676475.982111236662604, 7174182.697985687293112 ], [ 676474.850260310340673, 7174232.499942869879305 ], [ 676474.850270655239001, 7174276.642586504109204 ], [ 676474.850278346100822, 7174309.466603565961123 ], [ 676478.245870905928314, 7174329.840130610391498 ], [ 676486.168912523775361, 7174344.554343311116099 ], [ 676499.751267650281079, 7174361.532280008308589 ], [ 676500.883133959723637, 7174377.378356948494911 ], [ 676493.299663532408886, 7174415.63531653676182 ], [ 676467.040458527975716, 7174446.421986941248178 ], [ 676428.104394988156855, 7174488.074541809037328 ], [ 676405.467154311481863, 7174536.065523765981197 ], [ 676371.964038435951807, 7174608.504741666838527 ], [ 676350.232289526844397, 7174663.739644427783787 ], [ 676332.12250198062975, 7174723.501996985636652 ], [ 676309.485261927940883, 7174774.209449333138764 ], [ 676295.902918190695345, 7174805.901606921106577 ], [ 676271.454693104606122, 7174835.782786786556244 ], [ 676250.62843022972811, 7174873.813376946374774 ], [ 676231.670063869445585, 7174895.175162680447102 ], [ 676297.261175165651366, 7174899.280275885015726 ], [ 676346.780161774018779, 7174890.791294422000647 ], [ 676396.299146724748425, 7174875.228171344846487 ], [ 676434.499505707062781, 7174859.665050898678601 ], [ 676502.411251543322578, 7174817.220185399055481 ], [ 676549.100580990547314, 7174805.901547938585281 ], [ 676588.715766552370042, 7174783.264285543933511 ], [ 676628.330951451323926, 7174757.79736650083214 ], [ 676673.605449991999194, 7174735.160102784633636 ], [ 676701.194600441725925, 7174733.74526803009212 ], [ 676756.372905327822082, 7174747.893538381904364 ], [ 676835.603288726182655, 7174754.967661507427692 ], [ 676989.819575110566802, 7174787.50867691449821 ], [ 677029.434766978956759, 7174791.753152625635266 ], [ 677053.486846819636412, 7174790.338318683207035 ], [ 677066.220300027984194, 7174786.093830740079284 ], [ 677090.272378868539818, 7174780.434511829167604 ], [ 677103.005831414600834, 7174773.360367237590253 ], [ 677127.057904596906155, 7174743.648966839537024 ], [ 677159.598947250051424, 7174713.937564458698034 ], [ 677193.554819478653371, 7174689.885475035756826 ], [ 677226.095866119605489, 7174677.152012523263693 ], [ 677271.370370300603099, 7174678.566830253228545 ], [ 677323.719016039511189, 7174681.396474648267031 ], [ 677373.238005950348452, 7174687.055776342749596 ], [ 677424.171825109515339, 7174696.959562676027417 ], [ 677483.594619411160238, 7174730.915428495034575 ], [ 677547.261893782415427, 7174745.063696805387735 ], [ 677585.46226408064831, 7174777.604739271104336 ], [ 677637.810916833812371, 7174810.145778421312571 ], [ 677702.527128966292366, 7174841.837144603952765 ], [ 677779.892813697340898, 7174859.204933259636164 ], [ 677857.258493957924657, 7174857.626023573800921 ], [ 677981.990914850961417, 7174844.994862060062587 ], [ 678015.147640346433036, 7174867.099335657432675 ], [ 678073.566718875663355, 7175269.716661619022489 ], [ 678095.671250963467173, 7175489.182578936219215 ], [ 678143.612201637355611, 7175601.034692479297519 ], [ 678184.642235857667401, 7175664.701957421377301 ], [ 678204.44983868196141, 7175695.828175902366638 ], [ 678205.864672283059917, 7175718.465428757481277 ], [ 678197.375709496322088, 7175746.761997245252132 ], [ 678184.642265312140808, 7175789.206849973648787 ], [ 678171.908828155952506, 7175861.36309752613306 ], [ 678162.005045147612691, 7175923.615546144545078 ], [ 678151.866523795761168, 7176011.051980037242174 ], [ 678107.884559203870595, 7175990.527074709534645 ], [ 677958.168506740708835, 7176019.318661320023239 ], [ 677814.21076423744671, 7176048.110246552154422 ], [ 677699.044581094407476, 7176117.209997016936541 ], [ 677555.086835846072063, 7176134.484961626119912 ], [ 677480.228807557141408, 7176140.243289452977479 ], [ 677370.820941125159152, 7176238.134589966386557 ], [ 677342.029412946430966, 7176330.267561325803399 ], [ 677272.929713582620025, 7176416.642231835983694 ], [ 677209.588316049543209, 7176468.467039260081947 ], [ 677134.730289077968337, 7176479.983677348122001 ], [ 677019.564089568099007, 7176479.983704261481762 ], [ 676915.914515418349765, 7176503.016969628632069 ], [ 676858.331415662076324, 7176503.016983071342111 ], [ 676794.990005930420011, 7176503.016997853294015 ], [ 676743.165221553179435, 7176526.050251106731594 ], [ 676697.09875660657417, 7176589.39167504850775 ], [ 676651.03228489740286, 7176623.941547535359859 ], [ 676587.690877855871804, 7176635.458182882517576 ], [ 676551.127788385143504, 7176646.261503770016134 ], [ 676640.918284248095006, 7176724.828150792047381 ], [ 676720.984741613385268, 7176812.173336225561798 ], [ 676895.675163130741566, 7176870.403431456536055 ], [ 677004.856676593306474, 7176906.797240955755115 ], [ 677223.219720625784248, 7177052.372530072927475 ], [ 677456.140288480208255, 7177154.27521363273263 ], [ 677689.060840991092846, 7177190.668993974104524 ], [ 677871.0300159616163, 7177190.668951153755188 ], [ 677987.490277654025704, 7177146.996321622282267 ], [ 678162.180682184058242, 7177132.43874641507864 ], [ 678402.380006880848669, 7177190.668825870379806 ], [ 678649.858093447983265, 7177227.062602482736111 ], [ 678904.614926357287914, 7177176.111173072829843 ], [ 679224.880653585074469, 7177088.765892960131168 ], [ 679516.031321395421401, 7177037.814454721286893 ], [ 679858.133333888836205, 7176884.960266029462218 ], [ 679952.677040851325728, 7176821.931095372885466 ], [ 679956.007480368483812, 7176833.34973562695086 ], [ 679971.570595502853394, 7176851.742500178515911 ], [ 679995.62267810839694, 7176861.646292749792337 ], [ 680016.845101509592496, 7176860.231459381990135 ], [ 680042.312011014437303, 7176864.475938312709332 ], [ 680064.949265707633458, 7176875.794559543952346 ], [ 680090.416185019188561, 7176921.069059950299561 ], [ 680105.979303881060332, 7176955.024936094880104 ], [ 680117.29794611595571, 7177022.936693096533418 ], [ 680199.358066839165986, 7177366.739957118406892 ], [ 680209.261887267581187, 7177461.533452719449997 ], [ 680217.750901112100109, 7177646.875961665995419 ], [ 680221.995414634933695, 7177767.136368559673429 ], [ 680209.261998283211142, 7177925.597144383005798 ], [ 680200.773048064787872, 7178006.242361143231392 ], [ 680195.821170170092955, 7178093.961718712002039 ], [ 680174.598755193292163, 7178130.747260315343738 ], [ 680125.079787695081905, 7178219.881456823088229 ], [ 680099.612891000579111, 7178269.40045440196991 ], [ 680096.783240584889427, 7178294.867365000769496 ], [ 680103.857388948323205, 7178324.578758238814771 ], [ 680139.228105061687529, 7178365.608771385625005 ], [ 680153.376412957441062, 7178471.720892744138837 ], [ 680132.154067996074446, 7178801.375898688100278 ], [ 680119.420637735747732, 7178901.828713175840676 ], [ 680103.857537098461762, 7178944.273566791787744 ], [ 680089.709260316216387, 7178968.325651776045561 ], [ 680048.679246380575933, 7178990.962914816103876 ], [ 680010.47889064066112, 7179020.674318834207952 ], [ 679976.523019319283776, 7179048.970893517136574 ], [ 679942.567146983812563, 7179073.022983204573393 ], [ 679910.026102898526005, 7179097.07507255487144 ], [ 679895.877825429313816, 7179118.297500878572464 ], [ 679840.699540766887367, 7179190.453758856281638 ], [ 679816.647467542439699, 7179220.165159515105188 ], [ 679810.988161621266045, 7179249.876555812545121 ], [ 679809.57333910651505, 7179273.928637780249119 ], [ 679802.49920155480504, 7179289.491751102730632 ], [ 679788.350923403049819, 7179307.884522765874863 ], [ 679777.032302435487509, 7179329.106950420886278 ], [ 679757.224715321674012, 7179364.477663401514292 ], [ 679734.587472707033157, 7179404.092862052842975 ], [ 679723.268853761954233, 7179433.804259698837996 ], [ 679720.439203327521682, 7179459.27117033675313 ], [ 679721.854036984033883, 7179481.908423308283091 ], [ 679721.854040697682649, 7179497.471534956246614 ], [ 679720.439216153230518, 7179513.034646939486265 ], [ 679717.609561332734302, 7179520.108789268881083 ], [ 679699.216797063825652, 7179532.842248616740108 ], [ 679680.824035831377842, 7179558.309162948280573 ], [ 679680.824039882863872, 7179575.287102930247784 ], [ 679685.068529707030393, 7179596.509526902809739 ], [ 679696.387161140330136, 7179619.146777527406812 ], [ 679696.387165188789368, 7179636.124717513099313 ], [ 679686.483372130896896, 7179655.932316506281495 ], [ 679659.601641369052231, 7179681.399232855066657 ], [ 679628.475425501586869, 7179705.451321877539158 ], [ 679598.764034852385521, 7179716.769955575466156 ], [ 679566.2229849944124, 7179716.769963285885751 ], [ 679506.800203355611302, 7179737.99240234401077 ], [ 679471.42950035771355, 7179752.140694043599069 ], [ 679445.962597502046265, 7179776.19278172031045 ], [ 679433.229148598853499, 7179798.830038052052259 ], [ 679433.229155002743937, 7179825.711776360869408 ], [ 679437.473643136094324, 7179839.86005868203938 ], [ 679442.425544724450447, 7179851.178684167563915 ], [ 679500.433506883913651, 7179866.741782087832689 ], [ 679541.463530323235318, 7179883.719712357968092 ], [ 679579.663894219207577, 7179887.964188303798437 ], [ 679596.641835639369674, 7179897.867982605472207 ], [ 679603.715979276108555, 7179907.771779257804155 ], [ 679603.715979950968176, 7179910.601435920223594 ], [ 679585.323217692319304, 7179931.823865266516805 ], [ 679572.589766094577499, 7179943.142494944855571 ], [ 679530.144923499203287, 7179964.364929987117648 ], [ 679515.996645668870769, 7179984.172529993578792 ], [ 679514.581823479384184, 7180009.639440318569541 ], [ 679514.581830221693963, 7180037.936006968840957 ], [ 679520.241149312001653, 7180063.402915619313717 ], [ 679513.874434636207297, 7180115.751565439626575 ], [ 679499.726159158744849, 7180145.462963780388236 ], [ 679499.726161857135594, 7180156.781590444967151 ], [ 679496.896508379839361, 7180169.515046109445393 ], [ 679484.163058125413954, 7180186.492989121936262 ], [ 679464.35546692693606, 7180204.885762141086161 ], [ 679445.962703986908309, 7180223.278534825891256 ], [ 679434.6440816471586, 7180238.841649168170989 ], [ 679434.644087375840172, 7180262.893730830401182 ], [ 679441.718235392007045, 7180291.190295819193125 ], [ 679453.036866495735012, 7180312.412718135863543 ], [ 679471.429637863417156, 7180329.390653779730201 ], [ 679491.237235467066057, 7180337.879619087092578 ], [ 679528.022773151635192, 7180350.613065375946462 ], [ 679554.904512711334974, 7180361.931685674935579 ], [ 679586.030735687003471, 7180367.590991632081568 ], [ 679598.764192016446032, 7180376.07995861582458 ], [ 679608.66799014271237, 7180377.494784602895379 ], [ 679608.667990818852559, 7180380.324441267177463 ], [ 679601.593852912425064, 7180394.47272627800703 ], [ 679587.445574399549514, 7180411.450669631361961 ], [ 679587.445577098056674, 7180422.769296298734844 ], [ 679591.690064899041317, 7180435.502750292420387 ], [ 679618.571808511274867, 7180463.799310592003167 ], [ 679636.964578201877885, 7180473.703104569576681 ], [ 679668.090802870807238, 7180486.436552192084491 ], [ 679677.99460538988933, 7180506.244146512821317 ], [ 679680.824266285053454, 7180524.63691417966038 ], [ 679675.164957308792509, 7180541.614855524152517 ], [ 679645.453570338897407, 7180568.496600907295942 ], [ 679614.327354771434329, 7180593.963518291711807 ], [ 679549.245262736571021, 7180626.504585388116539 ], [ 679511.044907565694302, 7180659.045646114274859 ], [ 679470.722308661672287, 7180685.927394010126591 ], [ 679448.0850632970687, 7180714.223966047167778 ], [ 679425.447815236169845, 7180731.201911414042115 ], [ 679398.566082739038393, 7180749.594686118885875 ], [ 679378.75848984264303, 7180760.913317479193211 ], [ 679366.025039910105988, 7180779.306088836863637 ], [ 679358.950905363308266, 7180807.602657194249332 ], [ 679358.95091075100936, 7180830.239910540170968 ], [ 679366.025059445993975, 7180861.366132220253348 ], [ 679391.491977837518789, 7180902.396147885359824 ], [ 679395.736468332470395, 7180926.448228565044701 ], [ 679378.758533965912648, 7180946.255829265341163 ], [ 679356.121282190317288, 7180947.670662954449654 ], [ 679334.898856315063313, 7180939.181697972118855 ], [ 679309.431941629620269, 7180913.714793978258967 ], [ 679295.283652328886092, 7180885.418230638839304 ], [ 679275.476051680278033, 7180864.195810311473906 ], [ 679248.594314130721614, 7180861.366159999743104 ], [ 679224.542234439169988, 7180864.195822355337441 ], [ 679189.171530036139302, 7180872.684800723567605 ], [ 679166.534277925267816, 7180872.684806074947119 ], [ 679132.578403126681224, 7180886.833097444847226 ], [ 679111.355983645189553, 7180905.225870806723833 ], [ 679074.570457707857713, 7180942.011416191235185 ], [ 679071.740802876302041, 7180949.085558531805873 ], [ 679043.44425051053986, 7181002.849041925743222 ], [ 679029.295971974730492, 7181019.826985284686089 ], [ 679010.903212028322741, 7181050.953212987631559 ], [ 678996.754941891646013, 7181103.30186471156776 ], [ 678952.895280365250073, 7181164.139493461698294 ], [ 678930.258043366600759, 7181227.806773873977363 ], [ 678919.646843193564564, 7181277.325768101960421 ], [ 678922.476505422382616, 7181301.377849131822586 ], [ 678956.432389988563955, 7181328.259579481557012 ], [ 679032.83313405548688, 7181404.660291541367769 ], [ 679097.915249049314298, 7181468.327551254071295 ], [ 679099.689213530975394, 7181469.061605071648955 ], [ 679099.831872701877728, 7181469.66790590249002 ], [ 679115.621292879455723, 7181479.468230509199202 ], [ 679124.877160456147976, 7181487.635168606415391 ], [ 679136.310881737503223, 7181508.324747970327735 ], [ 679149.377993268892169, 7181538.270192610099912 ], [ 679155.367089643026702, 7181567.126713557168841 ], [ 679157.00048221484758, 7181586.182907184585929 ], [ 679156.456026500090957, 7181615.583892369642854 ], [ 679169.523136225878261, 7181637.906859407201409 ], [ 679199.468584536807612, 7181640.62916573882103 ], [ 679228.869563704589382, 7181616.128337886184454 ], [ 679245.747904092422687, 7181604.150154784321785 ], [ 679262.626244996208698, 7181594.34982243180275 ], [ 679276.183639848604798, 7181595.662059308961034 ], [ 679312.056246335851029, 7181588.189996378496289 ], [ 679334.637060342356563, 7181581.059206740930676 ], [ 679388.117934265523218, 7181558.478377145715058 ], [ 679419.01799446484074, 7181544.216801237314939 ], [ 679439.221881914068945, 7181543.028332406654954 ], [ 679468.933483507717028, 7181551.347573718056083 ], [ 679489.137374635552987, 7181565.609137526713312 ], [ 679515.283587390440516, 7181587.001484226435423 ], [ 679528.356695466674864, 7181604.828441872261465 ], [ 679537.864412157447077, 7181625.032328462228179 ], [ 679555.691375890048221, 7181641.670820934697986 ], [ 679579.460660394979641, 7181661.874704146757722 ], [ 679592.533767058048397, 7181673.759341545403004 ], [ 679610.360729093546979, 7181683.267049717716873 ], [ 679637.695403004530817, 7181692.774755637161434 ], [ 679663.841612365562469, 7181699.905533738434315 ], [ 679686.422425522468984, 7181689.209351938217878 ], [ 679699.495527935330756, 7181683.267028590664268 ], [ 679714.945559454150498, 7181682.078560875728726 ], [ 679728.018663567258045, 7181683.267021829262376 ], [ 679730.395593804540113, 7181692.774733662605286 ], [ 679730.395595503621735, 7181699.905517959967256 ], [ 679723.26481499907095, 7181714.167088247835636 ], [ 679719.69942814623937, 7181735.559441987425089 ], [ 679716.134040729841217, 7181754.574867629446089 ], [ 679713.757122396258637, 7181794.982645886018872 ], [ 679712.568665780243464, 7181825.88271146453917 ], [ 679710.785976039711386, 7181852.028920983895659 ], [ 679720.293692737468518, 7181872.232807578518987 ], [ 679736.932193063083105, 7181891.248228432610631 ], [ 679763.078403564635664, 7181903.132862732745707 ], [ 679802.297717053559609, 7181911.452101780101657 ], [ 679830.820854962454177, 7181920.95980741456151 ], [ 679849.836279854760505, 7181925.713659102097154 ], [ 679877.17095094115939, 7181923.336724514141679 ], [ 679902.128692640224472, 7181915.017470244318247 ], [ 679936.594146502087824, 7181907.886677762493491 ], [ 679996.017342911451124, 7181896.00202315300703 ], [ 680035.23665327578783, 7181891.248157639056444 ], [ 680092.282924838131294, 7181892.436608137562871 ], [ 680154.083053758600727, 7181899.567377750761807 ], [ 680200.433152013341896, 7181911.45200723502785 ], [ 680236.087072413880378, 7181915.01739090681076 ], [ 680259.262120689498261, 7181917.394313496537507 ], [ 680293.727583648636937, 7181948.294370600953698 ], [ 680360.281572782667354, 7181973.252099821344018 ], [ 680418.516313172411174, 7181994.644438862800598 ], [ 680443.474059703294188, 7182006.529073424637318 ], [ 680493.389553626999259, 7182033.863734694197774 ], [ 680529.043476882041432, 7182049.313758856616914 ], [ 680573.016649176366627, 7182069.517637236975133 ], [ 680615.801352642825805, 7182069.517627043649554 ], [ 680725.140039568766952, 7182070.706065034493804 ], [ 680788.128630214487202, 7182068.329121911898255 ], [ 680836.855654748738743, 7182073.082966489717364 ], [ 680923.019296246231534, 7182083.77912238240242 ], [ 680958.673218655982055, 7182095.663754373788834 ], [ 680988.384820000850596, 7182102.79453158006072 ], [ 681027.604132942855358, 7182108.736842468380928 ], [ 681068.011911012232304, 7182119.4330092696473 ], [ 681107.231222526635975, 7182119.432999901473522 ], [ 681146.450534041039646, 7182119.432990528643131 ], [ 681164.277492679189891, 7182114.679130065254867 ], [ 681167.842884064419195, 7182112.302201115526259 ], [ 681171.408275161636993, 7182108.736808110028505 ], [ 681171.408270874875598, 7182090.909847356379032 ], [ 681171.40826601756271, 7182070.705958500504494 ], [ 681172.59672771662008, 7182061.198245815001428 ], [ 681172.596724002854899, 7182045.74821315985173 ], [ 681172.478514863178134, 7182019.161375625990331 ], [ 681174.018588174018078, 7182019.13285537995398 ], [ 681176.162102812435478, 7181991.078865999355912 ], [ 681185.669813837390393, 7181987.513471575453877 ], [ 681193.989061731495894, 7181987.513469586148858 ], [ 681210.627557524712756, 7181987.51346561126411 ], [ 681228.454517872189172, 7181989.890389448031783 ], [ 681248.658405904308893, 7181991.078848665580153 ], [ 681284.312326601124369, 7181995.832696341909468 ], [ 681315.212390499887988, 7181997.021153001114726 ], [ 681341.794902438414283, 7182014.111844312399626 ], [ 681476.886379142408259, 7182009.754022139124572 ], [ 681529.560187839670107, 7182025.556151857599616 ], [ 681599.849522780277766, 7182029.584999838843942 ], [ 681638.831144015071914, 7182040.043474139645696 ], [ 681666.403509616735391, 7182044.797323733568192 ], [ 681688.511918363976292, 7182067.056490016169846 ], [ 681695.865983145544305, 7182067.947890067473054 ], [ 681702.737348692608066, 7182068.780781236477196 ], [ 681710.138994359527715, 7182086.631247818470001 ], [ 681717.745167534565553, 7182101.843585841357708 ], [ 681724.400569520657882, 7182117.055924091488123 ], [ 681732.006741547724232, 7182127.514405911788344 ], [ 681737.235984277445823, 7182132.458415106870234 ], [ 681747.884623602847569, 7182140.825199468992651 ], [ 681757.772644878132269, 7182144.628282058984041 ], [ 681770.703133589122444, 7182146.910129935480654 ], [ 681789.718559006345458, 7182153.755678305402398 ], [ 681810.255220894585364, 7182171.24986420199275 ], [ 681846.004221613518894, 7182187.98342945985496 ], [ 681855.892243991256692, 7182196.350214001722634 ], [ 681862.737798567628488, 7182204.716999275609851 ], [ 681867.301501923473552, 7182211.562551110982895 ], [ 681874.14705484570004, 7182213.083783453330398 ], [ 681885.556308922474273, 7182212.323163725435734 ], [ 681900.768647384596989, 7182210.041309095919132 ], [ 681916.741602247115225, 7182205.477603308856487 ], [ 681925.869003084255382, 7182194.828963227570057 ], [ 681934.235785686643794, 7182178.856004379689693 ], [ 681934.996398597024381, 7182162.122430365532637 ], [ 681940.320711556822062, 7182138.543302328325808 ], [ 681950.969341888325289, 7182109.639854066073895 ], [ 681968.463525689439848, 7182084.539489122107625 ], [ 681990.521412114496343, 7182063.242208043113351 ], [ 682007.254982082406059, 7182051.072332153096795 ], [ 682018.664233769639395, 7182040.423691520467401 ], [ 682025.509785220958292, 7182035.859987923875451 ], [ 682027.79163368511945, 7182025.971966478042305 ], [ 682032.355333182727918, 7182016.844561478123069 ], [ 682040.722116146702319, 7182002.392836616374552 ], [ 682052.131367830792442, 7181991.74419598467648 ], [ 682062.780003483989276, 7181984.898640501312912 ], [ 682062.779998706537299, 7181965.122598705813289 ], [ 682062.779995766235515, 7181952.952726832590997 ], [ 682062.019375691306777, 7181940.022238148376346 ], [ 682058.976905683870427, 7181930.894834976643324 ], [ 682055.934436595533043, 7181925.570516763255 ], [ 682043.600320871220902, 7181911.278822316788137 ], [ 682052.305929146939889, 7181902.28302226960659 ], [ 682061.0115374205634, 7181893.287222227081656 ], [ 682069.655838595703244, 7181884.354772882536054 ], [ 682075.330149715766311, 7181846.466344933956861 ], [ 682074.56952210678719, 7181802.350559584796429 ], [ 682073.808902399381623, 7181790.941304888576269 ], [ 682073.808899273397401, 7181778.010816024616361 ], [ 682078.372596567380242, 7181759.756007123738527 ], [ 682085.978760738158599, 7181737.698112530633807 ], [ 682104.23355688166339, 7181693.582322618924081 ], [ 682111.83972362591885, 7181682.173065915703773 ], [ 682124.770210859598592, 7181678.369977850466967 ], [ 682133.136997494031675, 7181679.13059283234179 ], [ 682142.264401631429791, 7181682.17305860389024 ], [ 682150.631188267143443, 7181682.933673584833741 ], [ 682162.040442519588396, 7181682.933670843951404 ], [ 682182.577101092319936, 7181686.736750867217779 ], [ 682200.831910103792325, 7181695.86415038164705 ], [ 682214.523015576298349, 7181697.385381072759628 ], [ 682227.45350428018719, 7181699.667228941805661 ], [ 682255.821220580022782, 7181708.801692876964808 ], [ 682243.150541708106175, 7181719.888542883098125 ], [ 682241.642770374775864, 7181721.207843514159322 ], [ 682256.356956481467932, 7181733.134369634091854 ], [ 682265.484359883470461, 7181733.134367436170578 ], [ 682272.329912068787962, 7181731.613131808117032 ], [ 682279.175463882973418, 7181728.570662193000317 ], [ 682285.296583059127443, 7181707.16416553594172 ], [ 682294.943546218681149, 7181706.628220783546567 ], [ 682312.64260012365412, 7181689.018570572137833 ], [ 682317.966916749253869, 7181680.651782380416989 ], [ 682331.658018723246641, 7181667.721290227025747 ], [ 682340.024801493505947, 7181652.508948374539614 ], [ 682348.391586106037721, 7181644.902776448056102 ], [ 682355.997752660303377, 7181632.732902748510242 ], [ 682360.561451045563444, 7181619.041795799508691 ], [ 682375.013172915205359, 7181618.281175333075225 ], [ 682384.901194189209491, 7181622.0842579100281 ], [ 682392.507365713710897, 7181630.451042991131544 ], [ 682396.310452489880845, 7181638.817828983068466 ], [ 682397.831688044359908, 7181645.663381543010473 ], [ 682395.549839590326883, 7181655.551402986049652 ], [ 682387.943673404166475, 7181669.242510668933392 ], [ 682375.773805883713067, 7181684.454853435046971 ], [ 682361.322088429937139, 7181703.470281705260277 ], [ 682341.543578867451288, 7181724.066215423867106 ], [ 682345.589241934590973, 7181737.214609803631902 ], [ 682308.839534328319132, 7181767.362121648155153 ], [ 682290.584733224939555, 7181790.94125278480351 ], [ 682269.287464138003998, 7181813.759767664596438 ], [ 682260.160064598079771, 7181829.732726691290736 ], [ 682252.173591034254059, 7181847.987536419183016 ], [ 682247.60989282920491, 7181862.439260365441442 ], [ 682244.567427417496219, 7181872.327281991019845 ], [ 682236.961259570089169, 7181879.172836747951806 ], [ 682230.876324702054262, 7181882.215306180529296 ], [ 682224.791389469522983, 7181883.73654162697494 ], [ 682211.860903151100501, 7181891.342714654281735 ], [ 682197.409183853538707, 7181902.751973009668291 ], [ 682192.845483622862957, 7181908.836910041980445 ], [ 682183.718083714018576, 7181923.288635086268187 ], [ 682170.026981915347278, 7181936.979744233191013 ], [ 682161.660198586061597, 7181949.910235108807683 ], [ 682152.53279738756828, 7181959.037641206756234 ], [ 682143.405395820969716, 7181966.643813320435584 ], [ 682137.320463158306666, 7181978.813686659559608 ], [ 682135.03861469659023, 7181988.701708103530109 ], [ 682129.714296965394169, 7181992.504794344305992 ], [ 682116.783811378991231, 7182003.153435338288546 ], [ 682105.37456042971462, 7182016.844543937593699 ], [ 682089.401609984925017, 7182039.6630575414747 ], [ 682075.71050855203066, 7182054.875400673598051 ], [ 682069.625574232079089, 7182060.199721081182361 ], [ 682058.97693894803524, 7182068.566510552540421 ], [ 682046.046454830095172, 7182085.300087488256395 ], [ 682042.243370995507576, 7182089.103173360228539 ], [ 682033.87658582534641, 7182094.427494317293167 ], [ 682027.031035109423101, 7182102.03366588242352 ], [ 682019.42487001104746, 7182120.288475522771478 ], [ 682014.100552461924963, 7182124.8521787552163 ], [ 682004.212536144186743, 7182141.585754957981408 ], [ 682004.212537797167897, 7182148.431307889521122 ], [ 682003.451923050684854, 7182157.558711979538202 ], [ 682002.691309407120571, 7182171.249818021431565 ], [ 681996.606376191135496, 7182181.137840382754803 ], [ 681994.32452625699807, 7182184.94092589430511 ], [ 681974.54848976584617, 7182202.43512146640569 ], [ 681969.224174599978141, 7182216.886845599859953 ], [ 681967.702943637734279, 7182229.056717839092016 ], [ 681970.745413644704968, 7182238.184121019206941 ], [ 681980.633434738731012, 7182241.226586615666747 ], [ 681991.282072049099952, 7182241.226584056392312 ], [ 681998.127625154564157, 7182243.508433392271399 ], [ 682005.733795396983624, 7182246.550899531692266 ], [ 682018.664283375721425, 7182245.790279438719153 ], [ 682029.312920137075707, 7182243.5084259044379 ], [ 682035.397855190909468, 7182241.226573463529348 ], [ 682050.22988701495342, 7182246.550888849422336 ], [ 682057.07544159446843, 7182254.917674120515585 ], [ 682065.513396601891145, 7182279.725655859336257 ], [ 682094.345678981509991, 7182283.060493886470795 ], [ 682110.318636417505331, 7182289.145425990223885 ], [ 682130.855295926798135, 7182296.751590980216861 ], [ 682162.040593666839413, 7182308.160838372074068 ], [ 682181.816635672585107, 7182313.485152568668127 ], [ 682195.507741340901703, 7182315.767000256106257 ], [ 682209.198846085113473, 7182314.245762977749109 ], [ 682230.496119604562409, 7182309.682055902667344 ], [ 682241.905373866204172, 7182309.682053163647652 ], [ 682259.399564837687649, 7182314.245750909671187 ], [ 682268.526971007930115, 7182325.655003605410457 ], [ 682281.457461931975558, 7182337.064255379140377 ], [ 682289.82425041613169, 7182345.431040283292532 ], [ 682298.191037793876603, 7182349.234123233705759 ], [ 682313.403377362294123, 7182351.515970555134118 ], [ 682328.615718220011331, 7182359.122136820107698 ], [ 682340.024975793785416, 7182372.813239940442145 ], [ 682349.152383622364141, 7182391.068045564927161 ], [ 682365.885962064494379, 7182413.88655131496489 ], [ 682370.449665610096417, 7182421.492720143869519 ], [ 682379.577071231324226, 7182430.620121859945357 ], [ 682386.422626182204112, 7182440.508141115307808 ], [ 682390.225711673032492, 7182443.550608169287443 ], [ 682395.550030329148285, 7182443.55060688778758 ], [ 682400.874348615529016, 7182442.029371622018516 ], [ 682406.198666722979397, 7182439.747519364580512 ], [ 682411.522985195158981, 7182438.986901089549065 ], [ 682419.129154701484367, 7182438.986899260431528 ], [ 682428.256557746324688, 7182437.465663077309728 ], [ 682436.623343102284707, 7182432.901959108188748 ], [ 682501.275776007212698, 7182400.195412864908576 ], [ 682534.362609871663153, 7182385.743682040832937 ], [ 682545.771863212343305, 7182381.940594328567386 ], [ 682559.462968145497143, 7182381.179974040016532 ], [ 682567.829754604259506, 7182381.179972022771835 ], [ 682575.435923005803488, 7182376.616268238052726 ], [ 682581.520855663111433, 7182364.446394892409444 ], [ 682586.084551656502299, 7182340.867267027497292 ], [ 682594.451333508477546, 7182321.851840199902654 ], [ 682594.451330005656928, 7182307.400117341428995 ], [ 682598.254411810077727, 7182295.230244545266032 ], [ 682609.663664229679853, 7182287.624071873724461 ], [ 682621.072916646837257, 7182280.017899200320244 ], [ 682636.285254925023764, 7182276.975427566096187 ], [ 682646.173274916596711, 7182275.454191200435162 ], [ 682678.119188690907322, 7182283.060353426262736 ], [ 682694.852763084112667, 7182289.145285330712795 ], [ 682711.586336185806431, 7182289.905898291617632 ], [ 682726.038058064179495, 7182289.145277816802263 ], [ 682731.362375798868015, 7182285.342191571369767 ], [ 682736.686694086063653, 7182283.82095630094409 ], [ 682742.771627662936226, 7182275.454167917370796 ], [ 682750.37779421871528, 7182263.28429420478642 ], [ 682766.350747417425737, 7182251.875035467557609 ], [ 682783.844935807050206, 7182245.790095310658216 ], [ 682796.775423970073462, 7182245.790092191658914 ], [ 682804.381594585021958, 7182250.35379231441766 ], [ 682811.987766307080165, 7182259.481194386258721 ], [ 682816.551471332553774, 7182273.172299151308835 ], [ 682821.115178020438179, 7182293.708956845104694 ], [ 682831.003204838954844, 7182320.330549193546176 ], [ 682837.088148197624832, 7182352.276461413130164 ], [ 682844.694323613075539, 7182376.616203338839114 ], [ 682850.779266417375766, 7182406.280264576897025 ], [ 682862.949145016027614, 7182436.704941345378757 ], [ 682868.273467177292332, 7182451.15666292142123 ], [ 682872.837172758765519, 7182467.129618663340807 ], [ 682872.837176266941242, 7182481.581341524608433 ], [ 682869.794711416703649, 7182493.751214141026139 ], [ 682862.188545044744387, 7182506.681704849004745 ], [ 682858.385463980957866, 7182521.894045622088015 ], [ 682860.667317232349887, 7182531.782065974548459 ], [ 682869.034107754705474, 7182548.515637796372175 ], [ 682877.40089809091296, 7182564.488592626526952 ], [ 682888.810156049206853, 7182579.70092972740531 ], [ 682899.458795396378264, 7182588.067714078351855 ], [ 682923.363046598969959, 7182603.573079003021121 ], [ 682918.276056265458465, 7182621.610266622155905 ], [ 682918.276061807759106, 7182644.443873872980475 ], [ 682941.109678104636259, 7182686.849138973280787 ], [ 682954.157455337466672, 7182696.634967505000532 ], [ 682973.729121586657129, 7182712.944682248868048 ], [ 682999.824676848365925, 7182735.778283202089369 ], [ 683006.348570616100915, 7182761.873832776211202 ], [ 683006.348574576550163, 7182778.18355224467814 ], [ 683006.348578537232243, 7182794.4932717140764 ], [ 682963.943317370605655, 7182823.850776994600892 ], [ 682934.585827103001066, 7182836.898559654131532 ], [ 682915.014171933289617, 7182866.256059421226382 ], [ 682885.656708579394035, 7182990.209934492595494 ], [ 682885.65671728621237, 7183026.09131733328104 ], [ 682892.180610261391848, 7183048.924923021346331 ], [ 682905.228389085503295, 7183065.234639348462224 ], [ 682913.612736720591784, 7183064.543666411191225 ], [ 682923.563317302265204, 7183059.306515381671488 ], [ 682930.895323756616563, 7183054.243936600163579 ], [ 682938.401902585406788, 7183052.323646960780025 ], [ 682941.893334856489673, 7183052.498217737302184 ], [ 682947.130483454093337, 7183053.545646199956536 ], [ 682950.796488015912473, 7183056.513362871482968 ], [ 682952.716776591609232, 7183060.004794830456376 ], [ 682952.36763468128629, 7183065.41651516687125 ], [ 682957.142637252807617, 7183070.058232316747308 ], [ 682961.537759078782983, 7183071.156943302601576 ], [ 682968.602796371327713, 7183072.923090953379869 ], [ 682972.967086108517833, 7183070.653658826835454 ], [ 682975.236515700002201, 7183065.06736640445888 ], [ 682982.125316471909173, 7183057.600906061008573 ], [ 682996.562809969182126, 7183052.186841726303101 ], [ 683006.484830933623016, 7183051.799915662966669 ], [ 683013.11855284916237, 7183054.593059998936951 ], [ 683022.658362867543474, 7183065.234611004590988 ], [ 683039.557872102130204, 7183105.738918432034552 ], [ 683046.998054886003956, 7183128.664228422567248 ], [ 683049.063091079238802, 7183139.601231288164854 ], [ 683057.677191350492649, 7183152.076819000765681 ], [ 683065.994254509918392, 7183167.522785307839513 ], [ 683079.8788072274765, 7183201.014457877725363 ], [ 683091.539522329345345, 7183224.851084621623158 ], [ 683109.06476324191317, 7183260.198584804311395 ], [ 683111.144030618481338, 7183270.59490913245827 ], [ 683109.064766776515171, 7183274.753439567051828 ], [ 683095.10399021813646, 7183281.882351392880082 ], [ 683083.962030701339245, 7183286.885808418504894 ], [ 683026.941390267224051, 7183313.203045240603387 ], [ 683003.005253257229924, 7183324.105900567956269 ], [ 682999.997571916552261, 7183328.742745358496904 ], [ 683000.024000241537578, 7183351.038023317232728 ], [ 683016.134560994338244, 7183417.524553313851357 ], [ 683016.134565746877342, 7183437.096216692589223 ], [ 683019.396514216205105, 7183456.667879287153482 ], [ 683022.658460311708041, 7183466.453710189089179 ], [ 683042.230129751260392, 7183495.81120053306222 ], [ 683052.015973582630977, 7183548.002300521358848 ], [ 683081.373486064490862, 7183626.288946964778006 ], [ 683156.398210620158352, 7183704.575582385063171 ], [ 683195.541547142202035, 7183753.504731396213174 ], [ 683195.541563793784007, 7183822.005553253926337 ], [ 683175.969915749505162, 7183880.720548154786229 ], [ 683166.184101240825839, 7183949.221372391097248 ], [ 683156.39828355726786, 7184004.67442103754729 ], [ 683143.350522151449695, 7184060.127470474690199 ], [ 683104.207220487180166, 7184154.723853016272187 ], [ 683065.063910891185515, 7184216.700796565040946 ], [ 683038.968373798415996, 7184268.891905270516872 ], [ 683009.610900107072666, 7184350.440509865060449 ], [ 683012.872852540924214, 7184386.321891983971 ], [ 683025.920633766567335, 7184412.417440040037036 ], [ 683045.492296890588477, 7184415.679379216395319 ], [ 683084.635621558059938, 7184415.679369765333831 ], [ 683117.255057192407548, 7184409.155474084429443 ], [ 683166.184209851082414, 7184396.107686661183834 ], [ 683221.637248367769644, 7184376.536009856499732 ], [ 683293.400003902264871, 7184350.440441305749118 ], [ 683332.543328565312549, 7184350.440431840717793 ], [ 683342.329160522553138, 7184353.702373374253511 ], [ 683352.11499644885771, 7184373.274034409783781 ], [ 683363.449127967469394, 7184391.70326310954988 ], [ 683366.004575272323564, 7184422.624085551127791 ], [ 683374.948637427180074, 7184516.799560532905161 ], [ 683384.734500341233797, 7184647.277314229868352 ], [ 683420.615909875137731, 7184764.707286026328802 ], [ 683466.28315059049055, 7184882.137255471199751 ], [ 683485.854831201490015, 7184957.16196050401777 ], [ 683491.389990137191489, 7184998.656388788484037 ], [ 683534.445455779321492, 7184985.658500280231237 ], [ 683560.44120657350868, 7184969.411146372556686 ], [ 683591.311158612370491, 7184941.790647963993251 ], [ 683625.430580782354809, 7184917.41961828712374 ], [ 683659.550001764437184, 7184888.174384327605367 ], [ 683692.044686884735711, 7184854.054946480318904 ], [ 683718.040438462630846, 7184841.057062095031142 ], [ 683748.910395242040977, 7184832.933380806818604 ], [ 683779.780350041692145, 7184816.686025718227029 ], [ 683800.901898789452389, 7184808.562346795573831 ], [ 683820.398714851005934, 7184808.562342070043087 ], [ 683843.145000252872705, 7184808.562336552888155 ], [ 683869.1407546014525, 7184806.937595489434898 ], [ 683885.388098938390613, 7184797.189182985574007 ], [ 683909.759114253451116, 7184777.692359944805503 ], [ 683927.631194450543262, 7184772.818151328712702 ], [ 683948.752741612610407, 7184758.19553335942328 ], [ 683979.622694419929758, 7184733.824504461139441 ], [ 684002.368976251687855, 7184719.201886095106602 ], [ 684010.492646034574136, 7184704.579271282069385 ], [ 684020.241048511234112, 7184681.832982270047069 ], [ 684020.24104017962236, 7184647.71355230268091 ], [ 684020.241034230799414, 7184623.342530897818506 ], [ 684028.364701237529516, 7184597.34677276480943 ], [ 684039.73783957422711, 7184579.47468763962388 ], [ 684060.859387519070879, 7184568.101539190858603 ], [ 684088.479875339078717, 7184561.602593444287777 ], [ 684116.100361573044211, 7184548.604708656668663 ], [ 684159.968192925909534, 7184529.107880879193544 ], [ 684208.710227495059371, 7184506.361582398414612 ], [ 684254.202792719239369, 7184483.615284704603255 ], [ 684272.074870523298159, 7184468.992667519487441 ], [ 684289.946946343057789, 7184446.246376537717879 ], [ 684304.569553611334413, 7184426.749555867165327 ], [ 684304.569549635401927, 7184410.502208270132542 ], [ 684296.44586913229432, 7184381.256984567269683 ], [ 684278.573783782194369, 7184365.009641314856708 ], [ 684247.703817495144904, 7184334.13968838378787 ], [ 684244.199273646809161, 7184317.785169043578207 ], [ 684253.28839534544386, 7184297.119251551106572 ], [ 684259.264265396748669, 7184276.950670924037695 ], [ 684268.975055122515187, 7184247.818276423960924 ], [ 684279.432827942771837, 7184213.456990843638778 ], [ 684289.890594366705045, 7184152.951250784099102 ], [ 684300.348362251883373, 7184098.421386037021875 ], [ 684303.336296088527888, 7184083.481697036884725 ], [ 684303.336290608393028, 7184061.072164625860751 ], [ 684303.336286041652784, 7184042.397554285824299 ], [ 684310.059140645549633, 7184022.975957894697785 ], [ 684315.288024495821446, 7183995.337533319368958 ], [ 684319.769926531007513, 7183978.1568907154724 ], [ 684324.998814031947404, 7183965.45815441198647 ], [ 684333.215639756293967, 7183955.747355039231479 ], [ 684344.420403701718897, 7183949.024492593482137 ], [ 684362.348028643522412, 7183949.024488233029842 ], [ 684375.046760420314968, 7183938.566703354939818 ], [ 684384.010571429040283, 7183932.590825865976512 ], [ 684397.456289954832755, 7183931.8438381832093 ], [ 684412.395978685235605, 7183937.072725443169475 ], [ 684417.624871122650802, 7183944.542568305507302 ], [ 684425.094717407599092, 7183955.000348277390003 ], [ 684440.034409978659824, 7183975.91590822674334 ], [ 684448.998223547474481, 7183980.397812524810433 ], [ 684466.925848493119702, 7183980.397808163426816 ], [ 684484.853473435738124, 7183980.397803798317909 ], [ 684495.311255565728061, 7183984.132723325863481 ], [ 684506.516023167991079, 7183992.349549147300422 ], [ 684522.949682113830931, 7184003.554311352781951 ], [ 684530.419527303427458, 7184009.530184842646122 ], [ 684532.660482432460412, 7184017.747012846171856 ], [ 684532.660484444350004, 7184025.963841395452619 ], [ 684527.431597860064358, 7184042.397499770857394 ], [ 684515.479854663601145, 7184070.035925985313952 ], [ 684501.287157432176173, 7184093.939430680125952 ], [ 684496.058270115405321, 7184107.38515139836818 ], [ 684492.323350809398107, 7184117.842934100888669 ], [ 684494.96798849129118, 7184138.498615501448512 ], [ 684502.78711502905935, 7184147.295129013247788 ], [ 684509.286056893062778, 7184160.293005507439375 ], [ 684509.286061666090973, 7184179.789822618477046 ], [ 684502.787128949770704, 7184204.160845588892698 ], [ 684488.164522089296952, 7184225.282401019707322 ], [ 684463.793510783347301, 7184261.026571657508612 ], [ 684431.298834471148439, 7184330.89017422311008 ], [ 684429.674106955644675, 7184360.135400291532278 ], [ 684429.674116498790681, 7184399.129034526646137 ], [ 684431.298859122674912, 7184431.623729326762259 ], [ 684432.923598963068798, 7184452.745280807837844 ], [ 684442.672013349132612, 7184478.741034593433142 ], [ 684455.66989389876835, 7184491.738909516483545 ], [ 684475.166709949844517, 7184491.738904769532382 ], [ 684506.036669492255896, 7184494.988366777077317 ], [ 684520.65928471123334, 7184507.986241296865046 ], [ 684545.030310345813632, 7184530.732522005215287 ], [ 684554.778722350019962, 7184546.979867234826088 ], [ 684597.834211428184062, 7184629.841329520568252 ], [ 684609.207366465474479, 7184680.208104321733117 ], [ 684607.582636170671321, 7184698.080187079496682 ], [ 684604.333170409081504, 7184712.702800717204809 ], [ 684597.834235705318861, 7184728.950149904936552 ], [ 684573.463220406556502, 7184748.446972964331508 ], [ 684547.467469642520882, 7184764.694326898083091 ], [ 684527.970658755511977, 7184785.815883530303836 ], [ 684523.096461503300816, 7184813.436375645920634 ], [ 684524.721202936721966, 7184841.056866186670959 ], [ 684597.021937212673947, 7185010.029263719916344 ], [ 684601.896149585722014, 7185044.148692518472672 ], [ 684611.644564782269299, 7185073.393915846012533 ], [ 684632.766123879002407, 7185107.513340687379241 ], [ 684658.761886994820088, 7185141.632764343172312 ], [ 684689.631851740763523, 7185166.0037782471627 ], [ 684709.128672586521134, 7185185.500590634532273 ], [ 684735.124432123149745, 7185204.997401439584792 ], [ 684761.120190866990015, 7185221.244742721319199 ], [ 684780.617010919610038, 7185237.492085584439337 ], [ 684796.864361627958715, 7185253.739429241046309 ], [ 684798.489100284175947, 7185269.986776461824775 ], [ 684798.489103470579721, 7185282.984654555097222 ], [ 684770.868616824154742, 7185294.357804619707167 ], [ 684746.497598328511231, 7185300.856749604456127 ], [ 684717.252374219475314, 7185300.856756730936468 ], [ 684686.382415439235047, 7185300.856764249503613 ], [ 684675.009274324518628, 7185307.355706068687141 ], [ 684675.009278304874897, 7185323.603053686209023 ], [ 684681.508220976218581, 7185339.850399723276496 ], [ 684697.75557128910441, 7185354.473008621484041 ], [ 684704.254511571372859, 7185360.971946083009243 ], [ 684718.877126016654074, 7185370.720351096242666 ], [ 684739.998680346529, 7185385.342958804219961 ], [ 684765.994439492700621, 7185403.215034851804376 ], [ 684780.617055132752284, 7185417.837644144892693 ], [ 684787.115998206892982, 7185435.709724942222238 ], [ 684785.491269510239363, 7185460.080746770836413 ], [ 684780.617067880113609, 7185469.829156531020999 ], [ 684757.870786836720072, 7185487.701244458556175 ], [ 684730.250300582731143, 7185500.699129285290837 ], [ 684670.13512524170801, 7185531.569104411639273 ], [ 684645.764111116761342, 7185555.940131781622767 ], [ 684637.640448099235073, 7185598.183237578719854 ], [ 684618.143641966162249, 7185638.801611389964819 ], [ 684596.209741783794016, 7185711.914681043475866 ], [ 684588.086075578117743, 7185741.159908751025796 ], [ 684576.712942015146837, 7185778.528811061754823 ], [ 684555.591398415388539, 7185807.774041936732829 ], [ 684536.094586708815768, 7185825.646129072643816 ], [ 684490.602025387110189, 7185864.639774452894926 ], [ 684456.48260439268779, 7185893.88500848878175 ], [ 684430.486854381742887, 7185913.381831968203187 ], [ 684394.74269711622037, 7185936.128127345815301 ], [ 684380.120087832212448, 7185947.50127424672246 ], [ 684378.495357928564772, 7185966.998091796413064 ], [ 684381.74483165005222, 7185984.870173401199281 ], [ 684417.48901912488509, 7186085.603720035403967 ], [ 684443.484786239219829, 7186135.970491381362081 ], [ 684461.356876804609783, 7186173.339386596344411 ], [ 684472.730027480167337, 7186205.834079101681709 ], [ 684497.101059928070754, 7186256.20085084810853 ], [ 684521.472089195856825, 7186293.569744485430419 ], [ 684563.715197900659405, 7186322.814959957264364 ], [ 684592.14805670233909, 7186330.938626851886511 ], [ 684645.764301768736914, 7186334.188083328306675 ], [ 684686.382669435697608, 7186337.437542963773012 ], [ 684717.252632239134982, 7186353.684883080422878 ], [ 684757.871007874491625, 7186389.429037994705141 ], [ 684767.619418713380583, 7186400.802178969606757 ], [ 684777.367828754009679, 7186408.925850415602326 ], [ 684798.489383514272049, 7186425.173192909918725 ], [ 684824.485141502693295, 7186438.171064684167504 ], [ 684848.856162425363436, 7186441.420528274029493 ], [ 684868.352978925569914, 7186443.045258281752467 ], [ 684879.461464605061337, 7186445.00557660125196 ], [ 684885.750911218579859, 7186439.974016512744129 ], [ 684892.7132521859603, 7186434.404140641912818 ], [ 684903.156763633945957, 7186426.049326838925481 ], [ 684917.777678776765242, 7186410.732169300317764 ], [ 684930.309890193981119, 7186391.237606642767787 ], [ 684941.449634340242483, 7186376.616684224456549 ], [ 684960.944189796457067, 7186364.084462581202388 ], [ 684980.438747474108823, 7186360.603286471217871 ], [ 684995.059666199842468, 7186359.907048631459475 ], [ 685016.642925381078385, 7186351.552232107147574 ], [ 685034.048781040590256, 7186350.855993589386344 ], [ 685050.062167208641768, 7186345.982349780388176 ], [ 685062.594382724841125, 7186343.197409635409713 ], [ 685072.34166113496758, 7186339.716235901229084 ], [ 685085.570110540604219, 7186335.538827043026686 ], [ 685101.235380275524221, 7186333.450120404362679 ], [ 685114.463831048109569, 7186334.842585718259215 ], [ 685126.299815063131973, 7186343.197394086048007 ], [ 685142.313202943420038, 7186345.286092987284064 ], [ 685151.364247975405306, 7186345.286090778186917 ], [ 685159.71905774786137, 7186341.108683108352125 ], [ 685170.8588030844694, 7186331.361400589346886 ], [ 685181.30231453012675, 7186323.006586782634258 ], [ 685191.04959293990396, 7186319.525413044728339 ], [ 685206.366746070794761, 7186319.525409301742911 ], [ 685221.683898175717331, 7186315.34799993224442 ], [ 685238.393518063006923, 7186308.38565313629806 ], [ 685249.533263398101553, 7186298.638370614498854 ], [ 685265.546648365794681, 7186288.891086904332042 ], [ 685276.686393701471388, 7186279.143804382532835 ], [ 685287.12990446051117, 7186268.004053489305079 ], [ 685299.662115864688531, 7186248.509490828029811 ], [ 685312.890563042717986, 7186235.281036439351737 ], [ 685324.030308204004541, 7186224.837519645690918 ], [ 685342.828629760188051, 7186213.697766711004078 ], [ 685354.664610353065655, 7186208.127889649011195 ], [ 685367.196824496611953, 7186199.773075328208506 ], [ 685376.944101361790672, 7186190.025793146342039 ], [ 685386.691374460002407, 7186164.961356999352574 ], [ 685394.349949141032994, 7186157.302778140641749 ], [ 685403.052876196801662, 7186153.821604654192924 ], [ 685410.015218527405523, 7186153.821602955460548 ], [ 685421.85120100248605, 7186155.910302873700857 ], [ 685432.990949417930096, 7186158.69523723423481 ], [ 685439.953293119207956, 7186164.265109702944756 ], [ 685449.004338663653471, 7186166.353810301050544 ], [ 685459.447852160315961, 7186166.353807747364044 ], [ 685469.195131420856342, 7186166.353805363178253 ], [ 685478.942409830633551, 7186162.872631623409688 ], [ 685488.689688920741901, 7186162.176394966430962 ], [ 685496.348265485605225, 7186162.176393094472587 ], [ 685503.310609529842623, 7186169.1387341003865 ], [ 685513.057890163385309, 7186174.708605889230967 ], [ 685531.159980738069862, 7186176.797304272651672 ], [ 685550.654540464282036, 7186181.670939400792122 ], [ 685561.794290078803897, 7186189.329513657838106 ], [ 685567.364165829028934, 7186196.988089281134307 ], [ 685573.630277356598526, 7186210.912773173302412 ], [ 685587.554966132971458, 7186227.622392274439335 ], [ 685598.694715405581519, 7186233.888497990556061 ], [ 685618.189274961710908, 7186238.065898846834898 ], [ 685647.431114985374734, 7186247.116937215439975 ], [ 685673.888020131736994, 7186264.52278752066195 ], [ 685701.73739066068083, 7186269.396420600824058 ], [ 685721.23194987536408, 7186272.181352913379669 ], [ 685732.048464788938873, 7186276.770174542441964 ], [ 685744.376096042571589, 7186272.147309119813144 ], [ 685753.487749726860784, 7186272.848203353583813 ], [ 685764.702092680614442, 7186273.549097065813839 ], [ 685786.429880440584384, 7186267.941920044831932 ], [ 685803.251392713398673, 7186260.232054837048054 ], [ 685828.483663628576323, 7186258.830255728214979 ], [ 685855.11773171252571, 7186274.950867834500968 ], [ 685881.050903716008179, 7186292.473273035138845 ], [ 685901.376903294585645, 7186305.790300836786628 ], [ 685943.430692881229334, 7186322.611805622465909 ], [ 685962.354898401768878, 7186331.022558527067304 ], [ 685982.680898846592754, 7186347.844068640843034 ], [ 685998.80152213270776, 7186370.272751484066248 ], [ 686043.658900362555869, 7186399.009495440870523 ], [ 686082.909103566664271, 7186413.027415058575571 ], [ 686108.141378985834308, 7186429.848923964425921 ], [ 686134.77545106143225, 7186462.090154703706503 ], [ 686158.605936750187539, 7186491.527800280600786 ], [ 686167.016695570200682, 7186498.536762841045856 ], [ 686188.043589505250566, 7186503.44303291477263 ], [ 686215.378550391527824, 7186504.844819127582014 ], [ 686242.713511104695499, 7186505.545708877965808 ], [ 686276.356541021959856, 7186511.853768773376942 ], [ 686301.588813676382415, 7186517.460934276692569 ], [ 686317.709432818228379, 7186523.068102017045021 ], [ 686335.231844981899485, 7186529.376165873371065 ], [ 686342.941706687910482, 7186533.581542753614485 ], [ 686348.548878079396673, 7186533.581541376188397 ], [ 686351.121697582886554, 7186531.651925655081868 ], [ 686355.66958398045972, 7186515.092297002673149 ], [ 686361.23840389540419, 7186509.523474036715925 ], [ 686385.369955944945104, 7186481.679360114037991 ], [ 686413.214057358796708, 7186461.260340744629502 ], [ 686431.776790406438522, 7186442.697597520425916 ], [ 686454.05206960614305, 7186418.566031788475811 ], [ 686467.045975850895047, 7186377.728003546595573 ], [ 686476.32733089348767, 7186322.039785291999578 ], [ 686485.608692366629839, 7186292.339401159435511 ], [ 686507.883970180992037, 7186262.639013836160302 ] ] ] ] } }
]
}
