{
"type": "FeatureCollection",
"name": "rio_pequeno",
"crs": { "type": "name", "properties": { "name": "urn:ogc:def:crs:EPSG::31982" } },
"features": [
{ "type": "Feature", "properties": { "AREA": 130446869.38957, "PERIMETER": 86565.26677, "BACIAS1_": 21, "BACIAS1_ID": 0, "NOME_BACIA": "RIO PEQUENO", "SUB_AREA": 130.45, "SUBCODIGO": 20, "BACCODIGO": 2, "SUBNOME": "RIO PEQUENO", "SUBBAC_DAT": "2002-01-03", "SUBBAC_POP": 37524, "SUBBAC_P_1": 44456, "SUBBAC_DEN": 340.79, "SUBBAC_D_1": 287.97 }, "geometry": { "type": "MultiPolygon", "coordinates": [ [ [ [ 684818.797180908732116, 7180773.533332146704197 ], [ 684827.733214978245087, 7180746.725206558592618 ], [ 684909.619823166402057, 7180670.037706304341555 ], [ 684984.357596905785613, 7180585.551480986177921 ], [ 685072.743142750347033, 7180504.964615740813315 ], [ 685129.933792324620299, 7180462.071604341268539 ], [ 685162.428476943867281, 7180426.977325778454542 ], [ 685187.124437099439092, 7180399.681775928474963 ], [ 685215.719753733370453, 7180345.090681307017803 ], [ 685249.514221918303519, 7180293.099161017686129 ], [ 685283.308693297556601, 7180254.10551873780787 ], [ 685298.906141574843787, 7180235.908485715277493 ], [ 685334.000406111590564, 7180219.011235728859901 ], [ 685365.195310976123437, 7180216.411652497947216 ], [ 685409.388092495384626, 7180211.212490485981107 ], [ 685482.826098883408122, 7180209.912684716284275 ], [ 685497.123763906070963, 7180209.912681218236685 ], [ 685532.218030038638972, 7180199.514370223507285 ], [ 685576.410808033542708, 7180180.017542395740747 ], [ 685621.903371192864142, 7180150.12241184618324 ], [ 685650.498696433147416, 7180130.625587835907936 ], [ 685688.192535133915953, 7180108.529185995459557 ], [ 685716.787861011805944, 7180091.631937584839761 ], [ 685746.682974935509264, 7180076.034476653672755 ], [ 685772.678725672187284, 7180060.437016679905355 ], [ 685797.374686435447074, 7180035.741042422130704 ], [ 685810.372556353220716, 7180005.845919830724597 ], [ 685823.370426270179451, 7179975.950797240249813 ], [ 685846.766595772467554, 7179936.957157501019537 ], [ 685890.959368933108635, 7179897.963512663729489 ], [ 685963.747466988861561, 7179838.173256007954478 ], [ 685988.443426776560955, 7179809.577918349765241 ], [ 686010.53981238650158, 7179786.181732531636953 ], [ 686026.137262241449207, 7179774.483638506382704 ], [ 686041.734713059966452, 7179766.68490787781775 ], [ 686066.43067990266718, 7179766.684901816770434 ], [ 686097.625584426452406, 7179762.785530757158995 ], [ 686121.021759687340818, 7179747.188071415759623 ], [ 686140.518571440130472, 7179730.290825231000781 ], [ 686162.614956080564298, 7179702.995276008732617 ], [ 686191.210280967643484, 7179682.198664190247655 ], [ 686226.304545137681998, 7179664.001626372337341 ], [ 686251.000509408069775, 7179653.603317908942699 ], [ 686286.744672259548679, 7179654.903096923604608 ], [ 686304.941700457711704, 7179654.903092451393604 ], [ 686323.138727370533161, 7179649.703936779871583 ], [ 686337.436387882102281, 7179631.506904071196914 ], [ 686371.230851778178476, 7179562.618142388761044 ], [ 686381.629147172556259, 7179536.622383842244744 ], [ 686384.228713625343516, 7179500.228324822150171 ], [ 686399.826148676336743, 7179428.739992029964924 ], [ 686410.224436992546543, 7179374.148901907727122 ], [ 686441.419332490419038, 7179333.855472462251782 ], [ 686468.714866089401767, 7179298.76119517441839 ], [ 686483.012524338089861, 7179271.46564787812531 ], [ 686506.408694107434712, 7179233.771795954555273 ], [ 686515.507197259925306, 7179189.579008556902409 ], [ 686518.106758877518587, 7179133.68813257291913 ], [ 686517.456852464121766, 7179082.996408585458994 ], [ 686517.456847637542523, 7179063.499591605737805 ], [ 686517.456840557279065, 7179034.904260039329529 ], [ 686513.5574699731078, 7179005.009141635149717 ], [ 686501.859373671701178, 7178977.713600745424628 ], [ 686487.561702236882411, 7178951.717848297208548 ], [ 686471.964242754853331, 7178924.422308370471001 ], [ 686456.366785203688778, 7178904.9254952352494 ], [ 686439.469539925921708, 7178885.42868241854012 ], [ 686418.672930825152434, 7178863.332294964231551 ], [ 686396.576531746075489, 7178832.137393243610859 ], [ 686380.97907259198837, 7178806.141641116701066 ], [ 686373.180340119637549, 7178781.445674872025847 ], [ 686370.580757592571899, 7178752.850343953818083 ], [ 686378.379473342327401, 7178709.957344705238938 ], [ 686373.180314718047157, 7178678.762438833713531 ], [ 686367.981157700298354, 7178654.066471952944994 ], [ 686367.981152879074216, 7178634.569654985330999 ], [ 686367.981148054590449, 7178615.072838016785681 ], [ 686354.333365993574262, 7178570.880056252703071 ], [ 686345.234843226382509, 7178535.785787953063846 ], [ 686333.536745651741512, 7178503.291095890104771 ], [ 686319.239071336691268, 7178465.597253276966512 ], [ 686307.54097697918769, 7178446.100439190864563 ], [ 686290.643730751704425, 7178422.704262991435826 ], [ 686276.346061584423296, 7178405.807025138288736 ], [ 686271.1469068225706, 7178390.209572847001255 ], [ 686268.547325906925835, 7178368.113180931657553 ], [ 686280.245411263778806, 7178351.215936692431569 ], [ 686294.543072072905488, 7178334.318691813386977 ], [ 686315.339670226559974, 7178312.222294144332409 ], [ 686342.635209901724011, 7178301.823985058814287 ], [ 686382.928626516135409, 7178290.125884973444045 ], [ 686466.115039696451277, 7178284.926713321357965 ], [ 686499.909519608598202, 7178281.027341612614691 ], [ 686566.198690094402991, 7178266.729659525677562 ], [ 686609.091679256875068, 7178243.333468617871404 ], [ 686637.687005042214878, 7178226.436220212839544 ], [ 686666.282329860143363, 7178205.639608417637646 ], [ 686674.081049452070147, 7178178.344062758609653 ], [ 686675.380832023918629, 7178157.547457686625421 ], [ 686675.380826870677993, 7178136.750852935016155 ], [ 686684.479335475713015, 7178114.654458146542311 ], [ 686705.27593361120671, 7178092.55806047655642 ], [ 686728.672109773615375, 7178080.859964540228248 ], [ 686739.720298998290673, 7178054.864205881021917 ], [ 686741.020078346598893, 7178021.069722845219076 ], [ 686741.020074158906937, 7178004.17248148843646 ], [ 686737.120705182198435, 7177980.776302109472454 ], [ 686737.120698737329803, 7177954.780546174384654 ], [ 686733.221329761203378, 7177931.384366797283292 ], [ 686733.221321706892923, 7177898.889671882614493 ], [ 686741.020038715447299, 7177861.195823863148689 ], [ 686750.118546669604257, 7177836.499853489920497 ], [ 686756.617480786051601, 7177818.30282273888588 ], [ 686759.21705107903108, 7177797.506217356771231 ], [ 686759.217046568403021, 7177779.309188206680119 ], [ 686759.217042379779741, 7177762.411946856416762 ], [ 686755.967569200089201, 7177746.814494101330638 ], [ 686746.869053189642727, 7177739.015769565477967 ], [ 686732.571384347975254, 7177723.418319535441697 ], [ 686724.772654453408904, 7177709.120655697770417 ], [ 686723.472863184171729, 7177694.822990261018276 ], [ 686723.472857062472031, 7177670.127022134140134 ], [ 686728.67200409679208, 7177654.529567299410701 ], [ 686737.77051172661595, 7177628.533809136599302 ], [ 686746.869017101125792, 7177593.439536402001977 ], [ 686754.667736038798466, 7177563.544415174052119 ], [ 686758.567088256124407, 7177519.351629151031375 ], [ 686761.166655005537905, 7177484.257358024828136 ], [ 686761.166645659250207, 7177446.5635119471699 ], [ 686759.866846012650058, 7177398.471363827586174 ], [ 686758.56705248716753, 7177375.075183825567365 ], [ 686753.367895788978785, 7177351.679004788398743 ], [ 686750.768312607309781, 7177320.484098333865404 ], [ 686757.267244138172828, 7177291.888765232637525 ], [ 686761.166606667335145, 7177289.289188681170344 ], [ 686780.66342317732051, 7177291.888759465888143 ], [ 686797.560666493838653, 7177303.586845459416509 ], [ 686843.053243939299136, 7177332.182165741920471 ], [ 686861.250274337595329, 7177341.280675826594234 ], [ 686884.646453377208672, 7177341.280670056119561 ], [ 686919.740717744105496, 7177324.383420058526099 ], [ 686943.136891621397808, 7177303.586809560656548 ], [ 686970.43242834857665, 7177281.490410301834345 ], [ 687002.927119197323918, 7177272.391887715086341 ], [ 687030.222657857928425, 7177258.094215231016278 ], [ 687056.218410406494513, 7177250.295482039451599 ], [ 687091.312676378409378, 7177239.897171013057232 ], [ 687123.807368516572751, 7177235.997799603268504 ], [ 687144.603972103912383, 7177235.997794467024505 ], [ 687183.597603832255118, 7177235.997784835286438 ], [ 687225.190812945831567, 7177243.796501332893968 ], [ 687258.985296361730434, 7177254.194795344956219 ], [ 687301.878292554989457, 7177259.393935926258564 ], [ 687342.171710715163499, 7177254.194774783216417 ], [ 687370.767036122269928, 7177235.99773857742548 ], [ 687403.261720498092473, 7177200.903460066765547 ], [ 687448.754277258412912, 7177146.312361413612962 ], [ 687465.001615723012947, 7177113.817662513814867 ], [ 687472.800335274776444, 7177086.52211688645184 ], [ 687474.100115558016114, 7177056.626997279003263 ], [ 687472.800321688642725, 7177031.93102949578315 ], [ 687453.303503241855651, 7177021.532731958664954 ], [ 687429.907319037127309, 7177000.736133025959134 ], [ 687389.613891190849245, 7176966.941660324111581 ], [ 687371.416858854470775, 7176950.044423489831388 ], [ 687341.521735389600508, 7176926.648250573314726 ], [ 687311.626611281419173, 7176900.652502069249749 ], [ 687296.029154395451769, 7176883.755264591425657 ], [ 687294.729362792801112, 7176868.157811376266181 ], [ 687299.928510778583586, 7176856.459719940088689 ], [ 687329.823623896809295, 7176838.26268342230469 ], [ 687368.817253663670272, 7176830.463947014883161 ], [ 687381.815126048168167, 7176810.967126879841089 ], [ 687383.114906658651307, 7176782.371795075945556 ], [ 687389.613833311479539, 7176734.279645070433617 ], [ 687407.810854324488901, 7176705.684309092350304 ], [ 687453.953303946298547, 7176647.19384693261236 ], [ 687472.150319455307908, 7176596.502118453383446 ], [ 687485.148191187065095, 7176574.405722735449672 ], [ 687489.04754982679151, 7176556.208692649379373 ], [ 687499.445846111048013, 7176534.112297577783465 ], [ 687516.343081656144932, 7176514.615476483479142 ], [ 687534.540104924119078, 7176495.118655066937208 ], [ 687552.737127867876552, 7176474.322045858949423 ], [ 687563.135426091728732, 7176460.024377550929785 ], [ 687567.034784404560924, 7176440.527559675276279 ], [ 687567.034780197544023, 7176423.6303183529526 ], [ 687565.73498697229661, 7176401.533926177769899 ], [ 687570.934133331058547, 7176383.33689577691257 ], [ 687578.732858697301708, 7176379.437530465424061 ], [ 687609.927768576075323, 7176397.634551855735481 ], [ 687635.923526916885749, 7176413.231998945586383 ], [ 687667.118434532429092, 7176422.330505777150393 ], [ 687712.611008394509554, 7176436.628160243853927 ], [ 687750.30485300521832, 7176439.227726493030787 ], [ 687776.30060519487597, 7176430.129205491393805 ], [ 687803.59614251437597, 7176410.63238181732595 ], [ 687808.145396302919835, 7176397.634502749890089 ], [ 687810.744966886471957, 7176378.137685196474195 ], [ 687813.344533906551078, 7176344.343201912939548 ], [ 687819.843462797231041, 7176305.349566487595439 ], [ 687835.440903799491934, 7176258.557202047668397 ], [ 687848.438771948567592, 7176222.163140604272485 ], [ 687858.837059464189224, 7176164.972475107759237 ], [ 687880.933438750682399, 7176116.880321271717548 ], [ 687884.832796081551351, 7176093.484140023589134 ], [ 687886.132578291581012, 7176071.387747215107083 ], [ 687886.132574076531455, 7176054.490505902096629 ], [ 687884.832780193304643, 7176029.794538151472807 ], [ 687879.63362184970174, 7175999.899420195259154 ], [ 687871.834886113996617, 7175962.205576125532389 ], [ 687864.036151676671579, 7175929.710883231833577 ], [ 687854.93763081531506, 7175902.415341833606362 ], [ 687841.939745491137728, 7175869.920650228857994 ], [ 687836.740587796783075, 7175842.625107867643237 ], [ 687836.740580989397131, 7175815.329564213752747 ], [ 687844.539302134420723, 7175794.532957594841719 ], [ 687852.338025547447614, 7175782.834865526296198 ], [ 687871.834840400610119, 7175778.935497311875224 ], [ 687896.530810680706054, 7175793.233156910166144 ], [ 687927.725721840746701, 7175816.62932944484055 ], [ 687957.620841063093394, 7175823.128260994330049 ], [ 687992.715109876124188, 7175824.428040081635118 ], [ 688035.608106643427163, 7175832.226756194606423 ], [ 688075.901528616202995, 7175842.625048538669944 ], [ 688114.895161570631899, 7175847.824190029874444 ], [ 688156.488373215310276, 7175866.021208803169429 ], [ 688198.081580641213804, 7175867.320986267179251 ], [ 688243.574148633051664, 7175858.222460414282978 ], [ 688274.769050384406, 7175843.924786940217018 ], [ 688337.158855183748528, 7175820.528591161593795 ], [ 688380.051846102578565, 7175804.931126983836293 ], [ 688437.242497080704197, 7175769.83684235624969 ], [ 688473.636542881140485, 7175728.243623933754861 ], [ 688487.934198712580837, 7175691.849562181159854 ], [ 688519.129086137283593, 7175620.361225824803114 ], [ 688539.925679919309914, 7175581.367586873471737 ], [ 688565.271528771729209, 7175534.575220039114356 ], [ 688592.567065388197079, 7175512.47882077191025 ], [ 688595.166640179348178, 7175509.879244541749358 ], [ 688610.764089905424044, 7175498.181150527670979 ], [ 688631.560690515208989, 7175486.4830552181229 ], [ 688643.258776424685493, 7175472.185386592522264 ], [ 688652.357285264879465, 7175451.388779647648335 ], [ 688635.46003186982125, 7175399.397272165864706 ], [ 688635.460027962340973, 7175383.799818658269942 ], [ 688635.460024380940013, 7175369.502152945846319 ], [ 688635.460021125269122, 7175356.504275024868548 ], [ 688636.759805917041376, 7175344.806184572167695 ], [ 688644.55852963833604, 7175334.407880295068026 ], [ 688664.055345127941109, 7175333.108087645843625 ], [ 688697.849830757593736, 7175352.604896112345159 ], [ 688739.443045646999963, 7175383.799792763777077 ], [ 688770.637959422077984, 7175417.594267589040101 ], [ 688805.732237342162989, 7175455.2881048200652 ], [ 688833.027785352664068, 7175478.684278279542923 ], [ 688866.822269363328815, 7175491.682147779501975 ], [ 688912.314839933533221, 7175492.981924229301512 ], [ 688956.507619195617735, 7175479.98403528612107 ], [ 688990.302095055463724, 7175460.487209972925484 ], [ 689018.897419378045015, 7175438.390810370445251 ], [ 689043.593379227328114, 7175411.095260572619736 ], [ 689068.289335814653896, 7175370.801832851953804 ], [ 689085.186568029923365, 7175338.30713383294642 ], [ 689124.180189868668094, 7175299.313490336760879 ], [ 689189.819458347861655, 7175253.820901231840253 ], [ 689213.215636668377556, 7175251.221319803968072 ], [ 689265.207142890081741, 7175240.823004482313991 ], [ 689286.003745443071239, 7175236.923635910265148 ], [ 689335.395673933438957, 7175217.426806692034006 ], [ 689354.892489092424512, 7175214.827226235531271 ], [ 689379.588450884795748, 7175195.330403185449541 ], [ 689425.730904837138951, 7175155.036970103159547 ], [ 689466.024317311588675, 7175127.741416401229799 ], [ 689540.112204956589267, 7175078.34946178458631 ], [ 689585.604770595906302, 7175060.152421321719885 ], [ 689616.799672617111355, 7175047.154535599052906 ], [ 689641.4956360332435, 7175034.156651500612497 ], [ 689649.294358427985571, 7175018.55919604934752 ], [ 689685.688400524435565, 7174962.668311903253198 ], [ 689705.185213055927306, 7174949.670429108664393 ], [ 689746.778411919949576, 7174917.175723908469081 ], [ 689772.77415879315231, 7174887.280598195269704 ], [ 689777.973306726198643, 7174875.582506770268083 ], [ 689779.27308986033313, 7174857.385477367788553 ], [ 689775.373721787938848, 7174837.888661475852132 ], [ 689761.07605064404197, 7174813.192697023972869 ], [ 689742.879016013699584, 7174787.196945757605135 ], [ 689710.384315155330114, 7174756.002046907320619 ], [ 689670.090887323953211, 7174722.207574428990483 ], [ 689636.296401041094214, 7174700.111190441995859 ], [ 689597.302762900129892, 7174674.115444380789995 ], [ 689568.707427175249904, 7174650.719271301291883 ], [ 689549.210605490137823, 7174627.323095941916108 ], [ 689545.311229572049342, 7174576.631373075768352 ], [ 689546.611013693851419, 7174562.333707053214312 ], [ 689564.808033590088598, 7174529.839007733389735 ], [ 689576.506116522592492, 7174503.843248991295695 ], [ 689577.805891481228173, 7174453.151524832472205 ], [ 689577.805881666834466, 7174414.157891117036343 ], [ 689577.805873159319162, 7174380.363408567383885 ], [ 689577.805866288952529, 7174353.067864965647459 ], [ 689579.105647137737833, 7174325.772321043536067 ], [ 689589.503944310359657, 7174307.575289376080036 ], [ 689607.700970744132064, 7174301.076345871202648 ], [ 689625.897995539358817, 7174288.078463412821293 ], [ 689629.79735607933253, 7174277.680160115472972 ], [ 689649.944057870307006, 7174246.485248105600476 ], [ 689661.64213883318007, 7174212.690762631595135 ], [ 689687.637880446389318, 7174161.999032309278846 ], [ 689695.436601521796547, 7174141.202425718307495 ], [ 689703.235321286716498, 7174115.206667965278029 ], [ 689705.834881009417586, 7174052.81685339845717 ], [ 689699.335924734943546, 7173982.62831437587738 ], [ 689696.736336856731214, 7173933.236379018984735 ], [ 689695.436541281291284, 7173902.041472394019365 ], [ 689695.436535060987808, 7173877.345504390075803 ], [ 689699.335893632494844, 7173859.148474358953536 ], [ 689705.834828949649818, 7173846.150594837963581 ], [ 689713.633552640909329, 7173835.752290569245815 ], [ 689737.029730590060353, 7173831.852921340614557 ], [ 689768.224637141334824, 7173837.052064687013626 ], [ 689795.520183813991025, 7173855.249086901545525 ], [ 689822.815732126124203, 7173879.945048063993454 ], [ 689860.509585137828253, 7173916.339096726849675 ], [ 689896.903649450745434, 7173948.833782346919179 ], [ 689928.098561908584088, 7173977.429105900228024 ], [ 689957.993684027111158, 7173995.626127460971475 ], [ 689993.087955382536165, 7174007.32420876994729 ], [ 690028.182223788113333, 7174007.324199967086315 ], [ 690061.976702834712341, 7174000.825252540409565 ], [ 690126.966080893296748, 7173969.630329279229045 ], [ 690151.662044593831524, 7173957.932232974097133 ], [ 690201.703868478420191, 7173944.934342514723539 ], [ 690235.498348834691569, 7173943.634546238929033 ], [ 690286.190065260510892, 7173925.437504454515874 ], [ 690310.886030928697437, 7173921.538134882226586 ], [ 690339.48135876620654, 7173913.739400960505009 ], [ 690381.074559187865816, 7173887.74363471660763 ], [ 690403.170945474412292, 7173868.246812319383025 ], [ 690430.466481316252612, 7173843.550837457180023 ], [ 690466.860528228455223, 7173807.156770201399922 ], [ 690475.959028778597713, 7173753.865468549542129 ], [ 690475.959020559792407, 7173721.370773814618587 ], [ 690465.560706321033649, 7173671.978840438649058 ], [ 690438.265152407926507, 7173625.186486888676882 ], [ 690427.866843433119357, 7173596.591158144176006 ], [ 690426.567045855335891, 7173557.597524799406528 ], [ 690431.766186537221074, 7173517.304102034308016 ], [ 690461.498816038249061, 7173459.788484901189804 ], [ 690477.746154291555285, 7173427.293786095455289 ], [ 690498.867699360009283, 7173406.172229217365384 ], [ 690515.115040900418535, 7173386.67540830001235 ], [ 690528.112912321812473, 7173363.929118728265166 ], [ 690532.987110506976023, 7173341.182831200771034 ], [ 690532.987103930441663, 7173315.187075428664684 ], [ 690523.23868700559251, 7173279.442913694307208 ], [ 690518.364474843721837, 7173246.948220206424594 ], [ 690516.739726633066311, 7173193.331974342465401 ], [ 690516.739718413213268, 7173160.837279636412859 ], [ 690518.364423463935964, 7173043.85637828707695 ], [ 690518.364415242918767, 7173011.361683583818376 ], [ 690519.989140845369548, 7172975.617519004270434 ], [ 690526.488069975981489, 7172938.24861846677959 ], [ 690552.483815678744577, 7172904.129182495176792 ], [ 690580.104298083344474, 7172878.133419790305197 ], [ 690596.351638784864917, 7172855.387129414826632 ], [ 690615.848443843657151, 7172813.144021406769753 ], [ 690641.844189127557911, 7172777.399850703775883 ], [ 690708.458299316931516, 7172736.781465574167669 ], [ 690724.705640423577279, 7172715.659909934736788 ], [ 690745.827181761851534, 7172679.91574046202004 ], [ 690760.449787398567423, 7172655.544715763069689 ], [ 690794.569207544904202, 7172626.299481952562928 ], [ 690814.066019583609886, 7172611.676864434033632 ], [ 690842.498868877417408, 7172584.056366789154708 ], [ 690879.867755423067138, 7172543.437989021651447 ], [ 690912.362442562240176, 7172520.691694555804133 ], [ 690961.104478622088209, 7172507.693804398179054 ], [ 691065.087494263309054, 7172501.194839242845774 ], [ 691134.951081943465397, 7172493.071147948503494 ], [ 691164.196302668191493, 7172481.697997430339456 ], [ 691198.315721965278499, 7172449.203294139355421 ], [ 691234.059875490958802, 7172415.083855707198381 ], [ 691308.797662142431363, 7172387.463346362113953 ], [ 691373.787045873934403, 7172379.33965627849102 ], [ 691429.028027931693941, 7172395.586989657953382 ], [ 691450.149582446669228, 7172411.834331655874848 ], [ 691474.520609556464478, 7172441.079550705850124 ], [ 691487.51849456760101, 7172471.949507365934551 ], [ 691505.390582686988637, 7172499.569993324577808 ], [ 691528.136873091920279, 7172520.691539115272462 ], [ 691560.631567234871909, 7172525.565735100768507 ], [ 691604.499402657034807, 7172525.56572400778532 ], [ 691643.493038275744766, 7172541.813061484135687 ], [ 691687.360878660925664, 7172561.309867192991078 ], [ 691732.853449971182272, 7172566.184059880673885 ], [ 691785.657325529609807, 7172564.5593117820099 ], [ 691832.774629415594973, 7172561.309830384328961 ], [ 691891.265077473712154, 7172564.559285037219524 ], [ 691936.757650855230168, 7172577.557151385582983 ], [ 691969.252348731504753, 7172597.053959961980581 ], [ 691995.248108443571255, 7172618.175504920072854 ], [ 691998.497587261954322, 7172655.544402984902263 ], [ 691996.872863800497726, 7172699.412241224199533 ], [ 692006.62127705977764, 7172720.533790301531553 ], [ 692024.49336271896027, 7172738.405867850407958 ], [ 692071.610671174013987, 7172753.028468516655266 ], [ 692134.975326087558642, 7172767.651065059006214 ], [ 692178.843161936965771, 7172769.275788665749133 ], [ 692232.459403173415922, 7172761.15210138913244 ], [ 692273.077763923327439, 7172740.030539531260729 ], [ 692297.448779459809884, 7172723.783185999840498 ], [ 692328.318725693505257, 7172676.665870862081647 ], [ 692347.815533555462025, 7172645.79590596165508 ], [ 692385.184423344675452, 7172618.175405987538397 ], [ 692411.992544994340278, 7172618.175399176776409 ], [ 692455.860378760145977, 7172611.676449098624289 ], [ 692524.099231790169142, 7172603.55275808647275 ], [ 692608.585431688465178, 7172597.053797673434019 ], [ 692710.943714764318429, 7172598.678506374359131 ], [ 692787.306244761217386, 7172605.177425879985094 ], [ 692847.421425392269157, 7172600.303206376731396 ], [ 692876.666649009566754, 7172600.303198931738734 ], [ 692912.410814955830574, 7172614.925802437588573 ], [ 692943.280781544395722, 7172647.420489262789488 ], [ 692983.89915892505087, 7172691.288316743448377 ], [ 693014.76912260428071, 7172712.409860428422689 ], [ 693068.385367160313763, 7172717.284050965681672 ], [ 693092.756392676732503, 7172740.03033103980124 ], [ 693152.871587069588713, 7172788.772357752546668 ], [ 693172.36841115471907, 7172821.26704747416079 ], [ 693183.7415586784482, 7172840.763861390762031 ], [ 693196.739440430537798, 7172858.635940160602331 ], [ 693227.60939995397348, 7172863.510136490687728 ], [ 693248.730949934455566, 7172861.885396368801594 ], [ 693299.097717287717387, 7172835.889627761207521 ], [ 693326.718203763943166, 7172826.141212303191423 ], [ 693347.839754579006694, 7172827.765941647812724 ], [ 693378.709717857185751, 7172847.262750584632158 ], [ 693411.204416200402193, 7172868.384293843060732 ], [ 693435.57544006430544, 7172884.631634969264269 ], [ 693450.198055217508227, 7172897.629509111866355 ], [ 693469.694873474538326, 7172907.377912543714046 ], [ 693500.564832584932446, 7172910.627374129369855 ], [ 693558.242914608563296, 7172918.75103306863457 ], [ 693663.8506678591948, 7172923.6252102823928 ], [ 693758.085277333622798, 7172923.625186184421182 ], [ 693860.443559619830921, 7172922.000425261445343 ], [ 693964.426579481805675, 7172931.748807054013014 ], [ 694021.29228958429303, 7172922.000384084880352 ], [ 694097.654811252374202, 7172896.004608761519194 ], [ 694151.271054571960121, 7172896.004595022648573 ], [ 694204.88729789131321, 7172896.004581280052662 ], [ 694252.004597596707754, 7172876.507752380333841 ], [ 694282.874549583531916, 7172852.136723440140486 ], [ 694310.495031019789167, 7172822.891491129994392 ], [ 694344.614450617227703, 7172792.021522415801883 ], [ 694362.486525012180209, 7172766.025762075558305 ], [ 694394.981212054961361, 7172743.279467453248799 ], [ 694467.281895398395136, 7172710.784754205495119 ], [ 694511.149724116781726, 7172684.788987189531326 ], [ 694556.642291255295277, 7172673.415832366794348 ], [ 694600.51012164785061, 7172653.91900428570807 ], [ 694636.254273771541193, 7172614.925361476838589 ], [ 694701.243652448290959, 7172587.304854293353856 ], [ 694741.862009759293869, 7172553.185414433479309 ], [ 694756.484614423126914, 7172525.564920191653073 ], [ 694764.608280506217852, 7172497.944427623413503 ], [ 694772.731946588493884, 7172470.323935056105256 ], [ 694777.606144219869748, 7172445.952912792563438 ], [ 694784.105077756568789, 7172426.45609431527555 ], [ 694800.352418743539602, 7172405.334538595750928 ], [ 694819.849232802400365, 7172398.835594646632671 ], [ 694837.721315999864601, 7172406.95926371961832 ], [ 694863.717076206114143, 7172429.705543307587504 ], [ 694904.335445698234253, 7172442.703410727903247 ], [ 694943.32907928165514, 7172450.827074365690351 ], [ 694979.073242736514658, 7172455.701269367709756 ], [ 695011.567934797029011, 7172452.451791534200311 ], [ 695091.992289207526483, 7172411.833402479067445 ], [ 695139.10958675458096, 7172384.212899865582585 ], [ 695161.855860416195355, 7172340.345056193880737 ], [ 695176.47845832305029, 7172286.728806216269732 ], [ 695176.478449057904072, 7172250.9846420744434 ], [ 695169.97950331994798, 7172223.364153280854225 ], [ 695168.354760674294084, 7172192.494193762540817 ], [ 695178.103162225103006, 7172168.12317025102675 ], [ 695239.8430639738217, 7172111.257438673637807 ], [ 695299.958235281286761, 7172070.639054846018553 ], [ 695327.578714961186051, 7172034.894883595407009 ], [ 695368.197075585834682, 7172013.773321593180299 ], [ 695408.815439159865491, 7172004.024902718141675 ], [ 695447.80906682589557, 7171989.40228005964309 ], [ 695465.681142849265598, 7171969.905458651483059 ], [ 695507.924227143521421, 7171906.540793169289827 ], [ 695538.794173143221997, 7171859.42347794957459 ], [ 695556.666247896384448, 7171835.052452346310019 ], [ 695581.037259534467012, 7171804.182486133649945 ], [ 695595.659861621446908, 7171766.813583510927856 ], [ 695615.156668903306127, 7171734.31888382602483 ], [ 695644.401883622515015, 7171700.199446892365813 ], [ 695676.896571004064754, 7171679.07788697630167 ], [ 695725.638610730879009, 7171680.702609117142856 ], [ 695769.506449905224144, 7171695.325210371986032 ], [ 695818.248492167447694, 7171706.698340900242329 ], [ 695857.242122767609544, 7171703.448861353099346 ], [ 695894.611015763832256, 7171688.826239099726081 ], [ 695923.856236387160607, 7171677.453088410198689 ], [ 695956.350926719955169, 7171667.704671610146761 ], [ 695985.596149032819085, 7171662.830459846183658 ], [ 696011.591903327847831, 7171662.830453120172024 ], [ 696021.340311187901534, 7171662.830450598150492 ], [ 696047.336069290875457, 7171677.453056460246444 ], [ 696058.709218140691519, 7171701.824074503034353 ], [ 696061.958695042529143, 7171731.069298845715821 ], [ 696066.832905319635756, 7171755.440318571403623 ], [ 696078.206053747562692, 7171778.186601880937815 ], [ 696105.826552422018722, 7171815.555493582040071 ], [ 696123.698637735797092, 7171831.802836279384792 ], [ 696135.071785320877098, 7171851.299650127068162 ], [ 696136.696526736603118, 7171877.295405430719256 ], [ 696136.69653266039677, 7171900.041691689752042 ], [ 696139.946008720900863, 7171926.037446573376656 ], [ 696151.319157153367996, 7171948.783729890361428 ], [ 696191.125171170337126, 7172007.274169968441129 ], [ 696197.624111865414307, 7172015.397841950878501 ], [ 696215.496199724264443, 7172041.393593049608171 ], [ 696230.11881914397236, 7172070.638814458623528 ], [ 696249.615645038313232, 7172109.632443005219102 ], [ 696272.361939376220107, 7172145.376601245254278 ], [ 696295.108231600257568, 7172172.997085818089545 ], [ 696314.60505538189318, 7172203.867040701210499 ], [ 696340.600814356002957, 7172221.739116031676531 ], [ 696379.594447098905221, 7172226.613310125656426 ], [ 696405.590204380219802, 7172237.986446520313621 ], [ 696423.462290556286462, 7172257.483258690685034 ], [ 696438.084909988567233, 7172286.728480103425682 ], [ 696439.709655654150993, 7172328.971582757309079 ], [ 696446.208603981067427, 7172366.340479949489236 ], [ 696457.58175242994912, 7172389.086763272061944 ], [ 696467.330165387247689, 7172408.583577554672956 ], [ 696475.453848362434655, 7172445.952474327757955 ], [ 696478.703324012923986, 7172470.323494495823979 ], [ 696488.45173909002915, 7172497.943982446566224 ], [ 696493.325952353421599, 7172533.688145333901048 ], [ 696501.449633210897446, 7172562.933368443511426 ], [ 696509.573317885398865, 7172606.801204161718488 ], [ 696512.82279396103695, 7172632.796959070488811 ], [ 696533.131982117309235, 7172652.293770613148808 ], [ 696546.129860554938205, 7172657.167971443384886 ], [ 696572.125615731929429, 7172660.417434168979526 ], [ 696596.496635416289791, 7172660.417427843436599 ], [ 696627.366592409554869, 7172655.543215628713369 ], [ 696654.987080536200665, 7172652.293738989159465 ], [ 696672.859162911074236, 7172657.167938552796841 ], [ 696680.982844201265834, 7172688.03789640031755 ], [ 696698.854929971275851, 7172705.909973841160536 ], [ 696713.477546027395874, 7172722.157317388802767 ], [ 696721.601224773563445, 7172743.278866830281913 ], [ 696734.599105760455132, 7172757.901476066559553 ], [ 696752.471186863956973, 7172757.901471424847841 ], [ 696786.590614426182583, 7172757.901462562382221 ], [ 696814.211102555855177, 7172754.651985917240381 ], [ 696859.703670513699763, 7172746.528300423175097 ], [ 696901.946766207576729, 7172727.031472627073526 ], [ 696932.816717678098939, 7172701.035708850249648 ], [ 696983.183487444766797, 7172684.788348408415914 ], [ 697036.799729049438611, 7172678.289395526051521 ], [ 697087.166498387116008, 7172660.417300344444811 ], [ 697134.283796304254793, 7172634.421532332897186 ], [ 697196.023700070683844, 7172585.679474232718349 ], [ 697238.266795744770207, 7172566.18264642264694 ], [ 697275.635683226399124, 7172530.438472538255155 ], [ 697295.132484071189538, 7172473.572751764208078 ], [ 697293.507740059518255, 7172437.828588036820292 ], [ 697293.507731121731922, 7172403.709158623591065 ], [ 697295.13245895516593, 7172377.713402458466589 ], [ 697301.631391574977897, 7172354.967114490456879 ], [ 697319.503467560512945, 7172335.470293031074107 ], [ 697340.625013686716557, 7172319.222940189763904 ], [ 697368.245501797762699, 7172315.973463527858257 ], [ 697405.614398202975281, 7172314.348719055764377 ], [ 697455.168799758888781, 7172294.85188933648169 ], [ 697477.9150779703632, 7172268.856127668172121 ], [ 697486.038743949262425, 7172241.23563507758081 ], [ 697507.160283676581457, 7172200.61726123187691 ], [ 697528.2818280904321, 7172177.870969457551837 ], [ 697565.650722357095219, 7172168.122551310807467 ], [ 697601.394881979096681, 7172158.3741335850209 ], [ 697635.514306102646515, 7172145.37624681647867 ], [ 697674.507932879962027, 7172127.504154575057328 ], [ 697726.49942656874191, 7172070.638425341807306 ], [ 697729.748886045650579, 7172033.269525630399585 ], [ 697729.748872820055112, 7171982.902748903259635 ], [ 697731.373598931822926, 7171950.408053820021451 ], [ 697744.371467123623006, 7171916.288621036335826 ], [ 697775.241419386002235, 7171893.542326714843512 ], [ 697810.985574723803438, 7171867.546561658382416 ], [ 697823.983444618643261, 7171839.926067806780338 ], [ 697828.857637878856622, 7171799.307698216289282 ], [ 697853.22864728840068, 7171760.314058269374073 ], [ 697895.471742900437675, 7171740.817230444401503 ], [ 697918.21802321402356, 7171722.94514244236052 ], [ 697966.147678968729451, 7171661.205210087820888 ], [ 698008.390767306787893, 7171614.08789180777967 ], [ 698063.631738772150129, 7171589.716856382787228 ], [ 698128.621120227966458, 7171573.469492064788938 ], [ 698157.86634252499789, 7171568.595280218869448 ], [ 698185.486834454233758, 7171579.96841611713171 ], [ 698208.233119459124282, 7171579.968410165980458 ], [ 698230.979400188778527, 7171563.721056890673935 ], [ 698261.849354988080449, 7171550.723170954734087 ], [ 698281.346170279430225, 7171549.098431119695306 ], [ 698294.344049564795569, 7171557.22210137732327 ], [ 698304.092462558182888, 7171576.718915609642863 ], [ 698294.344059405382723, 7171594.591000217944384 ], [ 698276.471985602402128, 7171622.211495343595743 ], [ 698268.3483209409751, 7171654.706192116253078 ], [ 698268.348329497268423, 7171687.200886765494943 ], [ 698274.84727748343721, 7171722.945049175992608 ], [ 698294.344104759977199, 7171766.812881849706173 ], [ 698317.090397472959012, 7171796.058101083151996 ], [ 698341.461420981795527, 7171810.680707296356559 ], [ 698382.079787931754254, 7171813.930166126228869 ], [ 698429.197093886090443, 7171818.804357982240617 ], [ 698456.817582831718028, 7171818.804350747726858 ], [ 698479.563870414160192, 7171828.552753183990717 ], [ 698503.93489092879463, 7171831.80221626162529 ], [ 698526.681176371173933, 7171833.426945032551885 ], [ 698555.926403387682512, 7171846.424815230071545 ], [ 698590.045836051227525, 7171865.921623078174889 ], [ 698596.544776339549571, 7171872.420560306869447 ], [ 698596.54477976821363, 7171885.418438170105219 ], [ 698596.544787910417654, 7171916.288398092612624 ], [ 698599.794266626238823, 7171952.032561367377639 ], [ 698609.542681776219979, 7171979.6530492734164 ], [ 698617.666362281655893, 7172007.273537605069578 ], [ 698620.915842284448445, 7172047.891905082389712 ], [ 698627.414815146825276, 7172177.87068204768002 ], [ 698632.289030653424561, 7172221.738518573343754 ], [ 698643.662181738065556, 7172254.233210263773799 ], [ 698666.408472765702754, 7172276.979490569792688 ], [ 698714.338146931258962, 7172285.103151666931808 ], [ 698750.082312547136098, 7172298.101020161062479 ], [ 698800.449085680418648, 7172294.85153747536242 ], [ 698829.694308859179728, 7172293.226795066148043 ], [ 698867.06321041029878, 7172311.098867327906191 ], [ 698893.058970307232812, 7172332.220412043854594 ], [ 698920.679465279798023, 7172354.966691061854362 ], [ 698945.050490964204073, 7172377.712970938533545 ], [ 698969.421514931949787, 7172393.960311876609921 ], [ 698997.042004327755421, 7172395.585039354860783 ], [ 699039.2851025237469, 7172385.836619853042066 ], [ 699060.406645177165046, 7172356.591389091685414 ], [ 699079.903448888915591, 7172311.09881142154336 ], [ 699104.274457822320983, 7172270.480436673387885 ], [ 699120.521801692899317, 7172260.732023999094963 ], [ 699143.268086719559506, 7172260.732018020004034 ], [ 699169.263841036707163, 7172260.732011184096336 ], [ 699196.884333005757071, 7172272.105147060006857 ], [ 699240.752170134917833, 7172278.604074457660317 ], [ 699273.24686475249473, 7172285.103004842996597 ], [ 699318.739443407743238, 7172317.597687551751733 ], [ 699375.605161572457291, 7172338.719224127009511 ], [ 699419.473001718521118, 7172356.591294653713703 ], [ 699473.089249307871796, 7172372.838627872988582 ], [ 699505.58394565153867, 7172385.836497187614441 ], [ 699525.080766127211973, 7172403.708574127405882 ], [ 699549.451792262261733, 7172428.079588716849685 ], [ 699568.948610586696304, 7172437.827991986647248 ], [ 699603.88041191874072, 7172462.199003795161843 ], [ 699637.999840330681764, 7172465.448464271612465 ], [ 699689.991348547395319, 7172463.823715834878385 ], [ 699728.984977446729317, 7172454.075297148898244 ], [ 699774.477543632616289, 7172439.4526725448668 ], [ 699810.22170668898616, 7172442.70213258638978 ], [ 699842.7164004559163, 7172445.951593482866883 ], [ 699876.835828865878284, 7172449.201053949072957 ], [ 699914.204724844777957, 7172445.95157462079078 ], [ 699951.573620819952339, 7172442.702095288783312 ], [ 699967.820967704057693, 7172444.326825734227896 ], [ 699990.567256619688123, 7172458.949432335793972 ], [ 700016.563015690888278, 7172476.821507547982037 ], [ 700037.684572119964287, 7172499.567788248881698 ], [ 700037.684579458786175, 7172527.18827873468399 ], [ 700000.315694697783329, 7172572.680861162021756 ], [ 699988.942565124598332, 7172621.422906197607517 ], [ 699977.569436843972653, 7172675.039155442267656 ], [ 699967.821037167333998, 7172705.909117972478271 ], [ 699945.074759461102076, 7172733.529614467173815 ], [ 699907.705870369914919, 7172762.774849554523826 ], [ 699865.462775182211772, 7172783.896412253379822 ], [ 699821.594949228572659, 7172819.640587992966175 ], [ 699821.594953540363349, 7172835.887935344129801 ], [ 699849.215451145311818, 7172868.382622757926583 ], [ 699894.708024686784483, 7172881.380488632246852 ], [ 699920.703783339471556, 7172897.627829126082361 ], [ 699938.575870056636631, 7172918.749375965446234 ], [ 699951.573753264732659, 7172941.49565882794559 ], [ 699951.573763617547229, 7172980.489292472600937 ], [ 699951.573774403892457, 7173021.107660856097937 ], [ 699951.573783031199127, 7173053.602355564013124 ], [ 699974.320070671150461, 7173063.350757971405983 ], [ 699988.942681626416743, 7173060.101284642703831 ], [ 700049.057849735952914, 7173008.109757237136364 ], [ 700099.424619889352471, 7172993.487131318077445 ], [ 700138.418254856485873, 7173006.48499889858067 ], [ 700175.78714567667339, 7172983.738702730275691 ], [ 700216.405508812400512, 7172972.365548849105835 ], [ 700231.028121494106017, 7172975.615014454349875 ], [ 700229.403392464155331, 7172996.736566442064941 ], [ 700203.407644168124534, 7173019.482859609648585 ], [ 700185.535569104249589, 7173042.229150627739727 ], [ 700175.787169431918301, 7173073.099113177508116 ], [ 700185.535582493059337, 7173092.595927426591516 ], [ 700192.034531014272943, 7173129.964824626222253 ], [ 700213.968456952599809, 7173160.834778808988631 ], [ 700228.591074388474226, 7173181.956326508894563 ], [ 700252.962098411400802, 7173198.203667422756553 ], [ 700278.957855784450658, 7173209.576803700998425 ], [ 700298.454679757356644, 7173240.446758527308702 ], [ 700313.07729892747011, 7173268.067245172336698 ], [ 700337.448324250523001, 7173289.18879029341042 ], [ 700352.070939531899057, 7173302.186664313077927 ], [ 700361.819355195621029, 7173331.431886984035373 ], [ 700378.066708583384752, 7173357.427638464607298 ], [ 700397.563534725108184, 7173396.421266974881291 ], [ 700408.936686767963693, 7173432.165428163483739 ], [ 700423.559304215130396, 7173453.286975867114961 ], [ 700439.806651555118151, 7173456.53644104115665 ], [ 700472.301337582408451, 7173430.540676662698388 ], [ 700503.171290257479995, 7173409.419116922654212 ], [ 700543.789647354278713, 7173375.299676710739732 ], [ 700573.034864511922933, 7173350.928647926077247 ], [ 700594.156411030562595, 7173336.306029710918665 ], [ 700605.529555291403085, 7173342.804965641349554 ], [ 700610.403760964865796, 7173349.303903293795884 ], [ 700603.904829733190127, 7173376.924395531415939 ], [ 700587.65749408013653, 7173417.542768239043653 ], [ 700587.657505332725123, 7173459.785871381871402 ], [ 700581.158576694899239, 7173497.154772039502859 ], [ 700574.659650655346923, 7173544.272081116214395 ], [ 700568.160722017753869, 7173581.640981780365109 ], [ 700568.160730672185309, 7173614.135676514357328 ], [ 700568.160742787993513, 7173659.628249140456319 ], [ 700576.706863367464393, 7173720.97823054343462 ], [ 700602.702617735718377, 7173720.978223660029471 ], [ 700649.494980098214, 7173737.875452531501651 ], [ 700691.088195746415295, 7173770.370136252604425 ], [ 700727.482256713323295, 7173788.567155668511987 ], [ 700753.478019399335608, 7173819.762055732309818 ], [ 700791.17186496919021, 7173826.260984688997269 ], [ 700830.165494099492207, 7173817.162459827028215 ], [ 700857.461035495856777, 7173814.562877010554075 ], [ 700888.655937965610065, 7173804.164566422812641 ], [ 700919.850838008336723, 7173784.667741304263473 ], [ 700951.045743252150714, 7173784.66773303039372 ], [ 700975.741710943286307, 7173788.567089849151671 ], [ 700991.989063669927418, 7173811.963265752419829 ], [ 701030.982698348001577, 7173823.661345511674881 ], [ 701047.879943199921399, 7173840.558582295663655 ], [ 701072.575913323671557, 7173853.556453639641404 ], [ 701112.869332253234461, 7173852.256655154749751 ], [ 701145.364019664586522, 7173831.460041889920831 ], [ 701160.961466035689227, 7173808.063857534900308 ], [ 701175.25912364909891, 7173780.768310155719519 ], [ 701180.458267578156665, 7173754.772552981972694 ], [ 701188.256988679990172, 7173735.275734066963196 ], [ 701225.950826956890523, 7173714.479119423776865 ], [ 701255.845938574522734, 7173692.382719060406089 ], [ 701267.544023871188983, 7173676.785262478515506 ], [ 701275.342742537730373, 7173648.189929038286209 ], [ 701262.344856324838474, 7173614.395449968054891 ], [ 701251.946546936058439, 7173585.800121365115047 ], [ 701255.845908006187528, 7173578.001393593847752 ], [ 701267.543995038140565, 7173568.902875961735845 ], [ 701280.541872219298966, 7173568.902872506529093 ], [ 701288.340599917108193, 7173574.102021591737866 ], [ 701302.638269332819618, 7173590.999259054660797 ], [ 701316.935940140625462, 7173613.09564767498523 ], [ 701332.53339797060471, 7173632.592460369691253 ], [ 701344.231490910053253, 7173645.590335154905915 ], [ 701363.728307378245518, 7173648.189905550330877 ], [ 701388.424273330601864, 7173645.590323407202959 ], [ 701417.019599306164309, 7173631.292650122195482 ], [ 701441.715560390963219, 7173610.496038926765323 ], [ 701463.811945687863044, 7173588.399640630930662 ], [ 701493.707057294202968, 7173566.303240263834596 ], [ 701515.803445024299435, 7173553.305356493219733 ], [ 701527.501534486655146, 7173553.305353379808366 ], [ 701549.59792986814864, 7173568.902800971642137 ], [ 701566.495175421470776, 7173588.399613318964839 ], [ 701568.444861870375462, 7173606.596641849726439 ], [ 701590.541258298326284, 7173626.09345281124115 ], [ 701602.239353329176083, 7173646.890054328367114 ], [ 701632.134481290355325, 7173685.883680056780577 ], [ 701655.530670312233269, 7173723.577519725076854 ], [ 701659.430040081613697, 7173748.273486689664423 ], [ 701675.02749757503625, 7173766.470511592924595 ], [ 701697.123894707998261, 7173788.566898132674396 ], [ 701724.419443063437939, 7173811.963071081787348 ], [ 701753.014781228150241, 7173843.157970419153571 ], [ 701766.012669557472691, 7173884.75117623154074 ], [ 701776.410980361863039, 7173918.545655999332666 ], [ 701780.310350482235663, 7173944.541410759091377 ], [ 701779.010567988269031, 7173964.038227954879403 ], [ 701777.710788626922294, 7173995.233135260641575 ], [ 701760.813559076981619, 7174035.526561254635453 ], [ 701756.91420358105097, 7174064.121893675997853 ], [ 701756.914207759662531, 7174079.719347157515585 ], [ 701772.511664217920043, 7174094.017008695751429 ], [ 701790.708693329477683, 7174097.916367219761014 ], [ 701805.006360328174196, 7174105.715090153738856 ], [ 701819.304030462051742, 7174125.211903198622167 ], [ 701820.603822013246827, 7174139.50956854596734 ], [ 701819.304039867711253, 7174160.306173535995185 ], [ 701810.205530013423413, 7174175.903629444539547 ], [ 701803.706594203249551, 7174186.301933499053121 ], [ 701793.308297326555476, 7174204.49896533228457 ], [ 701784.209788167383522, 7174222.695996823720634 ], [ 701762.113404253032058, 7174249.991546306759119 ], [ 701747.815745259751566, 7174272.08794255182147 ], [ 701721.819995746598579, 7174290.284978542476892 ], [ 701690.625094310962595, 7174304.582652543671429 ], [ 701664.62934514391236, 7174324.079476322978735 ], [ 701656.830621263710782, 7174333.177992933429778 ], [ 701656.830624396563508, 7174344.876083049923182 ], [ 701656.830625439994037, 7174348.77544642239809 ], [ 701677.627228255849332, 7174346.175865305587649 ], [ 701691.924891777336597, 7174340.976710336282849 ], [ 701710.121917412150651, 7174331.878190955147147 ], [ 701728.318944092839956, 7174326.679034948348999 ], [ 701756.914274615352042, 7174329.278602914884686 ], [ 701771.211939529399388, 7174329.278599107638001 ], [ 701797.207693570642732, 7174327.97880439274013 ], [ 701814.754829872166738, 7174335.777526463381946 ], [ 701834.251647754339501, 7174343.576248011551797 ], [ 701853.748467030003667, 7174356.574120725505054 ], [ 701861.547196481609717, 7174368.272208763286471 ], [ 701873.245290833874606, 7174386.469234717078507 ], [ 701894.041901317075826, 7174412.464984990656376 ], [ 701922.637237071525306, 7174434.561369813047349 ], [ 701944.733632139163092, 7174448.859029620885849 ], [ 701962.930662654805928, 7174457.957539306953549 ], [ 701977.228327569784597, 7174457.957535495981574 ], [ 701999.324718805262819, 7174457.957529606297612 ], [ 702022.720900896587409, 7174469.655613485723734 ], [ 702037.018566859536804, 7174473.554973045364022 ], [ 702044.817296664230525, 7174486.552848873659968 ], [ 702056.515395905589685, 7174522.946903899312019 ], [ 702068.213490614667535, 7174542.443717643618584 ], [ 702094.209253032226115, 7174572.338829904794693 ], [ 702109.806711251847446, 7174593.135430401191115 ], [ 702129.303532283520326, 7174612.632242066785693 ], [ 702142.301414018496871, 7174629.529479883611202 ], [ 702152.699717871961184, 7174637.328203856013715 ], [ 702162.448126120027155, 7174638.627989046275616 ], [ 702180.645151757169515, 7174629.529469652101398 ], [ 702207.940691433148459, 7174620.430947829037905 ], [ 702230.03708232275676, 7174619.131154140457511 ], [ 702257.33262793160975, 7174632.129024767316878 ], [ 702276.829449666198343, 7174654.225412011146545 ], [ 702291.127120171906427, 7174675.022012853994966 ], [ 702310.623943305341527, 7174702.317551264539361 ], [ 702326.221402230905369, 7174725.713727341964841 ], [ 702336.619708182988688, 7174741.311178060248494 ], [ 702356.116531668347307, 7174769.906504264101386 ], [ 702373.013777269748971, 7174789.403316623531282 ], [ 702395.110173753579147, 7174808.900127591565251 ], [ 702419.806147075723857, 7174833.596089031547308 ], [ 702435.403605659026653, 7174855.692477321252227 ], [ 702439.30297441012226, 7174876.48908094316721 ], [ 702447.101704924600199, 7174892.086532359011471 ], [ 702463.99894878314808, 7174905.084405761212111 ], [ 702488.694917917833664, 7174914.182913703843951 ], [ 702509.491522145690396, 7174916.782483727671206 ], [ 702540.686427086708136, 7174915.482687596231699 ], [ 702574.4809081684798, 7174916.782466354779899 ], [ 702599.17687485658098, 7174916.7824597498402 ], [ 702629.071989979129285, 7174907.683937214314938 ], [ 702665.466042304760776, 7174893.386261772364378 ], [ 702710.95861251919996, 7174893.386249602772295 ], [ 702740.853730088798329, 7174893.386241601780057 ], [ 702765.549697477021255, 7174895.985810577869415 ], [ 702786.346304503502324, 7174908.983682928606868 ], [ 702828.589405417907983, 7174908.983671619556844 ], [ 702855.884945096448064, 7174899.885149771347642 ], [ 702888.379633556003682, 7174882.98789977747947 ], [ 702907.87644901056774, 7174881.688106765970588 ], [ 702945.570293603348546, 7174884.287672253325582 ], [ 702979.364779238821939, 7174902.48469228297472 ], [ 703024.857354709645733, 7174921.981496968306601 ], [ 703058.651841049431823, 7174942.77809257991612 ], [ 703072.94951123080682, 7174962.274905623868108 ], [ 703089.846757557941601, 7174984.37129355315119 ], [ 703105.444216513773426, 7175007.767469624057412 ], [ 703132.739759348798543, 7175010.367037890478969 ], [ 703152.236574806971475, 7175009.067244871519506 ], [ 703178.232328518293798, 7175006.467662317678332 ], [ 703197.729142222786322, 7174998.668930337764323 ], [ 703218.525743648759089, 7174990.87019800953567 ], [ 703253.620007193880156, 7174972.673159509897232 ], [ 703279.615759150125086, 7174963.574637994170189 ], [ 703300.412359871901572, 7174953.176330078393221 ], [ 703329.007687968784012, 7174946.677383448928595 ], [ 703365.401746950810775, 7174957.07567601185292 ], [ 703386.19835328659974, 7174967.473972765728831 ], [ 703400.496023128274828, 7174985.670998012647033 ], [ 703412.19411893223878, 7175009.06717512384057 ], [ 703419.992851926479489, 7175033.763141077011824 ], [ 703425.192011235747486, 7175064.958046685904264 ], [ 703429.091381068457849, 7175089.654013685882092 ], [ 703445.988629161845893, 7175118.249340573325753 ], [ 703461.586088482290506, 7175142.945304434746504 ], [ 703478.483338336111046, 7175178.039570283144712 ], [ 703500.579736616229638, 7175204.035320192575455 ], [ 703529.175071745063178, 7175223.532129394821823 ], [ 703566.868921978515573, 7175246.928299528546631 ], [ 703598.063828688580543, 7175252.127442315220833 ], [ 703640.956826997920871, 7175265.125308712013066 ], [ 703651.355131226824597, 7175274.223820462822914 ], [ 703659.153859661193565, 7175282.022545119747519 ], [ 703659.153862122329883, 7175291.121059665456414 ], [ 703660.453655467135832, 7175311.917663995176554 ], [ 703665.652812326676212, 7175334.014055067673326 ], [ 703676.051117962691933, 7175348.311717990785837 ], [ 703689.048998689977452, 7175361.309592422097921 ], [ 703695.547939756535925, 7175370.408105220645666 ], [ 703707.246034873533063, 7175391.204706755466759 ], [ 703715.044766474165954, 7175410.70152154751122 ], [ 703744.939892504015006, 7175441.896420530974865 ], [ 703763.13692763610743, 7175467.892171490937471 ], [ 703785.233326285728253, 7175495.187709192745388 ], [ 703796.931421406683512, 7175515.984310729429126 ], [ 703809.929303194396198, 7175532.881548539735377 ], [ 703832.025700088124722, 7175553.678147280588746 ], [ 703889.216366874752566, 7175579.673887750133872 ], [ 703923.010852916399017, 7175599.170695547945797 ], [ 703950.30639788613189, 7175609.568990543484688 ], [ 703991.899608148960397, 7175621.267069483175874 ], [ 704015.29579136450775, 7175636.864516699686646 ], [ 704019.580217669019476, 7175640.791905566118658 ], [ 704023.010847299010493, 7175641.173239795491099 ], [ 704069.7408669476863, 7175671.403236281126738 ], [ 704132.960887668188661, 7175690.653225027024746 ], [ 704193.440903246984817, 7175693.403209555894136 ], [ 704275.900919741252437, 7175679.653183203190565 ], [ 704311.640928505687043, 7175679.653173567727208 ], [ 704361.120939148240723, 7175674.153158574365079 ], [ 704407.850950608495623, 7175674.153145967982709 ], [ 704465.570959540549666, 7175654.913124619051814 ], [ 704490.310958889545873, 7175630.173110521398485 ], [ 704501.310949645005167, 7175586.193094361573458 ], [ 704498.560936282388866, 7175539.463081089779735 ], [ 704493.060920007294044, 7175484.48306608851999 ], [ 704471.070898947655223, 7175426.753054718486965 ], [ 704462.820882004452869, 7175371.783040471374989 ], [ 704469.470868744072504, 7175316.94302224740386 ], [ 704473.820860068080947, 7175281.063010325655341 ], [ 704490.310843207291327, 7175204.102982829324901 ], [ 704506.810830821632408, 7175143.622960269451141 ], [ 704537.040827763848938, 7175105.142940590158105 ], [ 704589.27083007665351, 7175066.652914971113205 ], [ 704666.240828722016886, 7174992.432871978729963 ], [ 704704.730820943485014, 7174929.21284267026931 ], [ 704707.470808911020868, 7174882.482827958650887 ], [ 704685.48079158749897, 7174838.502820752561092 ], [ 704652.500757393194363, 7174742.292800907045603 ], [ 704636.000725732301362, 7174640.582774979993701 ], [ 704619.510691086528823, 7174527.872745782136917 ], [ 704619.510664200759493, 7174428.912716248072684 ], [ 704630.510653435369022, 7174379.432698514312506 ], [ 704641.500634452328086, 7174299.722671773284674 ], [ 704649.750620772829279, 7174241.992652330547571 ], [ 704682.730612362734973, 7174181.522625396028161 ], [ 704729.028927370789461, 7174137.301790773868561 ], [ 704789.278127694386058, 7174117.218704795464873 ], [ 704804.898285479517654, 7174092.672726504504681 ], [ 704802.666827951557934, 7174072.589657412841916 ], [ 704790.552425491157919, 7174018.279638447798789 ], [ 704772.694869774742983, 7173975.0455871084705 ], [ 704772.694851629668847, 7173908.31476129218936 ], [ 704788.672639806871302, 7173855.681992951780558 ], [ 704782.093529331032187, 7173799.289747569710016 ], [ 704733.220243727555498, 7173772.03350798599422 ], [ 704687.166574673261493, 7173760.755070999264717 ], [ 704671.188765036640689, 7173734.438693311065435 ], [ 704646.752112661139108, 7173685.565419048070908 ], [ 704631.714167886064388, 7173637.632013034075499 ], [ 704620.435713200946338, 7173616.014988008886576 ], [ 704584.720615851692855, 7173581.239778583869338 ], [ 704523.300406355643645, 7173565.772485190071166 ], [ 704446.330378738814034, 7173532.7824961617589 ], [ 704391.350351983099245, 7173483.302496295422316 ], [ 704339.130333362845704, 7173461.312503849156201 ], [ 704292.390315327327698, 7173436.57250910717994 ], [ 704248.410295724752359, 7173403.582511165179312 ], [ 704187.940261698211543, 7173332.112506246194243 ], [ 704149.450247164117172, 7173312.872510908171535 ], [ 704097.220236754859798, 7173321.122527429834008 ], [ 704053.240229830378667, 7173334.862543355673552 ], [ 704003.760221576085314, 7173348.612560764886439 ], [ 703955.566939074080437, 7173356.711037292145193 ], [ 703924.219488917267881, 7173368.321214256808162 ], [ 703898.677114844089374, 7173350.905968343839049 ], [ 703867.329635769245215, 7173255.70259487722069 ], [ 703836.080135585041717, 7173180.932556133717299 ], [ 703800.35010834177956, 7173112.202545360662043 ], [ 703783.850092450622469, 7173068.222536753863096 ], [ 703770.110073508927599, 7173010.502523337490857 ], [ 703764.610056559555233, 7172952.772507704794407 ], [ 703770.110039291786961, 7172884.052485862746835 ], [ 703778.360020457301289, 7172807.082460843026638 ], [ 703775.610002684756182, 7172743.862442860379815 ], [ 703772.859984166338108, 7172677.88242406770587 ], [ 703767.35996201261878, 7172600.912402765825391 ], [ 703772.859936558525078, 7172501.952372012659907 ], [ 703775.609919369453564, 7172435.982351762242615 ], [ 703786.728931727702729, 7172374.356335766613483 ], [ 703798.01691547059454, 7172347.077019347809255 ], [ 703813.067561903735623, 7172316.035038001835346 ], [ 703824.355546154198237, 7172290.637053541839123 ], [ 703831.880866697174497, 7172265.239070095121861 ], [ 703824.355532660381868, 7172240.781756674870849 ], [ 703780.144226961536333, 7172214.443121171556413 ], [ 703734.369843240361661, 7172191.332290559075773 ], [ 703695.88982877752278, 7172172.092295224778354 ], [ 703657.409813572652638, 7172150.102299075573683 ], [ 703632.669800931587815, 7172125.362298424355686 ], [ 703621.669793828041293, 7172108.8722965111956 ], [ 703632.669791267137043, 7172089.622287871316075 ], [ 703654.659790607518516, 7172067.632275467738509 ], [ 703665.649785813875496, 7172040.14226439781487 ], [ 703665.649762767832726, 7171954.932239254936576 ], [ 703690.389753838768229, 7171899.952216384932399 ], [ 703723.37974986480549, 7171855.972194541245699 ], [ 703761.082385237212293, 7171804.33826339058578 ], [ 703802.726940614636987, 7171763.599000214599073 ], [ 703849.829744510352612, 7171724.02212162129581 ], [ 703859.76186696649529, 7171677.59389737714082 ], [ 703854.32996283553075, 7171662.203514764085412 ], [ 703845.276792552787811, 7171648.623766545206308 ], [ 703855.235271653160453, 7171633.233379788696766 ], [ 703874.569724397151731, 7171627.812086612917483 ], [ 703907.549729332095012, 7171616.822074500843883 ], [ 703940.539735009660944, 7171608.572063187137246 ], [ 703984.519737364375032, 7171578.332042437046766 ], [ 704003.759740490699187, 7171572.842035640031099 ], [ 704028.499744932400063, 7171567.342027354985476 ], [ 704061.489756566588767, 7171581.08202251791954 ], [ 704120.493055705679581, 7171642.286475459113717 ], [ 704206.498149772523902, 7171683.931020952761173 ], [ 704266.965328423189931, 7171704.296757135540247 ], [ 704299.338436119141988, 7171708.343386949971318 ], [ 704322.26938333211001, 7171696.20346512645483 ], [ 704346.549206691794097, 7171671.923627300187945 ], [ 704368.787960538058542, 7171640.508927324786782 ], [ 704377.094214768847451, 7171628.049537980929017 ], [ 704389.553599497769028, 7171621.819841066375375 ], [ 704401.320799285545945, 7171627.35734327044338 ], [ 704405.4739327901043, 7171644.662046459503472 ], [ 704413.780193032696843, 7171654.352678630501032 ], [ 704428.316143857780844, 7171654.35267470870167 ], [ 704442.852093741996214, 7171650.891729922965169 ], [ 704462.233358876314014, 7171641.201090278103948 ], [ 704475.38493079948239, 7171631.510452317073941 ], [ 704489.92088011931628, 7171625.972943012602627 ], [ 704503.072452605352737, 7171618.358869565650821 ], [ 704515.531836768146604, 7171610.052608136087656 ], [ 704528.683409441728145, 7171603.130722861737013 ], [ 704535.605286838021129, 7171588.594769372604787 ], [ 704522.453698559198529, 7171538.065036347135901 ], [ 704514.839612912386656, 7171478.536855593323708 ], [ 704493.059810783714056, 7171399.661852717399597 ], [ 704465.250515134772286, 7171368.425704364664853 ], [ 704446.329774213256314, 7171306.20183783210814 ], [ 704438.272894084686413, 7171249.724314352497458 ], [ 704420.737451100721955, 7171211.955692674964666 ], [ 704296.640515105333179, 7171110.789762571454048 ], [ 704248.080836949986406, 7171043.345799950882792 ], [ 704204.916682419134304, 7170997.483908103778958 ], [ 704165.799168042023666, 7170958.366412741132081 ], [ 704111.843982387101278, 7170928.691077973693609 ], [ 704071.377596986945719, 7170920.597811792045832 ], [ 704024.166821696795523, 7170939.482137707062066 ], [ 703979.01956476829946, 7170946.09185797162354 ], [ 703932.289546901476569, 7170921.351863291114569 ], [ 703902.049531490192749, 7170891.121862556785345 ], [ 703879.139184622676112, 7170849.69649668969214 ], [ 703859.459725175751373, 7170781.911756731569767 ], [ 703840.873579558217898, 7170756.765807851217687 ], [ 703820.100828489172272, 7170728.339952532202005 ], [ 703802.607988708885387, 7170716.313631469383836 ], [ 703804.794588243588805, 7170697.727491056546569 ], [ 703850.713277015835047, 7170671.488222476094961 ], [ 703897.725266586407088, 7170639.782441889867187 ], [ 703925.057817141059786, 7170615.729782995767891 ], [ 703930.524324703961611, 7170601.51685107126832 ], [ 703923.964505974086933, 7170582.930713016539812 ], [ 703911.938176719704643, 7170567.624483460560441 ], [ 703896.631942987092771, 7170561.064673524349928 ], [ 703881.325710143195465, 7170557.784770619124174 ], [ 703878.045800038729794, 7170545.758445736020803 ], [ 703888.978816351154819, 7170521.705791260115802 ], [ 703898.818528011324815, 7170488.906718341633677 ], [ 703910.844846604741178, 7170464.854063572362065 ], [ 703910.844839794910513, 7170439.708109701052308 ], [ 703891.165389828383923, 7170406.909044731408358 ], [ 703864.926129427505657, 7170386.136307295411825 ], [ 703839.780165982316248, 7170345.68412740342319 ], [ 703816.820810063509271, 7170316.164970345795155 ], [ 703801.514573081629351, 7170297.578834651038051 ], [ 703798.234660612186417, 7170276.806091032922268 ], [ 703794.95475021447055, 7170263.686463813297451 ], [ 703778.555215687025338, 7170262.593165883794427 ], [ 703764.342289865249768, 7170276.806100154295564 ], [ 703741.38294785679318, 7170298.672153170220554 ], [ 703715.12932842085138, 7170305.61174117680639 ], [ 703654.659311791067012, 7170297.361755022779107 ], [ 703605.179299268405885, 7170294.611767519265413 ], [ 703577.68929049372673, 7170286.361772492527962 ], [ 703536.44926878483966, 7170242.381770702078938 ], [ 703508.96925109939184, 7170201.151766018010676 ], [ 703453.989231332438067, 7170176.411773545667529 ], [ 703420.999218284152448, 7170157.171776779927313 ], [ 703393.509206546936184, 7170137.931778531521559 ], [ 703367.924319982528687, 7170087.388026289641857 ], [ 703358.943612302420661, 7170049.015956254675984 ], [ 703344.029162108665332, 7170016.971756435930729 ], [ 703286.309147648862563, 7170014.231771129183471 ], [ 703225.829133272636682, 7170014.231787361204624 ], [ 703203.83911839989014, 7169978.491782810539007 ], [ 703187.349104095366783, 7169940.011775985360146 ], [ 703175.24749296263326, 7169908.590548956766725 ], [ 703169.532489663222805, 7169856.339217811822891 ], [ 703154.359064359916374, 7169821.801750289276242 ], [ 703135.119054599665105, 7169802.561749828979373 ], [ 703110.379038345767185, 7169764.081745224073529 ], [ 703093.889021826093085, 7169717.351735999807715 ], [ 703080.139006699435413, 7169673.371726844459772 ], [ 703055.398983035003766, 7169607.391714219003916 ], [ 703052.550840390147641, 7169559.756141368299723 ], [ 703048.305406676372513, 7169510.933803556486964 ], [ 703042.998624982312322, 7169488.645345894619823 ], [ 703027.078294786857441, 7169476.970443023368716 ], [ 703005.851189770037308, 7169468.479607156477869 ], [ 702982.501367897959426, 7169435.577602388337255 ], [ 702961.938897879444994, 7169373.741671113297343 ], [ 702925.188166504492983, 7169346.423781421035528 ], [ 702902.899700347683392, 7169315.64448675699532 ], [ 702875.823164706933312, 7169266.536156894639134 ], [ 702843.463792704278603, 7169241.349639085121453 ], [ 702803.132282665814273, 7169186.159179793670774 ], [ 702770.230266875587404, 7169161.748019139282405 ], [ 702742.635021334630437, 7169117.17110837996006 ], [ 702676.830998335732147, 7169100.189442889764905 ], [ 702607.33873696019873, 7169087.861682765185833 ], [ 702563.348725817166269, 7169085.111693733371794 ], [ 702513.868717814446427, 7169098.851710964925587 ], [ 702478.138709364575334, 7169098.851720518432558 ], [ 702423.158697842387483, 7169104.351736816577613 ], [ 702321.448670094599947, 7169090.601759990677238 ], [ 702277.468656742246822, 7169079.611768539994955 ], [ 702222.488637096481398, 7169054.871776020154357 ], [ 702159.268613291205838, 7169021.881783295422792 ], [ 702096.048590968246572, 7168994.391792165115476 ], [ 702046.56857853976544, 7168991.65180457290262 ], [ 701980.588568846345879, 7169013.641828572377563 ], [ 701944.858559663407505, 7169010.891837298870087 ], [ 701900.878533048322424, 7168950.411831425502896 ], [ 701834.898502723313868, 7168895.441833019256592 ], [ 701787.9736835147487, 7168835.372199609875679 ], [ 701727.698453092481941, 7168804.721835197880864 ], [ 701683.718419882352464, 7168719.511822141706944 ], [ 701650.571466146269813, 7168691.578616339713335 ], [ 701598.142656283453107, 7168706.55829222407192 ], [ 701536.726048552198336, 7168717.044071916490793 ], [ 701440.85621546045877, 7168709.554266462102532 ], [ 701327.01079465157818, 7168723.035992469638586 ], [ 701274.848819069564342, 7168767.244832755066454 ], [ 701229.643013469292782, 7168782.954666053876281 ], [ 701174.218266166280955, 7168778.460782201960683 ], [ 701148.752839480177499, 7168767.975025614723563 ], [ 701117.295545550412498, 7168747.00350727327168 ], [ 701079.84638638002798, 7168723.036058135330677 ], [ 701049.887056963751093, 7168696.072674620896578 ], [ 701043.895186920533888, 7168675.101149516180158 ], [ 701046.8911115413066, 7168646.639791062101722 ], [ 701048.389069651020691, 7168616.680466815829277 ], [ 701064.866691265255213, 7168595.708935746923089 ], [ 701106.809738757554442, 7168582.227228878065944 ], [ 701130.777194122667424, 7168573.239425359293818 ], [ 701151.748713265755214, 7168549.271960712969303 ], [ 701154.744640283985063, 7168529.798399416729808 ], [ 701148.752769037615508, 7168504.332975739613175 ], [ 701136.769030950497836, 7168469.879756503738463 ], [ 701130.777155702235177, 7168429.434670909307897 ], [ 701144.258839487447403, 7168387.491613950580359 ], [ 701160.736449886229821, 7168324.577029513195157 ], [ 701195.18965640256647, 7168272.148203648626804 ], [ 701220.655068659456447, 7168228.707177324220538 ], [ 701264.096077032387257, 7168195.751909563317895 ], [ 701294.055384806357324, 7168141.825118705630302 ], [ 701322.516725664259866, 7168084.902395866811275 ], [ 701345.598154089413583, 7168024.041710303165019 ], [ 701334.60813165595755, 7167949.821691727265716 ], [ 701322.654574750573374, 7167888.493576081469655 ], [ 701287.384739895351231, 7167851.460267232730985 ], [ 701223.899043671088293, 7167809.136491850949824 ], [ 701206.264129783259705, 7167803.846022505313158 ], [ 701200.97365274047479, 7167791.501584505662322 ], [ 701259.168855889816768, 7167761.522216197103262 ], [ 701354.037942006951198, 7167704.642829947173595 ], [ 701411.57807177840732, 7167658.441586931236088 ], [ 701461.058068672078662, 7167603.471557874232531 ], [ 701502.288063623127528, 7167548.491531008854508 ], [ 701549.018056176020764, 7167479.771498711779714 ], [ 701571.00804366148077, 7167413.791473794728518 ], [ 701576.508025812217966, 7167342.321451688185334 ], [ 701548.23729199625086, 7167306.549164080992341 ], [ 701493.927135958801955, 7167267.626905380748212 ], [ 701423.323934304527938, 7167221.463297868147492 ], [ 701364.847931399475783, 7167174.641459595412016 ], [ 701282.377910639392212, 7167169.1414799336344 ], [ 701197.157889970461838, 7167166.391501786187291 ], [ 701122.947867473354563, 7167147.151515949517488 ], [ 701062.46784525574185, 7167116.921523288823664 ], [ 700979.997822299599648, 7167103.171541215851903 ], [ 700900.287796326563694, 7167075.6815544385463 ], [ 700839.807777054258622, 7167056.441564932465553 ], [ 700776.587758613284677, 7167042.701577734202147 ], [ 700742.013228012481704, 7167016.108030574396253 ], [ 700660.216433159541339, 7167000.425472982227802 ], [ 700639.094882058328949, 7166997.176009135320783 ], [ 700595.227046955493279, 7166997.176020756363869 ], [ 700556.233415752416477, 7166997.176031085662544 ], [ 700528.612926983623765, 7166997.176038401201367 ], [ 700504.241905318689533, 7166989.052371243014932 ], [ 700468.497737758560106, 7166967.930829318240285 ], [ 700442.50198102905415, 7166958.182427866384387 ], [ 700423.005164996022359, 7166956.557698305696249 ], [ 700400.258879695204087, 7166954.932969603687525 ], [ 700363.702346553560346, 7166940.310366777703166 ], [ 700344.205524034914561, 7166914.31461638212204 ], [ 700319.834494158858433, 7166875.32098950445652 ], [ 700292.213999342173338, 7166852.574710702523589 ], [ 700261.344033965258859, 7166824.954228594899178 ], [ 700236.973006257088855, 7166794.084275325760245 ], [ 700194.729890242684633, 7166735.593836514279246 ], [ 700144.363109279423952, 7166707.97335955966264 ], [ 700092.371594120748341, 7166681.977617756463587 ], [ 700043.629549955250695, 7166662.480813975445926 ], [ 700003.011180684086867, 7166649.482946934178472 ], [ 699978.640153424814343, 7166620.237728385254741 ], [ 699970.51647249259986, 7166590.992505545727909 ], [ 699968.89172879466787, 7166556.873076828196645 ], [ 699954.269109334331006, 7166527.627855706959963 ], [ 699931.522819301811978, 7166508.131045060232282 ], [ 699910.401264765067026, 7166491.883703425526619 ], [ 699879.531303298659623, 7166478.88583380356431 ], [ 699853.535547888255678, 7166474.011636503040791 ], [ 699821.040854380116798, 7166470.762175634503365 ], [ 699782.047223204746842, 7166470.762185925617814 ], [ 699762.550403737346642, 7166456.139578578993678 ], [ 699752.80199249368161, 7166443.141703383997083 ], [ 699747.927781698759645, 7166417.145949132740498 ], [ 699710.558873520116322, 7166373.278121527284384 ], [ 699674.814708597143181, 7166361.904987907037139 ], [ 699655.317892581340857, 7166360.280258327722549 ], [ 699617.948994750971906, 7166355.406064016744494 ], [ 699583.829564462648705, 7166344.032929967157543 ], [ 699559.458537659957074, 7166316.412446135655046 ], [ 699549.710121684940532, 7166285.542489014565945 ], [ 699517.215414403006434, 7166230.301517076790333 ], [ 699498.530959248542786, 7166204.305766469798982 ], [ 699459.537311727064662, 7166142.56585736759007 ], [ 699418.918936467031017, 7166106.821704218164086 ], [ 699362.053214036393911, 7166067.828085906803608 ], [ 699318.185371243394911, 7166038.582872495055199 ], [ 699280.816460527828895, 7165984.966636570170522 ], [ 699254.820699976407923, 7165960.595622611232102 ], [ 699236.948615593486466, 7165947.59774955548346 ], [ 699227.200207806774415, 7165947.597752120345831 ], [ 699215.827070978470147, 7165968.719306471757591 ], [ 699209.328141053905711, 7166001.214002581313252 ], [ 699204.453943180385977, 7166023.960289943963289 ], [ 699196.330276902532205, 7166049.956047603860497 ], [ 699168.709797628340311, 7166085.700218711979687 ], [ 699142.714048253023066, 7166103.5723074702546 ], [ 699119.967765131033957, 7166110.071252334862947 ], [ 699087.473074220470153, 7166116.570199763402343 ], [ 699046.854714448330924, 7166139.316496524959803 ], [ 699015.984765039873309, 7166171.8111990429461 ], [ 698983.490081856492907, 7166207.555371434427798 ], [ 698934.74804548243992, 7166217.303792564198375 ], [ 698903.878085761331022, 7166210.804861793294549 ], [ 698879.507061133859679, 7166191.308051547966897 ], [ 698866.509178929845802, 7166171.811238316819072 ], [ 698832.38973879092373, 7166123.069205666892231 ], [ 698796.645573462825269, 7166110.071337291970849 ], [ 698746.278799887746572, 7166110.071350511163473 ], [ 698708.909904221305624, 7166113.320829762145877 ], [ 698654.481294923229143, 7166116.570313483476639 ], [ 698571.619828716851771, 7166116.570335217751563 ], [ 698522.877793628023937, 7166131.192960480228066 ], [ 698479.009967575082555, 7166165.312401106581092 ], [ 698417.2700579961529, 7166189.683438094332814 ], [ 698371.77748831093777, 7166189.683450013399124 ], [ 698326.284919052501209, 7166191.30819665081799 ], [ 698253.171867474680766, 7166217.303971324115992 ], [ 698207.679301209398545, 7166230.301860997453332 ], [ 698160.562002448597923, 7166251.423424698412418 ], [ 698080.950014470610768, 7166285.542874660342932 ], [ 697986.715410524047911, 7166303.414981232956052 ], [ 697950.97124734101817, 7166298.540786415338516 ], [ 697889.231333464384079, 7166306.664476156234741 ], [ 697833.990358542418107, 7166316.412898916751146 ], [ 697776.312286366010085, 7166344.03340423386544 ], [ 697753.566008348716423, 7166370.029165706597269 ], [ 697708.073443772504106, 7166389.525994236581028 ], [ 697669.079812602605671, 7166389.526004416868091 ], [ 697636.585116548463702, 7166376.528135132044554 ], [ 697613.838823168422095, 7166344.033446652814746 ], [ 697582.968856204301119, 7166309.914025574922562 ], [ 697558.597834166721441, 7166300.165623610839248 ], [ 697526.103144088410772, 7166309.91404041275382 ], [ 697504.981596858939156, 7166321.287188963964581 ], [ 697470.862174702459015, 7166340.784014512784779 ], [ 697436.742749561090022, 7166348.907697012647986 ], [ 697417.245935256243683, 7166353.781906259246171 ], [ 697386.375975970295258, 7166348.907710144296288 ], [ 697366.879154847702011, 7166327.786163857206702 ], [ 697339.258658863836899, 7166300.1656808052212 ], [ 697318.137106519890949, 7166292.042012706398964 ], [ 697282.392946747364476, 7166300.165695624426007 ], [ 697246.648792935884558, 7166331.03566462919116 ], [ 697219.028306321706623, 7166339.159345425665379 ], [ 697181.659419148927554, 7166374.903519014827907 ], [ 697147.540001665358432, 7166412.272426477633417 ], [ 697126.41845783079043, 7166436.643452787771821 ], [ 697116.670052589382976, 7166446.391863653436303 ], [ 697084.175360371125862, 7166448.016606831923127 ], [ 697061.42907254351303, 7166436.643469704315066 ], [ 697011.062293843133375, 7166417.146666160784662 ], [ 696963.944988235831261, 7166412.272474257275462 ], [ 696887.582457552431151, 7166400.899351069703698 ], [ 696847.776457366533577, 7166394.400422534905374 ], [ 696823.405433211475611, 7166376.528346942737699 ], [ 696792.535465432796627, 7166339.159456389024854 ], [ 696764.914969044621103, 7166309.914238596335053 ], [ 696742.168675705208443, 7166277.419550092890859 ], [ 696725.921320468769409, 7166243.300125183537602 ], [ 696724.296577344764955, 7166210.805431197397411 ], [ 696747.042849873309024, 7166163.688118397258222 ], [ 696747.042842652881518, 7166136.067628152668476 ], [ 696742.168634087545797, 7166118.195547496899962 ], [ 696724.296549318707548, 7166103.572939658537507 ], [ 696698.300791394896805, 7166088.950333929620683 ], [ 696665.80609664414078, 7166080.826668770983815 ], [ 696615.439318402437493, 7166062.954599929973483 ], [ 696589.443557510734536, 7166036.958851157687604 ], [ 696568.322000938933343, 7166012.587835842743516 ], [ 696553.699383318074979, 7165989.841553559526801 ], [ 696527.703616493148729, 7165941.099518710747361 ], [ 696516.330468136700802, 7165918.353235583752394 ], [ 696516.330461349803954, 7165892.357480069622397 ], [ 696530.953067512484267, 7165871.235924918204546 ], [ 696548.825143786380067, 7165853.363838363438845 ], [ 696560.198281536111608, 7165835.491753495298326 ], [ 696560.19827644340694, 7165815.994936861097813 ], [ 696550.449863991583697, 7165798.122857477515936 ], [ 696522.829367632977664, 7165768.877639694139361 ], [ 696501.707811919390224, 7165747.756093826144934 ], [ 696478.961524121114053, 7165736.382956692948937 ], [ 696438.343156660208479, 7165729.884028354659677 ], [ 696409.097933307755738, 7165729.884035940282047 ], [ 696348.170383811928332, 7165726.634582303464413 ], [ 696302.677812882815488, 7165721.760389943607152 ], [ 696260.434711639885791, 7165718.510931454598904 ], [ 696198.694791441434063, 7165702.263600260950625 ], [ 696156.451688930741511, 7165694.139937608502805 ], [ 696128.831196399987675, 7165679.517332293093204 ], [ 696104.460173557046801, 7165666.51946084946394 ], [ 696084.963354604318738, 7165653.521588146686554 ], [ 696057.342865462531336, 7165651.896860580891371 ], [ 696028.097643807413988, 7165658.395807029679418 ], [ 695998.852424267330207, 7165673.018427073024213 ], [ 695956.609327258425765, 7165686.016315761953592 ], [ 695915.990961918025278, 7165687.641060993075371 ], [ 695865.624193022144027, 7165705.513155933469534 ], [ 695818.506893808720633, 7165725.009984752163291 ], [ 695758.391719235340133, 7165751.005755806341767 ], [ 695696.651811719872057, 7165783.500466152094305 ], [ 695643.035576508147642, 7165812.745704960078001 ], [ 695591.044073810335249, 7165833.867269745096564 ], [ 695545.551506679155864, 7165843.615689814090729 ], [ 695478.937389767728746, 7165854.988850049674511 ], [ 695458.628202662570402, 7165838.741508098319173 ], [ 695442.380850026383996, 7165814.370491499081254 ], [ 695400.137731910217553, 7165746.13164418656379 ], [ 695336.773071617237292, 7165708.76276199053973 ], [ 695284.781556272529997, 7165681.14228517562151 ], [ 695257.161065867985599, 7165674.643353422172368 ], [ 695227.915841255569831, 7165669.76915680617094 ], [ 695205.169556007487699, 7165668.144427951425314 ], [ 695180.798532757326029, 7165653.521821762435138 ], [ 695156.427513301372528, 7165653.521828044205904 ], [ 695140.180166997364722, 7165653.521832232363522 ], [ 695130.431755845667794, 7165640.523956989869475 ], [ 695135.305956787196919, 7165629.150812701322138 ], [ 695151.55329972144682, 7165616.152930759824812 ], [ 695174.299581176135689, 7165603.15504714474082 ], [ 695192.171659158542752, 7165591.781899504363537 ], [ 695192.171656631748192, 7165582.033491190522909 ], [ 695174.299569801078178, 7165559.28720973059535 ], [ 695167.80062664556317, 7165541.415129498578608 ], [ 695172.674817474908195, 7165491.048351958394051 ], [ 695177.549015887547284, 7165469.926799360662699 ], [ 695195.421086705522612, 7165430.933161502704024 ], [ 695200.295282590668648, 7165400.063200592063367 ], [ 695205.169482266064733, 7165383.815852150321007 ], [ 695223.041559401666746, 7165369.193235075101256 ], [ 695242.538372010341845, 7165357.820087019354105 ], [ 695258.785711985081434, 7165333.449062051251531 ], [ 695276.657787854317576, 7165313.952240820974112 ], [ 695289.65565899014473, 7165291.205951411277056 ], [ 695289.655656039831229, 7165279.832808382809162 ], [ 695288.030918880132958, 7165270.084400492720306 ], [ 695278.282509415759705, 7165263.585464133881032 ], [ 695258.785693862009794, 7165263.585469162091613 ], [ 695247.412557775853202, 7165287.956492869183421 ], [ 695223.04154085891787, 7165297.704907463863492 ], [ 695195.421054683509283, 7165307.453322894871235 ], [ 695153.177955153747462, 7165310.70280322059989 ], [ 695120.683261716505513, 7165307.453342158347368 ], [ 695088.188569123856723, 7165307.453350530937314 ], [ 695063.817549677798524, 7165307.453356811776757 ], [ 695036.197062236606143, 7165312.327568084001541 ], [ 695008.576577320578508, 7165326.950187660753727 ], [ 694982.58082745235879, 7165343.197541540488601 ], [ 694964.708750734105706, 7165359.444893326610327 ], [ 694920.840918674948625, 7165370.81804765202105 ], [ 694876.973082406911999, 7165365.943854788318276 ], [ 694859.100996011053212, 7165344.822308048605919 ], [ 694837.979444982949644, 7165341.572844047099352 ], [ 694805.484752387506887, 7165341.572852407582104 ], [ 694779.488999572815374, 7165346.447063251398504 ], [ 694756.742714756750502, 7165346.447069103829563 ], [ 694751.868508344283327, 7165336.698662046343088 ], [ 694745.369563519954681, 7165312.327642941847444 ], [ 694729.122216802556068, 7165310.702912400476635 ], [ 694720.998544074129313, 7165312.327649210579693 ], [ 694709.62540460890159, 7165323.700795161537826 ], [ 694699.876998511143029, 7165330.199736543931067 ], [ 694652.759703913703561, 7165367.568647181615233 ], [ 694612.141345309559256, 7165395.189147840254009 ], [ 694576.397191433003172, 7165426.059116679243743 ], [ 694563.399320273892954, 7165448.805406080558896 ], [ 694563.399324892903678, 7165466.677487986162305 ], [ 694565.024064142722636, 7165484.549569473601878 ], [ 694564.211702288128436, 7165505.671121025457978 ], [ 694533.341749774990603, 7165526.79268030449748 ], [ 694502.471801038365811, 7165562.536852049641311 ], [ 694468.352377162198536, 7165575.534738567657769 ], [ 694429.35874981363304, 7165590.157361050136387 ], [ 694372.49304320756346, 7165611.278926998376846 ], [ 694359.495169521076605, 7165624.276808086782694 ], [ 694352.996235195547342, 7165640.524156944826245 ], [ 694352.996241489076056, 7165664.89517773129046 ], [ 694352.996246942318976, 7165686.016729082912207 ], [ 694352.996251136413775, 7165702.26407627388835 ], [ 694356.245727950357832, 7165731.509300386533141 ], [ 694356.245736760902219, 7165765.628729492425919 ], [ 694354.621008843998425, 7165791.624485420063138 ], [ 694348.122077451669611, 7165819.244977319613099 ], [ 694330.250001127133146, 7165837.117063821293414 ], [ 694301.004784903256223, 7165864.73756155744195 ], [ 694288.006916243233718, 7165897.232259286567569 ], [ 694288.00692379148677, 7165926.477484240196645 ], [ 694297.755342901451513, 7165970.345319170504808 ], [ 694312.377960034296848, 7165991.466866778209805 ], [ 694322.126377469394356, 7166028.835762832313776 ], [ 694322.126382083166391, 7166046.707844752818346 ], [ 694317.252182382508181, 7166062.95519320294261 ], [ 694286.382232776610181, 7166095.449895527213812 ], [ 694257.137018216773868, 7166129.569332154467702 ], [ 694227.079439693596214, 7166176.686646750196815 ], [ 694209.207365873036906, 7166204.307141579687595 ], [ 694184.836352266604081, 7166227.053433913737535 ], [ 694139.343793475767598, 7166269.296548308804631 ], [ 694098.725437317974865, 7166306.66545729432255 ], [ 694074.354427474201657, 7166344.034362114965916 ], [ 694059.731827936368063, 7166391.151672763749957 ], [ 694036.985563609981909, 7166470.763679910451174 ], [ 694025.612434585345909, 7166522.755193894729018 ], [ 694027.237174244830385, 7166542.252010131254792 ], [ 694064.606086286716163, 7166602.367185236886144 ], [ 694085.727653265930712, 7166667.356568673625588 ], [ 694088.977140126517043, 7166735.595426140353084 ], [ 694095.476089969044551, 7166779.46326195448637 ], [ 694079.228750343434513, 7166805.459021664224565 ], [ 694041.859858811716549, 7166824.955847902223468 ], [ 694009.365168246091343, 7166833.079529836773872 ], [ 693994.742557806544937, 7166837.953737745992839 ], [ 693967.934439711389132, 7166850.951622389256954 ], [ 693943.563427332555875, 7166878.572118900716305 ], [ 693924.066628060303628, 7166941.936778048053384 ], [ 693904.569827528903261, 7167000.427233032882214 ], [ 693902.945102520985529, 7167037.796132056042552 ], [ 693911.068782386020757, 7167063.791885528713465 ], [ 693953.311888296855614, 7167084.913426099345088 ], [ 693989.056053584790789, 7167097.911294721998274 ], [ 694016.676544866175391, 7167107.659695979207754 ], [ 694029.67442528589163, 7167120.657570425421 ], [ 694029.674430311424658, 7167140.154387095011771 ], [ 694005.30341792490799, 7167167.774883619509637 ], [ 693958.186122340266593, 7167201.894324861466885 ], [ 693930.565639426931739, 7167224.640618050470948 ], [ 693899.69569100975059, 7167262.009524574503303 ], [ 693881.823617987334728, 7167292.879488881677389 ], [ 693839.58053005579859, 7167341.621541379019618 ], [ 693800.586909714736976, 7167383.864654153585434 ], [ 693768.092225812608376, 7167417.984091649763286 ], [ 693717.725458423839882, 7167442.355125380679965 ], [ 693670.608159881783649, 7167465.101423554122448 ], [ 693634.864004195900634, 7167489.472453542053699 ], [ 693629.177435483550653, 7167499.220863334834576 ], [ 693630.802176386234351, 7167523.591883766464889 ], [ 693638.925854573026299, 7167543.088698368519545 ], [ 693640.550598820671439, 7167580.457596588879824 ], [ 693640.55061010515783, 7167624.325434118509293 ], [ 693624.303277549566701, 7167677.941684145480394 ], [ 693621.053821235196665, 7167728.308461409062147 ], [ 693604.806484078872018, 7167764.052629483863711 ], [ 693586.934416046831757, 7167814.419410489499569 ], [ 693586.934430252527818, 7167869.660391100682318 ], [ 693590.183909132611006, 7167907.029288921505213 ], [ 693595.05812223139219, 7167942.773451604880393 ], [ 693595.058130586752668, 7167975.268146088346839 ], [ 693577.186060459818691, 7168017.511253485456109 ], [ 693573.936599962296896, 7168051.630683527328074 ], [ 693577.186078007449396, 7168085.750111907720566 ], [ 693587.746867762645707, 7168142.615824566222727 ], [ 693603.994225820526481, 7168188.108392702415586 ], [ 693605.618972155498341, 7168233.600964576005936 ], [ 693599.120045728515834, 7168280.718273256905377 ], [ 693582.872707723639905, 7168313.212971908040345 ], [ 693550.378023355035111, 7168345.707674713805318 ], [ 693524.382277110009454, 7168376.577641133219004 ], [ 693500.011269678361714, 7168423.694954385980964 ], [ 693465.891848993021995, 7168449.690718706697226 ], [ 693441.520835709292442, 7168474.061745810322464 ], [ 693413.900353984325193, 7168501.682243196293712 ], [ 693405.776688314857893, 7168530.927470326423645 ], [ 693397.65302514960058, 7168569.921105811372399 ], [ 693397.653036001836881, 7168612.164208672940731 ], [ 693392.778842943254858, 7168654.407312783412635 ], [ 693378.156240393407643, 7168690.151480483822525 ], [ 693339.16261578258127, 7168716.147246052511036 ], [ 693309.917399824364111, 7168745.392478581517935 ], [ 693264.42483832850121, 7168777.887184709310532 ], [ 693226.243578525958583, 7168794.134541712701321 ], [ 693172.627340918406844, 7168815.256106827408075 ], [ 693148.256323442794383, 7168823.379786673933268 ], [ 693109.262693816563115, 7168829.878735520876944 ], [ 693073.51853221305646, 7168831.503479358740151 ], [ 693031.275435394374654, 7168846.126102663576603 ], [ 693016.652828240417875, 7168863.998188376426697 ], [ 692997.156019673100673, 7168891.618683690205216 ], [ 692976.03447521768976, 7168914.364975238218904 ], [ 692932.166645836434327, 7168937.111272582784295 ], [ 692896.422488807467744, 7168956.608098403550684 ], [ 692870.426739600952715, 7168976.10492174141109 ], [ 692828.183648179285228, 7169011.849096477031708 ], [ 692805.437369077699259, 7169034.595388438552618 ], [ 692790.81476399442181, 7169060.591147786006331 ], [ 692764.819017695728689, 7169091.46111420635134 ], [ 692745.322205784730613, 7169106.083731709048152 ], [ 692719.326451995177194, 7169107.708473050966859 ], [ 692678.708083553705364, 7169097.960075026378036 ], [ 692631.590775314485654, 7169083.337474471889436 ], [ 692597.471345428144559, 7169073.589074790477753 ], [ 692573.100325860781595, 7169073.589080987498164 ], [ 692551.978780971257947, 7169094.710637804120779 ], [ 692537.356177125941031, 7169125.580601327121258 ], [ 692514.609901751857251, 7169162.949505821801722 ], [ 692485.364682837156579, 7169180.821595251560211 ], [ 692465.867866766406223, 7169179.196865477599204 ], [ 692431.748438537004404, 7169175.947404695674777 ], [ 692426.874234207789414, 7169174.322671208530664 ], [ 692387.068233917001635, 7169167.823742413893342 ], [ 692335.076725916238502, 7169169.448490345850587 ], [ 692278.21101358695887, 7169169.448504785075784 ], [ 692227.844239808851853, 7169169.448517570272088 ], [ 692177.477464371942915, 7169162.949591444805264 ], [ 692128.735419843578711, 7169141.828052364289761 ], [ 692063.746034327195957, 7169141.828068848699331 ], [ 692015.003997261985205, 7169149.951754841953516 ], [ 691969.511429885169491, 7169159.700174735859036 ], [ 691930.517797332024202, 7169154.825980437919497 ], [ 691907.771501218318008, 7169110.958148581907153 ], [ 691899.647819332312793, 7169076.838721385225654 ], [ 691888.274666514364071, 7169036.220356104895473 ], [ 691867.153110013576224, 7169011.849340558052063 ], [ 691850.905759081942961, 7168993.97726268414408 ], [ 691816.786327554378659, 7168977.729924064129591 ], [ 691772.918489855830558, 7168967.981526816263795 ], [ 691755.046405532513745, 7168954.9836535314098 ], [ 691737.174319554353133, 7168935.486841341480613 ], [ 691722.551706576603465, 7168930.612640863284469 ], [ 691675.4344045718899, 7168940.36106114834547 ], [ 691649.438653681776486, 7168953.358945537358522 ], [ 691620.19343186088372, 7168959.857891840860248 ], [ 691551.954579151817597, 7168967.981582736596465 ], [ 691502.400175599846989, 7168979.354738352820277 ], [ 691484.528095826506615, 7168984.228947048075497 ], [ 691448.783935039304197, 7168989.103160265833139 ], [ 691385.419282522168942, 7168982.604237376712263 ], [ 691354.549320278689265, 7168966.356897912919521 ], [ 691325.304091435158625, 7168945.235353861004114 ], [ 691302.557799904840067, 7168919.23960398696363 ], [ 691279.811513742548414, 7168914.365405555814505 ], [ 691248.941556457080878, 7168917.61488280352205 ], [ 691222.945803084410727, 7168920.86435881908983 ], [ 691201.824251970974728, 7168917.614894699305296 ], [ 691185.576900232816115, 7168896.493347361683846 ], [ 691166.080077571328729, 7168868.872861940413713 ], [ 691141.709054299164563, 7168854.250255558639765 ], [ 691118.962769377510995, 7168854.250261299312115 ], [ 691096.216484454926103, 7168854.250267038121819 ], [ 691066.971262633684091, 7168860.749213321134448 ], [ 691029.602369273896329, 7168873.747100557200611 ], [ 690964.612984193954617, 7168875.371851671487093 ], [ 690906.12253766215872, 7168876.996601145714521 ], [ 690857.380497718462721, 7168873.747143980115652 ], [ 690823.261068275081925, 7168865.623478947207332 ], [ 690787.516902136616409, 7168849.37614069133997 ], [ 690742.024331059656106, 7168844.501947972923517 ], [ 690699.781233783229254, 7168857.499836418777704 ], [ 690675.410216282005422, 7168865.623516186140478 ], [ 690654.288666819920763, 7168868.87299095466733 ], [ 690608.796099854633212, 7168880.246145490556955 ], [ 690586.049819457344711, 7168898.118233200162649 ], [ 690560.054071016260423, 7168920.864525908604264 ], [ 690526.747017116984352, 7168945.235555181279778 ], [ 690491.002862902940251, 7168976.105523969978094 ], [ 690468.256585377035663, 7169005.350754765793681 ], [ 690456.883452777867205, 7169044.344391057267785 ], [ 690429.262975444085896, 7169089.836970344185829 ], [ 690413.015635641408153, 7169115.832730054855347 ], [ 690377.271480183815584, 7169141.828494666144252 ], [ 690349.650992982788011, 7169148.327440515160561 ], [ 690317.156301045324653, 7169151.576918134465814 ], [ 690299.28422126127407, 7169156.451126806437969 ], [ 690270.03900106344372, 7169169.449011966586113 ], [ 690237.544308304786682, 7169169.449020131491125 ], [ 690205.049615955562331, 7169171.073763018473983 ], [ 690169.305459666065872, 7169193.820058168843389 ], [ 690146.559182530501857, 7169224.690023688599467 ], [ 690130.311848869896494, 7169275.056804301217198 ], [ 690114.064509874093346, 7169304.302033465355635 ], [ 690101.06663851137273, 7169327.048322904855013 ], [ 690078.320359317702241, 7169349.794614791870117 ], [ 690063.697748803300783, 7169354.668822644278407 ], [ 690026.328852120786905, 7169354.668832018971443 ], [ 689974.337342875311151, 7169351.419375609606504 ], [ 689928.844773001386784, 7169351.419387020170689 ], [ 689902.849016329506412, 7169341.670985176227987 ], [ 689878.477993066422641, 7169327.048378743231297 ], [ 689832.985430160653777, 7169354.668880507349968 ], [ 689819.987560016685165, 7169382.289374127052724 ], [ 689815.113364293705672, 7169414.784069892019033 ], [ 689810.239166112965904, 7169437.530357293784618 ], [ 689792.367087956517935, 7169448.903504863381386 ], [ 689749.311622901819646, 7169460.276658743619919 ], [ 689715.192195902345702, 7169461.901402018964291 ], [ 689679.448032625135966, 7169457.027206789702177 ], [ 689656.70174359343946, 7169440.779865212738514 ], [ 689637.204923019045964, 7169421.283053366467357 ], [ 689617.708102446747944, 7169401.786241522058845 ], [ 689606.334952612523921, 7169372.541019281372428 ], [ 689588.462865043664351, 7169346.545268123969436 ], [ 689573.840251253452152, 7169338.421598148532212 ], [ 689562.467108784709126, 7169338.421600995585322 ], [ 689542.970293125836179, 7169338.421605874784291 ], [ 689516.974541366798803, 7169348.170020742341876 ], [ 689473.106710221618414, 7169364.41737898811698 ], [ 689440.612018271582201, 7169367.666856571100652 ], [ 689434.113081353250891, 7169374.165797106921673 ], [ 689390.245250204345211, 7169390.413155348971486 ], [ 689359.375292074633762, 7169390.413163067772985 ], [ 689315.507459288695827, 7169400.161582397297025 ], [ 689276.513832051539794, 7169416.408939415588975 ], [ 689227.771798614761792, 7169439.155237777158618 ], [ 689182.279232819448225, 7169455.402596415951848 ], [ 689170.906093207537197, 7169466.775742345489562 ], [ 689162.78242654632777, 7169492.77150001283735 ], [ 689161.157698439084925, 7169518.767256056889892 ], [ 689149.784561275271699, 7169539.888810355216265 ], [ 689144.910365522257052, 7169572.383506121113896 ], [ 689127.038293881923892, 7169609.752409318462014 ], [ 689099.417810733546503, 7169632.498702402226627 ], [ 689065.298388620372862, 7169653.620262380689383 ], [ 689039.302641333313659, 7169681.240759242326021 ], [ 689008.43268726975657, 7169697.488114222884178 ], [ 688977.562727495562285, 7169690.989183016121387 ], [ 688964.564845083048567, 7169669.867634799331427 ], [ 688951.566960630938411, 7169640.622412942349911 ], [ 688943.443282951368019, 7169622.750332964584231 ], [ 688923.94646320771426, 7169606.502990553155541 ], [ 688897.950706540141255, 7169596.754588670097291 ], [ 688876.016786877764389, 7169588.630920501425862 ], [ 688853.27049541240558, 7169562.63517053425312 ], [ 688822.400532386614941, 7169543.138361502438784 ], [ 688814.276853895746171, 7169522.01681206934154 ], [ 688798.029500990873203, 7169496.021060482598841 ], [ 688776.907942946651019, 7169465.151105929166079 ], [ 688767.159522488713264, 7169414.784331815317273 ], [ 688757.411101621575654, 7169362.792822975665331 ], [ 688718.417459305841476, 7169318.924995064735413 ], [ 688679.423819029820152, 7169283.180840788409114 ], [ 688630.681775406934321, 7169265.308770931325853 ], [ 688575.44079282740131, 7169245.811967968940735 ], [ 688538.071890454739332, 7169223.065691096708179 ], [ 688512.076130551984534, 7169200.31941139511764 ], [ 688492.579305945895612, 7169164.575252261012793 ], [ 688468.208275396609679, 7169120.707420707680285 ], [ 688430.839369778404944, 7169084.963266022503376 ], [ 688393.470470672589727, 7169075.21486696228385 ], [ 688373.973655832698569, 7169078.464341266080737 ], [ 688328.481088009430096, 7169086.588026210665703 ], [ 688273.240105450619012, 7169067.091223228722811 ], [ 688247.244348809588701, 7169057.342821331694722 ], [ 688227.747528688982129, 7169039.470744187943637 ], [ 688221.248585264896974, 7169019.973929088562727 ], [ 688205.001230359543115, 7168985.854503873735666 ], [ 688187.129144066479057, 7168964.732956873252988 ], [ 688157.88391287648119, 7168933.86300434358418 ], [ 688136.762351627810858, 7168889.99517198652029 ], [ 688133.512874639127403, 7168859.125213000923395 ], [ 688128.638662202400155, 7168825.005784967914224 ], [ 688122.139717157464474, 7168799.010030968114734 ], [ 688107.517102581681684, 7168787.636891521513462 ], [ 688086.395553517038934, 7168792.511100944131613 ], [ 688076.647148129530251, 7168802.259511720389128 ], [ 688070.14821607619524, 7168828.255268946290016 ], [ 688068.523489149520174, 7168859.125229142606258 ], [ 688060.399824080872349, 7168891.619925678707659 ], [ 688045.777218432282098, 7168915.99095020070672 ], [ 688019.78147275513038, 7168950.110385904088616 ], [ 687996.222825786680914, 7168971.231943193823099 ], [ 687963.728139121085405, 7168995.602972150780261 ], [ 687934.482918891124427, 7169008.600857218727469 ], [ 687911.736633965047076, 7169008.600862864404917 ], [ 687872.743002257775515, 7169006.97613781131804 ], [ 687832.124635103391483, 7169002.101943708024919 ], [ 687793.131001776549965, 7168993.978279747068882 ], [ 687757.38684096687939, 7168998.852492787875235 ], [ 687733.015824239235371, 7169010.22564191557467 ], [ 687721.642685017664917, 7169023.223522542975843 ], [ 687713.519017095211893, 7169044.345075999386609 ], [ 687703.770615345682018, 7169068.716099310666323 ], [ 687695.646945397835225, 7169081.713979136198759 ], [ 687664.776987281627953, 7169081.713986785151064 ], [ 687635.531762588885613, 7169076.839789852499962 ], [ 687598.162865920574404, 7169076.839799108915031 ], [ 687572.167115361080505, 7169091.462418087758124 ], [ 687513.676673258887604, 7169110.959249287843704 ], [ 687447.062554323114455, 7169115.833469959907234 ], [ 687390.19684685417451, 7169135.330300750210881 ], [ 687333.331145849544555, 7169180.822887161746621 ], [ 687292.712791623780504, 7169227.940204280428588 ], [ 687256.968640498584136, 7169271.808050744235516 ], [ 687221.224487347528338, 7169307.552223572507501 ], [ 687219.599759174045175, 7169333.547979604452848 ], [ 687217.975035041105002, 7169375.791082907468081 ], [ 687232.597652846714482, 7169400.162100199609995 ], [ 687255.343945462373085, 7169431.032054390758276 ], [ 687255.343949907226488, 7169448.904136391356587 ], [ 687239.09660796681419, 7169466.776222406886518 ], [ 687214.725589197129011, 7169470.025697886012495 ], [ 687187.105097918771207, 7169460.277296350337565 ], [ 687151.360935064149089, 7169457.027835729531944 ], [ 687125.365183673100546, 7169468.40098524466157 ], [ 687118.866245926939882, 7169471.650456303730607 ], [ 687104.243639026070014, 7169491.147276643663645 ], [ 687096.11997188848909, 7169515.51829956099391 ], [ 687076.623164703836665, 7169549.637733651325107 ], [ 687040.879005881026387, 7169562.635620299726725 ], [ 687013.258517022593878, 7169562.635627120733261 ], [ 686972.640155491651967, 7169580.507719151675701 ], [ 686948.269143172772601, 7169609.752950262278318 ], [ 686914.96210243855603, 7169687.740225410088897 ], [ 686908.463169527356513, 7169710.486513203009963 ], [ 686892.2158287842758, 7169733.23280340153724 ], [ 686869.469549885368906, 7169757.603829932399094 ], [ 686841.849066664464772, 7169780.350122937001288 ], [ 686804.480184475076385, 7169838.840582361444831 ], [ 686763.861827358603477, 7169874.584756398573518 ], [ 686726.492935890797526, 7169895.706317078322172 ], [ 686695.622980560758151, 7169907.079467785544693 ], [ 686672.87669722083956, 7169913.578412304632366 ], [ 686601.388376705232076, 7169928.201042477041483 ], [ 686567.268949276767671, 7169928.201050881296396 ], [ 686505.529030559002422, 7169918.45265771728009 ], [ 686473.034337769378908, 7169918.452665718272328 ], [ 686427.541769875446334, 7169926.576350558549166 ], [ 686411.294426296371967, 7169937.949497655965388 ], [ 686404.79549256444443, 7169957.446315995417535 ], [ 686404.795497794519179, 7169978.567867463454604 ], [ 686396.671831836458296, 7170007.813094574026763 ], [ 686360.115322551806457, 7170089.049839993938804 ], [ 686322.746436288114637, 7170131.292952133342624 ], [ 686285.377551227691583, 7170178.410268458537757 ], [ 686264.256005730247125, 7170197.907090399414301 ], [ 686233.386050380999222, 7170209.280241090804338 ], [ 686186.26874621945899, 7170210.904987404122949 ], [ 686155.398788056103513, 7170210.904994992539287 ], [ 686127.778300780570135, 7170217.403940694406629 ], [ 686108.281487509375438, 7170227.15235386043787 ], [ 686092.034147130907513, 7170251.523378783836961 ], [ 686074.162073718733154, 7170282.393343027681112 ], [ 686056.290001106914133, 7170316.512776726856828 ], [ 686017.296380575513467, 7170360.380623990669847 ], [ 685975.053287548595108, 7170391.250594220124185 ], [ 685924.686518909642473, 7170412.372158065438271 ], [ 685885.692891547456384, 7170428.619514930993319 ], [ 685820.703514744760469, 7170464.363694922998548 ], [ 685789.833562586107291, 7170488.734723436646163 ], [ 685716.720516577246599, 7170540.726252711378038 ], [ 685656.605346083990298, 7170586.218839880079031 ], [ 685612.737517187022604, 7170612.214606304652989 ], [ 685583.492297254037112, 7170626.83722603879869 ], [ 685542.873937634984031, 7170652.832991666160524 ], [ 685495.756639449158683, 7170678.828758885152638 ], [ 685453.513547183596529, 7170712.948198556900024 ], [ 685441.328043377492577, 7170737.319222488440573 ], [ 685441.328059382503852, 7170802.308611692860723 ], [ 685439.703342748689465, 7170875.421674948185682 ], [ 685425.080742176854983, 7170920.91425097733736 ], [ 685392.586061345064081, 7170969.656300844624639 ], [ 685360.09138130932115, 7171021.647820174694061 ], [ 685324.347227986669168, 7171057.391992995515466 ], [ 685270.730993597651832, 7171093.13617018610239 ], [ 685244.735245720250532, 7171119.13193223811686 ], [ 685226.863171452190727, 7171146.752427032217383 ], [ 685186.244815788348205, 7171188.995539967902005 ], [ 685142.37699363171123, 7171242.611796816810966 ], [ 685087.136025376967154, 7171281.605443862266839 ], [ 685044.892927070148289, 7171291.353862570598722 ], [ 685000.212725202203728, 7171294.603342948481441 ], [ 684948.221217043581419, 7171296.228090376593173 ], [ 684875.108161324169487, 7171309.225986072793603 ], [ 684797.120902871247381, 7171327.098087146878242 ], [ 684719.133646807167679, 7171354.718596601858735 ], [ 684611.901167568052188, 7171383.963847909122705 ], [ 684522.54076978797093, 7171414.833829580806196 ], [ 684407.184624081710353, 7171471.699573273770511 ], [ 684327.572638914454728, 7171522.066369333304465 ], [ 684256.084325360949151, 7171565.934224482625723 ], [ 684192.719680642127059, 7171591.929995601996779 ], [ 684169.973395638749935, 7171591.93000113312155 ], [ 684131.792132321279496, 7171595.179479880258441 ], [ 684100.922171719372272, 7171585.431078992784023 ], [ 684022.934903293149546, 7171562.684811698272824 ], [ 683943.322903801570646, 7171554.561157379299402 ], [ 683847.463559072231874, 7171551.311711186543107 ], [ 683848.82834397314582, 7171583.221500987187028 ], [ 683847.20361646998208, 7171612.466726553626359 ], [ 683843.954153134603985, 7171636.837748322635889 ], [ 683829.331546502653509, 7171657.959303385578096 ], [ 683816.333672926411964, 7171672.581919126212597 ], [ 683796.836861173156649, 7171688.829271177761257 ], [ 683778.152420309023, 7171719.699235619045794 ], [ 683773.278233033837751, 7171787.938095552846789 ], [ 683758.655643842066638, 7171880.547978842630982 ], [ 683726.160979114356451, 7171995.904152736067772 ], [ 683688.792107273242436, 7172098.262449964880943 ], [ 683672.54477668274194, 7172163.25184322334826 ], [ 683651.423250874388032, 7172263.98540179990232 ], [ 683640.050128967035562, 7172348.471610691398382 ], [ 683618.928585716639645, 7172377.716841015964746 ], [ 683534.442394089419395, 7172418.335229828953743 ], [ 683469.453015420818701, 7172447.580470776185393 ], [ 683436.958328064298257, 7172470.326764917932451 ], [ 683419.086255280300975, 7172504.446198653429747 ], [ 683419.086263590492308, 7172538.565628063865006 ], [ 683446.706766013405286, 7172593.806602329015732 ], [ 683492.199350333074108, 7172652.297041736543179 ], [ 683518.195113764842972, 7172689.665934325195849 ], [ 683550.689815781195648, 7172727.034825339913368 ], [ 683589.683453611913137, 7172753.030571639537811 ], [ 683617.30394773685839, 7172774.152116492390633 ], [ 683692.854124214500189, 7172837.516752817668021 ], [ 683704.227273868396878, 7172866.761975281871855 ], [ 683704.227280607447028, 7172894.382465770468116 ], [ 683696.915996498428285, 7172983.742877952754498 ], [ 683696.916005613980815, 7173021.111776856705546 ], [ 683703.41496441338677, 7173103.973246764391661 ], [ 683721.287057810230181, 7173154.340019220486283 ], [ 683763.530178045155481, 7173233.952011003158987 ], [ 683786.276482525281608, 7173313.564007524400949 ], [ 683807.398045227047987, 7173363.930779203772545 ], [ 683870.762708753580227, 7173414.297540633007884 ], [ 683929.253175092395395, 7173492.284793756902218 ], [ 683971.496287825750187, 7173541.026825579814613 ], [ 684005.615725343115628, 7173581.645185695961118 ], [ 684029.986756964121014, 7173630.387221861630678 ], [ 684033.236233406933025, 7173659.632446326315403 ], [ 684013.739425575477071, 7173692.127145788632333 ], [ 683994.24261417076923, 7173709.99923262372613 ], [ 683977.995271267136559, 7173724.621849197894335 ], [ 683932.502703909180127, 7173735.995003400370479 ], [ 683872.387531466200016, 7173774.988651670515537 ], [ 683838.268113380065188, 7173813.982293629087508 ], [ 683806.585795678896829, 7173846.47699605114758 ], [ 683754.594292493537068, 7173869.223294977098703 ], [ 683700.978056244319305, 7173898.468533243983984 ], [ 683676.607042467687279, 7173922.839560204185545 ], [ 683660.359702326008119, 7173948.835319934412837 ], [ 683660.359708269126713, 7173973.206340989097953 ], [ 683660.359715402359143, 7174002.451566254720092 ], [ 683661.984457974205725, 7174034.946260603144765 ], [ 683661.984465899062343, 7174067.44095534645021 ], [ 683652.236073459265754, 7174130.805612463504076 ], [ 683616.491925452719443, 7174189.296071674674749 ], [ 683592.12091285106726, 7174218.541302854195237 ], [ 683568.562269555055536, 7174255.910207528620958 ], [ 683537.692321520764381, 7174298.153318186290562 ], [ 683497.073965195333585, 7174338.771696470677853 ], [ 683419.086721431580372, 7174418.383717509917915 ], [ 683360.596288302913308, 7174476.874182237312198 ], [ 683321.602663443423808, 7174504.494682221673429 ], [ 683311.854259106446989, 7174519.117297225631773 ], [ 683313.478995337383822, 7174525.616235783323646 ], [ 683334.600548151298426, 7174535.364639101549983 ], [ 683352.472630087519065, 7174538.614104254171252 ], [ 683383.342591195483692, 7174549.987239951267838 ], [ 683412.587817259016447, 7174559.735641300678253 ], [ 683435.334107496659271, 7174580.857187390327454 ], [ 683443.457785097300075, 7174598.729267546907067 ], [ 683448.331993003259413, 7174614.976613750681281 ], [ 683446.707262707641348, 7174632.848696265369654 ], [ 683446.707267850986682, 7174653.970247864723206 ], [ 683445.082538742222823, 7174676.716534597799182 ], [ 683438.583605683641508, 7174699.462822509929538 ], [ 683432.084677372826263, 7174741.705927287228405 ], [ 683425.585749853868037, 7174787.198501545004547 ], [ 683425.585761327762157, 7174834.315808969549835 ], [ 683423.961035778513178, 7174871.684708358719945 ], [ 683418.274491408723406, 7174982.166671993210912 ], [ 683390.654035583953373, 7175118.644396783784032 ], [ 683384.155117552028969, 7175203.130604813806713 ], [ 683354.909905306994915, 7175250.247919345274568 ], [ 683319.165751291206107, 7175284.36735752876848 ], [ 683275.297920852084644, 7175305.488919760100543 ], [ 683211.933273808099329, 7175323.361017225310206 ], [ 683168.065441784099676, 7175337.98364049103111 ], [ 683077.080312378471717, 7175383.476235201582313 ], [ 683026.713539769873023, 7175389.975186330266297 ], [ 682981.220976638840511, 7175419.220422643236816 ], [ 682943.852089919964783, 7175461.463534910231829 ], [ 682927.604767081793398, 7175558.947623253799975 ], [ 682934.103717921068892, 7175609.314398637972772 ], [ 682934.103734098840505, 7175675.928523004055023 ], [ 682929.229550268966705, 7175758.789995959028602 ], [ 682916.231678971089423, 7175783.161020211875439 ], [ 682864.240180359687656, 7175825.404136028140783 ], [ 682815.498149864724837, 7175862.773046832531691 ], [ 682784.628199750324711, 7175896.892483845353127 ], [ 682748.884046072256751, 7175932.63665677420795 ], [ 682723.700666054151952, 7175961.881888191215694 ], [ 682694.455447432817891, 7175983.003446882590652 ], [ 682642.463941703550518, 7175996.001337345689535 ], [ 682590.472436761134304, 7176012.248697290197015 ], [ 682556.353011813014746, 7176023.621848702430725 ], [ 682522.233584895497188, 7176026.87132640555501 ], [ 682473.491544922580943, 7176025.246603405103087 ], [ 682442.621590064838529, 7176039.869223510846496 ], [ 682431.248452219530009, 7176059.366043148562312 ], [ 682431.248456940753385, 7176078.862860044464469 ], [ 682440.996871153824031, 7176104.85861356370151 ], [ 682453.99475152476225, 7176117.856488367542624 ], [ 682475.11630791623611, 7176142.227504406124353 ], [ 682489.738924514851533, 7176161.724317785352468 ], [ 682515.734685261035338, 7176187.720067392103374 ], [ 682535.231507001793943, 7176212.091083822771907 ], [ 682557.977801595348865, 7176251.084712149575353 ], [ 682561.227290591690689, 7176332.321448465809226 ], [ 682579.099383197608404, 7176379.438751679845154 ], [ 682601.845680949045345, 7176431.430257955566049 ], [ 682626.216709023574367, 7176465.549681670963764 ], [ 682694.455600727698766, 7176615.025261536240578 ], [ 682756.195535313803703, 7176688.138310072943568 ], [ 682814.686000210698694, 7176759.626624654047191 ], [ 682858.553846522350796, 7176803.494452133774757 ], [ 682907.295895225950517, 7176840.863339463248849 ], [ 682977.159496019245125, 7176884.731160663068295 ], [ 683008.029463534476236, 7176922.100052307359874 ], [ 683073.018864721991122, 7176983.839956859126687 ], [ 683097.389890861115418, 7177009.83570687007159 ], [ 683107.138305108645, 7177035.831460411660373 ], [ 683116.886724492302164, 7177082.948765624314547 ], [ 683139.633020325331017, 7177126.816598208621144 ], [ 683204.622419169871137, 7177178.808094305917621 ], [ 683250.115003347280435, 7177235.673799345269799 ], [ 683277.735501578077674, 7177273.04269178211689 ], [ 683277.735512252431363, 7177316.910529874265194 ], [ 683272.861316586961038, 7177351.029960682615638 ], [ 683267.987118549528532, 7177375.400983028113842 ], [ 683258.238714569131844, 7177391.648332830518484 ], [ 683133.134161099442281, 7177453.388283368200064 ], [ 683073.018989895004779, 7177498.880870742723346 ], [ 683004.780145403579809, 7177544.37346007861197 ], [ 682941.415505658951588, 7177593.115517722442746 ], [ 682760.257628176012076, 7177744.215892726555467 ], [ 682713.140332205453888, 7177781.584803228266537 ], [ 682690.394051743554883, 7177801.08162565715611 ], [ 682685.519851320888847, 7177815.704239539802074 ], [ 682679.020918211201206, 7177838.45052754227072 ], [ 682682.270394222578034, 7177866.071017431095243 ], [ 682706.64142392296344, 7177906.689380193129182 ], [ 682726.138246895628981, 7177935.934600912034512 ], [ 682755.383475841605105, 7177957.056145552545786 ], [ 682791.12764144456014, 7177970.054014896973968 ], [ 682826.871800346067175, 7177955.431393562816083 ], [ 682883.73750662826933, 7177927.810889164917171 ], [ 682922.7311336544808, 7177908.314062806777656 ], [ 682986.095778160612099, 7177879.068822089582682 ], [ 683020.215200819540769, 7177857.947262157686055 ], [ 683033.213074518367648, 7177843.324646309018135 ], [ 683052.709888027864508, 7177833.576233128085732 ], [ 683064.083031018963084, 7177835.200965125113726 ], [ 683075.456176378997043, 7177846.574105595238507 ], [ 683085.204589056782424, 7177866.070920185185969 ], [ 683109.575617988826707, 7177903.439813444390893 ], [ 683141.257959198555909, 7177966.804460866376758 ], [ 683154.255844748811796, 7178000.923887385055423 ], [ 683165.628994457307272, 7178030.169110061600804 ], [ 683177.002141796401702, 7178049.66592426225543 ], [ 683206.247376291430555, 7178093.533755334094167 ], [ 683233.86788166500628, 7178160.147873243317008 ], [ 683240.366836496279575, 7178226.761996264569461 ], [ 683263.11316438682843, 7178402.233343384228647 ], [ 683264.737906157970428, 7178431.478568430058658 ], [ 683274.486322801792994, 7178467.222730502486229 ], [ 683282.609998462488875, 7178476.971137017011642 ], [ 683293.983144231373444, 7178489.969012240879238 ], [ 683305.356290394207463, 7178504.591622211970389 ], [ 683321.603641719091684, 7178524.088435243815184 ], [ 683342.725198599859141, 7178550.084186084568501 ], [ 683362.222021219437011, 7178577.704672066494823 ], [ 683381.718845025403425, 7178610.199362291023135 ], [ 683397.966197937144898, 7178636.195114314556122 ], [ 683399.590936550637707, 7178652.442461391910911 ], [ 683400.4033109996235, 7178681.687686645425856 ], [ 683380.906501822872087, 7178709.308182068169117 ], [ 683350.036551220575348, 7178741.802884483709931 ], [ 683322.416070725303143, 7178777.547055611386895 ], [ 683278.548247591592371, 7178829.538578141480684 ], [ 683213.558867567684501, 7178855.534349819645286 ], [ 683163.192104997811839, 7178904.276404423639178 ], [ 683150.194235626142472, 7178936.771102521568537 ], [ 683148.569515186594799, 7178995.261553836986423 ], [ 683153.443729828461073, 7179039.129390854388475 ], [ 683158.317949607153423, 7179104.118779601529241 ], [ 683168.066372967790812, 7179167.483432427048683 ], [ 683190.812672420986928, 7179225.973877871409059 ], [ 683209.497147478163242, 7179334.831101506948471 ], [ 683220.870297207613476, 7179364.076324233785272 ], [ 683245.2413265905343, 7179403.069952312856913 ], [ 683254.989741268800572, 7179430.690440687350929 ], [ 683256.614481856580824, 7179455.06146152690053 ], [ 683250.1155507247895, 7179485.931423330679536 ], [ 683232.243481317767873, 7179534.673470124602318 ], [ 683235.492954590823501, 7179550.920816829428077 ], [ 683235.492957751033828, 7179563.918694821186364 ], [ 683181.876722653745674, 7179599.662872267886996 ], [ 683068.145311432308517, 7179661.402820222079754 ], [ 682980.409650027169846, 7179703.645944893360138 ], [ 682891.049255527905189, 7179752.388008953072131 ], [ 682860.179303680313751, 7179780.008507143706083 ], [ 682848.806166181107983, 7179801.130061632022262 ], [ 682848.806172884185798, 7179828.750552378594875 ], [ 682875.614306224277243, 7179875.867853653617203 ], [ 682898.360597393475473, 7179900.23886941280216 ], [ 682929.230564236291684, 7179934.358291713520885 ], [ 682987.721046759514138, 7180077.334935606457293 ], [ 683023.465228254441172, 7180155.322194993495941 ], [ 683052.710462030256167, 7180195.940556692890823 ], [ 683081.955696205375716, 7180238.183653145097196 ], [ 683116.075131209334359, 7180267.428870413452387 ], [ 683164.817177776480094, 7180295.049349400214851 ], [ 683205.435546298394911, 7180303.173013335093856 ], [ 683231.431300887372345, 7180303.173007050529122 ], [ 683337.851418075850233, 7180290.175103309564292 ], [ 683430.461291030980647, 7180278.801937645301223 ], [ 683540.943249221774749, 7180283.676115149632096 ], [ 683617.305783078190871, 7180303.172913664951921 ], [ 683747.284559593070298, 7180317.795494921505451 ], [ 683802.525538493646309, 7180319.420216277241707 ], [ 683831.770763993612491, 7180325.919148188084364 ], [ 683846.393379518645816, 7180340.541757397353649 ], [ 683862.64073089545127, 7180360.038570467382669 ], [ 683869.139677870087326, 7180394.157998662441969 ], [ 683875.638624845538288, 7180428.277426859363914 ], [ 683893.510711284121498, 7180449.398974285461009 ], [ 683909.758058302337304, 7180451.023705095052719 ], [ 683950.376426840433851, 7180459.147368991747499 ], [ 683989.370058733969927, 7180459.147359527647495 ], [ 684031.613161140703596, 7180464.021553525701165 ], [ 684085.229406979400665, 7180472.145214261487126 ], [ 684140.470386685919948, 7180477.019405094906688 ], [ 684169.715616165311076, 7180499.765684507787228 ], [ 684263.950241678394377, 7180561.50558215379715 ], [ 684348.436462013283744, 7180634.618625424802303 ], [ 684411.801123398006894, 7180673.612244047224522 ], [ 684475.165782402269542, 7180702.857454158365726 ], [ 684517.408888408332132, 7180722.354260896332562 ], [ 684590.521951019763947, 7180733.727386355400085 ], [ 684621.39191040978767, 7180736.976848341524601 ], [ 684670.133951089577749, 7180740.22630596999079 ], [ 684752.995424471446313, 7180762.972572301514447 ], [ 684818.797180908732116, 7180773.533332146704197 ] ] ] ] } }
]
}
