{
"type": "FeatureCollection",
"name": "rio_miringuava",
"crs": { "type": "name", "properties": { "name": "urn:ogc:def:crs:EPSG::31982" } },
"features": [
{ "type": "Feature", "properties": { "AREA": 161303189.76879999, "PERIMETER": 92226.60061, "BACIAS1_": 22, "BACIAS1_ID": 0, "NOME_BACIA": "RIO MIRINGUAVA", "SUB_AREA": 161.3, "SUBCODIGO": 21, "BACCODIGO": 2, "SUBNOME": "RIO MIRINGUAVA", "SUBBAC_DAT": "2002-01-03", "SUBBAC_POP": 10086, "SUBBAC_P_1": 13781, "SUBBAC_DEN": 85.43, "SUBBAC_D_1": 62.53 }, "geometry": { "type": "MultiPolygon", "coordinates": [ [ [ [ 682208.106182438321412, 7171047.644340666010976 ], [ 682227.602998926886357, 7171050.893805436789989 ], [ 682271.470844483934343, 7171093.136897876858711 ], [ 682295.841873554512858, 7171132.130525548011065 ], [ 682315.338694371981546, 7171153.25207235570997 ], [ 682338.084979361621663, 7171153.252066880464554 ], [ 682375.453873769612983, 7171143.50364949926734 ], [ 682394.138317823410034, 7171125.631562961265445 ], [ 682407.136189450044185, 7171102.885273601859808 ], [ 682413.63511935796123, 7171067.141107961535454 ], [ 682416.884576440555975, 7171016.774330532178283 ], [ 682431.507177194580436, 7170971.281754556111991 ], [ 682451.003981871181168, 7170925.789177410304546 ], [ 682475.374988107243553, 7170870.548190710134804 ], [ 682488.372861697105691, 7170855.925575008615851 ], [ 682507.869675818132237, 7170849.426631391048431 ], [ 682540.36436825315468, 7170847.801888829097152 ], [ 682589.106407101266086, 7170846.177142350003123 ], [ 682605.353753516683355, 7170846.177138432860374 ], [ 682663.844201790285297, 7170851.051328523084521 ], [ 682715.835711893625557, 7170857.550254901871085 ], [ 682735.332527985563502, 7170859.17498492822051 ], [ 682762.953022411093116, 7170881.921264485456049 ], [ 682782.449843238224275, 7170903.042811274528503 ], [ 682800.321926660719328, 7170912.791215343400836 ], [ 682818.194007718935609, 7170912.79121102951467 ], [ 682847.439226927468553, 7170894.919121937826276 ], [ 682849.063960385974497, 7170890.044917354360223 ], [ 682865.311302854912356, 7170873.797566130757332 ], [ 682896.181255912641063, 7170852.676007181406021 ], [ 682917.302805068204179, 7170847.801797891966999 ], [ 682951.422232932178304, 7170849.426524383947253 ], [ 683009.91268081497401, 7170852.675979712046683 ], [ 683052.155784258036874, 7170864.049112614244223 ], [ 683089.524683776311576, 7170875.422246696427464 ], [ 683123.644112829118967, 7170881.921177366748452 ], [ 683139.89146359055303, 7170899.793255472555757 ], [ 683152.889347048127092, 7170925.789008014835417 ], [ 683152.889355347026139, 7170959.908437351696193 ], [ 683135.017284167697653, 7171000.526809934526682 ], [ 683112.271009456017055, 7171042.7699184268713 ], [ 683120.394694519229233, 7171091.511958382092416 ], [ 683131.767849263153039, 7171141.878732284530997 ], [ 683144.765741416020319, 7171203.618648916482925 ], [ 683180.50991184648592, 7171237.738069622777402 ], [ 683214.629348427290097, 7171275.10696018487215 ], [ 683248.748780267313123, 7171292.979033973067999 ], [ 683308.051598669728264, 7171309.226366935297847 ], [ 683329.173149812966585, 7171312.475831286981702 ], [ 683368.166784793138504, 7171327.098434427753091 ], [ 683442.904587846947834, 7171366.092049880884588 ], [ 683498.145574404159561, 7171401.836200589314103 ], [ 683540.388681054231711, 7171426.207211324945092 ], [ 683585.881261349190027, 7171468.450303318910301 ], [ 683642.746980186668225, 7171494.446045240387321 ], [ 683688.239556528977118, 7171520.441789913922548 ], [ 683727.23319271649234, 7171539.938597237691283 ], [ 683785.723641449236311, 7171546.437521972693503 ], [ 683847.463559072231874, 7171551.311711186543107 ], [ 683943.322903801570646, 7171554.561157379299402 ], [ 684022.934903293149546, 7171562.684811698272824 ], [ 684100.922171719372272, 7171585.431078992784023 ], [ 684131.792132321279496, 7171595.179479880258441 ], [ 684169.973395638749935, 7171591.93000113312155 ], [ 684192.719680642127059, 7171591.929995601996779 ], [ 684256.084325360949151, 7171565.934224482625723 ], [ 684327.572638914454728, 7171522.066369333304465 ], [ 684407.184624081710353, 7171471.699573273770511 ], [ 684522.54076978797093, 7171414.833829580806196 ], [ 684611.901167568052188, 7171383.963847909122705 ], [ 684719.133646807167679, 7171354.718596601858735 ], [ 684797.120902871247381, 7171327.098087146878242 ], [ 684875.108161324169487, 7171309.225986072793603 ], [ 684948.221217043581419, 7171296.228090376593173 ], [ 685000.212725202203728, 7171294.603342948481441 ], [ 685044.892927070148289, 7171291.353862570598722 ], [ 685087.136025376967154, 7171281.605443862266839 ], [ 685142.37699363171123, 7171242.611796816810966 ], [ 685186.244815788348205, 7171188.995539967902005 ], [ 685226.863171452190727, 7171146.752427032217383 ], [ 685244.735245720250532, 7171119.13193223811686 ], [ 685270.730993597651832, 7171093.13617018610239 ], [ 685324.347227986669168, 7171057.391992995515466 ], [ 685360.09138130932115, 7171021.647820174694061 ], [ 685392.586061345064081, 7170969.656300844624639 ], [ 685425.080742176854983, 7170920.91425097733736 ], [ 685439.703342748689465, 7170875.421674948185682 ], [ 685441.328059382503852, 7170802.308611692860723 ], [ 685441.328043377492577, 7170737.319222488440573 ], [ 685453.513547183596529, 7170712.948198556900024 ], [ 685495.756639449158683, 7170678.828758885152638 ], [ 685542.873937634984031, 7170652.832991666160524 ], [ 685583.492297254037112, 7170626.83722603879869 ], [ 685612.737517187022604, 7170612.214606304652989 ], [ 685656.605346083990298, 7170586.218839880079031 ], [ 685716.720516577246599, 7170540.726252711378038 ], [ 685789.833562586107291, 7170488.734723436646163 ], [ 685820.703514744760469, 7170464.363694922998548 ], [ 685885.692891547456384, 7170428.619514930993319 ], [ 685924.686518909642473, 7170412.372158065438271 ], [ 685975.053287548595108, 7170391.250594220124185 ], [ 686017.296380575513467, 7170360.380623990669847 ], [ 686056.290001106914133, 7170316.512776726856828 ], [ 686074.162073718733154, 7170282.393343027681112 ], [ 686092.034147130907513, 7170251.523378783836961 ], [ 686108.281487509375438, 7170227.15235386043787 ], [ 686127.778300780570135, 7170217.403940694406629 ], [ 686155.398788056103513, 7170210.904994992539287 ], [ 686186.26874621945899, 7170210.904987404122949 ], [ 686233.386050380999222, 7170209.280241090804338 ], [ 686264.256005730247125, 7170197.907090399414301 ], [ 686285.377551227691583, 7170178.410268458537757 ], [ 686322.746436288114637, 7170131.292952133342624 ], [ 686360.115322551806457, 7170089.049839993938804 ], [ 686396.671831836458296, 7170007.813094574026763 ], [ 686404.795497794519179, 7169978.567867463454604 ], [ 686404.79549256444443, 7169957.446315995417535 ], [ 686411.294426296371967, 7169937.949497655965388 ], [ 686427.541769875446334, 7169926.576350558549166 ], [ 686473.034337769378908, 7169918.452665718272328 ], [ 686505.529030559002422, 7169918.45265771728009 ], [ 686567.268949276767671, 7169928.201050881296396 ], [ 686601.388376705232076, 7169928.201042477041483 ], [ 686672.87669722083956, 7169913.578412304632366 ], [ 686695.622980560758151, 7169907.079467785544693 ], [ 686726.492935890797526, 7169895.706317078322172 ], [ 686763.861827358603477, 7169874.584756398573518 ], [ 686804.480184475076385, 7169838.840582361444831 ], [ 686841.849066664464772, 7169780.350122937001288 ], [ 686869.469549885368906, 7169757.603829932399094 ], [ 686892.2158287842758, 7169733.23280340153724 ], [ 686908.463169527356513, 7169710.486513203009963 ], [ 686914.96210243855603, 7169687.740225410088897 ], [ 686948.269143172772601, 7169609.752950262278318 ], [ 686972.640155491651967, 7169580.507719151675701 ], [ 687013.258517022593878, 7169562.635627120733261 ], [ 687040.879005881026387, 7169562.635620299726725 ], [ 687076.623164703836665, 7169549.637733651325107 ], [ 687096.11997188848909, 7169515.51829956099391 ], [ 687104.243639026070014, 7169491.147276643663645 ], [ 687118.866245926939882, 7169471.650456303730607 ], [ 687125.365183673100546, 7169468.40098524466157 ], [ 687151.360935064149089, 7169457.027835729531944 ], [ 687187.105097918771207, 7169460.277296350337565 ], [ 687214.725589197129011, 7169470.025697886012495 ], [ 687239.09660796681419, 7169466.776222406886518 ], [ 687255.343949907226488, 7169448.904136391356587 ], [ 687255.343945462373085, 7169431.032054390758276 ], [ 687232.597652846714482, 7169400.162100199609995 ], [ 687217.975035041105002, 7169375.791082907468081 ], [ 687219.599759174045175, 7169333.547979604452848 ], [ 687221.224487347528338, 7169307.552223572507501 ], [ 687256.968640498584136, 7169271.808050744235516 ], [ 687292.712791623780504, 7169227.940204280428588 ], [ 687333.331145849544555, 7169180.822887161746621 ], [ 687390.19684685417451, 7169135.330300750210881 ], [ 687447.062554323114455, 7169115.833469959907234 ], [ 687513.676673258887604, 7169110.959249287843704 ], [ 687572.167115361080505, 7169091.462418087758124 ], [ 687598.162865920574404, 7169076.839799108915031 ], [ 687635.531762588885613, 7169076.839789852499962 ], [ 687664.776987281627953, 7169081.713986785151064 ], [ 687695.646945397835225, 7169081.713979136198759 ], [ 687703.770615345682018, 7169068.716099310666323 ], [ 687713.519017095211893, 7169044.345075999386609 ], [ 687721.642685017664917, 7169023.223522542975843 ], [ 687733.015824239235371, 7169010.22564191557467 ], [ 687757.38684096687939, 7168998.852492787875235 ], [ 687793.131001776549965, 7168993.978279747068882 ], [ 687832.124635103391483, 7169002.101943708024919 ], [ 687872.743002257775515, 7169006.97613781131804 ], [ 687911.736633965047076, 7169008.600862864404917 ], [ 687934.482918891124427, 7169008.600857218727469 ], [ 687963.728139121085405, 7168995.602972150780261 ], [ 687996.222825786680914, 7168971.231943193823099 ], [ 688019.78147275513038, 7168950.110385904088616 ], [ 688045.777218432282098, 7168915.99095020070672 ], [ 688060.399824080872349, 7168891.619925678707659 ], [ 688068.523489149520174, 7168859.125229142606258 ], [ 688070.14821607619524, 7168828.255268946290016 ], [ 688076.647148129530251, 7168802.259511720389128 ], [ 688086.395553517038934, 7168792.511100944131613 ], [ 688107.517102581681684, 7168787.636891521513462 ], [ 688122.139717157464474, 7168799.010030968114734 ], [ 688128.638662202400155, 7168825.005784967914224 ], [ 688133.512874639127403, 7168859.125213000923395 ], [ 688136.762351627810858, 7168889.99517198652029 ], [ 688157.88391287648119, 7168933.86300434358418 ], [ 688187.129144066479057, 7168964.732956873252988 ], [ 688205.001230359543115, 7168985.854503873735666 ], [ 688221.248585264896974, 7169019.973929088562727 ], [ 688227.747528688982129, 7169039.470744187943637 ], [ 688247.244348809588701, 7169057.342821331694722 ], [ 688273.240105450619012, 7169067.091223228722811 ], [ 688328.481088009430096, 7169086.588026210665703 ], [ 688373.973655832698569, 7169078.464341266080737 ], [ 688393.470470672589727, 7169075.21486696228385 ], [ 688430.839369778404944, 7169084.963266022503376 ], [ 688468.208275396609679, 7169120.707420707680285 ], [ 688492.579305945895612, 7169164.575252261012793 ], [ 688512.076130551984534, 7169200.31941139511764 ], [ 688538.071890454739332, 7169223.065691096708179 ], [ 688575.44079282740131, 7169245.811967968940735 ], [ 688630.681775406934321, 7169265.308770931325853 ], [ 688679.423819029820152, 7169283.180840788409114 ], [ 688718.417459305841476, 7169318.924995064735413 ], [ 688757.411101621575654, 7169362.792822975665331 ], [ 688767.159522488713264, 7169414.784331815317273 ], [ 688776.907942946651019, 7169465.151105929166079 ], [ 688798.029500990873203, 7169496.021060482598841 ], [ 688814.276853895746171, 7169522.01681206934154 ], [ 688822.400532386614941, 7169543.138361502438784 ], [ 688853.27049541240558, 7169562.63517053425312 ], [ 688876.016786877764389, 7169588.630920501425862 ], [ 688897.950706540141255, 7169596.754588670097291 ], [ 688923.94646320771426, 7169606.502990553155541 ], [ 688943.443282951368019, 7169622.750332964584231 ], [ 688951.566960630938411, 7169640.622412942349911 ], [ 688964.564845083048567, 7169669.867634799331427 ], [ 688977.562727495562285, 7169690.989183016121387 ], [ 689008.43268726975657, 7169697.488114222884178 ], [ 689039.302641333313659, 7169681.240759242326021 ], [ 689065.298388620372862, 7169653.620262380689383 ], [ 689099.417810733546503, 7169632.498702402226627 ], [ 689127.038293881923892, 7169609.752409318462014 ], [ 689144.910365522257052, 7169572.383506121113896 ], [ 689149.784561275271699, 7169539.888810355216265 ], [ 689161.157698439084925, 7169518.767256056889892 ], [ 689162.78242654632777, 7169492.77150001283735 ], [ 689170.906093207537197, 7169466.775742345489562 ], [ 689182.279232819448225, 7169455.402596415951848 ], [ 689227.771798614761792, 7169439.155237777158618 ], [ 689276.513832051539794, 7169416.408939415588975 ], [ 689315.507459288695827, 7169400.161582397297025 ], [ 689359.375292074633762, 7169390.413163067772985 ], [ 689390.245250204345211, 7169390.413155348971486 ], [ 689434.113081353250891, 7169374.165797106921673 ], [ 689440.612018271582201, 7169367.666856571100652 ], [ 689473.106710221618414, 7169364.41737898811698 ], [ 689516.974541366798803, 7169348.170020742341876 ], [ 689542.970293125836179, 7169338.421605874784291 ], [ 689562.467108784709126, 7169338.421600995585322 ], [ 689573.840251253452152, 7169338.421598148532212 ], [ 689588.462865043664351, 7169346.545268123969436 ], [ 689606.334952612523921, 7169372.541019281372428 ], [ 689617.708102446747944, 7169401.786241522058845 ], [ 689637.204923019045964, 7169421.283053366467357 ], [ 689656.70174359343946, 7169440.779865212738514 ], [ 689679.448032625135966, 7169457.027206789702177 ], [ 689715.192195902345702, 7169461.901402018964291 ], [ 689749.311622901819646, 7169460.276658743619919 ], [ 689792.367087956517935, 7169448.903504863381386 ], [ 689810.239166112965904, 7169437.530357293784618 ], [ 689815.113364293705672, 7169414.784069892019033 ], [ 689819.987560016685165, 7169382.289374127052724 ], [ 689832.985430160653777, 7169354.668880507349968 ], [ 689878.477993066422641, 7169327.048378743231297 ], [ 689902.849016329506412, 7169341.670985176227987 ], [ 689928.844773001386784, 7169351.419387020170689 ], [ 689974.337342875311151, 7169351.419375609606504 ], [ 690026.328852120786905, 7169354.668832018971443 ], [ 690063.697748803300783, 7169354.668822644278407 ], [ 690078.320359317702241, 7169349.794614791870117 ], [ 690101.06663851137273, 7169327.048322904855013 ], [ 690114.064509874093346, 7169304.302033465355635 ], [ 690130.311848869896494, 7169275.056804301217198 ], [ 690146.559182530501857, 7169224.690023688599467 ], [ 690169.305459666065872, 7169193.820058168843389 ], [ 690205.049615955562331, 7169171.073763018473983 ], [ 690237.544308304786682, 7169169.449020131491125 ], [ 690270.03900106344372, 7169169.449011966586113 ], [ 690299.28422126127407, 7169156.451126806437969 ], [ 690317.156301045324653, 7169151.576918134465814 ], [ 690349.650992982788011, 7169148.327440515160561 ], [ 690377.271480183815584, 7169141.828494666144252 ], [ 690413.015635641408153, 7169115.832730054855347 ], [ 690429.262975444085896, 7169089.836970344185829 ], [ 690456.883452777867205, 7169044.344391057267785 ], [ 690468.256585377035663, 7169005.350754765793681 ], [ 690491.002862902940251, 7168976.105523969978094 ], [ 690526.747017116984352, 7168945.235555181279778 ], [ 690560.054071016260423, 7168920.864525908604264 ], [ 690586.049819457344711, 7168898.118233200162649 ], [ 690608.796099854633212, 7168880.246145490556955 ], [ 690654.288666819920763, 7168868.87299095466733 ], [ 690675.410216282005422, 7168865.623516186140478 ], [ 690699.781233783229254, 7168857.499836418777704 ], [ 690742.024331059656106, 7168844.501947972923517 ], [ 690787.516902136616409, 7168849.37614069133997 ], [ 690823.261068275081925, 7168865.623478947207332 ], [ 690857.380497718462721, 7168873.747143980115652 ], [ 690906.12253766215872, 7168876.996601145714521 ], [ 690964.612984193954617, 7168875.371851671487093 ], [ 691029.602369273896329, 7168873.747100557200611 ], [ 691066.971262633684091, 7168860.749213321134448 ], [ 691096.216484454926103, 7168854.250267038121819 ], [ 691118.962769377510995, 7168854.250261299312115 ], [ 691141.709054299164563, 7168854.250255558639765 ], [ 691166.080077571328729, 7168868.872861940413713 ], [ 691185.576900232816115, 7168896.493347361683846 ], [ 691201.824251970974728, 7168917.614894699305296 ], [ 691222.945803084410727, 7168920.86435881908983 ], [ 691248.941556457080878, 7168917.61488280352205 ], [ 691279.811513742548414, 7168914.365405555814505 ], [ 691302.557799904840067, 7168919.23960398696363 ], [ 691325.304091435158625, 7168945.235353861004114 ], [ 691354.549320278689265, 7168966.356897912919521 ], [ 691385.419282522168942, 7168982.604237376712263 ], [ 691448.783935039304197, 7168989.103160265833139 ], [ 691484.528095826506615, 7168984.228947048075497 ], [ 691502.400175599846989, 7168979.354738352820277 ], [ 691551.954579151817597, 7168967.981582736596465 ], [ 691620.19343186088372, 7168959.857891840860248 ], [ 691649.438653681776486, 7168953.358945537358522 ], [ 691675.4344045718899, 7168940.36106114834547 ], [ 691722.551706576603465, 7168930.612640863284469 ], [ 691737.174319554353133, 7168935.486841341480613 ], [ 691755.046405532513745, 7168954.9836535314098 ], [ 691772.918489855830558, 7168967.981526816263795 ], [ 691816.786327554378659, 7168977.729924064129591 ], [ 691850.905759081942961, 7168993.97726268414408 ], [ 691867.153110013576224, 7169011.849340558052063 ], [ 691888.274666514364071, 7169036.220356104895473 ], [ 691899.647819332312793, 7169076.838721385225654 ], [ 691907.771501218318008, 7169110.958148581907153 ], [ 691930.517797332024202, 7169154.825980437919497 ], [ 691969.511429885169491, 7169159.700174735859036 ], [ 692015.003997261985205, 7169149.951754841953516 ], [ 692063.746034327195957, 7169141.828068848699331 ], [ 692128.735419843578711, 7169141.828052364289761 ], [ 692177.477464371942915, 7169162.949591444805264 ], [ 692227.844239808851853, 7169169.448517570272088 ], [ 692278.21101358695887, 7169169.448504785075784 ], [ 692335.076725916238502, 7169169.448490345850587 ], [ 692387.068233917001635, 7169167.823742413893342 ], [ 692426.874234207789414, 7169174.322671208530664 ], [ 692431.748438537004404, 7169175.947404695674777 ], [ 692465.867866766406223, 7169179.196865477599204 ], [ 692485.364682837156579, 7169180.821595251560211 ], [ 692514.609901751857251, 7169162.949505821801722 ], [ 692537.356177125941031, 7169125.580601327121258 ], [ 692551.978780971257947, 7169094.710637804120779 ], [ 692573.100325860781595, 7169073.589080987498164 ], [ 692597.471345428144559, 7169073.589074790477753 ], [ 692631.590775314485654, 7169083.337474471889436 ], [ 692678.708083553705364, 7169097.960075026378036 ], [ 692719.326451995177194, 7169107.708473050966859 ], [ 692745.322205784730613, 7169106.083731709048152 ], [ 692764.819017695728689, 7169091.46111420635134 ], [ 692790.81476399442181, 7169060.591147786006331 ], [ 692805.437369077699259, 7169034.595388438552618 ], [ 692828.183648179285228, 7169011.849096477031708 ], [ 692870.426739600952715, 7168976.10492174141109 ], [ 692896.422488807467744, 7168956.608098403550684 ], [ 692932.166645836434327, 7168937.111272582784295 ], [ 692976.03447521768976, 7168914.364975238218904 ], [ 692997.156019673100673, 7168891.618683690205216 ], [ 693016.652828240417875, 7168863.998188376426697 ], [ 693031.275435394374654, 7168846.126102663576603 ], [ 693073.51853221305646, 7168831.503479358740151 ], [ 693109.262693816563115, 7168829.878735520876944 ], [ 693148.256323442794383, 7168823.379786673933268 ], [ 693172.627340918406844, 7168815.256106827408075 ], [ 693226.243578525958583, 7168794.134541712701321 ], [ 693264.42483832850121, 7168777.887184709310532 ], [ 693309.917399824364111, 7168745.392478581517935 ], [ 693339.16261578258127, 7168716.147246052511036 ], [ 693378.156240393407643, 7168690.151480483822525 ], [ 693392.778842943254858, 7168654.407312783412635 ], [ 693397.653036001836881, 7168612.164208672940731 ], [ 693397.65302514960058, 7168569.921105811372399 ], [ 693405.776688314857893, 7168530.927470326423645 ], [ 693413.900353984325193, 7168501.682243196293712 ], [ 693441.520835709292442, 7168474.061745810322464 ], [ 693465.891848993021995, 7168449.690718706697226 ], [ 693500.011269678361714, 7168423.694954385980964 ], [ 693524.382277110009454, 7168376.577641133219004 ], [ 693550.378023355035111, 7168345.707674713805318 ], [ 693582.872707723639905, 7168313.212971908040345 ], [ 693599.120045728515834, 7168280.718273256905377 ], [ 693605.618972155498341, 7168233.600964576005936 ], [ 693603.994225820526481, 7168188.108392702415586 ], [ 693587.746867762645707, 7168142.615824566222727 ], [ 693577.186078007449396, 7168085.750111907720566 ], [ 693573.936599962296896, 7168051.630683527328074 ], [ 693577.186060459818691, 7168017.511253485456109 ], [ 693595.058130586752668, 7167975.268146088346839 ], [ 693595.05812223139219, 7167942.773451604880393 ], [ 693590.183909132611006, 7167907.029288921505213 ], [ 693586.934430252527818, 7167869.660391100682318 ], [ 693586.934416046831757, 7167814.419410489499569 ], [ 693604.806484078872018, 7167764.052629483863711 ], [ 693621.053821235196665, 7167728.308461409062147 ], [ 693624.303277549566701, 7167677.941684145480394 ], [ 693640.55061010515783, 7167624.325434118509293 ], [ 693640.550598820671439, 7167580.457596588879824 ], [ 693638.925854573026299, 7167543.088698368519545 ], [ 693630.802176386234351, 7167523.591883766464889 ], [ 693629.177435483550653, 7167499.220863334834576 ], [ 693634.864004195900634, 7167489.472453542053699 ], [ 693670.608159881783649, 7167465.101423554122448 ], [ 693717.725458423839882, 7167442.355125380679965 ], [ 693768.092225812608376, 7167417.984091649763286 ], [ 693800.586909714736976, 7167383.864654153585434 ], [ 693839.58053005579859, 7167341.621541379019618 ], [ 693881.823617987334728, 7167292.879488881677389 ], [ 693899.69569100975059, 7167262.009524574503303 ], [ 693930.565639426931739, 7167224.640618050470948 ], [ 693958.186122340266593, 7167201.894324861466885 ], [ 694005.30341792490799, 7167167.774883619509637 ], [ 694029.674430311424658, 7167140.154387095011771 ], [ 694029.67442528589163, 7167120.657570425421 ], [ 694016.676544866175391, 7167107.659695979207754 ], [ 693989.056053584790789, 7167097.911294721998274 ], [ 693953.311888296855614, 7167084.913426099345088 ], [ 693911.068782386020757, 7167063.791885528713465 ], [ 693902.945102520985529, 7167037.796132056042552 ], [ 693904.569827528903261, 7167000.427233032882214 ], [ 693924.066628060303628, 7166941.936778048053384 ], [ 693943.563427332555875, 7166878.572118900716305 ], [ 693967.934439711389132, 7166850.951622389256954 ], [ 693994.742557806544937, 7166837.953737745992839 ], [ 694009.365168246091343, 7166833.079529836773872 ], [ 694041.859858811716549, 7166824.955847902223468 ], [ 694079.228750343434513, 7166805.459021664224565 ], [ 694095.476089969044551, 7166779.46326195448637 ], [ 694088.977140126517043, 7166735.595426140353084 ], [ 694085.727653265930712, 7166667.356568673625588 ], [ 694064.606086286716163, 7166602.367185236886144 ], [ 694027.237174244830385, 7166542.252010131254792 ], [ 694025.612434585345909, 7166522.755193894729018 ], [ 694036.985563609981909, 7166470.763679910451174 ], [ 694059.731827936368063, 7166391.151672763749957 ], [ 694074.354427474201657, 7166344.034362114965916 ], [ 694098.725437317974865, 7166306.66545729432255 ], [ 694139.343793475767598, 7166269.296548308804631 ], [ 694184.836352266604081, 7166227.053433913737535 ], [ 694209.207365873036906, 7166204.307141579687595 ], [ 694227.079439693596214, 7166176.686646750196815 ], [ 694257.137018216773868, 7166129.569332154467702 ], [ 694286.382232776610181, 7166095.449895527213812 ], [ 694317.252182382508181, 7166062.95519320294261 ], [ 694322.126382083166391, 7166046.707844752818346 ], [ 694322.126377469394356, 7166028.835762832313776 ], [ 694312.377960034296848, 7165991.466866778209805 ], [ 694297.755342901451513, 7165970.345319170504808 ], [ 694288.00692379148677, 7165926.477484240196645 ], [ 694288.006916243233718, 7165897.232259286567569 ], [ 694301.004784903256223, 7165864.73756155744195 ], [ 694330.250001127133146, 7165837.117063821293414 ], [ 694348.122077451669611, 7165819.244977319613099 ], [ 694354.621008843998425, 7165791.624485420063138 ], [ 694356.245736760902219, 7165765.628729492425919 ], [ 694356.245727950357832, 7165731.509300386533141 ], [ 694352.996251136413775, 7165702.26407627388835 ], [ 694352.996246942318976, 7165686.016729082912207 ], [ 694352.996241489076056, 7165664.89517773129046 ], [ 694352.996235195547342, 7165640.524156944826245 ], [ 694359.495169521076605, 7165624.276808086782694 ], [ 694372.49304320756346, 7165611.278926998376846 ], [ 694429.35874981363304, 7165590.157361050136387 ], [ 694468.352377162198536, 7165575.534738567657769 ], [ 694502.471801038365811, 7165562.536852049641311 ], [ 694533.341749774990603, 7165526.79268030449748 ], [ 694564.211702288128436, 7165505.671121025457978 ], [ 694565.024064142722636, 7165484.549569473601878 ], [ 694563.399324892903678, 7165466.677487986162305 ], [ 694563.399320273892954, 7165448.805406080558896 ], [ 694576.397191433003172, 7165426.059116679243743 ], [ 694612.141345309559256, 7165395.189147840254009 ], [ 694652.759703913703561, 7165367.568647181615233 ], [ 694699.876998511143029, 7165330.199736543931067 ], [ 694709.62540460890159, 7165323.700795161537826 ], [ 694720.998544074129313, 7165312.327649210579693 ], [ 694729.122216802556068, 7165310.702912400476635 ], [ 694745.369563519954681, 7165312.327642941847444 ], [ 694751.868508344283327, 7165336.698662046343088 ], [ 694756.742714756750502, 7165346.447069103829563 ], [ 694779.488999572815374, 7165346.447063251398504 ], [ 694805.484752387506887, 7165341.572852407582104 ], [ 694837.979444982949644, 7165341.572844047099352 ], [ 694859.100996011053212, 7165344.822308048605919 ], [ 694876.973082406911999, 7165365.943854788318276 ], [ 694920.840918674948625, 7165370.81804765202105 ], [ 694964.708750734105706, 7165359.444893326610327 ], [ 694982.58082745235879, 7165343.197541540488601 ], [ 695008.576577320578508, 7165326.950187660753727 ], [ 695036.197062236606143, 7165312.327568084001541 ], [ 695063.817549677798524, 7165307.453356811776757 ], [ 695088.188569123856723, 7165307.453350530937314 ], [ 695120.683261716505513, 7165307.453342158347368 ], [ 695153.177955153747462, 7165310.70280322059989 ], [ 695195.421054683509283, 7165307.453322894871235 ], [ 695223.04154085891787, 7165297.704907463863492 ], [ 695247.412557775853202, 7165287.956492869183421 ], [ 695258.785693862009794, 7165263.585469162091613 ], [ 695278.282509415759705, 7165263.585464133881032 ], [ 695288.030918880132958, 7165270.084400492720306 ], [ 695289.655656039831229, 7165279.832808382809162 ], [ 695289.65565899014473, 7165291.205951411277056 ], [ 695276.657787854317576, 7165313.952240820974112 ], [ 695258.785711985081434, 7165333.449062051251531 ], [ 695242.538372010341845, 7165357.820087019354105 ], [ 695223.041559401666746, 7165369.193235075101256 ], [ 695205.169482266064733, 7165383.815852150321007 ], [ 695200.295282590668648, 7165400.063200592063367 ], [ 695195.421086705522612, 7165430.933161502704024 ], [ 695177.549015887547284, 7165469.926799360662699 ], [ 695172.674817474908195, 7165491.048351958394051 ], [ 695167.80062664556317, 7165541.415129498578608 ], [ 695174.299569801078178, 7165559.28720973059535 ], [ 695192.171656631748192, 7165582.033491190522909 ], [ 695192.171659158542752, 7165591.781899504363537 ], [ 695174.299581176135689, 7165603.15504714474082 ], [ 695151.55329972144682, 7165616.152930759824812 ], [ 695135.305956787196919, 7165629.150812701322138 ], [ 695130.431755845667794, 7165640.523956989869475 ], [ 695140.180166997364722, 7165653.521832232363522 ], [ 695156.427513301372528, 7165653.521828044205904 ], [ 695180.798532757326029, 7165653.521821762435138 ], [ 695205.169556007487699, 7165668.144427951425314 ], [ 695227.915841255569831, 7165669.76915680617094 ], [ 695257.161065867985599, 7165674.643353422172368 ], [ 695284.781556272529997, 7165681.14228517562151 ], [ 695336.773071617237292, 7165708.76276199053973 ], [ 695400.137731910217553, 7165746.13164418656379 ], [ 695442.380850026383996, 7165814.370491499081254 ], [ 695458.628202662570402, 7165838.741508098319173 ], [ 695478.937389767728746, 7165854.988850049674511 ], [ 695545.551506679155864, 7165843.615689814090729 ], [ 695591.044073810335249, 7165833.867269745096564 ], [ 695643.035576508147642, 7165812.745704960078001 ], [ 695696.651811719872057, 7165783.500466152094305 ], [ 695758.391719235340133, 7165751.005755806341767 ], [ 695818.506893808720633, 7165725.009984752163291 ], [ 695865.624193022144027, 7165705.513155933469534 ], [ 695915.990961918025278, 7165687.641060993075371 ], [ 695956.609327258425765, 7165686.016315761953592 ], [ 695998.852424267330207, 7165673.018427073024213 ], [ 696028.097643807413988, 7165658.395807029679418 ], [ 696057.342865462531336, 7165651.896860580891371 ], [ 696084.963354604318738, 7165653.521588146686554 ], [ 696104.460173557046801, 7165666.51946084946394 ], [ 696128.831196399987675, 7165679.517332293093204 ], [ 696156.451688930741511, 7165694.139937608502805 ], [ 696198.694791441434063, 7165702.263600260950625 ], [ 696260.434711639885791, 7165718.510931454598904 ], [ 696302.677812882815488, 7165721.760389943607152 ], [ 696348.170383811928332, 7165726.634582303464413 ], [ 696409.097933307755738, 7165729.884035940282047 ], [ 696438.343156660208479, 7165729.884028354659677 ], [ 696478.961524121114053, 7165736.382956692948937 ], [ 696501.707811919390224, 7165747.756093826144934 ], [ 696522.829367632977664, 7165768.877639694139361 ], [ 696550.449863991583697, 7165798.122857477515936 ], [ 696560.19827644340694, 7165815.994936861097813 ], [ 696560.198281536111608, 7165835.491753495298326 ], [ 696548.825143786380067, 7165853.363838363438845 ], [ 696530.953067512484267, 7165871.235924918204546 ], [ 696516.330461349803954, 7165892.357480069622397 ], [ 696516.330468136700802, 7165918.353235583752394 ], [ 696527.703616493148729, 7165941.099518710747361 ], [ 696553.699383318074979, 7165989.841553559526801 ], [ 696568.322000938933343, 7166012.587835842743516 ], [ 696589.443557510734536, 7166036.958851157687604 ], [ 696615.439318402437493, 7166062.954599929973483 ], [ 696665.80609664414078, 7166080.826668770983815 ], [ 696698.300791394896805, 7166088.950333929620683 ], [ 696724.296549318707548, 7166103.572939658537507 ], [ 696742.168634087545797, 7166118.195547496899962 ], [ 696747.042842652881518, 7166136.067628152668476 ], [ 696747.042849873309024, 7166163.688118397258222 ], [ 696724.296577344764955, 7166210.805431197397411 ], [ 696725.921320468769409, 7166243.300125183537602 ], [ 696742.168675705208443, 7166277.419550092890859 ], [ 696764.914969044621103, 7166309.914238596335053 ], [ 696792.535465432796627, 7166339.159456389024854 ], [ 696823.405433211475611, 7166376.528346942737699 ], [ 696847.776457366533577, 7166394.400422534905374 ], [ 696887.582457552431151, 7166400.899351069703698 ], [ 696963.944988235831261, 7166412.272474257275462 ], [ 697011.062293843133375, 7166417.146666160784662 ], [ 697061.42907254351303, 7166436.643469704315066 ], [ 697084.175360371125862, 7166448.016606831923127 ], [ 697116.670052589382976, 7166446.391863653436303 ], [ 697126.41845783079043, 7166436.643452787771821 ], [ 697147.540001665358432, 7166412.272426477633417 ], [ 697181.659419148927554, 7166374.903519014827907 ], [ 697219.028306321706623, 7166339.159345425665379 ], [ 697246.648792935884558, 7166331.03566462919116 ], [ 697282.392946747364476, 7166300.165695624426007 ], [ 697318.137106519890949, 7166292.042012706398964 ], [ 697339.258658863836899, 7166300.1656808052212 ], [ 697366.879154847702011, 7166327.786163857206702 ], [ 697386.375975970295258, 7166348.907710144296288 ], [ 697417.245935256243683, 7166353.781906259246171 ], [ 697436.742749561090022, 7166348.907697012647986 ], [ 697470.862174702459015, 7166340.784014512784779 ], [ 697504.981596858939156, 7166321.287188963964581 ], [ 697526.103144088410772, 7166309.91404041275382 ], [ 697558.597834166721441, 7166300.165623610839248 ], [ 697582.968856204301119, 7166309.914025574922562 ], [ 697613.838823168422095, 7166344.033446652814746 ], [ 697636.585116548463702, 7166376.528135132044554 ], [ 697669.079812602605671, 7166389.526004416868091 ], [ 697708.073443772504106, 7166389.525994236581028 ], [ 697753.566008348716423, 7166370.029165706597269 ], [ 697776.312286366010085, 7166344.03340423386544 ], [ 697833.990358542418107, 7166316.412898916751146 ], [ 697889.231333464384079, 7166306.664476156234741 ], [ 697950.97124734101817, 7166298.540786415338516 ], [ 697986.715410524047911, 7166303.414981232956052 ], [ 698080.950014470610768, 7166285.542874660342932 ], [ 698160.562002448597923, 7166251.423424698412418 ], [ 698207.679301209398545, 7166230.301860997453332 ], [ 698253.171867474680766, 7166217.303971324115992 ], [ 698326.284919052501209, 7166191.30819665081799 ], [ 698371.77748831093777, 7166189.683450013399124 ], [ 698417.2700579961529, 7166189.683438094332814 ], [ 698479.009967575082555, 7166165.312401106581092 ], [ 698522.877793628023937, 7166131.192960480228066 ], [ 698571.619828716851771, 7166116.570335217751563 ], [ 698654.481294923229143, 7166116.570313483476639 ], [ 698708.909904221305624, 7166113.320829762145877 ], [ 698746.278799887746572, 7166110.071350511163473 ], [ 698796.645573462825269, 7166110.071337291970849 ], [ 698832.38973879092373, 7166123.069205666892231 ], [ 698866.509178929845802, 7166171.811238316819072 ], [ 698879.507061133859679, 7166191.308051547966897 ], [ 698903.878085761331022, 7166210.804861793294549 ], [ 698934.74804548243992, 7166217.303792564198375 ], [ 698983.490081856492907, 7166207.555371434427798 ], [ 699015.984765039873309, 7166171.8111990429461 ], [ 699046.854714448330924, 7166139.316496524959803 ], [ 699087.473074220470153, 7166116.570199763402343 ], [ 699119.967765131033957, 7166110.071252334862947 ], [ 699142.714048253023066, 7166103.5723074702546 ], [ 699168.709797628340311, 7166085.700218711979687 ], [ 699196.330276902532205, 7166049.956047603860497 ], [ 699204.453943180385977, 7166023.960289943963289 ], [ 699209.328141053905711, 7166001.214002581313252 ], [ 699215.827070978470147, 7165968.719306471757591 ], [ 699227.200207806774415, 7165947.597752120345831 ], [ 699236.948615593486466, 7165947.59774955548346 ], [ 699254.820699976407923, 7165960.595622611232102 ], [ 699280.816460527828895, 7165984.966636570170522 ], [ 699318.185371243394911, 7166038.582872495055199 ], [ 699362.053214036393911, 7166067.828085906803608 ], [ 699418.918936467031017, 7166106.821704218164086 ], [ 699459.537311727064662, 7166142.56585736759007 ], [ 699498.530959248542786, 7166204.305766469798982 ], [ 699517.215414403006434, 7166230.301517076790333 ], [ 699549.710121684940532, 7166285.542489014565945 ], [ 699559.458537659957074, 7166316.412446135655046 ], [ 699583.829564462648705, 7166344.032929967157543 ], [ 699617.948994750971906, 7166355.406064016744494 ], [ 699655.317892581340857, 7166360.280258327722549 ], [ 699674.814708597143181, 7166361.904987907037139 ], [ 699710.558873520116322, 7166373.278121527284384 ], [ 699747.927781698759645, 7166417.145949132740498 ], [ 699752.80199249368161, 7166443.141703383997083 ], [ 699762.550403737346642, 7166456.139578578993678 ], [ 699782.047223204746842, 7166470.762185925617814 ], [ 699821.040854380116798, 7166470.762175634503365 ], [ 699853.535547888255678, 7166474.011636503040791 ], [ 699879.531303298659623, 7166478.88583380356431 ], [ 699910.401264765067026, 7166491.883703425526619 ], [ 699931.522819301811978, 7166508.131045060232282 ], [ 699954.269109334331006, 7166527.627855706959963 ], [ 699968.89172879466787, 7166556.873076828196645 ], [ 699970.51647249259986, 7166590.992505545727909 ], [ 699978.640153424814343, 7166620.237728385254741 ], [ 700003.011180684086867, 7166649.482946934178472 ], [ 700043.629549955250695, 7166662.480813975445926 ], [ 700092.371594120748341, 7166681.977617756463587 ], [ 700144.363109279423952, 7166707.97335955966264 ], [ 700194.729890242684633, 7166735.593836514279246 ], [ 700236.973006257088855, 7166794.084275325760245 ], [ 700261.344033965258859, 7166824.954228594899178 ], [ 700292.213999342173338, 7166852.574710702523589 ], [ 700319.834494158858433, 7166875.32098950445652 ], [ 700344.205524034914561, 7166914.31461638212204 ], [ 700363.702346553560346, 7166940.310366777703166 ], [ 700400.258879695204087, 7166954.932969603687525 ], [ 700423.005164996022359, 7166956.557698305696249 ], [ 700442.50198102905415, 7166958.182427866384387 ], [ 700468.497737758560106, 7166967.930829318240285 ], [ 700504.241905318689533, 7166989.052371243014932 ], [ 700528.612926983623765, 7166997.176038401201367 ], [ 700556.233415752416477, 7166997.176031085662544 ], [ 700595.227046955493279, 7166997.176020756363869 ], [ 700639.094882058328949, 7166997.176009135320783 ], [ 700660.216433159541339, 7167000.425472982227802 ], [ 700742.013228012481704, 7167016.108030574396253 ], [ 700740.847742927959189, 7167015.211579283699393 ], [ 700738.097732754191384, 7166979.471569707617164 ], [ 700738.097708564368077, 7166888.761543562635779 ], [ 700784.827698212349787, 7166809.041508204303682 ], [ 700812.317692894721404, 7166765.061488246545196 ], [ 700831.557687849621288, 7166729.321472850628197 ], [ 700831.557679049670696, 7166696.341463355347514 ], [ 700828.817673277808353, 7166677.101458542048931 ], [ 700768.337634974857792, 7166586.381448469124734 ], [ 700746.347612254088745, 7166520.411435320973396 ], [ 700762.8375919025857, 7166429.701404858380556 ], [ 700760.087569265626371, 7166347.231381878256798 ], [ 700776.58756504021585, 7166316.991368812508881 ], [ 700823.317564917728305, 7166275.761344567872584 ], [ 700899.253984287614003, 7166196.52918400708586 ], [ 700979.997567613841966, 7166149.311266674660146 ], [ 701024.374254073016346, 7166119.870940610766411 ], [ 701048.164724028669298, 7166090.793682155199349 ], [ 701056.094876207876951, 7166064.359814470633864 ], [ 701067.549545253044926, 7166044.093847818672657 ], [ 701076.36082811828237, 7166024.709010723978281 ], [ 701069.311792270396836, 7166004.443048984743655 ], [ 701044.640177743975073, 7165974.484674550592899 ], [ 700990.010183166945353, 7165941.882921511307359 ], [ 700970.265154892578721, 7165910.586817432194948 ], [ 700944.238867606851272, 7165859.535284765064716 ], [ 700913.207517813309096, 7165771.446361975744367 ], [ 700890.184262912720442, 7165723.397860258817673 ], [ 700886.537415289669298, 7165660.011151121929288 ], [ 700916.777390749426559, 7165541.811109241098166 ], [ 700922.277375147445127, 7165478.591089680790901 ], [ 700878.297345150262117, 7165404.371080104261637 ], [ 700868.78845463169273, 7165364.69530894048512 ], [ 700880.832520925439894, 7165337.93069664388895 ], [ 700898.229509821394458, 7165315.180774291977286 ], [ 700922.317650980083272, 7165293.769080618396401 ], [ 700951.758715452393517, 7165279.048537800088525 ], [ 700971.832164748106152, 7165254.960384282283485 ], [ 700974.508619795553386, 7165233.548696292564273 ], [ 700967.817460382822901, 7165205.445858516730368 ], [ 700929.008772165048867, 7165178.681259719654918 ], [ 700895.553007979411632, 7165161.284272684715688 ], [ 700851.391397883882746, 7165133.181444848887622 ], [ 700812.58270788891241, 7165099.725693776272237 ], [ 700724.259471298428252, 7164981.961437193676829 ], [ 700694.818389704916626, 7164932.446918185800314 ], [ 700713.357154481462203, 7164832.60096044279635 ], [ 700693.480100086890161, 7164710.300663146190345 ], [ 700696.867098630755208, 7164637.430909138172865 ], [ 700710.607090802746825, 7164596.200893741101027 ], [ 700715.039056371897459, 7164554.15720596536994 ], [ 700738.239768539788201, 7164501.650290342047811 ], [ 700782.199019963620231, 7164429.60591453500092 ], [ 700834.705914176767692, 7164383.204445736482739 ], [ 700871.338633188628592, 7164358.782617663964629 ], [ 700883.549537460785359, 7164342.908432494848967 ], [ 700870.117513332050294, 7164250.105526325292885 ], [ 700862.790943784639239, 7164158.523709463886917 ], [ 700865.233112123096362, 7164108.458981209434569 ], [ 700866.45419287122786, 7164070.605162451043725 ], [ 700864.012004325981252, 7164044.962253838777542 ], [ 700827.379267407930456, 7164002.224081459455192 ], [ 700760.086921086651273, 7163917.230687365867198 ], [ 700713.356894962722436, 7163859.500683353282511 ], [ 700691.36686645867303, 7163771.540664197877049 ], [ 700639.136832491960377, 7163689.070654627867043 ], [ 700592.406798333744518, 7163601.110642047598958 ], [ 700562.176772358827293, 7163529.640629779547453 ], [ 700537.436756436480209, 7163491.150625418871641 ], [ 700496.196741133113392, 7163469.160630104131997 ], [ 700405.486732074990869, 7163513.140666592866182 ], [ 700331.266718736500479, 7163526.890690138563514 ], [ 700309.276710771606304, 7163515.89069283567369 ], [ 700290.036696855444461, 7163480.160687794908881 ], [ 700254.296680625993758, 7163449.920688674785197 ], [ 700240.556671629427001, 7163427.930686073377728 ], [ 700251.5466690241592, 7163408.690677713602781 ], [ 700292.786663099192083, 7163350.960650440305471 ], [ 700354.259618683718145, 7163290.63702492788434 ], [ 700386.078961551655084, 7163242.318732941523194 ], [ 700363.687548641115427, 7163188.107981700450182 ], [ 700329.51117944100406, 7163097.363897234201431 ], [ 700320.083201797562651, 7163020.761742880567908 ], [ 700312.026558479643427, 7162941.380529385060072 ], [ 700281.786531090503559, 7162864.410515619441867 ], [ 700243.850162732182071, 7162820.073341313749552 ], [ 700160.262246802682057, 7162866.190843563526869 ], [ 700119.90946115879342, 7162893.573108069598675 ], [ 700073.791986979311332, 7162906.543661550618708 ], [ 700030.55685055127833, 7162902.22015921305865 ], [ 699919.586657751817256, 7162856.10270837880671 ], [ 699873.469168642070144, 7162812.867582924664021 ], [ 699857.61627766978927, 7162782.602990765124559 ], [ 699854.733923454070464, 7162737.926682642661035 ], [ 699864.822107136831619, 7162683.162172317504883 ], [ 699877.792635468300432, 7162637.044688760302961 ], [ 699895.086674259277061, 7162579.397834032773972 ], [ 699928.233597890939564, 7162528.956831391900778 ], [ 699975.792239780072123, 7162503.015736261382699 ], [ 700007.497989929281175, 7162443.927706480026245 ], [ 700037.136337163392454, 7162344.870433590374887 ], [ 700028.886303866631351, 7162226.670402441173792 ], [ 700045.386272542178631, 7162094.730360900983214 ], [ 700072.876254665898159, 7162004.010328084230423 ], [ 700111.356237816624343, 7161907.800290825776756 ], [ 700163.586217492586002, 7161786.850242985412478 ], [ 700166.336193986935541, 7161696.140216747298837 ], [ 700147.096173540106975, 7161635.66020483057946 ], [ 700078.366144086001441, 7161583.440208323299885 ], [ 699997.937451277393848, 7161529.628740848042071 ], [ 699979.952040664036758, 7161466.080350975506008 ], [ 699945.18026512931101, 7161412.124176053330302 ], [ 699924.796801391406916, 7161346.177734194323421 ], [ 699902.015280699706636, 7161263.444924591109157 ], [ 699797.985980591736734, 7161206.840176645666361 ], [ 699675.399305855622515, 7161210.687826624140143 ], [ 699586.325939329108223, 7161231.580239424481988 ], [ 699501.105922985705547, 7161242.58026497811079 ], [ 699432.385907455463894, 7161242.580283084884286 ], [ 699380.155894194613211, 7161237.080295301042497 ], [ 699347.165877999505028, 7161204.090294735506177 ], [ 699332.477790102362633, 7161177.115180240012705 ], [ 699346.770349644939415, 7161114.947905696928501 ], [ 699369.232733210199513, 7161082.858766505494714 ], [ 699393.299572074902244, 7161045.956256899982691 ], [ 699415.761959038442001, 7161026.70277101919055 ], [ 699425.388690839870833, 7160997.822548540309072 ], [ 699423.784223208320327, 7160956.106675709597766 ], [ 699404.530732816783711, 7160912.786350870504975 ], [ 699385.277244977769442, 7160879.09276601113379 ], [ 699366.023756290553138, 7160842.190267827361822 ], [ 699358.001462783897296, 7160802.078853361308575 ], [ 699349.979166727978736, 7160752.340698917396367 ], [ 699338.74796219682321, 7160720.251568615436554 ], [ 699329.121213394333608, 7160684.953524568118155 ], [ 699289.009799859719351, 7160688.162448454648256 ], [ 699249.61719924013596, 7160699.567589928396046 ], [ 699157.467437048908323, 7160701.129474647343159 ], [ 699116.859061300288886, 7160679.263438774272799 ], [ 699110.229040764272213, 7160585.694273587316275 ], [ 699105.766122541390359, 7160532.139423225075006 ], [ 699103.534655754221603, 7160476.353120131418109 ], [ 699094.495606621843763, 7160394.250134522095323 ], [ 699088.452632415806875, 7160327.159752171486616 ], [ 699096.474902126938105, 7160277.4215935356915 ], [ 699115.72836700885091, 7160224.474518629722297 ], [ 699126.959550290950574, 7160176.3408158197999 ], [ 699146.534265958354808, 7160140.421569605357945 ], [ 699176.209601637441665, 7160096.689468719065189 ], [ 699165.287217976758257, 7160058.775308757089078 ], [ 699141.390749298385344, 7160040.501547580584884 ], [ 699118.628187174908817, 7160007.391499220393598 ], [ 699099.2204985327553, 7159963.189465565606952 ], [ 699079.541048425948247, 7159928.047610240057111 ], [ 699047.210526255541481, 7159881.66036288626492 ], [ 699036.785438388120383, 7159807.359985951334238 ], [ 699035.385419085389003, 7159735.579966321587563 ], [ 698995.975392016232945, 7159666.609957478940487 ], [ 698949.525367473717779, 7159613.129954801872373 ], [ 698914.345351041993126, 7159580.759955038316548 ], [ 698872.12533712934237, 7159563.869961433112621 ], [ 698776.415306418202817, 7159528.689976788125932 ], [ 698751.085297776851803, 7159517.429980305023491 ], [ 698710.265284926979803, 7159503.349987108260393 ], [ 698673.675267825019546, 7159469.57998731918633 ], [ 698658.195253956830129, 7159430.169980420731008 ], [ 698652.565240434021689, 7159383.719968982040882 ], [ 698652.565228171180934, 7159337.279956072568893 ], [ 698648.335211987723596, 7159279.569941142573953 ], [ 698628.635196440387517, 7159237.34993457980454 ], [ 698613.155186296673492, 7159212.019931606017053 ], [ 698589.225169065059163, 7159166.979925375431776 ], [ 698548.415146582759917, 7159116.309922009706497 ], [ 698520.265128046507016, 7159069.869916501455009 ], [ 698513.225115331821144, 7159027.63990662433207 ], [ 698510.415104678482749, 7158989.639896815642715 ], [ 698523.075102303759195, 7158969.939888030290604 ], [ 698539.965099385008216, 7158944.609876569360495 ], [ 698594.855103077134117, 7158912.2398531883955 ], [ 698637.085100971162319, 7158868.609830005094409 ], [ 698703.225105299847201, 7158829.199801713228226 ], [ 698734.195104021113366, 7158798.239784995093942 ], [ 698767.975103362696245, 7158767.269767537713051 ], [ 698794.715101878507994, 7158739.119752712547779 ], [ 698820.04509710567072, 7158699.719735138118267 ], [ 698825.675089802360162, 7158667.339724685996771 ], [ 698824.265081678749993, 7158637.789716870523989 ], [ 698815.825073477462865, 7158613.859712459146976 ], [ 698804.56506650801748, 7158596.969710738398135 ], [ 698777.825052378932014, 7158566.009709186851978 ], [ 698751.395025858422741, 7158487.879694495350122 ], [ 698750.335021989885718, 7158474.12969096750021 ], [ 698709.084998013568111, 7158418.069686284288764 ], [ 698681.584983244771138, 7158385.289684431627393 ], [ 698659.37496769381687, 7158345.089679139666259 ], [ 698642.444955275161192, 7158312.299674513749778 ], [ 698629.754946591798216, 7158290.089671701192856 ], [ 698614.944934927043505, 7158258.359666815027595 ], [ 698603.314925921498798, 7158234.029663139954209 ], [ 698595.914918414666317, 7158211.819658940657973 ], [ 698595.914913111831993, 7158191.72965338639915 ], [ 698595.914908642531373, 7158174.799648705869913 ], [ 698575.814894132316113, 7158136.729643459431827 ], [ 698557.834886514116079, 7158122.979644376784563 ], [ 698537.734876191825606, 7158100.759643509052694 ], [ 698525.044868911500089, 7158083.839642162434757 ], [ 698513.404861025512218, 7158063.739639665000141 ], [ 698496.484851414221339, 7158041.529637966305017 ], [ 698483.794842182658613, 7158017.209634576924145 ], [ 698468.984833876020275, 7157998.169633203186095 ], [ 698449.944826864171773, 7157987.589635275304317 ], [ 698442.544821876566857, 7157974.899633712135255 ], [ 698436.194815727765672, 7157956.919630410149693 ], [ 698428.794811296276748, 7157946.339629428461194 ], [ 698427.7348068744177, 7157930.469625325873494 ], [ 698425.074791641090997, 7157874.949610697105527 ], [ 698420.324783908436075, 7157849.619604952633381 ], [ 698410.82477387029212, 7157819.5395991448313 ], [ 698394.204760796157643, 7157783.91959367133677 ], [ 698381.534750266931951, 7157754.629588915035129 ], [ 698363.324738720548339, 7157726.129585826769471 ], [ 698341.164728599367663, 7157706.339586177840829 ], [ 698323.754717860836536, 7157680.219583536498249 ], [ 698310.294707372784615, 7157651.729579208418727 ], [ 698299.214697408722714, 7157623.22957425750792 ], [ 698290.504691517795436, 7157608.18957239203155 ], [ 698284.964685075567104, 7157588.399568388238549 ], [ 698275.464675255119801, 7157559.109562804922462 ], [ 698260.424667548970319, 7157542.489562166854739 ], [ 698244.594657999346964, 7157519.529559985734522 ], [ 698233.514649295015261, 7157495.789556346833706 ], [ 698220.054639436420985, 7157469.669552678242326 ], [ 698203.434628047281876, 7157440.379548963159323 ], [ 698193.14461743272841, 7157408.719542939215899 ], [ 698188.394608874572441, 7157380.219536337070167 ], [ 698182.854598683188669, 7157346.179528415203094 ], [ 698171.764591856277548, 7157329.559526744298637 ], [ 698161.474587289849296, 7157320.849527042359114 ], [ 698153.564585127402097, 7157319.269528677687049 ], [ 698138.524581806734204, 7157319.269532615318894 ], [ 698131.394580856547691, 7157321.639535136520863 ], [ 698123.484581196680665, 7157329.559539386071265 ], [ 698111.614582328358665, 7157343.809546414762735 ], [ 698083.904581421869807, 7157363.599559119902551 ], [ 698049.864579948130995, 7157386.549574347212911 ], [ 698027.70457713783253, 7157394.469582326710224 ], [ 697974.054563434445299, 7157387.429594426415861 ], [ 697911.154554057633504, 7157404.589615603908896 ], [ 697865.404555231914856, 7157447.469639375805855 ], [ 697808.224553124629892, 7157487.499665350653231 ], [ 697756.872547165607102, 7157519.165485736913979 ], [ 697733.947167290374637, 7157542.090878877788782 ], [ 697707.49480450199917, 7157563.252781623974442 ], [ 697682.80593061959371, 7157575.597227307967842 ], [ 697659.880545178893954, 7157577.360724616795778 ], [ 697638.491177365300246, 7157568.994940115138888 ], [ 697599.790605942020193, 7157521.006254674866796 ], [ 697562.334504042752087, 7157507.519735099747777 ], [ 697506.135252797044814, 7157517.910234250128269 ], [ 697450.824484650045633, 7157527.529769717715681 ], [ 697370.764468454639427, 7157533.24979217723012 ], [ 697314.180486964876764, 7157540.356609660200775 ], [ 697256.394446924328804, 7157547.54982593934983 ], [ 697167.764428829774261, 7157553.269850612618029 ], [ 697070.55439760372974, 7157516.099865690805018 ], [ 696996.214374431758188, 7157490.359877957031131 ], [ 696927.59434803982731, 7157447.469884002581239 ], [ 696890.424332344671711, 7157418.87988580390811 ], [ 696867.544320557150058, 7157393.149884670972824 ], [ 696864.684316182741895, 7157378.84988147765398 ], [ 696858.974308188073337, 7157353.119875878095627 ], [ 696847.534299678402022, 7157330.249872559681535 ], [ 696821.804288760060444, 7157310.229873741045594 ], [ 696793.204274219227955, 7157278.77987252548337 ], [ 696764.614256690139882, 7157235.889868158847094 ], [ 696710.294224519981071, 7157158.699861047789454 ], [ 696681.704202514956705, 7157098.649851968511939 ], [ 696655.964189365273342, 7157070.059850797057152 ], [ 696621.654173582326621, 7157038.609851067885756 ], [ 696595.924164173426107, 7157024.309853821992874 ], [ 696558.754151502158493, 7157007.159858766943216 ], [ 696530.164145202958025, 7157007.159866191446781 ], [ 696492.994142239214852, 7157027.169881344772875 ], [ 696450.104138764319941, 7157050.049898767843843 ], [ 696412.934130571899004, 7157050.049908417277038 ], [ 696378.624123010784388, 7157050.049917319789529 ], [ 696364.324116125353612, 7157035.749917101114988 ], [ 696324.304090891149826, 7156972.849910200573504 ], [ 696292.844071275321767, 7156924.239905007183552 ], [ 696264.254047075752169, 7156855.61989357881248 ], [ 696258.534037610748783, 7156824.16988642513752 ], [ 696267.114031293895096, 7156792.719875566661358 ], [ 696310.004027299466543, 7156741.249850312247872 ], [ 696344.314025891828351, 7156706.939831996336579 ], [ 696378.624008059268817, 7156609.729796424508095 ], [ 696347.173979501356371, 7156526.809781847521663 ], [ 696310.003945965552703, 7156429.599764848127961 ], [ 696289.983928137458861, 7156378.129755939356983 ], [ 696269.973920763935894, 7156366.699757996946573 ], [ 696252.823918491834775, 7156372.419764013960958 ], [ 696198.493912531994283, 7156395.289784368127584 ], [ 696158.463904491625726, 7156398.149795530363917 ], [ 696121.293890366330743, 7156375.269798895344138 ], [ 696061.253866011044011, 7156332.38980270922184 ], [ 696001.213843894773163, 7156298.079808866605163 ], [ 695915.433821352664381, 7156283.779827166348696 ], [ 695866.823809943860397, 7156280.919838966801763 ], [ 695838.233804417075589, 7156283.779847150668502 ], [ 695786.77379759598989, 7156300.939865165390074 ], [ 695746.743794765556231, 7156323.8098817858845 ], [ 695726.723789626266807, 7156320.949886181391776 ], [ 695680.9837714091409, 7156289.499889397993684 ], [ 695623.793746221694164, 7156240.889890875667334 ], [ 695603.373565881513059, 7156221.483403598889709 ], [ 695570.236208270071074, 7156205.388125337660313 ], [ 695537.098852628725581, 7156196.867099698632956 ], [ 695484.645770214498043, 7156182.687849728390574 ], [ 695432.223679695394821, 7156146.539914555847645 ], [ 695338.844853576738387, 7156117.328859837725759 ], [ 695275.496866827597842, 7156080.12450666539371 ], [ 695241.309061317821033, 7156047.947763470001519 ], [ 695208.126782387145795, 7156027.837302021682262 ], [ 695171.927934687584639, 7156013.759982351213694 ], [ 695103.552345332922414, 7156032.864946495741606 ], [ 695010.038681040285155, 7156095.207427634857595 ], [ 694940.4435667200014, 7156126.520035932771862 ], [ 694883.263558634207584, 7156143.680055355653167 ], [ 694834.653547982219607, 7156143.680067874491215 ], [ 694823.914267539628781, 7156139.33340741507709 ], [ 694796.784417879185639, 7156143.878333171829581 ], [ 694777.179080605739728, 7156147.145894750952721 ], [ 694757.573747563641518, 7156166.75123898498714 ], [ 694742.869750316604041, 7156191.257916752249002 ], [ 694711.827972150291316, 7156219.032155258581042 ], [ 694688.955081481020898, 7156233.736165534704924 ], [ 694677.518640163354576, 7156256.609064197167754 ], [ 694669.349762386875227, 7156307.256192540749907 ], [ 694661.180877843871713, 7156331.762868631631136 ], [ 694643.209320857422426, 7156343.199321115389466 ], [ 694626.87154246866703, 7156356.269551445730031 ], [ 694610.533767460496165, 7156382.410007904283702 ], [ 694587.660884393379092, 7156426.522026972845197 ], [ 694564.788000475615263, 7156467.366489509120584 ], [ 694558.252898331498727, 7156508.210947846993804 ], [ 694551.717796608689241, 7156550.689184453338385 ], [ 694543.548917973879725, 7156598.068756281398237 ], [ 694530.478711989591829, 7156673.222559907473624 ], [ 694515.774724444141611, 7156735.306137824431062 ], [ 694478.197839869768359, 7156787.587052022106946 ], [ 694445.522290246444754, 7156841.501743230968714 ], [ 694434.085852289223112, 7156877.444868046790361 ], [ 694412.846746108029038, 7156916.655551918782294 ], [ 694401.410307304584421, 7156949.331120198592544 ], [ 694378.537419562693685, 7156975.471578352153301 ], [ 694357.298310840851627, 7157004.879592622630298 ], [ 694329.524091937812045, 7157044.09027817286551 ], [ 694327.890323888510466, 7157083.300957016646862 ], [ 694327.890335283358581, 7157127.412970242090523 ], [ 694331.157903881859966, 7157174.792539166286588 ], [ 694316.453911666409113, 7157218.90455617569387 ], [ 694300.116136628668755, 7157245.045012658461928 ], [ 694257.637910304241814, 7157269.551697582937777 ], [ 694233.131245210417546, 7157298.959712699055672 ], [ 694206.99080615665298, 7157344.705510914325714 ], [ 694184.117923877201974, 7157392.085086565464735 ], [ 694185.751710491371341, 7157424.760651510208845 ], [ 694198.005057381582446, 7157465.605105075985193 ], [ 694222.511741883587092, 7157511.350890304893255 ], [ 694238.849536756752059, 7157561.998012437485158 ], [ 694261.72244392929133, 7157611.011354627087712 ], [ 694271.525122711551376, 7157648.588252292945981 ], [ 694271.525128197157755, 7157669.827369788661599 ], [ 694263.356245735776611, 7157702.502937264740467 ], [ 694247.018471108749509, 7157730.277172029949725 ], [ 694198.005129502736963, 7157744.981189031153917 ], [ 694153.893118641222827, 7157744.981200348585844 ], [ 694113.048667090130039, 7157756.417658710852265 ], [ 694070.57044241623953, 7157787.459456719458103 ], [ 694018.289551184861921, 7157828.303926853463054 ], [ 693964.374872921267524, 7157834.83905375096947 ], [ 693925.164197859587148, 7157839.740398609079421 ], [ 693903.925084042479284, 7157849.543073665350676 ], [ 693881.052193307434209, 7157864.24708394985646 ], [ 693848.376638964284211, 7157900.190214246511459 ], [ 693850.010424722218886, 7157929.598222678527236 ], [ 693858.179326149402186, 7157970.442677321843803 ], [ 693879.418451759265736, 7158006.385793812572956 ], [ 693881.0522392046405, 7158042.328915326856077 ], [ 693877.784690842265263, 7158073.370703287422657 ], [ 693867.982031441992149, 7158110.947606006637216 ], [ 693853.278030340676196, 7158120.750279391184449 ], [ 693835.306471613235772, 7158125.651618802919984 ], [ 693807.532244642730802, 7158133.82051726616919 ], [ 693774.856681866571307, 7158137.088082175701857 ], [ 693725.843336439458653, 7158137.088094722479582 ], [ 693699.702883860794827, 7158130.552988335490227 ], [ 693647.421982072526589, 7158130.553001713007689 ], [ 693598.408637907356024, 7158135.454349063336849 ], [ 693565.733075549826026, 7158140.355692231096327 ], [ 693546.127737799659371, 7158141.989475516602397 ], [ 693526.522399628651328, 7158141.989480530843139 ], [ 693498.748169291880913, 7158137.088152821175754 ], [ 693470.973936435300857, 7158122.384155493229628 ], [ 693451.368593223392963, 7158102.778821269050241 ], [ 693444.83347377856262, 7158076.638370621949434 ], [ 693439.932131674955599, 7158047.230363018810749 ], [ 693435.030788730131462, 7158014.554798878729343 ], [ 693421.96055908431299, 7157998.217019524425268 ], [ 693387.651214350829832, 7157986.780580405145884 ], [ 693348.440537177724764, 7157983.513033884577453 ], [ 693319.032529927324504, 7157983.513041397556663 ], [ 693284.723190653836355, 7157993.315719778649509 ], [ 693260.216520882677287, 7158004.752173924818635 ], [ 693234.076074190204963, 7158021.089963294565678 ], [ 693214.470741896657273, 7158043.962864076718688 ], [ 693199.76674414484296, 7158066.835763607174158 ], [ 693185.062748489086516, 7158097.87755448371172 ], [ 693165.457415773533285, 7158119.116676999256015 ], [ 693136.049411034444347, 7158128.919354123994708 ], [ 693113.176514405291528, 7158120.750468609854579 ], [ 693090.303613582858816, 7158096.243800397962332 ], [ 693069.064490103977732, 7158068.469575231894851 ], [ 693031.487583981826901, 7158037.42779769282788 ], [ 692985.741781510529108, 7157985.146904733963311 ], [ 692966.136438735062256, 7157967.175348768010736 ], [ 692930.193317506578751, 7157962.274023121222854 ], [ 692902.419085085391998, 7157949.203804049640894 ], [ 692871.377298818668351, 7157945.936255421489477 ], [ 692858.307075049728155, 7157952.471371829509735 ], [ 692828.899076177272946, 7157985.146944714710116 ], [ 692804.392404724028893, 7157990.048285767436028 ], [ 692794.589738572016358, 7158001.484736151061952 ], [ 692788.054632129031233, 7158025.991411859169602 ], [ 692789.688416171818972, 7158048.864307218231261 ], [ 692791.322203563991934, 7158084.807428736239672 ], [ 692766.815543410484679, 7158133.820783073082566 ], [ 692753.745325498981401, 7158163.228795260190964 ], [ 692734.13999486155808, 7158192.63680911436677 ], [ 692699.830660174950026, 7158220.411048439331353 ], [ 692657.35243709012866, 7158257.987959468737245 ], [ 692609.972877365769818, 7158287.395980392582715 ], [ 692575.663548526004888, 7158338.043115500360727 ], [ 692554.424439278081991, 7158365.817351501435041 ], [ 692538.086660390486941, 7158377.253803551197052 ], [ 692500.509765562717803, 7158390.324039271101356 ], [ 692462.932866969960742, 7158388.690270557999611 ], [ 692443.327527121873572, 7158382.155162464827299 ], [ 692428.623523489339277, 7158382.155166203156114 ], [ 692418.8208564898232, 7158390.32406004704535 ], [ 692405.750636051641777, 7158409.929402614012361 ], [ 692404.116864556563087, 7158436.069855358451605 ], [ 692389.412870113970712, 7158472.012981049716473 ], [ 692360.004867439391091, 7158489.984549500979483 ], [ 692324.061750785796903, 7158503.054784800857306 ], [ 692289.752413146314211, 7158519.392576226964593 ], [ 692275.865301525220275, 7158530.829027649015188 ], [ 692267.696417297003791, 7158556.969482056796551 ], [ 692269.330203411984257, 7158588.011268788948655 ], [ 692293.836884908960201, 7158622.320606250315905 ], [ 692354.286683070240542, 7158643.559708409011364 ], [ 692391.86359044816345, 7158679.502820821478963 ], [ 692426.172943555749953, 7158723.61482541821897 ], [ 692431.0742843701737, 7158748.121498240157962 ], [ 692419.637846705270931, 7158785.69840138591826 ], [ 692401.666292132576928, 7158806.937523482367396 ], [ 692390.229850286617875, 7158828.17664391733706 ], [ 692382.060966895660385, 7158857.584654878824949 ], [ 692388.596087981830351, 7158890.26021864823997 ], [ 692406.56765801704023, 7158929.47089259698987 ], [ 692413.10277994023636, 7158965.414012912660837 ], [ 692409.83523276692722, 7159001.357135720551014 ], [ 692395.131234135827981, 7159020.962478719651699 ], [ 692375.525900537264533, 7159038.934044692665339 ], [ 692357.554346375050955, 7159061.806945066899061 ], [ 692349.385463395854458, 7159092.848734308965504 ], [ 692349.385473003028892, 7159130.425634566694498 ], [ 692364.089484588126652, 7159161.467417999170721 ], [ 692382.061050449963659, 7159184.340309240855277 ], [ 692424.5392869731877, 7159199.044302891008556 ], [ 692460.482411600882187, 7159217.015854747034609 ], [ 692473.552640828769654, 7159231.719855872914195 ], [ 692486.622871311497875, 7159251.325191816315055 ], [ 692491.524211294483393, 7159272.564308110624552 ], [ 692491.524218819104135, 7159301.972317012026906 ], [ 692488.256669140537269, 7159328.112770202569664 ], [ 692457.214896192075685, 7159377.126126272603869 ], [ 692431.074451523134485, 7159401.632807010784745 ], [ 692380.427332425722852, 7159419.604380884207785 ], [ 692334.681545371073298, 7159427.773283874616027 ], [ 692306.907320841914043, 7159445.744851931929588 ], [ 692274.23176301328931, 7159468.617756051011384 ], [ 692248.091319587081671, 7159498.025771602988243 ], [ 692236.654880648828112, 7159530.701339966617525 ], [ 692236.65489025041461, 7159568.278240244835615 ], [ 692246.457566034630872, 7159594.41869012452662 ], [ 692247.274458883097395, 7159609.122694374993443 ], [ 692235.838017438538373, 7159631.995593100786209 ], [ 692203.162461267900653, 7159661.403610317967832 ], [ 692188.458460531313904, 7159672.84006196539849 ], [ 692165.585571378469467, 7159694.079185324721038 ], [ 692134.543797141988762, 7159738.191206586547196 ], [ 692103.502021233318374, 7159775.768114753067493 ], [ 692101.86824763705954, 7159793.739676176570356 ], [ 692101.868255146662705, 7159823.147685101255774 ], [ 692108.403375392663293, 7159852.555692365393043 ], [ 692108.403381233569235, 7159875.428588196635246 ], [ 692108.403387908241712, 7159901.569040575996041 ], [ 692095.333170356112532, 7159932.610831096768379 ], [ 692083.896736826747656, 7159986.525517033413053 ], [ 692069.192742338986136, 7160022.468642793595791 ], [ 692057.756303800852038, 7160056.777989450842142 ], [ 692047.953642196953297, 7160086.186000872403383 ], [ 692039.784758360940032, 7160113.960233606398106 ], [ 692031.615872439462692, 7160133.565574969165027 ], [ 692028.348321072058752, 7160153.170915089547634 ], [ 692033.249661882640794, 7160177.677587960846722 ], [ 692047.953669721027836, 7160194.01536697242409 ], [ 692057.756345088128, 7160218.522038604132831 ], [ 692057.756353011820465, 7160249.563825815916061 ], [ 692052.855025961995125, 7160278.971836001612246 ], [ 692049.587473344057798, 7160293.675841301679611 ], [ 692037.334143623826094, 7160319.816296803764999 ], [ 692030.799036302254535, 7160341.055416034534574 ], [ 692030.799041723366827, 7160362.294533604755998 ], [ 692032.432824079063721, 7160378.632315937429667 ], [ 692040.601718343910761, 7160391.702540064230561 ], [ 692050.404389126226306, 7160398.237650675699115 ], [ 692063.474617949454114, 7160411.307873559184372 ], [ 692076.544848857447505, 7160432.546987812966108 ], [ 692076.544852194259875, 7160445.617214014753699 ], [ 692063.474631294840947, 7160463.588778356090188 ], [ 692047.136851519928314, 7160471.757673875428736 ], [ 692019.362624444183894, 7160479.926572297699749 ], [ 691994.855953322025016, 7160486.461691614240408 ], [ 691976.884397444082424, 7160502.799478923901916 ], [ 691967.081733747618273, 7160524.038598984479904 ], [ 691949.11017745139543, 7160538.742608019150794 ], [ 691918.068394833593629, 7160550.179063815623522 ], [ 691896.829281746875495, 7160563.249295400455594 ], [ 691878.857727948343381, 7160587.755974086932838 ], [ 691855.984838339849375, 7160607.361319188028574 ], [ 691826.576835570391268, 7160625.332887670025229 ], [ 691803.703940963489003, 7160625.332893466576934 ], [ 691775.92971221182961, 7160626.966678780503571 ], [ 691757.958154244697653, 7160635.135574709624052 ], [ 691730.183927158825099, 7160643.304473120719194 ], [ 691707.311035464983433, 7160654.740926843136549 ], [ 691677.90302935813088, 7160659.642269117757678 ], [ 691633.791018328396603, 7160659.642280286177993 ], [ 691606.016786247491837, 7160648.205839390866458 ], [ 691574.974997794488445, 7160636.769399320706725 ], [ 691545.566988777602091, 7160630.234293661080301 ], [ 691525.961649294476956, 7160625.332963798195124 ], [ 691514.525201575364918, 7160623.699188416823745 ], [ 691499.821198730263859, 7160626.966748686507344 ], [ 691491.652310293749906, 7160636.769420403987169 ], [ 691481.849646165501326, 7160656.374762187711895 ], [ 691476.948317011352628, 7160677.613881010562181 ], [ 691463.8780969256768, 7160698.853001896291971 ], [ 691450.807875590282492, 7160715.190787957049906 ], [ 691424.667434997390956, 7160756.035251457244158 ], [ 691398.526988169411197, 7160772.373040824197233 ], [ 691390.358100975630805, 7160787.077047368511558 ], [ 691390.358105132356286, 7160803.414830127730966 ], [ 691385.456774312187918, 7160818.118835847824812 ], [ 691369.118999509257264, 7160845.893070667050779 ], [ 691354.415001229615882, 7160867.132191969081759 ], [ 691334.809670050395653, 7160894.90642761439085 ], [ 691310.303003894281574, 7160921.046886224299669 ], [ 691266.19099949253723, 7160947.187349788844585 ], [ 691231.88166130206082, 7160961.891362940892577 ], [ 691180.417652977397665, 7160979.862936979159713 ], [ 691131.404306122800335, 7160974.961614527739584 ], [ 691082.390960926190019, 7160976.595405178144574 ], [ 691043.180284438189119, 7160976.595415076240897 ], [ 691013.772278315620497, 7160981.496757324784994 ], [ 690987.631828981335275, 7160988.031877025961876 ], [ 690963.125161565840244, 7161009.271000800654292 ], [ 690941.886052594752982, 7161038.679015127941966 ], [ 690912.478056418942288, 7161082.791036006994545 ], [ 690889.605174646480009, 7161133.438168339431286 ], [ 690843.859394102124497, 7161167.747523682191968 ], [ 690804.648726304061711, 7161202.056877374649048 ], [ 690768.705614875303581, 7161236.366230241023004 ], [ 690721.326056132791564, 7161270.675585990771651 ], [ 690680.481610963935964, 7161308.252496646717191 ], [ 690654.341171136824414, 7161352.364516703411937 ], [ 690629.834506183164194, 7161383.406310137361288 ], [ 690603.694060142268427, 7161403.011656045913696 ], [ 690572.652279536938295, 7161422.617003185674548 ], [ 690541.610502239316702, 7161455.292576542124152 ], [ 690515.470059089944698, 7161486.334370385855436 ], [ 690504.033619217458181, 7161515.742382254451513 ], [ 690499.132292926544324, 7161548.41794903203845 ], [ 690497.498534178361297, 7161625.205528481863439 ], [ 690504.850545952911489, 7161664.416205291636288 ], [ 690504.850555466022342, 7161701.993105676956475 ], [ 690504.850565806031227, 7161742.837562618777156 ], [ 690496.681685616611503, 7161785.315799897536635 ], [ 690488.512804185971618, 7161822.89270234387368 ], [ 690481.977697633672506, 7161847.399378159083426 ], [ 690475.442596456967294, 7161893.145171588286757 ], [ 690468.907491972204298, 7161925.820738794282079 ], [ 690462.37238707265351, 7161956.862527722492814 ], [ 690460.738618809264153, 7161996.073206812143326 ], [ 690460.738625010941178, 7162020.579880986362696 ], [ 690460.738632454071194, 7162049.987889997661114 ], [ 690460.738639070652425, 7162076.128342452459037 ], [ 690460.738644032971933, 7162095.733681795187294 ], [ 690447.668426373158582, 7162126.775472374632955 ], [ 690426.429316938272677, 7162154.54970845580101 ], [ 690393.753760587307625, 7162183.957725688815117 ], [ 690352.90931369853206, 7162214.999523255974054 ], [ 690315.332425665226765, 7162255.8439896767959 ], [ 690294.09331787424162, 7162290.153338871896267 ], [ 690285.924431469058618, 7162308.124901994131505 ], [ 690278.572445726254955, 7162371.842256724834442 ], [ 690276.938680341816507, 7162422.489383788779378 ], [ 690273.671133049530908, 7162458.432506754994392 ], [ 690263.868470517918468, 7162484.572961688041687 ], [ 690247.530694810673594, 7162509.079639984294772 ], [ 690216.488913736306131, 7162527.051208857446909 ], [ 690174.010684916051105, 7162543.38900232501328 ], [ 690128.264896409120411, 7162546.65657037589699 ], [ 690087.420441649621353, 7162546.656580632552505 ], [ 690046.575982350157574, 7162528.685029814019799 ], [ 690017.167970385518856, 7162510.713476124219596 ], [ 689994.295069532818161, 7162486.206807672977448 ], [ 689974.689724650350399, 7162460.066360123455524 ], [ 689964.887048495700583, 7162432.292131836526096 ], [ 689964.887040248606354, 7162399.616566251963377 ], [ 689973.05592583771795, 7162378.377446574158967 ], [ 689977.95725339546334, 7162350.603214600123465 ], [ 689977.957247622078285, 7162327.730318694375455 ], [ 689968.154575182124972, 7162314.660094921477139 ], [ 689951.816791633376852, 7162308.124985907226801 ], [ 689925.676341007463634, 7162309.758770743384957 ], [ 689909.338559931959026, 7162313.026331402361393 ], [ 689878.296778446179815, 7162329.364121975377202 ], [ 689857.057667336892337, 7162350.603244931437075 ], [ 689832.551002316642553, 7162381.64503837749362 ], [ 689806.410557044437155, 7162404.517940843477845 ], [ 689755.763440979877487, 7162435.55974084418267 ], [ 689741.059438503580168, 7162440.461079369299114 ], [ 689708.383875522995368, 7162443.728644115850329 ], [ 689688.778540124883875, 7162455.16509698331356 ], [ 689667.539428180782124, 7162473.136663377285004 ], [ 689643.032761915121228, 7162499.277121987193823 ], [ 689616.892319926177152, 7162535.220250682905316 ], [ 689600.554547077743337, 7162571.163376925513148 ], [ 689558.076326061040163, 7162618.542957669124007 ], [ 689528.668326860060915, 7162651.218530626967549 ], [ 689500.894101732876152, 7162667.556320376694202 ], [ 689461.683425156748854, 7162667.556330191902816 ], [ 689425.740304139442742, 7162664.288782626390457 ], [ 689404.501186016248539, 7162657.753674821928144 ], [ 689362.839838453917764, 7162643.049680726602674 ], [ 689325.262940071173944, 7162643.049690125510097 ], [ 689302.390047867782414, 7162652.852365521714091 ], [ 689266.446930138277821, 7162662.655044190585613 ], [ 689253.376706668641418, 7162670.823938855901361 ], [ 689232.137599227484316, 7162706.767066319473088 ], [ 689222.33494281815365, 7162757.414195447228849 ], [ 689220.701176129165106, 7162803.159987695515156 ], [ 689219.067409853218123, 7162850.539558226242661 ], [ 689212.532309000147507, 7162897.919129984453321 ], [ 689205.997202808270231, 7162924.05958410166204 ], [ 689189.659423359669745, 7162933.862257868051529 ], [ 689163.518973532947712, 7162938.763599241152406 ], [ 689132.477187487063929, 7162937.129828717559576 ], [ 689107.970509280916303, 7162915.890717194415629 ], [ 689073.661165214143693, 7162907.721834363415837 ], [ 689037.718044597888365, 7162906.08806505985558 ], [ 689023.014040466048755, 7162904.454290449619293 ], [ 688996.873588587273844, 7162901.186740417033434 ], [ 688959.296689369250089, 7162897.919193238019943 ], [ 688923.353572855005041, 7162912.623206730000675 ], [ 688892.311789681902155, 7162922.425884157419205 ], [ 688859.636227908078581, 7162930.594783712178469 ], [ 688820.42555131833069, 7162930.594793491065502 ], [ 688779.581096537411213, 7162930.594803679734468 ], [ 688755.074423669371754, 7162930.594809791073203 ], [ 688725.666417455999181, 7162935.496151963248849 ], [ 688701.976636551087722, 7162946.93260582908988 ], [ 688672.568635661969893, 7162973.073065646924078 ], [ 688646.428190334467217, 7162995.945968085899949 ], [ 688631.724193164147437, 7163022.086424238979816 ], [ 688628.456644970923662, 7163054.76199066452682 ], [ 688621.921538757975213, 7163080.902444781735539 ], [ 688610.485099197132513, 7163111.94423496350646 ], [ 688602.316213560989127, 7163133.183354647830129 ], [ 688602.316220521344803, 7163160.957585421390831 ], [ 688599.048673555953428, 7163198.534486694261432 ], [ 688592.513568158494309, 7163227.942497378215194 ], [ 688577.809573437436484, 7163263.885623224079609 ], [ 688543.500239592627622, 7163296.561197388917208 ], [ 688510.824678617529571, 7163307.997653493657708 ], [ 688484.684227545047179, 7163307.997660003602505 ], [ 688443.839770697522908, 7163299.828778766095638 ], [ 688416.065540615003556, 7163296.56122911721468 ], [ 688376.854866868583485, 7163307.997686843387783 ], [ 688337.644204571959563, 7163365.179936438798904 ], [ 688329.475320969708264, 7163394.587947535328567 ], [ 688316.405103199998848, 7163425.629738131538033 ], [ 688296.799773475853726, 7163459.939086916856468 ], [ 688269.025547883589752, 7163474.64309835806489 ], [ 688254.321542926249094, 7163469.741767171770334 ], [ 688226.547309568966739, 7163453.40399126149714 ], [ 688200.406851953594014, 7163427.263545257970691 ], [ 688180.801507109776139, 7163401.123097630217671 ], [ 688170.998834279831499, 7163386.419095534831285 ], [ 688157.928605883265845, 7163374.982650816440582 ], [ 688125.253039587521926, 7163365.179989248514175 ], [ 688075.42280472710263, 7163365.180001627653837 ], [ 688028.043240011436865, 7163376.616461367346346 ], [ 687983.931228822446428, 7163376.616472321562469 ], [ 687956.156995067489333, 7163358.644918125122786 ], [ 687939.819206617539749, 7163332.504469681531191 ], [ 687925.115197992417961, 7163312.899133959785104 ], [ 687902.242299632634968, 7163298.195135105401278 ], [ 687881.003181097446941, 7163290.026248973794281 ], [ 687841.79250367404893, 7163286.758702140301466 ], [ 687796.04671511251945, 7163290.026270053349435 ], [ 687751.934705966617912, 7163298.195172399282455 ], [ 687698.020031742868014, 7163322.701859986409545 ], [ 687637.570249227574095, 7163365.180110279470682 ], [ 687583.655583139741793, 7163422.362363487482071 ], [ 687536.27602818433661, 7163473.009501948952675 ], [ 687503.600472478778102, 7163505.685075672343373 ], [ 687469.291134504601359, 7163522.022866984829307 ], [ 687426.812908416730352, 7163549.797108288854361 ], [ 687408.841352775227278, 7163567.768673835322261 ], [ 687392.5035769501701, 7163592.275352107360959 ], [ 687402.306257499032654, 7163638.0211415681988 ], [ 687403.940056439489126, 7163721.343833541497588 ], [ 687402.306294926442206, 7163788.328743509016931 ], [ 687397.404972958262078, 7163838.975871473550797 ], [ 687389.236091349157505, 7163876.552773986011744 ], [ 687379.433433171594515, 7163920.664790036156774 ], [ 687363.095663441345096, 7163969.678142555058002 ], [ 687340.222773206187412, 7163987.649709323421121 ], [ 687294.476986228488386, 7163997.452390337362885 ], [ 687243.829865480074659, 7164010.52262912876904 ], [ 687198.900966375949793, 7164015.423975086770952 ], [ 687177.661851078970358, 7164020.325315183028579 ], [ 687138.451174841145985, 7164021.959103161469102 ], [ 687112.310723743750714, 7164021.959109622053802 ], [ 687081.268939282745123, 7164026.860452140681446 ], [ 687055.128488997113891, 7164030.128015167079866 ], [ 687030.621816499624401, 7164031.761799501255155 ], [ 686996.312482146779075, 7164062.803595348261297 ], [ 686966.904479531454854, 7164082.408942004665732 ], [ 686921.158695788122714, 7164105.281849261373281 ], [ 686868.877798051340505, 7164123.253423278219998 ], [ 686818.230674043647014, 7164123.253435775637627 ], [ 686779.019993742229417, 7164108.549440906383097 ], [ 686746.344426219700836, 7164093.845444422215223 ], [ 686700.598636389710009, 7164092.211677422747016 ], [ 686651.585290577844717, 7164092.211689509451389 ], [ 686620.543506112764589, 7164097.113032007589936 ], [ 686576.431502982508391, 7164129.788608537055552 ], [ 686535.587056641001254, 7164164.097962542437017 ], [ 686457.165726811625063, 7164258.857122275978327 ], [ 686440.827959845308214, 7164319.306922778487206 ], [ 686424.490192068507895, 7164376.489166719838977 ], [ 686408.152423073421232, 7164428.770075812004507 ], [ 686391.814648008206859, 7164456.54431065544486 ], [ 686364.040426387451589, 7164487.586104883812368 ], [ 686354.237758837640285, 7164494.121220428496599 ], [ 686301.956865102984011, 7164528.430577254854143 ], [ 686259.478636489366181, 7164546.402148826047778 ], [ 686230.070633431430906, 7164564.373717183247209 ], [ 686182.691072655026801, 7164592.147959660738707 ], [ 686138.579065033118241, 7164606.851975062862039 ], [ 686092.833275577635504, 7164606.851986307650805 ], [ 686029.115922344848514, 7164592.147997410967946 ], [ 685947.427004936034791, 7164561.106230086646974 ], [ 685901.681208218913525, 7164531.698232213035226 ], [ 685831.428738587303087, 7164502.290240352973342 ], [ 685788.950499881058931, 7164479.417354807257652 ], [ 685699.092685475829057, 7164423.868915213271976 ], [ 685648.445555000682361, 7164397.728475097566843 ], [ 685592.897091557970271, 7164378.123149316757917 ], [ 685516.109515618067235, 7164374.855611570179462 ], [ 685457.293500621803105, 7164374.855625977739692 ], [ 685424.617941163713112, 7164392.827195098623633 ], [ 685390.308605119818822, 7164417.333877753466368 ], [ 685355.999268267652951, 7164438.573003839701414 ], [ 685316.788595221471041, 7164453.277017990127206 ], [ 685271.042806982295588, 7164458.178364036604762 ], [ 685223.66322969191242, 7164418.967696823179722 ], [ 685192.621437566354871, 7164392.82725188229233 ], [ 685171.382318225805648, 7164381.390809093602002 ], [ 685138.706753132515587, 7164376.489482237026095 ], [ 685110.932523830328137, 7164376.489489028230309 ], [ 685070.088072587037459, 7164391.193503562361002 ], [ 685034.14496114931535, 7164427.136634584516287 ], [ 685008.821412389515899, 7164481.051324130035937 ], [ 684984.314747903961688, 7164515.360674074850976 ], [ 684972.878309375606477, 7164551.303799109533429 ], [ 684971.244540816871449, 7164590.514478322118521 ], [ 684967.976992458337918, 7164623.190044797025621 ], [ 684945.104103752528317, 7164647.696724643930793 ], [ 684912.428543867194094, 7164664.034515464678407 ], [ 684869.950312806526199, 7164672.203417257405818 ], [ 684834.00719010992907, 7164662.400756329298019 ], [ 684809.50050916231703, 7164629.72519663348794 ], [ 684783.360050824936479, 7164600.317193903028965 ], [ 684767.022266069659963, 7164588.880749903619289 ], [ 684744.149366128724068, 7164567.641637796536088 ], [ 684727.811578167020343, 7164543.134967524558306 ], [ 684722.910234760958701, 7164507.191846480593085 ], [ 684714.741333763347939, 7164466.347391384653747 ], [ 684716.375103536527604, 7164432.038047030568123 ], [ 684724.543984484742396, 7164391.193587952293456 ], [ 684757.219538745703176, 7164351.982901178300381 ], [ 684784.993756414623931, 7164304.603324186056852 ], [ 684796.430196553352289, 7164275.195312296971679 ], [ 684801.331524716923013, 7164249.054858569987118 ], [ 684794.796406325418502, 7164226.181964202784002 ], [ 684768.65594920492731, 7164201.675296338275075 ], [ 684737.614160312572494, 7164188.605077650398016 ], [ 684719.64259296131786, 7164159.197072941809893 ], [ 684714.741249155835249, 7164121.62017363216728 ], [ 684714.741239532479085, 7164082.409494846127927 ], [ 684716.375010508578271, 7164053.001485357992351 ], [ 684713.107450513402, 7164038.297481613233685 ], [ 684711.473668310092762, 7164021.959699185565114 ], [ 684704.938549921265803, 7163999.086804823949933 ], [ 684688.600763977621682, 7163982.749025985598564 ], [ 684678.798094015335664, 7163979.481471810489893 ], [ 684670.629204250173643, 7163984.382808650843799 ], [ 684668.995428863912821, 7163995.819257028400898 ], [ 684668.995434074662626, 7164017.058374700136483 ], [ 684664.094105507014319, 7164041.565050134435296 ], [ 684654.291442357935011, 7164066.07172676641494 ], [ 684633.052331452607177, 7164088.944627903401852 ], [ 684608.545661753043532, 7164102.014860142022371 ], [ 684575.870105892885476, 7164134.690433765761554 ], [ 684554.630994581850246, 7164155.929556619375944 ], [ 684520.321657318854704, 7164175.534904378466308 ], [ 684490.913650229922496, 7164177.168689826503396 ], [ 684454.97053036512807, 7164178.802476868033409 ], [ 684412.492302528116852, 7164200.041604893282056 ], [ 684387.985634022741579, 7164218.013171978294849 ], [ 684381.450529651832767, 7164252.322517510503531 ], [ 684376.549206677125767, 7164299.702088916674256 ], [ 684373.281669100746512, 7164376.489669026806951 ], [ 684378.183022895478643, 7164454.91102543566376 ], [ 684378.183029699372128, 7164482.685256257653236 ], [ 684360.21147876419127, 7164520.262161157093942 ], [ 684330.803476863307878, 7164543.135064288973808 ], [ 684312.831923122284934, 7164569.275521205738187 ], [ 684307.930594939389266, 7164595.415974939242005 ], [ 684307.930601741420105, 7164623.190205764956772 ], [ 684285.057713816175237, 7164650.964442159049213 ], [ 684260.551045691361651, 7164670.569787532091141 ], [ 684221.340374609804712, 7164693.44269304908812 ], [ 684208.270153049845248, 7164709.780479069799185 ], [ 684164.158144182991236, 7164719.583159504458308 ], [ 684141.285249452339485, 7164719.583165070042014 ], [ 684113.511018537799828, 7164713.048058688640594 ], [ 684072.666562064085156, 7164706.512955483049154 ], [ 684061.230114299687557, 7164704.879179979674518 ], [ 684054.695003516040742, 7164713.048072988167405 ], [ 684051.427450723014772, 7164727.752078339457512 ], [ 684053.061236909125, 7164760.427643625065684 ], [ 684053.061244100099429, 7164789.835652738809586 ], [ 684051.427474694093689, 7164825.778775391168892 ], [ 684038.357258720090613, 7164864.98945739492774 ], [ 684012.216815183870494, 7164896.031251152977347 ], [ 683981.17504664324224, 7164966.283724933862686 ], [ 683963.20350006967783, 7165021.832190978340805 ], [ 683957.485289163305424, 7165074.113097482360899 ], [ 683957.485295152408071, 7165098.619771755300462 ], [ 683955.851523345685564, 7165124.760224712081254 ], [ 683957.485306331771426, 7165144.365563735365868 ], [ 683967.287980300257914, 7165163.97090077586472 ], [ 683975.45687647187151, 7165185.210016496479511 ], [ 683975.456884858896956, 7165219.519360483624041 ], [ 683962.386663682642393, 7165237.490924797020853 ], [ 683924.809765968937427, 7165240.758490497246385 ], [ 683903.570651015383191, 7165247.293608794920146 ], [ 683872.528866884531453, 7165253.828729476779699 ], [ 683848.022201123647392, 7165283.236744564026594 ], [ 683812.079098761663772, 7165356.756776133552194 ], [ 683795.741335548111238, 7165433.544359521940351 ], [ 683771.234689724631608, 7165544.641288904473186 ], [ 683751.62937010882888, 7165621.428873103111982 ], [ 683730.390267504728399, 7165678.611118271946907 ], [ 683704.249821137171239, 7165698.216464050114155 ], [ 683670.757372480700724, 7165716.188033324666321 ], [ 683652.785814703442156, 7165725.990707399323583 ], [ 683633.180480720824562, 7165743.962273305281997 ], [ 683621.744039319688454, 7165768.468950374051929 ], [ 683629.912935089319944, 7165788.074287828058004 ], [ 683642.983163856086321, 7165801.144510951824486 ], [ 683664.222287996206433, 7165832.186293242499232 ], [ 683688.728972919518128, 7165881.199635894037783 ], [ 683695.264091291930526, 7165904.072530322708189 ], [ 683696.897875072318129, 7165926.945425942540169 ], [ 683690.36277025565505, 7165959.620993262156844 ], [ 683674.024995454121381, 7165989.029006389901042 ], [ 683646.250771672464907, 7166011.901909141801298 ], [ 683620.110325688263401, 7166033.141033213585615 ], [ 683611.941437887959182, 7166046.211261488497257 ], [ 683600.504997276351787, 7166073.985495141707361 ], [ 683608.673899026820436, 7166118.09750691242516 ], [ 683623.377910779905505, 7166150.773069091141224 ], [ 683649.518372713355348, 7166194.885076506994665 ], [ 683667.489940468105488, 7166225.926859607920051 ], [ 683672.391283036558889, 7166258.602424168027937 ], [ 683672.391287821577862, 7166278.207763617858291 ], [ 683657.687287622946315, 7166292.91177177336067 ], [ 683644.617063628742471, 7166299.446888092905283 ], [ 683633.180617037578486, 7166302.714447440579534 ], [ 683608.673944060807116, 7166302.714453384280205 ], [ 683584.167276262771338, 7166323.953577065840364 ], [ 683559.660609659855254, 7166350.094035608693957 ], [ 683554.759281438775361, 7166376.234489399939775 ], [ 683549.041076468885876, 7166453.022070312872529 ], [ 683542.505976022686809, 7166503.669198824092746 ], [ 683532.703315592720173, 7166539.61232353746891 ], [ 683516.365538383135572, 7166559.217666953802109 ], [ 683495.126422193134204, 7166560.851450389251113 ], [ 683457.549523217487149, 7166559.217681204900146 ], [ 683408.536178440786898, 7166564.119027942419052 ], [ 683351.353945056325756, 7166578.823046386241913 ], [ 683284.369053613161668, 7166639.272859267890453 ], [ 683261.496167575824074, 7166675.215987145900726 ], [ 683258.228619530214928, 7166709.52533199172467 ], [ 683261.496184679563157, 7166745.468453549779952 ], [ 683272.93264559970703, 7166801.016912594437599 ], [ 683272.932655147276819, 7166840.227591522037983 ], [ 683268.031330890022218, 7166882.705828217789531 ], [ 683245.158455581753515, 7166962.760969910770655 ], [ 683220.651789343683049, 7166990.535206752829254 ], [ 683194.511345699080266, 7167021.577000571414828 ], [ 683178.173573638312519, 7167062.421461751684546 ], [ 683168.370908413082361, 7167078.759247014299035 ], [ 683121.808237657300197, 7167111.434824062511325 ], [ 683076.062449640012346, 7167117.969948282465339 ], [ 683015.61265623185318, 7167117.969962893053889 ], [ 682960.064196234219708, 7167113.068641448393464 ], [ 682880.009064421406947, 7167113.068660789169371 ], [ 682811.390380806755275, 7167116.33623393625021 ], [ 682736.236585976439528, 7167126.138921810314059 ], [ 682680.688128753448837, 7167132.674048371613026 ], [ 682638.209897132124752, 7167139.209171775728464 ], [ 682587.562776490231045, 7167153.913188594393432 ], [ 682535.281878834357485, 7167173.518540671095252 ], [ 682505.873877567239106, 7167199.65900039114058 ], [ 682489.536104672122747, 7167237.235904989764094 ], [ 682468.296998757869005, 7167281.347923927940428 ], [ 682451.959226652397774, 7167322.192385107278824 ], [ 682430.720122317317873, 7167372.839517209678888 ], [ 682398.044571364764124, 7167426.754208648577332 ], [ 682358.83390364726074, 7167464.331118762493134 ], [ 682332.693455992615782, 7167479.035129668191075 ], [ 682224.047205230919644, 7167477.401377530768514 ], [ 682202.80809019994922, 7167483.936495802365243 ], [ 682165.231197506305762, 7167508.443179193884134 ], [ 682157.062311245128512, 7167528.04852064140141 ], [ 682150.527204765938222, 7167554.188974859192967 ], [ 682134.189427892910317, 7167575.428096560761333 ], [ 682119.485424082027748, 7167575.428100098855793 ], [ 682093.344970096368343, 7167563.991658352315426 ], [ 682072.105853086221032, 7167562.357885169796646 ], [ 682050.866739631514065, 7167575.428116597235203 ], [ 682036.162742536980659, 7167603.202351067215204 ], [ 682018.191191014484502, 7167639.145477776415646 ], [ 681987.149410718004219, 7167662.018381305038929 ], [ 681964.276516687474214, 7167665.285943381488323 ], [ 681938.136065465514548, 7167665.285949664190412 ], [ 681918.530724285054021, 7167653.849506339989603 ], [ 681898.925382315530442, 7167639.145506435073912 ], [ 681879.320038373349234, 7167616.272615077905357 ], [ 681872.784917674027383, 7167583.597050841897726 ], [ 681869.517354955663905, 7167557.45659897942096 ], [ 681853.17956663062796, 7167531.316150261089206 ], [ 681820.50399392680265, 7167495.373035721480846 ], [ 681773.124423727625981, 7167485.570377357304096 ], [ 681742.082639092346653, 7167490.471719676628709 ], [ 681681.632849597139284, 7167506.809517085552216 ], [ 681630.985729307867587, 7167523.147312136366963 ], [ 681595.042610459495336, 7167529.682433916255832 ], [ 681568.902159242308699, 7167529.682440184056759 ], [ 681544.395480709266849, 7167506.809549998492002 ], [ 681539.494137832662091, 7167472.500207081437111 ], [ 681537.860342295491137, 7167400.613962713629007 ], [ 681531.325214520446025, 7167338.53038926422596 ], [ 681511.719861930585466, 7167279.714375536888838 ], [ 681503.55096265533939, 7167245.40503341332078 ], [ 681505.184730614069849, 7167202.926797492429614 ], [ 681539.494063758989796, 7167165.349888611584902 ], [ 681564.000730458647013, 7167139.209430106915534 ], [ 681573.803394143236801, 7167116.336531704291701 ], [ 681575.437164461822249, 7167083.660965527407825 ], [ 681562.366932555567473, 7167057.520516034215689 ], [ 681542.761589820496738, 7167039.54895955696702 ], [ 681495.382022019592114, 7167039.548970912583172 ], [ 681446.368676412617788, 7167041.182760948315263 ], [ 681415.326889824005775, 7167037.915211807005107 ], [ 681400.622889174032025, 7167050.985441640950739 ], [ 681369.581110457889736, 7167080.393458283506334 ], [ 681335.271771798259579, 7167095.097471103072166 ], [ 681245.413970396388322, 7167093.463714327663183 ], [ 681212.738402066053823, 7167075.492160964757204 ], [ 681173.527719365549274, 7167050.985496011562645 ], [ 681124.5143698254833, 7167036.281503135338426 ], [ 681075.501023825490847, 7167036.281514857895672 ], [ 681044.459238024661317, 7167036.281522279605269 ], [ 681019.952561487792991, 7167021.577523536980152 ], [ 681016.68500076700002, 7167003.605963137000799 ], [ 681031.388993564643897, 7166957.860167531296611 ], [ 681062.430768358404748, 7166912.114368019625545 ], [ 681086.937429956626147, 7166864.734791786409914 ], [ 681082.036086710868403, 7166828.791670607402921 ], [ 681065.698296855436638, 7166796.116108741611242 ], [ 681044.459174368763342, 7166771.609439492225647 ], [ 681033.022719898726791, 7166742.201433032751083 ], [ 681029.755154070211574, 7166702.990754893049598 ], [ 681031.388922840240411, 7166663.780075581744313 ], [ 681044.459140967577696, 7166632.738284980878234 ], [ 681060.796917064697482, 7166608.231606749817729 ], [ 681088.571144875953905, 7166601.69648695550859 ], [ 681127.781822048127651, 7166603.330255864188075 ], [ 681180.06272677727975, 7166613.132913085632026 ], [ 681216.005846371408552, 7166609.865347908809781 ], [ 681238.878738799365237, 7166600.062672706320882 ], [ 681271.55430002626963, 7166588.626216867938638 ], [ 681297.694745308719575, 7166564.1195362880826 ], [ 681333.637856635148637, 7166526.542627057060599 ], [ 681372.848525535431691, 7166493.867051906883717 ], [ 681389.186300831963308, 7166466.092817097902298 ], [ 681390.820069974754006, 7166428.515916087664664 ], [ 681392.453835575142875, 7166376.235010487027466 ], [ 681418.594278088770807, 7166340.291881898418069 ], [ 681439.833388368831947, 7166314.151424208655953 ], [ 681441.467159084510058, 7166283.109636353328824 ], [ 681441.467155146528967, 7166266.771853479556739 ], [ 681431.664482412626967, 7166252.067851241677999 ], [ 681405.524028876330703, 7166242.265187779441476 ], [ 681374.48224310844671, 7166242.265195217914879 ], [ 681340.172900944249704, 7166242.26520343311131 ], [ 681325.468895192956552, 7166234.096315519884229 ], [ 681309.131107305875048, 7166209.589645123109221 ], [ 681302.595987428794615, 7166180.181637515313923 ], [ 681299.328421981655993, 7166142.604737693443894 ], [ 681287.891967906733043, 7166114.83050954900682 ], [ 681269.920401432085782, 7166088.69006125908345 ], [ 681229.892828895128332, 7166060.915839962661266 ], [ 681218.456378756789491, 7166049.479394690133631 ], [ 681211.92126124468632, 7166029.874056811444461 ], [ 681210.287476360681467, 7166002.099826326593757 ], [ 681207.019914458389394, 7165979.226931091398001 ], [ 681198.851017963606864, 7165956.354037032462656 ], [ 681184.14700828504283, 7165931.847366251051426 ], [ 681166.175445358618163, 7165920.410922545939684 ], [ 681151.471438435371965, 7165907.340699769556522 ], [ 681140.034985154285096, 7165882.834028206765652 ], [ 681138.401202239096165, 7165863.228689160197973 ], [ 681151.47142152802553, 7165837.088233447633684 ], [ 681179.245645377784967, 7165814.215330790728331 ], [ 681226.625205235206522, 7165781.539753725752234 ], [ 681270.73720829852391, 7165747.230399153195322 ], [ 681293.610097157419659, 7165722.723719382658601 ], [ 681313.215429225936532, 7165696.583262109197676 ], [ 681321.384313915157691, 7165670.442807573825121 ], [ 681326.285644964780658, 7165655.738801825791597 ], [ 681329.55319151841104, 7165614.894343892112374 ], [ 681339.35585282696411, 7165582.218775826506317 ], [ 681358.96118528523948, 7165557.712096842005849 ], [ 681394.904302071779966, 7165543.008083660155535 ], [ 681448.818978626746684, 7165526.670287882909179 ], [ 681476.593204426113516, 7165511.966276653110981 ], [ 681488.029647470684722, 7165493.994712769985199 ], [ 681500.282976853428409, 7165464.586700688116252 ], [ 681503.55053009535186, 7165451.516473619267344 ], [ 681503.550522609963082, 7165420.474686193279922 ], [ 681495.381626112270169, 7165397.601792154833674 ], [ 681464.339832108234987, 7165363.29245559964329 ], [ 681428.396709424210712, 7165353.489794502034783 ], [ 681379.38335605233442, 7165322.448018822818995 ], [ 681294.426881186314858, 7165286.504916893318295 ], [ 681250.31486634677276, 7165271.800922884605825 ], [ 681204.569074493949302, 7165261.998264125548303 ], [ 681184.963733385666274, 7165250.561820820905268 ], [ 681155.555718777235597, 7165221.153818725608289 ], [ 681140.851704789558426, 7165178.675586830824614 ], [ 681127.781458777026273, 7165093.71911914087832 ], [ 681126.147673504077829, 7165064.311110405251384 ], [ 681132.682784321252257, 7165056.142217418178916 ], [ 681149.020563133410178, 7165043.071987232193351 ], [ 681170.259677317342721, 7165033.26931244134903 ], [ 681201.30145792174153, 7165012.03018731251359 ], [ 681207.836566377314739, 7164994.05862461682409 ], [ 681211.104118049144745, 7164974.453284420073032 ], [ 681209.470331985503435, 7164941.777719117701054 ], [ 681191.498767116456293, 7164922.172384007833898 ], [ 681155.555644063511863, 7164910.735944615676999 ], [ 681121.246299600461498, 7164900.933283118531108 ], [ 681093.472068313509226, 7164892.764398340135813 ], [ 681052.627605962916277, 7164861.722620705142617 ], [ 681024.853371141245589, 7164838.849731367081404 ], [ 681018.318255216930993, 7164825.779506655409932 ], [ 680973.389337956439704, 7164755.527051175944507 ], [ 680942.347545572556555, 7164727.752827766351402 ], [ 680935.812426114222035, 7164699.97859850153327 ], [ 680929.277307051932439, 7164673.838147519156337 ], [ 680901.503072240273468, 7164650.965258181095123 ], [ 680875.362616804777645, 7164632.993703303858638 ], [ 680831.250598085462116, 7164601.951926451176405 ], [ 680808.377699435455725, 7164585.614149076864123 ], [ 680782.237244004732929, 7164567.642594197764993 ], [ 680754.4630099858623, 7164548.037261426448822 ], [ 680723.4212172270054, 7164518.629259730689228 ], [ 680713.618541390402243, 7164490.855031250976026 ], [ 680710.350976763642393, 7164456.545688077807426 ], [ 680710.350966955418698, 7164415.701230993494391 ], [ 680700.548282884294167, 7164353.617658568546176 ], [ 680684.210487214848399, 7164296.435422557406127 ], [ 680685.844256386626512, 7164258.858521657064557 ], [ 680703.815809067804366, 7164227.816729992628098 ], [ 680752.82914782280568, 7164198.408709200099111 ], [ 680783.870929188327864, 7164180.437140677124262 ], [ 680790.406036077765748, 7164155.930464874953032 ], [ 680790.406031760503538, 7164137.958903763443232 ], [ 680781.420240706764162, 7164092.213113992474973 ], [ 680774.885123614687473, 7164074.241554445587099 ], [ 680768.35000574006699, 7164053.002438332885504 ], [ 680769.166886595427059, 7164018.693094201385975 ], [ 680726.688657488324679, 7164035.030887169763446 ], [ 680692.379317777347751, 7164044.833565052598715 ], [ 680674.40775764931459, 7164044.833569342270494 ], [ 680615.591742290300317, 7164043.199805093929172 ], [ 680564.944617507047951, 7164039.932260610163212 ], [ 680522.466378990095109, 7164017.05937478877604 ], [ 680489.790808068704791, 7163987.65137349255383 ], [ 680462.016570162028074, 7163951.708257902413607 ], [ 680437.509892561938614, 7163932.102924356237054 ], [ 680402.383661014959216, 7163930.469154445454478 ], [ 680363.172984376084059, 7163930.469163787551224 ], [ 680315.793418337590992, 7163937.004288202151656 ], [ 680237.372070145560429, 7163958.243424546904862 ], [ 680154.049386588390917, 7163976.21500548440963 ], [ 680065.825370400212705, 7164002.35547899082303 ], [ 679992.305354041513056, 7164012.158166168257594 ], [ 679930.221782689797692, 7164012.158180925995111 ], [ 679902.447548325522803, 7163990.919069854542613 ], [ 679882.842204537591897, 7163968.046178562566638 ], [ 679864.870634649530984, 7163927.201725773513317 ], [ 679859.969292260939255, 7163894.526161296293139 ], [ 679850.166614903137088, 7163860.216819697991014 ], [ 679843.631494712317362, 7163829.175033893436193 ], [ 679837.09637374128215, 7163794.865691523067653 ], [ 679824.026138829183765, 7163755.655015861615539 ], [ 679806.054569339379668, 7163716.444341365247965 ], [ 679765.210106323473155, 7163682.135007149539888 ], [ 679725.999423064989969, 7163654.36078567057848 ], [ 679691.690073217730969, 7163621.685228183865547 ], [ 679639.409168713842519, 7163611.882570901885629 ], [ 679592.029601910267957, 7163615.150138705968857 ], [ 679552.818928406573832, 7163628.22037425916642 ], [ 679510.340703583438881, 7163662.529728246852756 ], [ 679472.763814892503433, 7163703.374194198288023 ], [ 679441.722039747633971, 7163747.486215163953602 ], [ 679409.046483290847391, 7163778.52801026403904 ], [ 679391.074937188066542, 7163837.344032675027847 ], [ 679373.103389135445468, 7163887.991163678467274 ], [ 679361.666954243090004, 7163940.272071417421103 ], [ 679330.625178692629561, 7163982.750314111821353 ], [ 679301.217176271835342, 7164003.989438747987151 ], [ 679263.640281325438991, 7164018.693452186882496 ], [ 679211.359388082986698, 7164056.270365061238408 ], [ 679186.852722960757092, 7164088.945936514995992 ], [ 679173.782506357762031, 7164126.522840106859803 ], [ 679173.78251258097589, 7164152.663292630575597 ], [ 679173.78252113761846, 7164188.606414850801229 ], [ 679165.613636390888132, 7164214.746869308874011 ], [ 679154.177196035161614, 7164244.154881108552217 ], [ 679137.839419540483505, 7164267.027780935168266 ], [ 679111.698972713318653, 7164284.999348232522607 ], [ 679087.192302913055755, 7164298.069580294191837 ], [ 679044.714073365554214, 7164312.773594888858497 ], [ 678982.630508595728315, 7164340.547840382903814 ], [ 678948.321170014329255, 7164355.251853041350842 ], [ 678917.279387044953182, 7164366.688308360055089 ], [ 678881.336272985325195, 7164392.828769385814667 ], [ 678850.294494283851236, 7164422.236785816028714 ], [ 678815.985160742071457, 7164458.179916155524552 ], [ 678781.675823705387302, 7164479.419041940942407 ], [ 678737.563816335285082, 7164495.756835190579295 ], [ 678701.620698384358548, 7164505.559513378888369 ], [ 678654.24113539676182, 7164525.164863960817456 ], [ 678624.833128672093153, 7164528.43242746591568 ], [ 678600.326454591122456, 7164523.531098397448659 ], [ 678544.777994814678095, 7164518.62977665103972 ], [ 678495.764651691075414, 7164530.066236191429198 ], [ 678459.821532186237164, 7164533.333801232278347 ], [ 678435.314855782082304, 7164518.629802457988262 ], [ 678420.610848932643421, 7164505.559579653665423 ], [ 678399.371728144353256, 7164487.588023540563881 ], [ 678368.329941675066948, 7164484.320474287495017 ], [ 678330.753043590113521, 7164485.954261424019933 ], [ 678314.415260485024191, 7164481.052930423989892 ], [ 678304.612590544158593, 7164477.785376163199544 ], [ 678271.937035168870352, 7164513.728506093844771 ], [ 678222.923695523990318, 7164539.868970171548426 ], [ 678203.318357188720256, 7164539.868974784389138 ], [ 678180.445461304392666, 7164534.967645317316055 ], [ 678160.840119102504104, 7164518.629867097362876 ], [ 678141.23477612901479, 7164499.024532308802009 ], [ 678119.995658054132946, 7164492.489424173720181 ], [ 678113.460545276524499, 7164492.489425708539784 ], [ 678108.559214172768407, 7164507.193431413732469 ], [ 678111.826774428016506, 7164523.531213478185236 ], [ 678126.530780111439526, 7164531.700101438909769 ], [ 678147.769902054104023, 7164554.572992409579456 ], [ 678174.727250387892127, 7164588.882330021820962 ], [ 678176.361033996450715, 7164611.755225608125329 ], [ 678171.459704827517271, 7164634.628122733905911 ], [ 678151.854373065056279, 7164662.40235817246139 ], [ 678127.347706715576351, 7164690.176594763994217 ], [ 678117.545042960089631, 7164713.049493043683469 ], [ 678115.911269791307859, 7164734.288611121475697 ], [ 678115.911277137463912, 7164765.330398516729474 ], [ 678102.841063562314957, 7164815.977528398856521 ], [ 678084.869512691278942, 7164855.188211446627975 ], [ 678075.066853957949206, 7164899.300227425992489 ], [ 678068.531746587716043, 7164922.173124947585166 ], [ 678058.729082441073842, 7164943.412244947627187 ], [ 678024.419748064945452, 7164976.087818706408143 ], [ 677985.209078327869065, 7165005.495837045833468 ], [ 677959.068634151481092, 7165034.903852313756943 ], [ 677954.167305745184422, 7165061.044306019321084 ], [ 677957.434867158182897, 7165082.283422952517867 ], [ 677958.251763596083038, 7165113.325210171751678 ], [ 677953.3504344165558, 7165136.198107312433422 ], [ 677937.012657092534937, 7165155.803450570441782 ], [ 677925.576211652718484, 7165163.972344683483243 ], [ 677889.633093659533188, 7165173.775022838264704 ], [ 677870.027758011477999, 7165185.211475438438356 ], [ 677845.521088546607643, 7165199.915485760197043 ], [ 677811.211756465490907, 7165242.393729229457676 ], [ 677778.536203733179718, 7165289.773307170718908 ], [ 677775.268655831227079, 7165325.716430212371051 ], [ 677775.268670108518563, 7165386.166226770728827 ], [ 677775.268677440239117, 7165417.208014193922281 ], [ 677767.099789931438863, 7165431.912020681425929 ], [ 677739.325564448954538, 7165448.249810056760907 ], [ 677698.481114550726488, 7165469.488937357440591 ], [ 677673.974447001819499, 7165492.361839108169079 ], [ 677659.270447859307751, 7165511.967181984335184 ], [ 677657.636676989495754, 7165543.008969795890152 ], [ 677659.270458657294512, 7165557.712973985821009 ], [ 677672.34069194435142, 7165590.388536632992327 ], [ 677683.777147035114467, 7165623.064099667593837 ], [ 677691.946046119323, 7165657.373441754840314 ], [ 677691.946052676532418, 7165685.147672617807984 ], [ 677678.87583635689225, 7165724.358354549854994 ], [ 677653.552283169818111, 7165761.935261075384915 ], [ 677640.482067617238499, 7165804.413499584421515 ], [ 677637.214520090492442, 7165841.99040093831718 ], [ 677622.510522482916713, 7165868.130856970325112 ], [ 677601.271410927874967, 7165889.369979675859213 ], [ 677583.299858464277349, 7165922.045549619942904 ], [ 677558.793193980120122, 7165957.988677673041821 ], [ 677539.187860618112609, 7165979.227799997664988 ], [ 677499.977186570176855, 7165990.664257198572159 ], [ 677467.301624928368255, 7166000.466934578493237 ], [ 677444.428734396817163, 7166018.438501093536615 ], [ 677424.823401415604167, 7166041.311401702463627 ], [ 677393.781625668052584, 7166083.789644433185458 ], [ 677383.97896610700991, 7166124.634103904478252 ], [ 677383.978973806253634, 7166157.309669645503163 ], [ 677385.612761245458387, 7166196.520348154008389 ], [ 677387.246552533237264, 7166252.068809537217021 ], [ 677372.542576853418723, 7166371.334627961739898 ], [ 677369.27503161993809, 7166418.714199068024755 ], [ 677362.739928450668231, 7166459.558657792396843 ], [ 677357.838600014103577, 7166485.699111545458436 ], [ 677336.599487278377637, 7166502.036899397149682 ], [ 677321.895483488216996, 7166502.03690284024924 ], [ 677300.656366903916933, 7166502.036907814443111 ], [ 677272.8821363709867, 7166497.135579453781247 ], [ 677230.403901663026772, 7166490.600476246327162 ], [ 677207.531006879871711, 7166490.600481597706676 ], [ 677171.587885738350451, 7166487.332933435216546 ], [ 677146.264323656680062, 7166487.332939360290766 ], [ 677120.123873630072922, 7166492.234280338510871 ], [ 677085.814531455514953, 7166492.234288362786174 ], [ 677061.307856550905854, 7166484.065402654930949 ], [ 677035.167398455319926, 7166454.657399589195848 ], [ 676984.520268918946385, 7166431.784515399485826 ], [ 676951.844701105263084, 7166415.446740159764886 ], [ 676915.901578815188259, 7166407.27785712108016 ], [ 676883.226015226915479, 7166408.911643043160439 ], [ 676857.085564049659297, 7166408.911649148911238 ], [ 676835.846445549279451, 7166400.742762671783566 ], [ 676812.973550768103451, 7166400.742768012918532 ], [ 676795.001995189348236, 7166420.348111661151052 ], [ 676765.5939929849701, 7166443.221014553681016 ], [ 676728.017098635318689, 7166461.19258448947221 ], [ 676706.777987037901767, 7166482.431707188487053 ], [ 676685.538879657513462, 7166521.642391050234437 ], [ 676659.398438827833161, 7166565.754410922527313 ], [ 676633.257994546904229, 7166595.162426208145916 ], [ 676597.314880302641541, 7166621.302887199446559 ], [ 676569.540652067633346, 7166626.204228540882468 ], [ 676538.498863986111246, 7166616.401566050946712 ], [ 676509.090851806569844, 7166596.796233450993896 ], [ 676491.119285871973261, 7166572.289563316851854 ], [ 676483.352628397755325, 7166595.872548153623939 ], [ 676471.979489400633611, 7166610.495163290761411 ], [ 676455.73214841040317, 7166633.241453168913722 ], [ 676442.734278588788584, 7166664.111415890976787 ], [ 676431.361146443989128, 7166707.979256005957723 ], [ 676428.11168365413323, 7166735.599747020751238 ], [ 676426.486955874133855, 7166764.844972376711667 ], [ 676431.361168531002477, 7166802.213869826868176 ], [ 676434.610644270200282, 7166829.834359330125153 ], [ 676431.36117995576933, 7166850.955911464057863 ], [ 676415.113837435143068, 7166867.203262461349368 ], [ 676402.115964181255549, 7166883.450612702406943 ], [ 676398.866498723626137, 7166899.697960672900081 ], [ 676398.86650329164695, 7166919.194777329452336 ], [ 676413.489122984232381, 7166953.314203073270619 ], [ 676416.738600626704283, 7166989.058366190642118 ], [ 676421.61281442688778, 7167031.301467815414071 ], [ 676436.235437929513864, 7167081.668240781873465 ], [ 676442.734379509347491, 7167094.66611704044044 ], [ 676465.480666279094294, 7167102.789785349741578 ], [ 676493.10115618724376, 7167107.663983077742159 ], [ 676517.472176448325627, 7167110.91344684176147 ], [ 676540.218463219702244, 7167119.037115147337317 ], [ 676566.214221543865278, 7167136.909191025421023 ], [ 676577.587368551176041, 7167156.406005037017167 ], [ 676579.212108899839222, 7167180.777025487273932 ], [ 676582.461584647302516, 7167208.397515002638102 ], [ 676584.08632842823863, 7167247.391147955320776 ], [ 676584.086334906984121, 7167275.011638229712844 ], [ 676587.335812559118494, 7167310.755801361985505 ], [ 676595.459491826128215, 7167336.75155502744019 ], [ 676605.207905346993357, 7167361.122573586180806 ], [ 676626.329464353621006, 7167398.491467274725437 ], [ 676653.949961518519558, 7167434.235624727793038 ], [ 676686.444661444053054, 7167465.105576876550913 ], [ 676717.31462711840868, 7167497.600264124572277 ], [ 676751.434058249578811, 7167513.84760338626802 ], [ 676798.551364929415286, 7167523.596000725403428 ], [ 676835.920264950720593, 7167538.218604505062103 ], [ 676852.167615873506293, 7167557.715417383238673 ], [ 676863.540765946730971, 7167590.21010918635875 ], [ 676865.165508979698643, 7167625.954272708855569 ], [ 676850.542906049988233, 7167663.323174752295017 ], [ 676844.043976289802231, 7167700.692074902355671 ], [ 676847.293451284291223, 7167725.063094990327954 ], [ 676855.417129419976845, 7167746.184644493274391 ], [ 676863.540807173470967, 7167765.681459276005626 ], [ 676867.602649867185391, 7167791.677213899791241 ], [ 676901.722083305590786, 7167817.672961503267288 ], [ 676916.344698074506596, 7167830.670835874043405 ], [ 676932.592051296262071, 7167859.916057098656893 ], [ 676942.340463305823505, 7167877.788136780261993 ], [ 676953.713609952130355, 7167895.660216081887484 ], [ 676979.709368695155717, 7167915.157026689499617 ], [ 677008.954595563933253, 7167929.779632365331054 ], [ 677030.076149641070515, 7167946.026974665001035 ], [ 677051.19770218944177, 7167955.775378070771694 ], [ 677067.445053507806733, 7167976.896925678476691 ], [ 677078.818201305344701, 7167999.643209151923656 ], [ 677085.317144431755878, 7168019.140024318359792 ], [ 677093.440824488759972, 7168048.385247448459268 ], [ 677086.941894355113618, 7168084.129412894137204 ], [ 677069.069824066595174, 7168129.621989347040653 ], [ 677049.573021050076932, 7168183.238239797763526 ], [ 677020.327804867411032, 7168214.108206395059824 ], [ 676984.583649376640096, 7168241.728705063462257 ], [ 676956.963167825480923, 7168272.598671281710267 ], [ 676887.099594520404935, 7168340.837546028196812 ], [ 676852.980179379461333, 7168392.829065186902881 ], [ 676831.858642849023454, 7168451.319520206190646 ], [ 676834.295757013955154, 7168503.311030831187963 ], [ 676840.794699758524075, 7168521.183111287653446 ], [ 676861.916258428827859, 7168556.927270302549005 ], [ 676900.909899246878922, 7168597.545629322528839 ], [ 676928.530396467074752, 7168633.289786823093891 ], [ 676949.651953998138197, 7168664.159741667099297 ], [ 676964.274571457062848, 7168688.530759129673243 ], [ 677000.018743396503851, 7168730.773853635415435 ], [ 677019.515562857035547, 7168747.021196329966187 ], [ 677035.762912663863972, 7168761.643805062398314 ], [ 677042.261854650569148, 7168776.266416070982814 ], [ 677040.637124598026276, 7168795.763233156874776 ], [ 677021.140313922078349, 7168816.884789146482944 ], [ 676993.519829677417874, 7168836.381612310186028 ], [ 676946.402528259321116, 7168849.379501125775278 ], [ 676884.662616250221618, 7168867.251597530208528 ], [ 676866.790536769549362, 7168873.750540607608855 ], [ 676818.048501854995266, 7168891.622633971273899 ], [ 676766.056996900471859, 7168906.2452586395666 ], [ 676735.18704146402888, 7168917.618408924899995 ], [ 676696.193413221277297, 7168930.616295829415321 ], [ 676653.950316848000512, 7168948.488387670367956 ], [ 676626.329832969233394, 7168969.609945547766984 ], [ 676618.206166642601602, 7168998.855172507464886 ], [ 676619.830906616989523, 7169021.601458294317126 ], [ 676636.078255660249852, 7169032.974597586318851 ], [ 676666.948217965196818, 7169050.846672371029854 ], [ 676702.692385327187367, 7169073.592950197868049 ], [ 676736.811821106355637, 7169109.33710621111095 ], [ 676753.059185410384089, 7169185.699634555727243 ], [ 676764.432335885707289, 7169219.819061156362295 ], [ 676780.679691800614819, 7169260.437425525858998 ], [ 676818.048596104723401, 7169292.932111332193017 ], [ 676834.295945156831294, 7169304.305250625126064 ], [ 676883.037985060946085, 7169307.554708696901798 ], [ 676938.278962753713131, 7169307.554695793427527 ], [ 676998.394142068806104, 7169297.806273384019732 ], [ 677053.635118997073732, 7169294.556791020557284 ], [ 677108.876096689375117, 7169294.556778103113174 ], [ 677146.24499374604784, 7169296.181504089385271 ], [ 677167.366544039337896, 7169296.181499150581658 ], [ 677198.236508280155249, 7169322.177247553132474 ], [ 677216.108596948091872, 7169354.67193790525198 ], [ 677224.232279699412175, 7169395.29030417278409 ], [ 677230.731222842354327, 7169414.787119375541806 ], [ 677242.10436798655428, 7169426.160259801894426 ], [ 677266.47538947488647, 7169434.283927731215954 ], [ 677315.217432831530459, 7169452.155998319387436 ], [ 677362.334745383472182, 7169486.275416553020477 ], [ 677385.081036444869824, 7169512.271166858263314 ], [ 677394.829451167024672, 7169541.516389662399888 ], [ 677401.328397378209047, 7169574.011082684621215 ], [ 677407.827342441072688, 7169601.631571524776518 ], [ 677424.074695335002616, 7169629.252058085054159 ], [ 677441.946777510922402, 7169634.126258079893887 ], [ 677459.818857005098835, 7169627.627314981073141 ], [ 677484.189871607231908, 7169606.505757816135883 ], [ 677498.812477225554176, 7169580.509998752735555 ], [ 677505.31141118449159, 7169561.01318050455302 ], [ 677519.934018718311563, 7169543.141095075756311 ], [ 677562.177114721154794, 7169523.644268449395895 ], [ 677597.921277534216642, 7169526.893729519098997 ], [ 677635.290172688663006, 7169520.394781848415732 ], [ 677698.654820521711372, 7169507.396889168769121 ], [ 677749.021591244847514, 7169494.398999531753361 ], [ 677817.260442990111187, 7169481.401105696335435 ], [ 677854.629339673207141, 7169481.401096921414137 ], [ 677875.750893811462447, 7169497.648439231328666 ], [ 677888.748773222556338, 7169507.396844541653991 ], [ 677908.245590035920031, 7169512.27104414254427 ], [ 677934.241344636538997, 7169513.895772762596607 ], [ 677974.859715975588188, 7169536.64204939827323 ], [ 678000.855477874283679, 7169569.136737833730876 ], [ 678032.537815237883478, 7169619.503506932407618 ], [ 678050.40990279475227, 7169647.123993095941842 ], [ 678058.53358674806077, 7169692.616563554853201 ], [ 678068.282001498504542, 7169721.861786358989775 ], [ 678087.778825235785916, 7169755.981211055070162 ], [ 678105.650915488833562, 7169794.974840315058827 ], [ 678128.397213121992536, 7169848.591080982238054 ], [ 678139.77036943519488, 7169907.081528512760997 ], [ 678154.39299502898939, 7169965.571975283324718 ], [ 678154.393010407453403, 7170030.561364409513772 ], [ 678154.393021940719336, 7170079.30340625718236 ], [ 678154.39302924554795, 7170110.173366097733378 ], [ 678162.516708979732357, 7170137.793854569084942 ], [ 678177.139325352618471, 7170157.290667871013284 ], [ 678217.7576975034317, 7170183.286413971334696 ], [ 678282.747088101226836, 7170204.407950147055089 ], [ 678339.612803963944316, 7170219.030549318529665 ], [ 678380.231177277863026, 7170249.900499596260488 ], [ 678415.975345519953407, 7170275.896246838383377 ], [ 678454.968982659513131, 7170300.267258582636714 ], [ 678495.587352902279235, 7170318.139331029728055 ], [ 678542.704658239381388, 7170321.388789381831884 ], [ 678589.821962420712225, 7170319.764043543487787 ], [ 678648.312405230011791, 7170301.891947733238339 ], [ 678706.802849191706628, 7170288.894056104123592 ], [ 678747.42121519590728, 7170288.894046519882977 ], [ 678791.289050094550475, 7170287.269301434978843 ], [ 678849.779493280919269, 7170271.021940339356661 ], [ 678916.393606962636113, 7170243.40143421664834 ], [ 678952.137758231372572, 7170197.908853368833661 ], [ 678984.632447170559317, 7170181.66149840503931 ], [ 679018.751873450586572, 7170176.787286153994501 ], [ 679063.432073730393313, 7170167.038867221213877 ], [ 679105.675175527459942, 7170171.913061416707933 ], [ 679133.295668271253817, 7170188.160402171313763 ], [ 679204.784005963709205, 7170245.026100762188435 ], [ 679277.89707250520587, 7170277.520778036676347 ], [ 679329.888587956433184, 7170306.765990847721696 ], [ 679365.632762813474983, 7170360.382228437811136 ], [ 679396.502727174316533, 7170386.377976790070534 ], [ 679427.372688439092599, 7170399.37584731169045 ], [ 679500.485756943002343, 7170439.994198215194046 ], [ 679519.982576502021402, 7170456.241540886461735 ], [ 679545.978338886168785, 7170490.36096403747797 ], [ 679570.349368571303785, 7170532.604061223566532 ], [ 679571.974109024740756, 7170556.975081779062748 ], [ 679580.097785327583551, 7170569.972957689315081 ], [ 679596.345134835923091, 7170582.970831671729684 ], [ 679617.466688267420977, 7170595.968704499304295 ], [ 679633.714038165169768, 7170610.591313211247325 ], [ 679648.336654971819371, 7170631.712861228734255 ], [ 679653.210867036134005, 7170665.832289393991232 ], [ 679656.460342519683763, 7170691.828044298104942 ], [ 679682.456101430114359, 7170711.324854888953269 ], [ 679713.326062713400461, 7170724.322725403122604 ], [ 679745.82075902633369, 7170738.945330260321498 ], [ 679792.938069827505387, 7170764.941074756905437 ], [ 679810.810160581255332, 7170805.55943876132369 ], [ 679825.432781278272159, 7170842.928334079682827 ], [ 679818.121481599053368, 7170868.924091497436166 ], [ 679821.370956702623516, 7170893.295111677609384 ], [ 679824.620431806193665, 7170917.666131857782602 ], [ 679837.618315147701651, 7170943.661884455941617 ], [ 679861.989335935562849, 7170948.536082860082388 ], [ 679894.484026827267371, 7170940.412401491776109 ], [ 679943.226061803521588, 7170922.540307881310582 ], [ 679983.844426289084367, 7170916.041359309107065 ], [ 680060.206954053835943, 7170914.416606429032981 ], [ 680108.948993301135488, 7170914.416594841517508 ], [ 680147.942625086288899, 7170916.04132029786706 ], [ 680193.43519427254796, 7170912.791840014979243 ], [ 680245.42669657850638, 7170886.796071961522102 ], [ 680286.04505444644019, 7170852.676632961258292 ], [ 680308.791335535002872, 7170836.429280245676637 ], [ 680341.286024860921316, 7170821.806659939698875 ], [ 680360.782836663885973, 7170805.559307997114956 ], [ 680378.654909934150055, 7170773.064609142951667 ], [ 680390.028045416343957, 7170743.819381295703351 ], [ 680407.900117127341218, 7170704.825743522495031 ], [ 680432.27112856740132, 7170670.706308392807841 ], [ 680451.767939196550287, 7170649.584752262569964 ], [ 680455.829768401454203, 7170618.714791432954371 ], [ 680455.829759445623495, 7170581.345892652869225 ], [ 680460.703957526595332, 7170556.974870548583567 ], [ 680468.827623331686482, 7170526.104908754117787 ], [ 680481.825492668547668, 7170493.610211068764329 ], [ 680511.070709579158574, 7170465.989713702350855 ], [ 680520.819112747325562, 7170446.492894630879164 ], [ 680528.942779326345772, 7170418.872402297332883 ], [ 680528.942773873452097, 7170396.126116088591516 ], [ 680517.569622431881726, 7170358.757220031693578 ], [ 680515.944883894873783, 7170342.50987312849611 ], [ 680517.5696142509114, 7170324.637790722772479 ], [ 680525.693283945904113, 7170310.01517622731626 ], [ 680550.064300823141821, 7170298.642027312889695 ], [ 680585.808464855886996, 7170306.765692437067628 ], [ 680618.303158440627158, 7170310.015154147520661 ], [ 680652.422585885273293, 7170310.015146009624004 ], [ 680670.294664978515357, 7170301.891468102112412 ], [ 680689.791476762620732, 7170285.644116161391139 ], [ 680714.162492465693504, 7170269.396763060241938 ], [ 680738.53351011837367, 7170261.273083599284291 ], [ 680748.28191795933526, 7170261.273081274703145 ], [ 680764.529266700148582, 7170271.021485769189894 ], [ 680779.151882363366894, 7170287.268829567357898 ], [ 680779.15188743500039, 7170308.390381042845547 ], [ 680758.03034296236001, 7170332.761407018639147 ], [ 680732.034595737583004, 7170362.006638344377279 ], [ 680722.286193354288116, 7170384.75292687676847 ], [ 680719.03672719374299, 7170397.750805482268333 ], [ 680722.286199984722771, 7170412.373417272232473 ], [ 680745.032491191290319, 7170438.369167510420084 ], [ 680761.279839937924407, 7170448.117572007700801 ], [ 680779.151925664395094, 7170467.614384493790567 ], [ 680805.147684205323458, 7170485.486460311338305 ], [ 680844.141319873044267, 7170503.358533022925258 ], [ 680879.885482358280569, 7170504.983259216882288 ], [ 680923.753317657392472, 7170504.983248738572001 ], [ 680970.870624189032242, 7170513.106911128386855 ], [ 681021.237402347265743, 7170530.978981117717922 ], [ 681050.482630960061215, 7170552.100525610148907 ], [ 681089.476267027086578, 7170571.59733304195106 ], [ 681139.843047146801837, 7170597.593076668679714 ], [ 681164.214069496141747, 7170608.966213949956 ], [ 681185.335624909726903, 7170630.08776037953794 ], [ 681209.70664843544364, 7170646.335101845674217 ], [ 681227.578733396483585, 7170662.582444867119193 ], [ 681263.322896281140856, 7170665.831905773840845 ], [ 681289.318648972781375, 7170659.33296063169837 ], [ 681318.563872902421281, 7170660.957688361406326 ], [ 681341.310157877160236, 7170660.957682916894555 ], [ 681378.67905227211304, 7170651.209265591576695 ], [ 681394.926398681360297, 7170651.209261700510979 ], [ 681417.67268522141967, 7170657.708195171318948 ], [ 681443.66843947826419, 7170657.708188944496214 ], [ 681477.787877121125348, 7170699.951283742673695 ], [ 681503.78364195371978, 7170743.819115218706429 ], [ 681521.655729665420949, 7170771.439601343125105 ], [ 681539.527816202258691, 7170794.185883281752467 ], [ 681567.960674385889433, 7170802.309550115838647 ], [ 681618.327451793593355, 7170816.932150609791279 ], [ 681670.318961492506787, 7170821.806342331692576 ], [ 681735.308349108556286, 7170829.930000391788781 ], [ 681780.800921420566738, 7170839.678397854790092 ], [ 681813.295620526187122, 7170865.674145738594234 ], [ 681852.289257807191461, 7170890.045157330110669 ], [ 681883.159229733399116, 7170946.910865476354957 ], [ 681922.152871338534169, 7170989.153959102928638 ], [ 681966.02071923064068, 7171041.145459939725697 ], [ 682037.509050542372279, 7171070.390667911618948 ], [ 682097.624231114401482, 7171065.516449270769954 ], [ 682156.114676256547682, 7171057.392761552706361 ], [ 682208.106182438321412, 7171047.644340666010976 ] ] ] ] } }
]
}
