{
"type": "FeatureCollection",
"name": "rio_palmital",
"crs": { "type": "name", "properties": { "name": "urn:ogc:def:crs:EPSG::31982" } },
"features": [
{ "type": "Feature", "properties": { "AREA": 89759493.979300007, "PERIMETER": 67918.42616, "BACIAS1_": 9, "BACIAS1_ID": 0, "NOME_BACIA": "RIO PALMITAL", "SUB_AREA": 89.76, "SUBCODIGO": 8, "BACCODIGO": 2, "SUBNOME": "RIO PALMITAL", "SUBBAC_DAT": "2002-01-03", "SUBBAC_POP": 91175, "SUBBAC_P_1": 117692, "SUBBAC_DEN": 1311.19, "SUBBAC_D_1": 1015.78 }, "geometry": { "type": "MultiPolygon", "coordinates": [ [ [ [ 677454.255958594381809, 7203496.876719949766994 ], [ 677476.585101223899983, 7203493.155190607532859 ], [ 677528.200917878653854, 7203511.928780696354806 ], [ 677572.320939283003099, 7203550.038783219642937 ], [ 677604.410949273151346, 7203554.048777063377202 ], [ 677664.580966710695066, 7203556.058763662353158 ], [ 677724.131255493033677, 7203564.591316467151046 ], [ 677760.056121601257473, 7203604.108652714639902 ], [ 677772.89101567293983, 7203634.278764668852091 ], [ 677792.388507323805243, 7203666.079026540741324 ], [ 677815.739667209796607, 7203678.652721646241844 ], [ 677849.868280540220439, 7203675.958349240943789 ], [ 677911.281057540560141, 7203646.308736301958561 ], [ 677949.39107065484859, 7203656.338730752468109 ], [ 677985.491084148990922, 7203670.378727021627128 ], [ 678035.631100658909418, 7203680.408718645572662 ], [ 678063.711113314377144, 7203700.46871882583946 ], [ 678077.751120588742197, 7203714.508720265701413 ], [ 678109.841134375659749, 7203734.558719499967992 ], [ 678139.931150915101171, 7203768.658723939210176 ], [ 678166.001171056646854, 7203822.808736087754369 ], [ 678200.101193469832651, 7203876.958746354095638 ], [ 678266.28121973935049, 7203909.058741649612784 ], [ 678316.421238163835369, 7203927.108735963702202 ], [ 678356.541257079690695, 7203959.198737371712923 ], [ 678402.671279591973871, 7203999.308740071952343 ], [ 678448.801293100579642, 7204001.318729906342924 ], [ 678496.931302427663468, 7203983.258712492883205 ], [ 678553.933014564914629, 7203963.656901812180877 ], [ 678591.29315505863633, 7203941.240804309956729 ], [ 678603.520108006312512, 7203924.938191460445523 ], [ 678626.615469255484641, 7203918.145431872457266 ], [ 678661.93779583228752, 7203947.354266429319978 ], [ 678704.052872333442792, 7203960.260489407926798 ], [ 678755.677805094397627, 7203977.242362644523382 ], [ 678820.88824703276623, 7204001.016986833885312 ], [ 678851.941408426500857, 7204007.328637063503265 ], [ 678902.081421642214991, 7204003.318623896688223 ], [ 678924.141427875263616, 7204003.318618696182966 ], [ 678940.19143431133125, 7204011.338617622852325 ], [ 678958.241444168612361, 7204031.398620141670108 ], [ 678985.272892744280398, 7204018.678108898922801 ], [ 678998.351445514010265, 7203989.278596461750567 ], [ 678990.331433733226731, 7203949.168584812432528 ], [ 678976.291419778368436, 7203907.048573907464743 ], [ 678962.251409154967405, 7203878.968567740172148 ], [ 678960.24139622063376, 7203826.818550618365407 ], [ 678964.261385464342311, 7203776.678532756865025 ], [ 678970.271377647994086, 7203736.568517809733748 ], [ 678986.321375992032699, 7203710.48850523121655 ], [ 679016.401379246031865, 7203688.428490698337555 ], [ 679040.471383184194565, 7203676.398480964824557 ], [ 679080.581387834507041, 7203648.318462036550045 ], [ 679138.176661051460542, 7203604.535774053074419 ], [ 679179.536449010600336, 7203551.011313419789076 ], [ 679191.701084132771939, 7203499.919789269566536 ], [ 679174.670569314039312, 7203463.425849517807364 ], [ 679174.670560649246909, 7203426.931905750185251 ], [ 679180.648171220207587, 7203363.936805309727788 ], [ 679203.194083090638742, 7203302.447906230576336 ], [ 679213.442219315096736, 7203251.207159015350044 ], [ 679233.060813721152954, 7203200.669440641067922 ], [ 679296.316975946421735, 7203186.071848199702799 ], [ 679366.87192883330863, 7203181.205972366034985 ], [ 679427.695160448318347, 7203161.742521321401 ], [ 679515.280609060195275, 7203113.083908940665424 ], [ 679610.164846009109169, 7203064.425294828601182 ], [ 679749.901427043252625, 7203020.298092365264893 ], [ 679846.941445249365643, 7202982.178056560456753 ], [ 679947.451462767552584, 7202937.118017587810755 ], [ 680020.907172393752262, 7202875.905738614499569 ], [ 680027.161453757435083, 7202805.417954422533512 ], [ 680027.861864446196705, 7202732.174717979505658 ], [ 680015.341397860902362, 7202585.027883198112249 ], [ 680019.971380760427564, 7202507.897856207564473 ], [ 680036.941374478978105, 7202461.617836652323604 ], [ 680063.171371531207114, 7202418.427815936505795 ], [ 680094.021368399844505, 7202369.057792055420578 ], [ 680110.991362478584051, 7202324.317773023620248 ], [ 680117.161353162373416, 7202278.037756038829684 ], [ 680129.501348888734356, 7202245.647742248140275 ], [ 680127.961338145076297, 7202202.447728130966425 ], [ 680098.65131336345803, 7202133.027711817994714 ], [ 680067.791290364228189, 7202072.867698980495334 ], [ 680041.571270875167102, 7202021.957688145339489 ], [ 680016.891259550349787, 7202003.447687796317041 ], [ 679996.831246944610029, 7201974.13768273871392 ], [ 679993.751239827601239, 7201947.91767468675971 ], [ 679990.661230130353943, 7201910.887663018889725 ], [ 680003.00122659036424, 7201881.577650278806686 ], [ 680040.031229588203132, 7201850.727631170302629 ], [ 680072.421233494416811, 7201829.127616255544126 ], [ 680114.071238145348616, 7201799.81759656406939 ], [ 680140.878936234861612, 7201775.004140590317547 ], [ 680144.175831148400903, 7201747.80470169801265 ], [ 680148.296948265749961, 7201707.417656256817281 ], [ 680153.242282073944807, 7201630.764693152159452 ], [ 680169.611205791588873, 7201599.277516290545464 ], [ 680217.431206254288554, 7201545.277486881241202 ], [ 680254.451209223130718, 7201514.427467776462436 ], [ 680314.621218653628603, 7201483.577443171292543 ], [ 680384.041237297933549, 7201480.487425642088056 ], [ 680462.711260738899, 7201486.657409003004432 ], [ 680537.110584362060763, 7201468.423269951716065 ], [ 680559.006939462153241, 7201427.063461916521192 ], [ 680563.87278612551745, 7201375.97193961776793 ], [ 680600.366719048703089, 7201339.477987270802259 ], [ 680639.293588402448222, 7201332.179189273156226 ], [ 680683.086329459678382, 7201378.404840828850865 ], [ 680729.312012787326239, 7201478.154942522756755 ], [ 680773.104752693674527, 7201519.514734924770892 ], [ 680814.464553831145167, 7201521.94765465054661 ], [ 680866.930457114009187, 7201503.350645666942 ], [ 680895.897708892938681, 7201477.930390659719706 ], [ 680924.864958544494584, 7201443.642607241868973 ], [ 680949.694023534888402, 7201388.663925195112824 ], [ 680973.931928926147521, 7201370.928862601518631 ], [ 680991.666985047631897, 7201372.111195495352149 ], [ 681030.684109451132827, 7201378.614040356129408 ], [ 681074.43058023462072, 7201377.43169279769063 ], [ 681119.950555608607829, 7201372.111164893954992 ], [ 681169.67221532727126, 7201366.240076949819922 ], [ 681245.093036854406819, 7201402.73400261066854 ], [ 681283.704256451455876, 7201449.554207225330174 ], [ 681305.916308615589514, 7201551.142692355439067 ], [ 681335.11149176908657, 7201675.222093894146383 ], [ 681367.021572915720753, 7201734.907276483252645 ], [ 681450.251595231238753, 7201730.947255266830325 ], [ 681535.461619052803144, 7201730.947234890423715 ], [ 681618.691644702805206, 7201740.847218293696642 ], [ 681686.06166687910445, 7201754.727206815965474 ], [ 681721.731676851864904, 7201754.727198276668787 ], [ 681759.38168165110983, 7201730.947181303054094 ], [ 681822.791690304875374, 7201693.297153520397842 ], [ 681862.421690872870386, 7201649.697129436768591 ], [ 681922.490299129625782, 7201559.960467390716076 ], [ 682006.026948606478982, 7201514.394993690773845 ], [ 682084.817194621311501, 7201459.336718278005719 ], [ 682127.5347956874175, 7201420.416216354817152 ], [ 682167.404564073425718, 7201414.720525078475475 ], [ 682208.223617735086009, 7201429.908999834209681 ], [ 682264.231156033580191, 7201448.894592082127929 ], [ 682310.745894993771799, 7201480.220830306410789 ], [ 682359.641804245300591, 7201543.866974743083119 ], [ 682442.821834183298051, 7201571.596964027732611 ], [ 682494.811853738268837, 7201592.39695848710835 ], [ 682564.131881488952786, 7201627.046953406184912 ], [ 682609.181899948162027, 7201651.306950684636831 ], [ 682668.101917254040018, 7201654.776937667280436 ], [ 682727.021932879346423, 7201651.306922324933112 ], [ 682784.931304061086848, 7201636.431324096396565 ], [ 682843.820782822207548, 7201630.064879260025918 ], [ 682908.280893500312231, 7201645.98094036243856 ], [ 682981.494852600502782, 7201689.750133463181555 ], [ 683034.813722029328346, 7201754.210230982862413 ], [ 683073.602063373662531, 7201789.946885202080011 ], [ 683123.147963164723478, 7201839.361219689249992 ], [ 683201.832123633706942, 7201890.446887910366058 ], [ 683295.412160761654377, 7201935.506880408152938 ], [ 683444.752212456194684, 7201976.236857971176505 ], [ 683542.662243144353852, 7201989.736838825047016 ], [ 683616.932263114023954, 7201986.366819731891155 ], [ 683714.842283943784423, 7201959.356786992400885 ], [ 683806.002306167618372, 7201945.846760397776961 ], [ 683868.068652737652883, 7201951.175741236656904 ], [ 683921.315562903648242, 7201967.173021156340837 ], [ 683974.069727022899315, 7201990.926116963848472 ], [ 684018.632737179636024, 7201952.575420089066029 ], [ 684118.382836148957722, 7201918.514381784014404 ], [ 684164.608489086385816, 7201891.752145192585886 ], [ 684225.43171810102649, 7201862.556975476443768 ], [ 684346.73606871755328, 7201803.1149011105299 ], [ 684435.723970302613452, 7201742.32115105073899 ], [ 684528.502452225540765, 7201716.266508230939507 ], [ 684626.412473816541024, 7201692.636476512998343 ], [ 684720.942487843567505, 7201641.996436571702361 ], [ 684798.602503757923841, 7201618.356409759260714 ], [ 684865.762527169194072, 7201618.797463905066252 ], [ 684940.402551658917218, 7201652.12638651765883 ], [ 685012.764113875338808, 7201639.248782538808882 ], [ 685066.361498990794644, 7201639.248769470490515 ], [ 685096.988573069917038, 7201626.487479129806161 ], [ 685118.682747123762965, 7201603.517164666205645 ], [ 685141.653053775546141, 7201598.412645915523171 ], [ 685164.623364501399919, 7201609.897794897668064 ], [ 685167.17562813765835, 7201639.248744883574545 ], [ 685159.518865723861381, 7201667.323569072410464 ], [ 685150.585973528097384, 7201689.017752138897777 ], [ 685149.309850947465748, 7201711.988061623647809 ], [ 685167.175650686956942, 7201731.129981577396393 ], [ 685202.907242020010017, 7201736.234486010856926 ], [ 685244.252652328344993, 7201716.266333883628249 ], [ 685280.751056376262568, 7201708.15964468754828 ], [ 685327.967796022887342, 7201690.293837135657668 ], [ 685382.841305909561925, 7201676.256412573158741 ], [ 685437.03053058788646, 7201653.324736619368196 ], [ 685474.722537227906287, 7201674.980261839926243 ], [ 685510.454133895924315, 7201701.778947142884135 ], [ 685533.424442118499428, 7201703.05506981536746 ], [ 685604.887604700052179, 7201631.591868251562119 ], [ 685655.932727416511625, 7201607.345418309792876 ], [ 685733.7765420563519, 7201580.546705231070518 ], [ 685780.993281055940315, 7201560.128641079179943 ], [ 685820.553235981147736, 7201479.732549304142594 ], [ 685863.941581206163391, 7201422.306765764951706 ], [ 685892.016392855439335, 7201385.299038567580283 ], [ 685882.412728075985797, 7201299.52603851351887 ], [ 685865.492707380559295, 7201234.676020994782448 ], [ 685832.038313872064464, 7201170.909501081332564 ], [ 685783.722658190410584, 7201127.536005234345794 ], [ 685741.43263251776807, 7201071.145996758714318 ], [ 685718.872612347942777, 7201014.745983457192779 ], [ 685716.052598376059905, 7200961.175966268405318 ], [ 685716.052583802957088, 7200901.965946514159441 ], [ 685730.152571071404964, 7200834.295920496806502 ], [ 685803.462576205958612, 7200772.265881868079305 ], [ 685842.932578160427511, 7200735.605859983712435 ], [ 685873.952572207082994, 7200676.395832649432123 ], [ 685924.702580074546859, 7200651.025811763480306 ], [ 685978.282593586598523, 7200645.385796759277582 ], [ 686079.782623908016831, 7200653.845774699002504 ], [ 686172.83265605266206, 7200679.215760335326195 ], [ 686229.222677308134735, 7200701.775754018686712 ], [ 686288.432690301910043, 7200687.675734790042043 ], [ 686350.462695024674758, 7200636.925702648237348 ], [ 686381.482691811164841, 7200588.985679057426751 ], [ 686420.836323143797927, 7200522.914718739688396 ], [ 686447.180255521088839, 7200461.728766325861216 ], [ 686458.22770624270197, 7200416.689108963124454 ], [ 686477.773206642246805, 7200380.147497562691569 ], [ 686522.462666887440719, 7200329.585558045655489 ], [ 686530.46107977675274, 7200291.767784938216209 ], [ 686526.212041912134737, 7200234.830864081159234 ], [ 686514.002613652613945, 7200123.755491647869349 ], [ 686539.382612332119606, 7200089.925474159419537 ], [ 686567.572614572825842, 7200067.365459729917347 ], [ 686654.982624870026484, 7200010.975419490598142 ], [ 686753.672635488794185, 7199943.305372720584273 ], [ 686841.072645052568987, 7199884.085331534035504 ], [ 686894.652648729039356, 7199838.97530335560441 ], [ 686905.922637183452025, 7199779.765280913561583 ], [ 686881.469472192344256, 7199703.418775886297226 ], [ 686854.421348296804354, 7199624.52847383916378 ], [ 686804.422556005301885, 7199565.47523477114737 ], [ 686756.482532269321382, 7199523.185232538729906 ], [ 686748.03251038864255, 7199444.235208429396152 ], [ 686737.212832503253594, 7199367.571497241035104 ], [ 686721.434755178866908, 7199301.078240955248475 ], [ 686711.372445120941848, 7199221.48514361307025 ], [ 686720.307725448627025, 7199198.520839970558882 ], [ 686750.736839757999405, 7199186.12378397770226 ], [ 686781.165957416174933, 7199187.250780899077654 ], [ 686852.167225436191075, 7199163.583670824766159 ], [ 686962.322489298181608, 7199119.975048201158643 ], [ 686998.972492430941202, 7199091.785029834136367 ], [ 687021.532483282266185, 7199029.755003735423088 ], [ 687038.442462083883584, 7198925.424965033307672 ], [ 687086.382455031038262, 7198843.654926158487797 ], [ 687120.212441283045337, 7198750.614887041971087 ], [ 687112.851100595667958, 7198705.713247974403203 ], [ 687106.138702157652006, 7198676.422813807614148 ], [ 687094.842409813776612, 7198651.92486066557467 ], [ 687052.439558096113615, 7198617.231737990863621 ], [ 687032.812371750012971, 7198567.334847996011376 ], [ 687035.632366236648522, 7198541.964838919229805 ], [ 687052.439531769603491, 7198511.053908148780465 ], [ 687097.662367932498455, 7198479.924803130328655 ], [ 687142.772374756750651, 7198457.374784558080137 ], [ 687151.232377085601911, 7198457.374782470986247 ], [ 687201.982381258392707, 7198417.894756912253797 ], [ 687247.102389479405247, 7198400.984740195795894 ], [ 687280.932398789795116, 7198400.984731847420335 ], [ 687328.862416177988052, 7198417.894725602120161 ], [ 687340.120388639508747, 7198426.650675961747766 ], [ 687325.76714088045992, 7198381.595798883587122 ], [ 687298.146638460457325, 7198331.229027204215527 ], [ 687265.651934361434542, 7198290.610665468499064 ], [ 687246.155115533270873, 7198280.862261539325118 ], [ 687221.784094620379619, 7198279.237532762810588 ], [ 687194.163604708155617, 7198279.237539576366544 ], [ 687176.291520582977682, 7198269.489135243929923 ], [ 687173.042047553812154, 7198254.866522934287786 ], [ 687176.291509294649586, 7198223.9965611230582 ], [ 687197.413045483641326, 7198163.881368686445057 ], [ 687216.909848986426368, 7198111.889850601553917 ], [ 687239.656125918263569, 7198076.14567961730063 ], [ 687275.400285289506428, 7198059.898322898894548 ], [ 687306.270246610161848, 7198068.021989228203893 ], [ 687346.88861451880075, 7198069.646713991649449 ], [ 687371.259641883196309, 7198097.26719939801842 ], [ 687408.628545640851371, 7198120.013477225787938 ], [ 687437.873769841389731, 7198118.388735215179622 ], [ 687486.615806005778722, 7198098.891905697062612 ], [ 687515.86102213000413, 7198064.772467885166407 ], [ 687535.357828838867135, 7198025.778828117065132 ], [ 687585.724589997669682, 7197967.28836324531585 ], [ 687613.345076261088252, 7197952.665743311867118 ], [ 687660.462382155354135, 7197951.040996871888638 ], [ 687709.204423154471442, 7197951.040984818711877 ], [ 687757.946463345550001, 7197947.791503179818392 ], [ 687814.812169348355383, 7197913.672058531083167 ], [ 687840.807922119740397, 7197903.923643359914422 ], [ 687900.923098731320351, 7197874.67840227112174 ], [ 687910.671502477256581, 7197856.806317174807191 ], [ 687923.669373194104992, 7197829.185822539031506 ], [ 687935.04250921017956, 7197801.56532830838114 ], [ 687943.1661782565061, 7197783.693243617191911 ], [ 687964.287726112175733, 7197770.695360071957111 ], [ 688001.656621367903426, 7197759.322207292541862 ], [ 688039.025517433532514, 7197751.198524086736143 ], [ 688074.769680013065226, 7197747.949045652523637 ], [ 688120.262245927355252, 7197725.202747330069542 ], [ 688147.882731360616162, 7197707.330657803453505 ], [ 688188.501094793318771, 7197691.083299842663109 ], [ 688214.49684592965059, 7197674.835945505648851 ], [ 688227.494719472131692, 7197658.588594393804669 ], [ 688229.11945011629723, 7197642.341246104799211 ], [ 688206.373158650705591, 7197619.594964703544974 ], [ 688159.255847914027981, 7197601.72289371304214 ], [ 688126.76114987838082, 7197585.475553884170949 ], [ 688102.39012209768407, 7197556.230333731509745 ], [ 688076.394353543873876, 7197502.61409215349704 ], [ 688071.520126356859691, 7197410.00421042740345 ], [ 688048.773834091611207, 7197384.008459454402328 ], [ 687990.283372789272107, 7197335.266430301591754 ], [ 687948.040263337083161, 7197306.02121458388865 ], [ 687876.55192769842688, 7197270.277066951617599 ], [ 687818.061465201666579, 7197216.660833430476487 ], [ 687803.438847657409497, 7197195.539284810423851 ], [ 687771.75651294994168, 7197163.044596895575523 ], [ 687721.389725173939951, 7197114.302565729245543 ], [ 687671.022935383371077, 7197057.43686062656343 ], [ 687636.90349459880963, 7197008.694825440645218 ], [ 687628.779812621651217, 7196974.57539691682905 ], [ 687627.155068629072048, 7196937.206497211009264 ], [ 687635.278732822043821, 7196899.837595098651946 ], [ 687635.278726355405524, 7196873.841838506050408 ], [ 687628.779782716184855, 7196854.345022669062018 ], [ 687607.658228009706363, 7196839.722414808347821 ], [ 687567.039857338415459, 7196826.724546555429697 ], [ 687495.551529029966332, 7196820.225625076331198 ], [ 687463.056830234709196, 7196800.728815659880638 ], [ 687438.68580452457536, 7196779.607269451022148 ], [ 687433.811594373779371, 7196755.236248854547739 ], [ 687433.811586703755893, 7196724.366287904791534 ], [ 687433.811580242938362, 7196698.370531320571899 ], [ 687425.687903124140576, 7196683.74792024679482 ], [ 687417.564229235402308, 7196682.123187465593219 ], [ 687389.943738574162126, 7196678.873724713921547 ], [ 687359.073779327096418, 7196678.873732337728143 ], [ 687328.203820080612786, 7196678.873739959672093 ], [ 687245.34234649001155, 7196662.62641254812479 ], [ 687222.596059921663254, 7196659.376948586665094 ], [ 687200.66213626798708, 7196638.25540177244693 ], [ 687184.414786474779248, 7196626.882262276485562 ], [ 687177.915844056173228, 7196612.259650800377131 ], [ 687177.915838009561412, 7196587.888629004359245 ], [ 687186.039506252971478, 7196566.76707477774471 ], [ 687199.037376167601906, 7196535.897110629826784 ], [ 687207.161041990155354, 7196505.027147685177624 ], [ 687212.035238014534116, 7196472.532450758852065 ], [ 687218.534157445654273, 7196394.545179424807429 ], [ 687218.534149380167946, 7196362.050483703613281 ], [ 687218.534140911302529, 7196327.931053200736642 ], [ 687202.286778621841222, 7196266.191135350614786 ], [ 687186.039419158827513, 7196215.824361003004014 ], [ 687168.167327421950176, 7196175.20599577203393 ], [ 687104.8026589571964, 7196113.466089552268386 ], [ 687064.18428551312536, 7196089.095077788457274 ], [ 687036.563787220278755, 7196054.975654106587172 ], [ 687029.25246618327219, 7195994.860468858852983 ], [ 687022.753522565821186, 7195975.363653036765754 ], [ 687008.130901441909373, 7195939.619491370394826 ], [ 686987.009343551937491, 7195911.999005233868957 ], [ 686978.885667254100554, 7195900.625863740220666 ], [ 686964.263053383328952, 7195894.126928203739226 ], [ 686944.766235022689216, 7195886.003259084187448 ], [ 686938.267294227844104, 7195877.879586759954691 ], [ 686941.516762008075602, 7195871.380646821111441 ], [ 686954.514637960703112, 7195864.881704479455948 ], [ 686972.386713568703271, 7195840.510678304359317 ], [ 686993.508257358567789, 7195811.265446970239282 ], [ 687006.506130087655038, 7195791.768626350909472 ], [ 687016.25452979921829, 7195757.649193471297622 ], [ 687016.254527383600362, 7195747.900784764438868 ], [ 687014.629788658581674, 7195731.653437318280339 ], [ 687017.879252005834132, 7195707.282414749264717 ], [ 687032.501857815659605, 7195681.286654595285654 ], [ 687055.24813669687137, 7195653.666157651692629 ], [ 687066.621272711316124, 7195626.045663513243198 ], [ 687079.619143016985618, 7195596.800434188917279 ], [ 687086.118078572209924, 7195583.802554315887392 ], [ 687100.740687601966783, 7195570.804672434926033 ], [ 687123.486971717095003, 7195564.305727688595653 ], [ 687144.608522346243262, 7195562.680987695232034 ], [ 687164.105340297101066, 7195569.179922021925449 ], [ 687180.352690471336246, 7195582.177796287462115 ], [ 687191.725835350574926, 7195590.301467403769493 ], [ 687217.721593695110641, 7195603.299339264631271 ], [ 687255.090492888120934, 7195608.173534393310547 ], [ 687292.459396923193708, 7195632.544546933844686 ], [ 687308.70674629334826, 7195642.292951629497111 ], [ 687334.702504641492851, 7195655.290823483839631 ], [ 687362.32299526350107, 7195658.540286235511303 ], [ 687380.195076505537145, 7195656.915547037497163 ], [ 687383.444542666780762, 7195643.917667957022786 ], [ 687380.195069643901661, 7195629.295055702328682 ], [ 687359.073512554634362, 7195604.924039155244827 ], [ 687334.702488095965236, 7195588.676697330549359 ], [ 687329.828279974986799, 7195572.429350690916181 ], [ 687337.951947799418122, 7195549.683061704039574 ], [ 687344.450882947072387, 7195535.060447044670582 ], [ 687360.698225858504884, 7195518.813095190562308 ], [ 687376.945567155606113, 7195496.066804202273488 ], [ 687389.943437445443124, 7195466.821574878878891 ], [ 687414.314451810205355, 7195442.450547099113464 ], [ 687433.811263299779966, 7195422.953724876046181 ], [ 687453.308073172695003, 7195396.957963518798351 ], [ 687471.180147946113721, 7195369.33746777754277 ], [ 687492.301693722838536, 7195348.21591036953032 ], [ 687511.798506419407204, 7195333.593292498029768 ], [ 687528.045848515583202, 7195314.096471078693867 ], [ 687532.920048153959215, 7195296.224387252703309 ], [ 687536.981882465537637, 7195286.475977546535432 ], [ 687543.480813162634149, 7195253.981280270963907 ], [ 687549.97974305099342, 7195218.237113427370787 ], [ 687545.105532907880843, 7195193.866092880256474 ], [ 687522.359239515732042, 7195162.996137618087232 ], [ 687493.114010581746697, 7195145.1240622298792 ], [ 687478.49139591306448, 7195135.375657144933939 ], [ 687470.367717596585862, 7195115.878841752186418 ], [ 687468.742974826600403, 7195083.384146491065621 ], [ 687463.868763072299771, 7195052.514186816290021 ], [ 687463.868757014395669, 7195028.143165070563555 ], [ 687471.992427251068875, 7195015.145284798927605 ], [ 687493.113976249704137, 7195007.021605664864182 ], [ 687506.111853799317032, 7195007.0216024518013 ], [ 687517.484995442675427, 7195002.147395293228328 ], [ 687533.73233874165453, 7194987.524778229184449 ], [ 687535.357070608180948, 7194976.151634347625077 ], [ 687523.983924924628809, 7194964.778493678197265 ], [ 687504.487105775508098, 7194953.405355017632246 ], [ 687491.489225399447605, 7194942.032214751467109 ], [ 687484.990283394581638, 7194929.034338093362749 ], [ 687478.491335735889152, 7194893.290174478664994 ], [ 687465.493447687942535, 7194851.047073340043426 ], [ 687476.866582867922261, 7194820.177109661512077 ], [ 687478.491311502526514, 7194795.806087521836162 ], [ 687478.491305848117918, 7194773.05980056617409 ], [ 687458.994483474292792, 7194748.688783647492528 ], [ 687441.122397811850533, 7194732.441440237686038 ], [ 687441.122391754877754, 7194708.070418503135443 ], [ 687432.998710213112645, 7194675.575724863447249 ], [ 687424.875027461792342, 7194638.206826880574226 ], [ 687412.689509999239817, 7194608.961603812873363 ], [ 687383.444278666051105, 7194581.341119742952287 ], [ 687368.821665221359581, 7194576.46691900677979 ], [ 687362.322727257967927, 7194579.716390175744891 ], [ 687342.825912961736321, 7194587.840068900957704 ], [ 687321.704361150739715, 7194584.590604553930461 ], [ 687303.832278320100158, 7194579.716404618695378 ], [ 687289.209666087292135, 7194579.716408229433 ], [ 687266.463377968058921, 7194569.968005150556564 ], [ 687245.341824542614631, 7194560.219601674005389 ], [ 687219.346067040460184, 7194550.471199395135045 ], [ 687186.851372380740941, 7194547.22173785045743 ], [ 687162.480351991951466, 7194547.221743864938617 ], [ 687128.360921833897009, 7194540.722813151776791 ], [ 687094.241488855215721, 7194522.850738966837525 ], [ 687063.371525264810771, 7194504.978663977235556 ], [ 687050.37364570889622, 7194496.854993274435401 ], [ 687043.874700491782278, 7194470.859238365665078 ], [ 687029.25208261818625, 7194448.112955026328564 ], [ 687013.004733276669867, 7194438.364550342783332 ], [ 686993.507909717038274, 7194409.119329076260328 ], [ 686988.633698388235644, 7194379.874104208312929 ], [ 686978.885279761510901, 7194337.631002290174365 ], [ 686965.887394168763421, 7194305.136309865862131 ], [ 686951.264771870570257, 7194264.517943935468793 ], [ 686938.266881445772015, 7194212.526434135623276 ], [ 686923.644257138483226, 7194163.784394301474094 ], [ 686916.332940555876121, 7194121.541291795670986 ], [ 686909.833993332227692, 7194087.421862996183336 ], [ 686891.961902463342994, 7194050.052967440336943 ], [ 686865.966142165358178, 7194028.931421691551805 ], [ 686841.595116157550365, 7194006.185140762478113 ], [ 686802.601476721116342, 7193978.564659092575312 ], [ 686789.603597178356722, 7193970.440988389775157 ], [ 686781.479920501238666, 7193957.443112146109343 ], [ 686774.980974090402015, 7193926.573152912780643 ], [ 686774.980966847739182, 7193897.327926862984896 ], [ 686760.358348591602407, 7193872.956908753141761 ], [ 686745.735728324158117, 7193840.46221674606204 ], [ 686718.115232138661668, 7193814.466467057354748 ], [ 686692.119475474813953, 7193807.967534335330129 ], [ 686680.746331831789576, 7193804.718067571520805 ], [ 686654.750573157100007, 7193790.095460945740342 ], [ 686622.255872903508134, 7193764.099712456576526 ], [ 686612.507460737950169, 7193747.852367052808404 ], [ 686612.507454707752913, 7193723.481345349922776 ], [ 686612.507448676275089, 7193699.110323647037148 ], [ 686612.507445460185409, 7193686.112445406615734 ], [ 686615.756907202885486, 7193655.242483787238598 ], [ 686622.255839532241225, 7193629.246725708246231 ], [ 686628.754774273955263, 7193612.999376310035586 ], [ 686651.501053910935298, 7193588.628349013626575 ], [ 686669.373133898014203, 7193582.129405500367284 ], [ 686696.993622430134565, 7193577.255194360390306 ], [ 686718.115171395707875, 7193569.131515264511108 ], [ 686739.236719153006561, 7193556.133631827309728 ], [ 686753.859328148188069, 7193543.135749989189208 ], [ 686783.104545333655551, 7193513.890516753308475 ], [ 686809.100292732939124, 7193483.020549537613988 ], [ 686830.221836863784119, 7193455.400053082033992 ], [ 686843.219709957716987, 7193437.527967305853963 ], [ 686885.462797408690676, 7193379.037504838779569 ], [ 686906.584342339308932, 7193354.66647794470191 ], [ 686927.70588767202571, 7193331.920185828581452 ], [ 686950.452170110307634, 7193318.922301989980042 ], [ 686964.262413364485838, 7193312.42335946764797 ], [ 686972.386083188233897, 7193297.800744453445077 ], [ 686974.010813446715474, 7193279.928661482408643 ], [ 686961.012931094039232, 7193260.431847335770726 ], [ 686954.513986695557833, 7193237.685562028549612 ], [ 686956.138715746463276, 7193214.939274720847607 ], [ 686962.637646851362661, 7193184.069312319159508 ], [ 686978.884988914127462, 7193164.572490965016186 ], [ 687022.752821504604071, 7193148.325132360681891 ], [ 687051.998044708860107, 7193143.450920816510916 ], [ 687063.371184714953415, 7193132.077774558216333 ], [ 687077.993792083812878, 7193112.580953605473042 ], [ 687086.117460291832685, 7193091.459399478510022 ], [ 687094.241129707545042, 7193075.212049687281251 ], [ 687108.863739897031337, 7193067.088372185826302 ], [ 687129.985288844094612, 7193058.964693082496524 ], [ 687155.981043068110012, 7193055.71521711256355 ], [ 687181.976796888862737, 7193050.841006360948086 ], [ 687216.096222542924806, 7193039.467854490503669 ], [ 687240.46724086580798, 7193031.344174581579864 ], [ 687264.838257977855392, 7193018.346290336921811 ], [ 687287.584533138200641, 7192976.103180478326976 ], [ 687302.207140094949864, 7192954.981624744832516 ], [ 687328.202890278538689, 7192935.484800984151661 ], [ 687350.949176331982017, 7192937.109530148096383 ], [ 687380.194399524480104, 7192932.235318587161601 ], [ 687398.066481509595178, 7192933.860048950649798 ], [ 687430.561172464746051, 7192922.486897476017475 ], [ 687459.806392022874206, 7192902.990072907879949 ], [ 687485.802142604603432, 7192885.117983920499682 ], [ 687500.424751169746742, 7192870.495367299765348 ], [ 687518.296830325387418, 7192860.746954211965203 ], [ 687545.917315593222156, 7192842.87486482411623 ], [ 687576.787269428721629, 7192821.753305072896183 ], [ 687598.721183688146994, 7192805.505951867438853 ], [ 687608.469586161430925, 7192782.759662562981248 ], [ 687623.09219472319819, 7192768.137045942246914 ], [ 687637.714800857356749, 7192743.766020653769374 ], [ 687653.962141276220791, 7192717.770260185934603 ], [ 687678.333153924089856, 7192686.900293376296759 ], [ 687686.456821705098264, 7192664.154004476964474 ], [ 687686.456818064907566, 7192649.531391475349665 ], [ 687679.957876481232233, 7192638.158249637112021 ], [ 687662.085791267454624, 7192623.535641059279442 ], [ 687647.463176241610199, 7192612.162501230835915 ], [ 687621.467415162362158, 7192587.791485995985568 ], [ 687577.599569683545269, 7192552.047331736423075 ], [ 687543.480137188220397, 7192535.799992398358881 ], [ 687497.987559048342519, 7192508.179512425325811 ], [ 687460.618653140147217, 7192475.684826111420989 ], [ 687432.998156171990559, 7192446.439606942236423 ], [ 687402.128193060751073, 7192430.192266795784235 ], [ 687389.130315959220752, 7192431.817004784941673 ], [ 687366.384035172173753, 7192451.31382773257792 ], [ 687358.260369804687798, 7192483.808525286614895 ], [ 687343.637760032899678, 7192493.556937563233078 ], [ 687327.390413957531564, 7192496.806411131285131 ], [ 687290.021518953260966, 7192508.179563802666962 ], [ 687254.277355813188478, 7192508.179572627879679 ], [ 687199.036376412259415, 7192508.179586261510849 ], [ 687164.916946750250645, 7192503.305390346795321 ], [ 687124.298575916676782, 7192488.682787372730672 ], [ 687124.298573497333564, 7192478.934378707781434 ], [ 687117.799629099317826, 7192456.188093425706029 ], [ 687116.174889170797542, 7192435.066541722044349 ], [ 687106.426476204185747, 7192415.569726798683405 ], [ 687096.678065658430569, 7192405.821320537477732 ], [ 687062.558636000496335, 7192400.947124622762203 ], [ 687021.940268800361082, 7192400.947134638205171 ], [ 686997.569248480373062, 7192400.947140646167099 ], [ 686971.573490651906468, 7192389.574003610759974 ], [ 686933.392217832035385, 7192358.704052256420255 ], [ 686902.522257151198573, 7192352.205120753496885 ], [ 686873.277032366255298, 7192350.580393182113767 ], [ 686857.029686293331906, 7192353.829866738058627 ], [ 686844.031806776998565, 7192345.706196054816246 ], [ 686842.407069270731881, 7192334.333053014241159 ], [ 686853.780205644317903, 7192308.3372937804088 ], [ 686863.528608938446268, 7192288.840474054217339 ], [ 686878.151214685873128, 7192262.844714019447565 ], [ 686887.899615967413411, 7192235.224220409989357 ], [ 686886.274874837137759, 7192209.228464379906654 ], [ 686896.023274102481082, 7192173.484296886250377 ], [ 686897.648002749541774, 7192149.113274836912751 ], [ 686909.021140728611499, 7192129.616454712115228 ], [ 686912.27060688205529, 7192116.618575699627399 ], [ 686912.270600840914994, 7192092.247554048895836 ], [ 686912.270594397094101, 7192066.251797623932362 ], [ 686917.144790807273239, 7192035.381835668347776 ], [ 686917.144786779419519, 7192019.134487902745605 ], [ 686909.021109315683134, 7192002.887142140418291 ], [ 686886.274815239477903, 7191968.767717441543937 ], [ 686870.027461524121463, 7191941.147230247035623 ], [ 686832.658552048262209, 7191894.029930943623185 ], [ 686816.411198335699737, 7191866.409443750977516 ], [ 686816.411190285230987, 7191833.914748227223754 ], [ 686809.912239060853608, 7191783.547971772029996 ], [ 686805.03802815603558, 7191755.927481781691313 ], [ 686788.790675656171516, 7191733.181198923848569 ], [ 686762.794917451683432, 7191720.183327117934823 ], [ 686748.172300847363658, 7191702.311248183250427 ], [ 686731.924952774657868, 7191697.437047857791185 ], [ 686724.613645075703971, 7191690.938110554590821 ], [ 686724.613640248542652, 7191671.441293246112764 ], [ 686727.863101573428139, 7191638.946596933528781 ], [ 686750.609377928427421, 7191601.577691493555903 ], [ 686758.733042505336925, 7191565.833524433895946 ], [ 686773.355643010232598, 7191518.716212345287204 ], [ 686781.479306377703324, 7191478.097840962931514 ], [ 686799.351381081622094, 7191450.477345384657383 ], [ 686818.848191275843419, 7191426.106318952515721 ], [ 686844.843940210295841, 7191401.735290922224522 ], [ 686872.464426648453809, 7191388.737405916675925 ], [ 686901.709650187985972, 7191385.487929160706699 ], [ 686919.58173173153773, 7191385.487924757413566 ], [ 686929.330140249338001, 7191387.112657127901912 ], [ 686943.952752017998137, 7191385.48791875038296 ], [ 686963.449567039613612, 7191380.613709618337452 ], [ 686986.195851028198376, 7191374.114764912053943 ], [ 687007.317403555614874, 7191380.613698804751039 ], [ 687021.940015728585422, 7191380.613695200532675 ], [ 687046.311036015395075, 7191380.613689190708101 ], [ 687080.430463610915467, 7191377.364211225882173 ], [ 687112.925156923127361, 7191375.739468435756862 ], [ 687140.5456465811003, 7191375.739461621269584 ], [ 687166.541401150985621, 7191374.114720432087779 ], [ 687192.537153300712816, 7191362.74157059006393 ], [ 687220.15763892326504, 7191346.494216023012996 ], [ 687247.778123336727731, 7191325.372657129541039 ], [ 687262.400730664841831, 7191305.875836221501231 ], [ 687265.650190755957738, 7191268.506935594603419 ], [ 687264.025446383981034, 7191229.513301405124366 ], [ 687270.524373021442443, 7191180.771256557665765 ], [ 687280.272776694269851, 7191162.899171629920602 ], [ 687309.517992553417571, 7191128.779734143987298 ], [ 687312.767458695103414, 7191115.78185514267534 ], [ 687309.517984885489568, 7191097.909773427061737 ], [ 687286.771694853669032, 7191080.037696527317166 ], [ 687270.524342352291569, 7191057.291413696482778 ], [ 687254.276990658952855, 7191037.794600415043533 ], [ 687220.157550977077335, 7190992.30203516036272 ], [ 687189.28758268407546, 7190954.93314297311008 ], [ 687164.916557572316378, 7190935.436331696808338 ], [ 687145.41973812750075, 7190922.438458316028118 ], [ 687140.545530445408076, 7190907.815846551209688 ], [ 687140.545524394139647, 7190883.444824939593673 ], [ 687133.23421186208725, 7190857.449070362374187 ], [ 687120.236324705765583, 7190818.455438995733857 ], [ 687115.362108959117904, 7190771.338131759315729 ], [ 687107.23842465179041, 7190727.470294876024127 ], [ 687077.993189850472845, 7190685.227197974920273 ], [ 687019.502731947228312, 7190647.858312606811523 ], [ 686881.400268887984566, 7190587.743160031735897 ], [ 686819.660346060991287, 7190568.246357964351773 ], [ 686787.165649160509929, 7190555.248487779870629 ], [ 686774.167767663137056, 7190539.001143250614405 ], [ 686766.044086193665862, 7190506.506449786946177 ], [ 686766.044074522098526, 7190459.38914136774838 ], [ 686762.794592678081244, 7190409.022364204749465 ], [ 686759.545114054926671, 7190371.653465228155255 ], [ 686753.046168881119229, 7190345.657710463739932 ], [ 686746.547226121649146, 7190329.410364335402846 ], [ 686730.299876470700838, 7190318.037224926054478 ], [ 686691.306241250596941, 7190306.664091118611395 ], [ 686639.314731378457509, 7190306.664103913120925 ], [ 686605.195304231718183, 7190311.538316627033055 ], [ 686579.199549296870828, 7190311.538323022425175 ], [ 686548.329587495303713, 7190300.165187206119299 ], [ 686470.342309831874445, 7190248.173693660646677 ], [ 686444.346549675334245, 7190227.052148009650409 ], [ 686411.851853598607704, 7190217.303747361525893 ], [ 686374.48295628442429, 7190218.928491320461035 ], [ 686333.864591611432843, 7190228.676909934729338 ], [ 686285.12255151453428, 7190230.3016566792503 ], [ 686244.504186839563772, 7190240.050075290724635 ], [ 686190.075580164440908, 7190261.171640698798001 ], [ 686149.457213882589713, 7190264.421120213344693 ], [ 686116.962519813212566, 7190262.796393415890634 ], [ 686055.222596633131616, 7190241.67485652025789 ], [ 686009.730018284753896, 7190212.429641774855554 ], [ 685970.736377469147556, 7190178.310221116989851 ], [ 685936.616939907427877, 7190140.941329715773463 ], [ 685926.868519788258709, 7190092.199288936331868 ], [ 685926.868508169660345, 7190045.081980545073748 ], [ 685926.868500156095251, 7190012.587285103276372 ], [ 685923.619022776838392, 7189980.092590460553765 ], [ 685915.495338945533149, 7189937.849488381296396 ], [ 685907.371656319126487, 7189900.480590620078146 ], [ 685907.371643497841433, 7189848.489077923819423 ], [ 685907.371633882750757, 7189809.495443404652178 ], [ 685915.495302086230367, 7189788.373889381065965 ], [ 685930.117909018183127, 7189767.252333766780794 ], [ 685951.239452674402855, 7189738.007102702744305 ], [ 685978.859934658859856, 7189707.137135271914303 ], [ 685996.732009347528219, 7189679.516639776527882 ], [ 686008.105144507018849, 7189648.646676333621144 ], [ 686017.853542176191695, 7189606.403569892048836 ], [ 686019.478267636732198, 7189569.034669756889343 ], [ 685991.045389460748993, 7189482.923733867704868 ], [ 685979.67224188009277, 7189463.426919406279922 ], [ 685966.674360819277354, 7189448.804309656843543 ], [ 685965.049616518663242, 7189409.810675554908812 ], [ 685965.04960569832474, 7189365.942836747504771 ], [ 685971.548535207053646, 7189328.573935428634286 ], [ 685971.548524385201745, 7189284.70609662681818 ], [ 685971.548511159024201, 7189231.089849201962352 ], [ 685969.923764053732157, 7189180.723071720451117 ], [ 685955.301145511912182, 7189154.727318983525038 ], [ 685937.429061216302216, 7189143.354179974645376 ], [ 685917.932243040762842, 7189135.230510903522372 ], [ 685888.687017181422561, 7189128.731578992679715 ], [ 685857.817051834892482, 7189102.73583023622632 ], [ 685815.573942123330198, 7189070.241145187988877 ], [ 685765.207160613965243, 7189044.245401207357645 ], [ 685721.33931943110656, 7189024.748594712466002 ], [ 685693.718823854695074, 7189000.377579929307103 ], [ 685669.347795242792927, 7188966.258155729621649 ], [ 685649.8509710743092, 7188933.763465110212564 ], [ 685622.230471904273145, 7188894.769837398082018 ], [ 685603.546009478508495, 7188839.528859807178378 ], [ 685603.545997879235074, 7188792.411551494151354 ], [ 685603.545984678552486, 7188738.795304105617106 ], [ 685611.669650878873654, 7188709.550076274201274 ], [ 685629.541725957416929, 7188683.554315591230989 ], [ 685663.661149035906419, 7188662.432755241170526 ], [ 685710.778451549937017, 7188649.434865550138056 ], [ 685774.143104067654349, 7188649.43485002964735 ], [ 685798.514124264009297, 7188649.434844059869647 ], [ 685821.260405377484858, 7188631.562756028026342 ], [ 685865.128233320894651, 7188597.44331512786448 ], [ 685876.501368869794533, 7188568.198086498305202 ], [ 685883.000291963806376, 7188504.833428921177983 ], [ 685899.247620329027995, 7188430.095625579357147 ], [ 685926.868085435591638, 7188330.986797930672765 ], [ 685930.117547580972314, 7188301.741571303457022 ], [ 685926.868067804607563, 7188259.498468124307692 ], [ 685918.7443892005831, 7188238.376918129622936 ], [ 685918.744383188895881, 7188214.005896607413888 ], [ 685913.05780780618079, 7188197.758550321683288 ], [ 685911.43306872015819, 7188179.886468270793557 ], [ 685917.931997417472303, 7188139.268097477033734 ], [ 685922.806194640463218, 7188111.64760522544384 ], [ 685922.806190633680671, 7188095.400257548317313 ], [ 685924.430919302511029, 7188071.029235632158816 ], [ 685913.057772945379838, 7188056.406625509262085 ], [ 685909.808299582218751, 7188040.159278629347682 ], [ 685916.307234689011239, 7188025.536664126440883 ], [ 685922.806168194627389, 7188004.415110552683473 ], [ 685932.554570653941482, 7187981.668821414932609 ], [ 685932.554563842597418, 7187954.048330364748836 ], [ 685926.055619919556193, 7187932.926779981702566 ], [ 685926.055613108328544, 7187905.306288935244083 ], [ 685926.055605493718758, 7187874.43632835522294 ], [ 685934.179267261875793, 7187827.319018110632896 ], [ 685934.179263253812678, 7187811.07167043723166 ], [ 685932.554524569655769, 7187794.824323162436485 ], [ 685921.181379018351436, 7187783.451182580552995 ], [ 685906.558764110668562, 7187772.078042795881629 ], [ 685880.563005256582983, 7187755.830701497383416 ], [ 685872.439329863642342, 7187747.707029653713107 ], [ 685872.439326257677749, 7187733.084416748955846 ], [ 685885.437200075015426, 7187718.461800659075379 ], [ 685901.684542848262936, 7187702.214449005201459 ], [ 685913.057681986247189, 7187687.5918333157897 ], [ 685939.053436831571162, 7187687.591826940886676 ], [ 685950.42657476675231, 7187668.095006947405636 ], [ 685950.426568354014307, 7187642.099250677973032 ], [ 685940.678155479137786, 7187622.602435866370797 ], [ 685919.556599459727295, 7187601.480889074504375 ], [ 685901.684512395062484, 7187578.734606724232435 ], [ 685882.187689854879864, 7187552.738855235278606 ], [ 685871.626904034405015, 7187510.495753891766071 ], [ 685873.251629898208193, 7187474.751588631421328 ], [ 685883.000023938715458, 7187417.885869414545596 ], [ 685873.25161066907458, 7187396.764319840818644 ], [ 685858.628994567785412, 7187380.516975762322545 ], [ 685839.13217083143536, 7187349.647019982337952 ], [ 685822.884818853111938, 7187328.525472001172602 ], [ 685814.761143065290526, 7187318.777065397240222 ], [ 685795.26432654063683, 7187317.152335407212377 ], [ 685772.518041462637484, 7187318.777075747027993 ], [ 685749.771755183348432, 7187315.527611786499619 ], [ 685718.901795519399457, 7187312.278149815276265 ], [ 685704.279179423348978, 7187296.030805734917521 ], [ 685675.033947234624065, 7187263.536117575131357 ], [ 685655.537125109462067, 7187239.165100857615471 ], [ 685653.912382027832791, 7187205.045671172440052 ], [ 685655.537110703415237, 7187180.674649285152555 ], [ 685657.16184017714113, 7187159.553096931427717 ], [ 685649.038161992444657, 7187140.056281732395291 ], [ 685629.541339471004903, 7187114.060530250892043 ], [ 685592.172437109053135, 7187094.563722210936248 ], [ 685540.180919861304574, 7187063.69377438724041 ], [ 685509.310958610032685, 7187053.94537334702909 ], [ 685462.193652193178423, 7187050.695915340445936 ], [ 685450.82050266279839, 7187023.075427109375596 ], [ 685442.696821285877377, 7186990.580733786337078 ], [ 685435.056646849261597, 7186981.985541321337223 ], [ 685435.056644535972737, 7186972.577628405764699 ], [ 685439.497068951604888, 7186961.159385257400572 ], [ 685454.721389772137627, 7186956.718954067677259 ], [ 685478.192215954069979, 7186942.763319140300155 ], [ 685496.588270817417651, 7186939.591580733656883 ], [ 685520.693444522446953, 7186928.807679558172822 ], [ 685532.111683459836058, 7186918.658128265291452 ], [ 685551.776426349766552, 7186893.284252209588885 ], [ 685568.903778192587197, 7186851.417360467836261 ], [ 685584.762441383674741, 7186829.215219247154891 ], [ 685611.404998478363268, 7186803.8413414824754 ], [ 685631.069743705447763, 7186787.982667145319283 ], [ 685632.922399641131051, 7186784.93123197928071 ], [ 685640.120787569205277, 7186783.217328134924173 ], [ 685660.311578973662108, 7186777.647449016571045 ], [ 685686.072243389673531, 7186768.596397173590958 ], [ 685712.529141522129066, 7186757.456642346456647 ], [ 685736.201103406492621, 7186749.101825285702944 ], [ 685752.214488378725946, 7186739.354541557841003 ], [ 685766.139170305337757, 7186728.214789796620607 ], [ 685774.493977162055671, 7186712.201399497687817 ], [ 685779.367612334666774, 7186694.099307239055634 ], [ 685784.937477623228915, 7186659.28759228810668 ], [ 685791.203576801461168, 7186623.083408620208502 ], [ 685802.343307032249868, 7186552.06751018203795 ], [ 685817.660450212657452, 7186511.685918675735593 ], [ 685823.23031652753707, 7186481.051609359681606 ], [ 685826.01524899888318, 7186462.94951761700213 ], [ 685822.534073711722158, 7186446.239895954728127 ], [ 685805.82444799260702, 7186429.530277530662715 ], [ 685790.507291084271856, 7186414.213127313181758 ], [ 685773.101431476417929, 7186398.895977603271604 ], [ 685758.480508116423152, 7186380.793890127912164 ], [ 685752.214395898394287, 7186364.084269146434963 ], [ 685741.770874679088593, 7186332.753729490563273 ], [ 685734.112289020675234, 7186295.85331498272717 ], [ 685732.719815922318958, 7186277.054989994503558 ], [ 685732.048464786959812, 7186276.770174540579319 ], [ 685721.231949873967096, 7186272.181352911517024 ], [ 685701.73739065870177, 7186269.396420598961413 ], [ 685673.888020130456425, 7186264.52278752066195 ], [ 685647.431114983512089, 7186247.116937214508653 ], [ 685618.189274961710908, 7186238.065898846834898 ], [ 685598.694715405581519, 7186233.888497990556061 ], [ 685587.554966132389382, 7186227.622392274439335 ], [ 685573.63027735601645, 7186210.912773171439767 ], [ 685567.364165829028934, 7186196.988089279271662 ], [ 685561.794290078803897, 7186189.329513657838106 ], [ 685550.654540464282036, 7186181.670939400792122 ], [ 685531.159980736789294, 7186176.797304274514318 ], [ 685513.057890162104741, 7186174.708605887368321 ], [ 685503.310609528562054, 7186169.1387341003865 ], [ 685496.348265484906733, 7186162.176393091678619 ], [ 685488.689688920043409, 7186162.176394966430962 ], [ 685478.942409829352982, 7186162.872631620615721 ], [ 685469.195131422835402, 7186166.353805363178253 ], [ 685459.447852159617469, 7186166.353807747364044 ], [ 685449.004338663071394, 7186166.353810301050544 ], [ 685439.953293119207956, 7186164.265109702944756 ], [ 685432.990949417813681, 7186158.695237232372165 ], [ 685421.851201003766619, 7186155.910302871838212 ], [ 685410.015218527987599, 7186153.821602953597903 ], [ 685403.052876195637509, 7186153.821604655124247 ], [ 685394.349949139053933, 7186157.302778139710426 ], [ 685386.691374458721839, 7186164.961356999352574 ], [ 685376.944101361790672, 7186190.025793146342039 ], [ 685367.196824493468739, 7186199.773075328208506 ], [ 685354.664610352367163, 7186208.127889648079872 ], [ 685342.828629758907482, 7186213.697766710072756 ], [ 685324.030308204004541, 7186224.837519645690918 ], [ 685312.890563042717986, 7186235.281036439351737 ], [ 685299.662115864106454, 7186248.509490827098489 ], [ 685287.129904459230602, 7186268.004053487442434 ], [ 685276.686393700307235, 7186279.14380438067019 ], [ 685265.546648364514112, 7186288.891086901538074 ], [ 685249.533263398101553, 7186298.638370614498854 ], [ 685238.393518061726354, 7186308.38565313629806 ], [ 685221.683898175135255, 7186315.34799993224442 ], [ 685206.366746070794761, 7186319.525409301742911 ], [ 685191.04959293990396, 7186319.525413043797016 ], [ 685181.30231453012675, 7186323.006586781702936 ], [ 685170.8588030844694, 7186331.361400589346886 ], [ 685159.71905774786137, 7186341.108683108352125 ], [ 685151.364247974124737, 7186345.286090778186917 ], [ 685142.313202942721546, 7186345.286092987284064 ], [ 685126.29981506371405, 7186343.197394085116684 ], [ 685114.463831047411077, 7186334.84258571639657 ], [ 685101.235380274243653, 7186333.450120402500033 ], [ 685085.570110540604219, 7186335.538827043026686 ], [ 685072.341661134269089, 7186339.716235898435116 ], [ 685062.594382723560557, 7186343.197409635409713 ], [ 685050.062167207943276, 7186345.982349779456854 ], [ 685034.048781040590256, 7186350.855993589386344 ], [ 685016.642925379099324, 7186351.552232106216252 ], [ 684995.059666198445484, 7186359.907048629596829 ], [ 684980.438747470965609, 7186360.603286469355226 ], [ 684960.944189795176499, 7186364.084462581202388 ], [ 684941.449634338961914, 7186376.616684222593904 ], [ 684930.309890193981119, 7186391.237606642767787 ], [ 684917.777678777347319, 7186410.732169299386442 ], [ 684903.156763633945957, 7186426.049326838925481 ], [ 684892.713252184679732, 7186434.404140641912818 ], [ 684885.750911217415705, 7186439.974016511812806 ], [ 684879.461464604944922, 7186445.005576599389315 ], [ 684868.352978924871422, 7186443.045258283615112 ], [ 684848.856162424082868, 7186441.420528274029493 ], [ 684824.485141501994804, 7186438.171064686030149 ], [ 684798.489383513689972, 7186425.173192909918725 ], [ 684777.367828753893264, 7186408.925850413739681 ], [ 684767.619418712682091, 7186400.802178969606757 ], [ 684757.871007874491625, 7186389.429037994705141 ], [ 684717.252632240415551, 7186353.684883082285523 ], [ 684686.382669435697608, 7186337.437542961910367 ], [ 684645.764301768038422, 7186334.18808332644403 ], [ 684592.148056699777953, 7186330.938626851886511 ], [ 684563.715197900077328, 7186322.814959956333041 ], [ 684521.472089195856825, 7186293.569744484499097 ], [ 684497.101059926091693, 7186256.20085084810853 ], [ 684472.730027478188276, 7186205.834079100750387 ], [ 684461.356876804493368, 7186173.339386595413089 ], [ 684443.484786239219829, 7186135.970491379499435 ], [ 684417.48901912488509, 7186085.603720034472644 ], [ 684381.744831648189574, 7185984.870173401199281 ], [ 684378.495357928564772, 7185966.998091795481741 ], [ 684380.120087832212448, 7185947.501274244859815 ], [ 684394.742697117617354, 7185936.128127345815301 ], [ 684430.486854379880242, 7185913.381831968203187 ], [ 684456.482604392105713, 7185893.885008487850428 ], [ 684490.60202538582962, 7185864.639774451963603 ], [ 684536.094586706720293, 7185825.646129070781171 ], [ 684555.591398415970616, 7185807.774041934870183 ], [ 684576.712942013284191, 7185778.528811061754823 ], [ 684588.086075578117743, 7185741.159908751025796 ], [ 684596.20974178193137, 7185711.914681043475866 ], [ 684618.143641966045834, 7185638.801611388102174 ], [ 684637.640448097256012, 7185598.183237579651177 ], [ 684645.764111114898697, 7185555.940131781622767 ], [ 684670.13512524170801, 7185531.569104411639273 ], [ 684730.250300581450574, 7185500.699129285290837 ], [ 684757.870786837302148, 7185487.701244458556175 ], [ 684780.617067878833041, 7185469.829156531020999 ], [ 684785.491269508842379, 7185460.080746768973768 ], [ 684787.115998205495998, 7185435.709724940359592 ], [ 684780.617055132752284, 7185417.837644144892693 ], [ 684765.994439492118545, 7185403.21503484994173 ], [ 684739.998680345248431, 7185385.342958803288639 ], [ 684718.877126015373506, 7185370.720351094380021 ], [ 684704.254511570092291, 7185360.971946083940566 ], [ 684697.755571287125349, 7185354.473008620552719 ], [ 684681.508220976218581, 7185339.850399721413851 ], [ 684675.009278303594328, 7185323.6030536852777 ], [ 684675.009274323936552, 7185307.355706068687141 ], [ 684686.382415439235047, 7185300.856764249503613 ], [ 684717.252374219475314, 7185300.856756730005145 ], [ 684746.497598327230662, 7185300.856749603524804 ], [ 684770.868616823572665, 7185294.357804617844522 ], [ 684798.489103470579721, 7185282.984654553234577 ], [ 684798.489100284175947, 7185269.986776461824775 ], [ 684796.864361626678146, 7185253.739429240114987 ], [ 684780.617010917747393, 7185237.492085584439337 ], [ 684761.12019086512737, 7185221.244742721319199 ], [ 684735.124432122567669, 7185204.997401439584792 ], [ 684709.128672585822642, 7185185.500590634532273 ], [ 684689.631851739482954, 7185166.003778245300055 ], [ 684658.761886992375366, 7185141.632764343172312 ], [ 684632.766123877721839, 7185107.513340688310564 ], [ 684611.644564780872315, 7185073.393915844149888 ], [ 684601.896149585722014, 7185044.148692516610026 ], [ 684597.021937212557532, 7185010.029263718053699 ], [ 684524.72120293660555, 7184841.056866185739636 ], [ 684523.096461502602324, 7184813.436375645920634 ], [ 684527.970658754231408, 7184785.815883530303836 ], [ 684547.467469641938806, 7184764.694326896220446 ], [ 684573.463220406556502, 7184748.446972963400185 ], [ 684597.834235704038292, 7184728.950149903073907 ], [ 684604.33317040966358, 7184712.702800717204809 ], [ 684607.582636170787737, 7184698.080187080428004 ], [ 684609.20736646419391, 7184680.208104320801795 ], [ 684597.834211428067647, 7184629.841329519636929 ], [ 684554.778722350019962, 7184546.979867232963443 ], [ 684545.030310345813632, 7184530.732522005215287 ], [ 684520.65928471123334, 7184507.986241296865046 ], [ 684506.036669490858912, 7184494.988366777077317 ], [ 684475.166709948563948, 7184491.738904769532382 ], [ 684455.669893897487782, 7184491.738909512758255 ], [ 684442.672013349132612, 7184478.741034593433142 ], [ 684432.923598963068798, 7184452.745280805975199 ], [ 684431.29885912197642, 7184431.623729325830936 ], [ 684429.674116500769742, 7184399.12903452385217 ], [ 684429.674106957623735, 7184360.135400291532278 ], [ 684431.298834470566362, 7184330.89017422311008 ], [ 684463.793510782648809, 7184261.026571657508612 ], [ 684488.164522087899968, 7184225.282401017844677 ], [ 684502.787128949770704, 7184204.160845588892698 ], [ 684509.286061665392481, 7184179.789822615683079 ], [ 684509.286056891782209, 7184160.293005506508052 ], [ 684502.78711502905935, 7184147.295129012316465 ], [ 684494.967988491989672, 7184138.498615501448512 ], [ 684492.323350808816031, 7184117.842934099957347 ], [ 684496.058270114124753, 7184107.385151397436857 ], [ 684501.287157430313528, 7184093.939430680125952 ], [ 684515.479854661622085, 7184070.035925984382629 ], [ 684527.431597859365866, 7184042.397499769926071 ], [ 684532.660484444350004, 7184025.963841395452619 ], [ 684532.660482431878336, 7184017.747012846171856 ], [ 684530.419527300866321, 7184009.530184841714799 ], [ 684522.949682111851871, 7184003.554311351850629 ], [ 684506.516023169271648, 7183992.349549145437777 ], [ 684495.311255567008629, 7183984.132723324000835 ], [ 684484.853473435738124, 7183980.397803800180554 ], [ 684466.925848491140641, 7183980.397808163426816 ], [ 684448.998223547474481, 7183980.397812524810433 ], [ 684440.034409978659824, 7183975.915908224880695 ], [ 684425.094717406318523, 7183955.000348277390003 ], [ 684417.624871122068726, 7183944.542568305507302 ], [ 684412.395978685119189, 7183937.072725443169475 ], [ 684397.456289954250678, 7183931.843838180415332 ], [ 684384.010571429040283, 7183932.590825865976512 ], [ 684375.046760420314968, 7183938.566703354008496 ], [ 684362.348028642940335, 7183949.02448823209852 ], [ 684344.420403700438328, 7183949.024492591619492 ], [ 684333.215639756293967, 7183955.747355039231479 ], [ 684324.998814031947404, 7183965.45815441198647 ], [ 684319.769926529028453, 7183978.1568907154724 ], [ 684315.288024494657293, 7183995.337533317506313 ], [ 684310.059140645549633, 7184022.975957894697785 ], [ 684303.336286041652784, 7184042.397554283961654 ], [ 684303.336290608393028, 7184061.072164624929428 ], [ 684303.336296088527888, 7184083.481697035953403 ], [ 684300.348362251184881, 7184098.421386037021875 ], [ 684289.890594366705045, 7184152.951250783167779 ], [ 684279.432827941491269, 7184213.456990841776133 ], [ 684268.975055121816695, 7184247.818276423960924 ], [ 684259.264265396748669, 7184276.950670924037695 ], [ 684253.288395344861783, 7184297.119251551106572 ], [ 684244.199273645528592, 7184317.785169042646885 ], [ 684247.703817493864335, 7184334.13968838378787 ], [ 684278.573783782194369, 7184365.009641314856708 ], [ 684296.445869131712243, 7184381.25698456633836 ], [ 684304.569549637264572, 7184410.502208268269897 ], [ 684304.569553610635921, 7184426.749555864371359 ], [ 684289.946946341078728, 7184446.246376538649201 ], [ 684272.074870523996651, 7184468.992667520418763 ], [ 684254.202792719239369, 7184483.615284704603255 ], [ 684208.710227494477294, 7184506.361582398414612 ], [ 684159.968192925793119, 7184529.107880879193544 ], [ 684116.10036157106515, 7184548.60470865573734 ], [ 684088.479875337798148, 7184561.602593444287777 ], [ 684060.859387518372387, 7184568.101539190858603 ], [ 684039.737839571665972, 7184579.47468763962388 ], [ 684028.364701237529516, 7184597.346772762015462 ], [ 684020.241034229518846, 7184623.342530897818506 ], [ 684020.24104017962236, 7184647.713552301749587 ], [ 684020.241048511234112, 7184681.832982270047069 ], [ 684010.492646035738289, 7184704.579271281138062 ], [ 684002.368976249825209, 7184719.201886093243957 ], [ 683979.622694420046173, 7184733.824504459276795 ], [ 683948.752741611329839, 7184758.195533358491957 ], [ 683927.631194450543262, 7184772.818151328712702 ], [ 683909.759114253451116, 7184777.692359944805503 ], [ 683885.388098938390613, 7184797.189182984642684 ], [ 683869.140754600754008, 7184806.937595488503575 ], [ 683843.145000252290629, 7184808.562336552888155 ], [ 683820.398714849725366, 7184808.562342068180442 ], [ 683800.901898791315034, 7184808.562346796505153 ], [ 683779.780350041692145, 7184816.686025718227029 ], [ 683748.910395242040977, 7184832.933380806818604 ], [ 683718.040438462048769, 7184841.057062093168497 ], [ 683692.044686884037219, 7184854.054946478456259 ], [ 683659.550001764437184, 7184888.174384327605367 ], [ 683625.430580782354809, 7184917.41961828712374 ], [ 683591.311158611089922, 7184941.790647963061929 ], [ 683560.44120657350868, 7184969.411146372556686 ], [ 683534.445455780019984, 7184985.658500278368592 ], [ 683491.389990135910921, 7184998.656388787552714 ], [ 683468.643705124501139, 7185000.28112905472517 ], [ 683439.398483401862904, 7185010.029544695280492 ], [ 683406.903793915873393, 7185026.276900168508291 ], [ 683379.283307652105577, 7185039.274784939363599 ], [ 683354.912289944011718, 7185049.023199400864542 ], [ 683351.662822970887646, 7185058.77160875312984 ], [ 683341.914424818474799, 7185099.389980142004788 ], [ 683340.28969291341491, 7185110.763123864308 ], [ 683332.166023504221812, 7185127.010473441332579 ], [ 683319.168148893280886, 7185138.383619912900031 ], [ 683312.669217317132279, 7185167.628847189247608 ], [ 683312.669236680259928, 7185247.240850502625108 ], [ 683301.296101874788292, 7185279.735548484139144 ], [ 683289.922965488862246, 7185305.731307420879602 ], [ 683278.54982870654203, 7185330.102331597357988 ], [ 683263.927225738181733, 7185367.47123465128243 ], [ 683246.055155002861284, 7185411.339077541604638 ], [ 683228.183084661606699, 7185456.831655198708177 ], [ 683213.560485243797302, 7185508.823171121068299 ], [ 683203.812085499055684, 7185542.942603481002152 ], [ 683190.814217590843327, 7185581.936240918003023 ], [ 683190.814223513822071, 7185606.307262351736426 ], [ 683181.065819422714412, 7185622.554612329229712 ], [ 683169.692682238062844, 7185645.300901751965284 ], [ 683150.195871684583835, 7185668.047193136066198 ], [ 683120.95065387932118, 7185694.042956402525306 ], [ 683094.954901865916327, 7185705.416106019169092 ], [ 683055.961274831788614, 7185726.537667347118258 ], [ 683033.214992954861373, 7185741.160285701975226 ], [ 683003.969773562159389, 7185760.657109912484884 ], [ 682986.097697280929424, 7185781.778666142374277 ], [ 682963.351413821335882, 7185789.902345446869731 ], [ 682942.229863851913251, 7185793.151820067316294 ], [ 682934.106192849809304, 7185802.900230604223907 ], [ 682909.735177476191893, 7185822.397053638473153 ], [ 682885.364159341203049, 7185830.520733332261443 ], [ 682849.619996517896652, 7185830.520741952583194 ], [ 682805.752159931929782, 7185828.896017767488956 ], [ 682766.758528549340554, 7185832.145496692508459 ], [ 682731.014367301366292, 7185838.644444360397756 ], [ 682718.016491093789227, 7185843.518651781603694 ], [ 682690.396008334122598, 7185871.139149406924844 ], [ 682682.272341264528222, 7185897.134907573461533 ], [ 682670.899202879751101, 7185915.006992703303695 ], [ 682670.899207209702581, 7185932.879075098782778 ], [ 682687.146563007496297, 7185970.247970735654235 ], [ 682690.39603747590445, 7185991.36952187307179 ], [ 682685.521841723006219, 7186025.488953073509037 ], [ 682690.396049289731309, 7186040.111564770340919 ], [ 682701.769195553846657, 7186054.734174899756908 ], [ 682719.641281302087009, 7186072.606252990663052 ], [ 682732.639163818210363, 7186093.727801781147718 ], [ 682744.012309689889662, 7186106.725677147507668 ], [ 682768.383336502593011, 7186134.346162253059447 ], [ 682807.376973416772671, 7186153.842970013618469 ], [ 682826.873793846578337, 7186171.715047714300454 ], [ 682836.622207016102038, 7186192.836597289890051 ], [ 682831.748010086594149, 7186222.081824211403728 ], [ 682830.123282504267991, 7186251.327050350606441 ], [ 682836.622226328006946, 7186272.448600711300969 ], [ 682844.745904037728906, 7186290.320681153796613 ], [ 682852.869582928484306, 7186313.066965891048312 ], [ 682852.869587265653536, 7186330.939048293977976 ], [ 682843.121182368835434, 7186343.936928755603731 ], [ 682821.999635141226463, 7186358.55954672396183 ], [ 682805.752289968892001, 7186365.058489697054029 ], [ 682794.379150790744461, 7186379.681105315685272 ], [ 682791.129685381427407, 7186395.928453739732504 ], [ 682786.255487265647389, 7186420.299476375803351 ], [ 682787.880226668668911, 7186439.796293154358864 ], [ 682791.129701927420683, 7186464.167313833720982 ], [ 682815.500728755374439, 7186491.787798950448632 ], [ 682823.624406071845442, 7186508.035144636407495 ], [ 682818.750209140009247, 7186537.28037156816572 ], [ 682818.750215050997213, 7186561.651393035426736 ], [ 682821.999693071236834, 7186597.395557069219649 ], [ 682816.31312919431366, 7186628.26551896892488 ], [ 682814.688396882964298, 7186638.013927946798503 ], [ 682813.063665359746665, 7186651.011806454509497 ], [ 682813.063668117974885, 7186662.384949807077646 ], [ 682814.68840476416517, 7186670.50862324051559 ], [ 682829.311016844003461, 7186670.508619714528322 ], [ 682842.308890308137052, 7186654.261268933303654 ], [ 682852.057298361323774, 7186654.261266581714153 ], [ 682873.178850325173698, 7186659.135465782135725 ], [ 682897.549875188968144, 7186678.632277080789208 ], [ 682912.172492395737208, 7186699.753825495019555 ], [ 682928.41984546079766, 7186725.74957781098783 ], [ 682951.166138412430882, 7186756.61953285522759 ], [ 682972.28769787424244, 7186792.363692586310208 ], [ 682982.036114607937634, 7186828.107855064794421 ], [ 682998.28347674862016, 7186891.472506981343031 ], [ 683008.031889144680463, 7186909.344587044790387 ], [ 683022.6545051750727, 7186925.591931167989969 ], [ 683030.778184078750201, 7186948.338215921074152 ], [ 683024.279250107822008, 7186967.835034674033523 ], [ 683006.40717221936211, 7186982.457651877775788 ], [ 682988.535093935672194, 7186995.455534311942756 ], [ 682977.161959090037271, 7187027.950232366099954 ], [ 682975.537229540757835, 7187049.07178470864892 ], [ 682985.285643909825012, 7187075.067538604140282 ], [ 682998.283526844112203, 7187097.813822185620666 ], [ 682999.908267436083406, 7187122.184843279421329 ], [ 682999.908270592568442, 7187135.182721404358745 ], [ 682990.159868449205533, 7187159.553745240904391 ], [ 682986.910403828602284, 7187179.050563216209412 ], [ 682983.660940391360782, 7187203.42158548720181 ], [ 682973.91254021844361, 7187235.916283156722784 ], [ 682975.537286333390512, 7187283.033590978011489 ], [ 682985.28570425324142, 7187323.651957776397467 ], [ 682988.535178735619411, 7187344.77350895293057 ], [ 683003.157795168110169, 7187362.645587852224708 ], [ 683017.780409628059715, 7187372.393992921337485 ], [ 683024.279351098230109, 7187383.767134713009 ], [ 683026.716455480200239, 7187393.515542723238468 ], [ 683007.219642905285582, 7187408.138160325586796 ], [ 683000.720708929002285, 7187427.634979091584682 ], [ 682992.597040671156719, 7187448.756533013656735 ], [ 682986.098109850194305, 7187481.251229910179973 ], [ 682997.471256535267457, 7187497.498574829660356 ], [ 683005.594933077809401, 7187510.496451001614332 ], [ 683034.840159243787639, 7187518.620117776095867 ], [ 683052.712243061629124, 7187528.368522061035037 ], [ 683054.336980501422659, 7187539.741665033623576 ], [ 683055.96171912481077, 7187555.989012307487428 ], [ 683051.087521404144354, 7187581.984769749455154 ], [ 683044.588587823323905, 7187603.106323285959661 ], [ 683044.588594530010596, 7187630.726814322173595 ], [ 683047.838069014251232, 7187651.848365506157279 ], [ 683060.835949987289496, 7187666.470975270494819 ], [ 683080.332770853536204, 7187685.967787764966488 ], [ 683088.456448979442939, 7187705.46460300590843 ], [ 683090.081189577118494, 7187729.835624119266868 ], [ 683107.953279320150614, 7187763.955049912445247 ], [ 683117.70169409760274, 7187791.575538598001003 ], [ 683117.70169962325599, 7187814.321825337596238 ], [ 683109.578029390191659, 7187827.319705436006188 ], [ 683099.829621716286056, 7187828.944442557170987 ], [ 683078.708068928448483, 7187820.820773823186755 ], [ 683054.337047968409024, 7187817.571310171857476 ], [ 683034.840231043286622, 7187814.321845343336463 ], [ 683013.718679833458737, 7187812.697115673683584 ], [ 682989.347665972891264, 7187838.692877830006182 ], [ 682979.599263426847756, 7187861.439166926778853 ], [ 682969.850864032632671, 7187897.183334156870842 ], [ 682966.601403352455236, 7187932.927499825134873 ], [ 682973.100351136177778, 7187970.296397905796766 ], [ 682989.347704624757171, 7187997.9168850351125 ], [ 682993.409547236631624, 7188022.287905570119619 ], [ 682982.036410403205082, 7188046.658929828554392 ], [ 682978.786944990162738, 7188062.906278289854527 ], [ 682973.912747658672743, 7188090.526770517230034 ], [ 682959.290141070843674, 7188113.273060795851052 ], [ 682944.667532511753961, 7188127.895677233114839 ], [ 682928.420190061908215, 7188145.767763600684702 ], [ 682920.296521002543159, 7188163.639848006889224 ], [ 682918.67179263359867, 7188189.635604685172439 ], [ 682907.298653428209946, 7188204.258220341056585 ], [ 682892.676044472143985, 7188217.256102012470365 ], [ 682868.305029806098901, 7188240.002394644543529 ], [ 682856.931889811647125, 7188251.375540763139725 ], [ 682843.934014351340011, 7188259.499217739328742 ], [ 682827.686669530696236, 7188267.622895495034754 ], [ 682811.43932470981963, 7188275.746573252603412 ], [ 682767.571489163907245, 7188278.996053364127874 ], [ 682744.825203657499515, 7188278.996058845892549 ], [ 682731.827325832215138, 7188277.371327210217714 ], [ 682728.577857655473053, 7188282.245532298460603 ], [ 682723.703655981691554, 7188291.993942081928253 ], [ 682722.078925239853561, 7188308.241290153935552 ], [ 682715.579988886718638, 7188317.989700330421329 ], [ 682712.330523466225713, 7188334.237048795446754 ], [ 682710.705793512519449, 7188353.733866406604648 ], [ 682723.703675671480596, 7188373.230680493637919 ], [ 682735.076824727933854, 7188399.226434050127864 ], [ 682746.449970633722842, 7188412.224309455603361 ], [ 682769.196261660428718, 7188434.970590733923018 ], [ 682778.944672492332757, 7188446.343731762841344 ], [ 682785.443619876750745, 7188482.087895108386874 ], [ 682793.567309820326045, 7188550.326753435656428 ], [ 682804.940456911921501, 7188568.198833148926497 ], [ 682821.187808830640279, 7188589.320381226018071 ], [ 682840.684629322146066, 7188607.192458984442055 ], [ 682850.433041341369972, 7188623.439804323017597 ], [ 682855.307248139404692, 7188634.81294653005898 ], [ 682855.307253657258116, 7188657.559233296662569 ], [ 682855.307259961380623, 7188683.554989602416754 ], [ 682839.872282867319882, 7188693.303401935845613 ], [ 682831.748609467642382, 7188693.30340389534831 ], [ 682817.125994984526187, 7188683.554998809471726 ], [ 682792.754974785144441, 7188683.555004682391882 ], [ 682761.885017836582847, 7188691.678685966879129 ], [ 682731.015058129443787, 7188688.42922386713326 ], [ 682693.646159310941584, 7188683.555028564296663 ], [ 682669.275139112141915, 7188683.555034434422851 ], [ 682656.277262854389846, 7188688.429241872392595 ], [ 682651.403062750468962, 7188704.676590738818049 ], [ 682656.277269545942545, 7188716.049732949584723 ], [ 682677.398827078402974, 7188743.670218935236335 ], [ 682696.895653082756326, 7188784.288583470508456 ], [ 682698.520400756737217, 7188837.904830465093255 ], [ 682688.772000943543389, 7188872.024262973107398 ], [ 682688.772007243125699, 7188898.020019286312163 ], [ 682701.769889410817996, 7188917.516833388246596 ], [ 682711.518303005839698, 7188940.263117814436555 ], [ 682708.268839552998543, 7188964.634140143170953 ], [ 682700.145171268610284, 7188985.755694105289876 ], [ 682700.145175205077976, 7189002.003041803836823 ], [ 682701.769913429627195, 7189016.625654340721667 ], [ 682714.767792449798435, 7189023.124590288847685 ], [ 682735.889343691640534, 7189024.74931996781379 ], [ 682750.511956999311224, 7189029.623520754277706 ], [ 682758.635638280073181, 7189062.118214193731546 ], [ 682768.384053060552105, 7189089.738702931441367 ], [ 682776.507729615666904, 7189102.736579133197665 ], [ 682789.505607849452645, 7189105.98604554310441 ], [ 682813.876630426151678, 7189115.734448286704719 ], [ 682826.874510632012971, 7189127.107588542625308 ], [ 682838.247657337924466, 7189143.354933503083885 ], [ 682836.622927384916693, 7189162.851751137524843 ], [ 682823.625053484225646, 7189177.474367200396955 ], [ 682802.503508145571686, 7189200.220659075304866 ], [ 682784.631429413100705, 7189211.593806773424149 ], [ 682783.006699851714075, 7189232.71535917930305 ], [ 682779.757241519633681, 7189278.207933528348804 ], [ 682796.004609210649505, 7189364.318872448056936 ], [ 682802.503552663489245, 7189383.815688128583133 ], [ 682811.439600109122694, 7189411.436177073046565 ], [ 682811.439608775894158, 7189447.180342031642795 ], [ 682811.439616655581631, 7189479.67503744456917 ], [ 682808.190154384123161, 7189508.920264103449881 ], [ 682817.938568777404726, 7189534.916018087416887 ], [ 682817.938577839406207, 7189572.28491782117635 ], [ 682824.437524447450414, 7189604.779611675068736 ], [ 682824.437529569375329, 7189625.901163698174059 ], [ 682837.435413722181693, 7189653.521651675924659 ], [ 682842.309627225622535, 7189692.515285007655621 ], [ 682848.808575411443599, 7189731.508917953819036 ], [ 682863.431206859648228, 7189811.120918229222298 ], [ 682871.554888942278922, 7189846.865081244148314 ], [ 682889.426978331292048, 7189879.359772367402911 ], [ 682902.424860126338899, 7189897.231851721182466 ], [ 682904.04959796287585, 7189910.229729503393173 ], [ 682897.550663568195887, 7189928.101813560351729 ], [ 682882.92805497162044, 7189942.724430032074451 ], [ 682879.678590730414726, 7189963.845982849597931 ], [ 682879.678602552856319, 7190012.588026007637382 ], [ 682879.678617529687472, 7190074.327947342768312 ], [ 682890.23940045631025, 7190105.197905469685793 ], [ 682890.23940597451292, 7190127.94419227913022 ], [ 682898.36308490706142, 7190150.690477130934596 ], [ 682904.8620271878317, 7190165.31308851391077 ], [ 682906.486767782014795, 7190189.684109708294272 ], [ 682901.61257319257129, 7190228.677745421417058 ], [ 682893.488904899801128, 7190249.799299422651529 ], [ 682880.491030586301349, 7190262.797180737368762 ], [ 682852.870544122881256, 7190275.795065574347973 ], [ 682833.373730681021698, 7190287.168213685043156 ], [ 682830.124263677280396, 7190296.916623102501035 ], [ 682833.373739741626196, 7190324.537113455124199 ], [ 682831.749012544751167, 7190355.407074527814984 ], [ 682831.749016877845861, 7190373.279157027602196 ], [ 682830.124288498540409, 7190399.274913782253861 ], [ 682834.99849767156411, 7190420.396464655175805 ], [ 682843.122177000856027, 7190444.767484289593995 ], [ 682849.621118493028916, 7190456.140626134350896 ], [ 682865.86846887844149, 7190470.763235172256827 ], [ 682880.491084577981383, 7190485.38584460504353 ], [ 682891.864230516832322, 7190498.38372004404664 ], [ 682891.864237216766924, 7190526.004211185500026 ], [ 682899.987921278341673, 7190569.872048103250563 ], [ 682898.363194082980044, 7190600.742009185254574 ], [ 682902.42503394652158, 7190613.739886392839253 ], [ 682913.465935363667086, 7190636.991560404188931 ], [ 682917.087897857185453, 7190645.684264931827784 ], [ 682926.504997493117116, 7190656.550144407898188 ], [ 682935.922096778173, 7190665.967239655554295 ], [ 682937.37088304082863, 7190674.659944707527757 ], [ 682936.646492896950804, 7190682.628258165903389 ], [ 682925.056223005056381, 7190696.391711179167032 ], [ 682915.639128289418295, 7190705.808810968883336 ], [ 682906.946424067718908, 7190708.706381531432271 ], [ 682897.529328649747185, 7190715.225912854075432 ], [ 682889.56101755972486, 7190722.469835942611098 ], [ 682881.592704712413251, 7190722.46983786392957 ], [ 682870.002432184293866, 7190725.367409124970436 ], [ 682859.860943280975334, 7190726.091803686693311 ], [ 682854.065808773739263, 7190734.784510486759245 ], [ 682852.617028485168703, 7190750.721137403510511 ], [ 682854.065816503483802, 7190766.657763624563813 ], [ 682854.790210337028839, 7190773.901684617623687 ], [ 682854.06581984157674, 7190780.421213844791055 ], [ 682846.821901178685948, 7190789.11392099224031 ], [ 682829.436491680797189, 7190790.562709415331483 ], [ 682822.916963690891862, 7190793.460279457271099 ], [ 682815.673044850933366, 7190801.42859448865056 ], [ 682804.08277706312947, 7190823.884752903133631 ], [ 682802.633995191194117, 7190833.301850771531463 ], [ 682803.358390078879893, 7190844.892124466598034 ], [ 682810.60231418767944, 7190858.655572942458093 ], [ 682817.121845867135562, 7190870.970237357541919 ], [ 682822.192592339008115, 7190878.938549420796335 ], [ 682830.160908174235374, 7190891.25321348849684 ], [ 682832.334087216295302, 7190902.843486835248768 ], [ 682827.263346891384572, 7190920.228898864239454 ], [ 682827.263350228662603, 7190933.992349088191986 ], [ 682822.917001101654023, 7190947.755800357088447 ], [ 682804.082815174362622, 7190981.077842278406024 ], [ 682798.287685581250116, 7191010.053528357297182 ], [ 682790.31937975587789, 7191039.029214959591627 ], [ 682780.902285386109725, 7191049.895098985172808 ], [ 682774.382758446037769, 7191057.139021726325154 ], [ 682769.312016186770052, 7191066.556120470166206 ], [ 682767.86323466594331, 7191077.422002576291561 ], [ 682770.036414234898984, 7191091.185452277772129 ], [ 682770.760809296625666, 7191103.500118095427752 ], [ 682762.792502416064963, 7191128.129451997578144 ], [ 682761.343721597106196, 7191141.892902571707964 ], [ 682760.619332504225895, 7191154.207568739540875 ], [ 682744.320517083862796, 7191180.285688884556293 ], [ 682731.281463201739825, 7191194.773534370586276 ], [ 682721.864370056660846, 7191210.710163218900561 ], [ 682715.344843992497772, 7191221.576046547852457 ], [ 682706.652142222621478, 7191234.61510675214231 ], [ 682701.581400313647464, 7191245.480989732779562 ], [ 682695.786267729359679, 7191262.142009828239679 ], [ 682692.888702052994631, 7191273.007892284542322 ], [ 682692.164314188412391, 7191290.393303275108337 ], [ 682697.235062416293658, 7191305.605536515824497 ], [ 682702.305809239856899, 7191315.022632818669081 ], [ 682709.549733000108972, 7191327.337297070771456 ], [ 682711.72291134041734, 7191336.030001955106854 ], [ 682710.274129993049428, 7191347.620276181027293 ], [ 682701.581426993245259, 7191355.588591568171978 ], [ 682695.786291952128522, 7191362.108122019097209 ], [ 682696.510688593029045, 7191380.942316897213459 ], [ 682697.235092781018466, 7191430.925372824072838 ], [ 682697.235097871161997, 7191451.932744231075048 ], [ 682695.78631547105033, 7191459.17666575498879 ], [ 682692.526558493264019, 7191489.601135473698378 ], [ 682696.872914996230975, 7191506.262153130955994 ], [ 682712.085158985923044, 7191549.001284401863813 ], [ 682720.777870940743014, 7191577.976967009715736 ], [ 682725.12423499324359, 7191625.786845726892352 ], [ 682742.50965030444786, 7191648.242997186258435 ], [ 682759.895064388285391, 7191665.628403820097446 ], [ 682781.626828481559642, 7191672.87231975980103 ], [ 682798.287852243636735, 7191697.501647747121751 ], [ 682799.012250291532837, 7191722.130979573354125 ], [ 682806.256176340626553, 7191743.862741362303495 ], [ 682819.29523760790471, 7191759.799364810809493 ], [ 682820.019631618401036, 7191767.767677931115031 ], [ 682826.17696867173072, 7191785.877479391172528 ], [ 682828.350147364661098, 7191796.01896851696074 ], [ 682829.798932399135083, 7191799.640928757376969 ], [ 682794.303724439698271, 7191815.577563902363181 ], [ 682781.26466896594502, 7191823.545880340971053 ], [ 682763.154874038067646, 7191852.521569419652224 ], [ 682749.391425256850198, 7191855.419141205027699 ], [ 682737.801153938868083, 7191863.387457296252251 ], [ 682732.006018015788868, 7191866.285027164965868 ], [ 682724.762097586411983, 7191867.733813144266605 ], [ 682707.376689642784186, 7191875.702130628749728 ], [ 682690.715673074941151, 7191880.772879467345774 ], [ 682672.605872000101954, 7191884.39484441652894 ], [ 682665.361951569328085, 7191885.843630397692323 ], [ 682658.118031314923428, 7191888.016808495856822 ], [ 682654.49607197730802, 7191892.363162075169384 ], [ 682650.874113341094926, 7191899.607084127143025 ], [ 682650.874115447048098, 7191908.299789541400969 ], [ 682649.425334448809735, 7191921.338848014362156 ], [ 682648.700944652082399, 7191930.755945721641183 ], [ 682648.700945880147628, 7191935.826690547168255 ], [ 682650.149732318008319, 7191945.243787730112672 ], [ 682654.496086892439052, 7191953.936492100358009 ], [ 682665.361969994846731, 7191961.904802780598402 ], [ 682671.881500454153866, 7191969.148722391575575 ], [ 682673.330287068150938, 7191979.290211694315076 ], [ 682681.298603963572532, 7191995.951228490099311 ], [ 682680.574216975015588, 7192016.958600086160004 ], [ 682672.605908677447587, 7192035.792797073721886 ], [ 682657.393679596367292, 7192054.626995805650949 ], [ 682643.630233969655819, 7192070.563625718466938 ], [ 682628.055808847770095, 7192089.397824538871646 ], [ 682617.914320978918113, 7192094.468571804463863 ], [ 682607.048441909602843, 7192103.161279838532209 ], [ 682601.977699115173891, 7192110.405202239751816 ], [ 682599.804525687592104, 7192121.995476652868092 ], [ 682602.702097157482058, 7192135.034534083679318 ], [ 682602.70210101781413, 7192150.971160681918263 ], [ 682609.221632178872824, 7192161.112648766487837 ], [ 682610.670418440597132, 7192169.80535383336246 ], [ 682610.67042072082404, 7192179.222451373003423 ], [ 682602.702111541992053, 7192194.434687771834433 ], [ 682592.560626128455624, 7192209.646924695931375 ], [ 682580.245965531677939, 7192229.20551485195756 ], [ 682565.033738022088073, 7192254.559242650866508 ], [ 682543.301981806056574, 7192279.912972019985318 ], [ 682521.570223660441115, 7192297.29838808812201 ], [ 682505.633600212284364, 7192306.715489462018013 ], [ 682491.145761797437444, 7192319.754551077261567 ], [ 682479.555491170845926, 7192330.620435638353229 ], [ 682474.484748373040929, 7192337.864358044229448 ], [ 682467.965223172795959, 7192352.352201977744699 ], [ 682462.894481252180412, 7192363.218084973283112 ], [ 682457.099347778595984, 7192376.257144497707486 ], [ 682451.666410519275814, 7192390.020596055313945 ], [ 682450.942022471688688, 7192406.681614951230586 ], [ 682450.942026502452791, 7192423.342633673921227 ], [ 682452.390817146166228, 7192450.145141707733274 ], [ 682456.73717399884481, 7192468.254943624138832 ], [ 682461.807924159336835, 7192491.435490194708109 ], [ 682464.705504392972216, 7192540.69415355566889 ], [ 682471.22504414524883, 7192586.330855455249548 ], [ 682474.122619470814243, 7192615.306539503857493 ], [ 682476.295799213927239, 7192629.794381350278854 ], [ 682479.917762413155288, 7192641.384654378518462 ], [ 682482.815334409242496, 7192656.596888173371553 ], [ 682482.815340019296855, 7192679.777435969561338 ], [ 682482.815342122456059, 7192688.470141392201185 ], [ 682474.484837247757241, 7192705.131162127479911 ], [ 682467.965310639468953, 7192713.823869118466973 ], [ 682461.445785610587336, 7192729.036105178296566 ], [ 682460.721396862529218, 7192742.799555609002709 ], [ 682460.721401069662534, 7192760.184966459870338 ], [ 682459.272620241739787, 7192773.948417063802481 ], [ 682455.650662300991826, 7192784.089907597750425 ], [ 682452.75309608830139, 7192792.782613719813526 ], [ 682451.304314734297805, 7192804.372887969017029 ], [ 682449.131141651654616, 7192817.411946628242731 ], [ 682447.682359070982784, 7192823.931476047262549 ], [ 682452.02871242177207, 7192827.553435595706105 ], [ 682462.170202228357084, 7192830.451001632958651 ], [ 682471.587301184888929, 7192838.419312674552202 ], [ 682476.658049945021048, 7192855.804722305387259 ], [ 682486.799541856278665, 7192867.394993767142296 ], [ 682496.941032891045325, 7192875.363304633647203 ], [ 682509.980091366334818, 7192879.709654210135341 ], [ 682520.121581175131723, 7192882.607220247387886 ], [ 682544.026520485291258, 7192885.504782969132066 ], [ 682568.655855207121931, 7192902.165795776993036 ], [ 682587.490050492342561, 7192907.236536076292396 ], [ 682615.0169521283824, 7192918.102411232888699 ], [ 682628.056010604370385, 7192922.448760805651546 ], [ 682643.992638800991699, 7192932.590246634557843 ], [ 682649.787777890334837, 7192942.731734903529286 ], [ 682654.858525076066144, 7192953.597615466453135 ], [ 682662.102447972516529, 7192962.29031914845109 ], [ 682670.070762422634289, 7192968.809846302494407 ], [ 682678.763470005011186, 7192979.67572599183768 ], [ 682681.661040076985955, 7192986.919646482914686 ], [ 682679.850061106961221, 7192991.990391753613949 ], [ 682674.054927280289121, 7193003.580667052417994 ], [ 682665.362224787822925, 7193013.722158809192479 ], [ 682653.047560844104737, 7193019.517298728227615 ], [ 682641.457288631587289, 7193023.86365423258394 ], [ 682631.315801100223325, 7193030.383185746148229 ], [ 682621.898709333501756, 7193052.114951582625508 ], [ 682619.00114382407628, 7193063.705226184800267 ], [ 682611.757226364337839, 7193077.468678191304207 ], [ 682600.166960814618506, 7193109.341934221796691 ], [ 682598.718180864234455, 7193126.727345427498221 ], [ 682594.37183294876013, 7193145.561541570350528 ], [ 682588.576699647819623, 7193159.324993226677179 ], [ 682571.915685506770387, 7193174.537231741473079 ], [ 682559.601023313356563, 7193187.576292848214507 ], [ 682545.837576961377636, 7193200.615354306995869 ], [ 682532.798520760028623, 7193205.686102277599275 ], [ 682519.75946455867961, 7193210.756850249134004 ], [ 682512.515544641762972, 7193214.378812588751316 ], [ 682509.617977376328781, 7193218.725166000425816 ], [ 682511.79115519230254, 7193225.244694552384317 ], [ 682518.310686186654493, 7193234.661790531128645 ], [ 682525.554611012921669, 7193251.322807530872524 ], [ 682529.176573864882812, 7193261.464296327903867 ], [ 682534.247320699854754, 7193270.881392657756805 ], [ 682534.609519545338117, 7193282.471666477620602 ], [ 682536.782697185524739, 7193288.266802908852696 ], [ 682537.5070915450342, 7193297.683900286443532 ], [ 682538.231486255303025, 7193308.549781901761889 ], [ 682542.577842062921263, 7193322.313231121748686 ], [ 682548.372982907807454, 7193339.698640588670969 ], [ 682548.372987993410788, 7193360.706012049689889 ], [ 682544.026639549643733, 7193377.367031842470169 ], [ 682541.129082628060132, 7193424.452520295977592 ], [ 682542.577872047550045, 7193446.184283530339599 ], [ 682550.546189658809453, 7193465.742868835106492 ], [ 682557.427921779220924, 7193496.167336197569966 ], [ 682568.293808060465381, 7193517.174705046229064 ], [ 682578.435302962781861, 7193541.079642547294497 ], [ 682581.33287391345948, 7193551.945523643866181 ], [ 682582.057268798234873, 7193563.535797381773591 ], [ 682580.608490251353942, 7193586.716345554217696 ], [ 682587.852416661800817, 7193609.896891636773944 ], [ 682597.269516329048201, 7193620.762771164998412 ], [ 682602.340265799080953, 7193641.045749291777611 ], [ 682613.930542934918776, 7193656.982373133301735 ], [ 682613.930545390816405, 7193667.123862808570266 ], [ 682605.962236547726206, 7193683.784883478656411 ], [ 682595.096358505543321, 7193696.823944246396422 ], [ 682570.467032176442444, 7193714.93375316541642 ], [ 682559.601158342906274, 7193745.358224809169769 ], [ 682558.152378041180782, 7193761.29485178925097 ], [ 682552.357243506703526, 7193769.98755862005055 ], [ 682544.388932906324044, 7193779.404658095911145 ], [ 682526.279134415322915, 7193793.892504844814539 ], [ 682505.99616178649012, 7193817.073057560250163 ], [ 682489.335147277684882, 7193830.836511843837798 ], [ 682469.776561993989162, 7193834.458477146923542 ], [ 682437.178918746532872, 7193835.907269226387143 ], [ 682396.612961040809751, 7193830.836534144356847 ], [ 682379.95194232580252, 7193827.21457755099982 ], [ 682361.842140326043591, 7193827.214581903070211 ], [ 682348.07869080780074, 7193827.214585211127996 ], [ 682337.212810132070445, 7193829.387764183804393 ], [ 682324.173754269490018, 7193835.90729639492929 ], [ 682312.583481690613553, 7193838.804867659695446 ], [ 682302.441992570064031, 7193838.804870096966624 ], [ 682283.60779481404461, 7193823.592640107497573 ], [ 682273.466303593246266, 7193814.89993710629642 ], [ 682261.151636483496986, 7193807.656018868088722 ], [ 682251.73453909449745, 7193806.207236889749765 ], [ 682237.971089049940929, 7193804.034063837490976 ], [ 682225.65642211586237, 7193797.514537718147039 ], [ 682209.719794956734404, 7193791.719404589384794 ], [ 682185.090464413282461, 7193792.443802624940872 ], [ 682143.075724127120338, 7193793.892596952617168 ], [ 682113.013457007473335, 7193811.278015043586493 ], [ 682093.454871373949572, 7193813.451196096837521 ], [ 682084.03777503350284, 7193816.348766837269068 ], [ 682074.620679393410683, 7193822.143906055018306 ], [ 682068.825544678024016, 7193830.112220763228834 ], [ 682065.203586550545879, 7193839.529319189488888 ], [ 682059.408452708856203, 7193851.119594499468803 ], [ 682055.062101279152557, 7193855.465948257595301 ], [ 682045.645006687031128, 7193865.60744019690901 ], [ 682036.227911919238977, 7193875.024540012702346 ], [ 682031.157169633195736, 7193884.441638789139688 ], [ 682033.330348670599051, 7193896.031912183389068 ], [ 682033.330353390076198, 7193915.590499419718981 ], [ 682033.33035671338439, 7193929.353949696756899 ], [ 682025.362047679722309, 7193945.290578246116638 ], [ 682016.669344991678372, 7193954.707677891477942 ], [ 682001.457112358533777, 7193959.054034260101616 ], [ 681984.071703135152347, 7193961.951606910675764 ], [ 681972.481430726707913, 7193965.573570290580392 ], [ 681964.51311924518086, 7193971.368709160014987 ], [ 681962.339945801417343, 7193982.958983603864908 ], [ 681952.922853653552011, 7194003.241965219378471 ], [ 681956.544816500856541, 7194013.383454028517008 ], [ 681962.339959959499538, 7194041.634745316579938 ], [ 681968.13510551431682, 7194078.578742046840489 ], [ 681974.654638955602422, 7194098.137327725067735 ], [ 681992.402249815873802, 7194118.420302826911211 ], [ 682002.543740686494857, 7194125.664221595972776 ], [ 682014.858407100429758, 7194130.010571362450719 ], [ 682022.102330525754951, 7194140.876451425254345 ], [ 682022.826727327192202, 7194160.435038491152227 ], [ 682022.826732920832001, 7194183.615586335770786 ], [ 682017.755994477891363, 7194208.969311757013202 ], [ 682022.102351856068708, 7194229.252290079370141 ], [ 682030.795061016688123, 7194246.637698878534138 ], [ 682037.314593936200254, 7194264.023108197376132 ], [ 682050.353656629566103, 7194285.75486867595464 ], [ 682059.770756996585988, 7194299.518316699191928 ], [ 682069.912250669905916, 7194318.352509390562773 ], [ 682073.53421544469893, 7194336.462311530485749 ], [ 682072.809829135076143, 7194360.367251670919359 ], [ 682061.943956671399064, 7194396.586860293522477 ], [ 682059.770783228101209, 7194408.177134741097689 ], [ 682060.132983990362845, 7194427.735721904784441 ], [ 682062.306164078880101, 7194443.672348029911518 ], [ 682065.203735723393038, 7194457.435797621496022 ], [ 682074.620836619054899, 7194473.372422009706497 ], [ 682076.794014609069563, 7194480.616342693567276 ], [ 682071.723271968774498, 7194488.584657236002386 ], [ 682063.754961005644873, 7194496.552972471341491 ], [ 682051.440295984735712, 7194498.001759668812156 ], [ 682035.503672134247608, 7194505.970076816156507 ], [ 682024.637794423149899, 7194520.457921832799911 ], [ 682002.18164481734857, 7194540.740906592458487 ], [ 681988.418204200570472, 7194577.684908038936555 ], [ 681980.449894983205013, 7194592.897144479677081 ], [ 681979.001119211898185, 7194627.667966613546014 ], [ 681979.001128825126216, 7194667.509533245116472 ], [ 681979.725530694820918, 7194708.075491824187338 ], [ 681979.363338849856518, 7194725.460902808234096 ], [ 681978.638949915068224, 7194738.49996115360409 ], [ 681982.985305545502342, 7194751.539018282666802 ], [ 681998.197542040375993, 7194763.12928856536746 ], [ 682003.992680785013363, 7194771.821992624551058 ], [ 682014.858564795227721, 7194783.412263946607709 ], [ 682022.102489276090637, 7194798.624496742151678 ], [ 682025.000061970669776, 7194816.734299067407846 ], [ 682022.102497667539865, 7194833.395318537950516 ], [ 682014.134188623400405, 7194849.331947105005383 ], [ 682001.095133264199831, 7194858.024655684828758 ], [ 681978.638979803305119, 7194862.371013797819614 ], [ 681960.529178478056565, 7194865.268586624413729 ], [ 681943.868161314865574, 7194868.166159100830555 ], [ 681925.758359990199097, 7194871.063731928355992 ], [ 681916.341265033232048, 7194879.756439636461437 ], [ 681898.955859108362347, 7194896.417462583631277 ], [ 681883.74362890154589, 7194910.905308647081256 ], [ 681875.050924978451803, 7194915.251663453876972 ], [ 681861.287475438322872, 7194915.251666756346822 ], [ 681850.421594397863373, 7194915.976061478257179 ], [ 681824.343480180366896, 7194918.873636213131249 ], [ 681808.406856841873378, 7194929.015129724517465 ], [ 681794.64340800140053, 7194931.91270150616765 ], [ 681777.258000325993635, 7194941.329803243279457 ], [ 681759.87259142822586, 7194945.676160134375095 ], [ 681746.109142760746181, 7194949.298124035820365 ], [ 681733.794477907242253, 7194951.471303347498178 ], [ 681721.479813926154748, 7194957.266443265601993 ], [ 681701.196837750729173, 7194965.959153570234776 ], [ 681688.882174815633334, 7194976.100646214559674 ], [ 681679.465080903377384, 7194989.139706646092236 ], [ 681672.221163407200947, 7195002.903158677741885 ], [ 681664.977244516368955, 7195010.871473742648959 ], [ 681621.151529191061854, 7195034.052032105624676 ], [ 681602.317338046734221, 7195046.366702669300139 ], [ 681588.55389234283939, 7195062.303332624956965 ], [ 681576.239231322775595, 7195080.413138597272336 ], [ 681553.058689085068181, 7195098.522947168909013 ], [ 681538.570849728421308, 7195107.940048208460212 ], [ 681516.114697826327756, 7195118.805935397744179 ], [ 681494.382936784648336, 7195124.601077563129365 ], [ 681458.16333324695006, 7195126.774262592196465 ], [ 681432.08521814935375, 7195126.049876706674695 ], [ 681401.660750040435232, 7195123.152315497398376 ], [ 681372.685066444333643, 7195121.703538184985518 ], [ 681337.914245326071978, 7195116.632801650092006 ], [ 681305.316595926997252, 7195092.727869445458055 ], [ 681276.340908500365913, 7195075.342465466819704 ], [ 681262.577457391074859, 7195068.82293966691941 ], [ 681244.105456884601153, 7195058.681454386562109 ], [ 681231.066396812675521, 7195047.815575687214732 ], [ 681222.373688357765786, 7195033.327735344879329 ], [ 681208.610236380482092, 7195023.186248937621713 ], [ 681196.295567868859507, 7195010.14719370380044 ], [ 681178.910154266864993, 7194994.934963317587972 ], [ 681162.973525873851031, 7194984.069085308350623 ], [ 681146.312506964430213, 7194979.722736561670899 ], [ 681130.375880311476067, 7194976.100779762491584 ], [ 681115.163645913009532, 7194973.203214910812676 ], [ 681089.085528559982777, 7194963.061731443740427 ], [ 681065.904977271449752, 7194943.503149714320898 ], [ 681057.936659336322919, 7194922.495780110359192 ], [ 681049.968345227418467, 7194917.425037166103721 ], [ 681037.65367950219661, 7194915.976255864836276 ], [ 681020.992662334814668, 7194918.873828321695328 ], [ 681013.748743437812664, 7194926.842143381014466 ], [ 681002.882866917410865, 7194946.400733234360814 ], [ 681002.88287213165313, 7194968.132496859878302 ], [ 680997.812131214654073, 7194983.344732609577477 ], [ 680988.395040767616592, 7195010.871635449118912 ], [ 680980.426730829873122, 7195023.186303405091166 ], [ 680968.112068926682696, 7195037.674148762598634 ], [ 680950.002269854070619, 7195049.988819137215614 ], [ 680942.758352171280421, 7195063.027879044413567 ], [ 680925.372952301520854, 7195105.042626204900444 ], [ 680912.333898490411229, 7195120.254863856360316 ], [ 680903.641199074219912, 7195143.435413802042603 ], [ 680891.326538211782463, 7195162.269611884839833 ], [ 680861.988659094553441, 7195162.994010999798775 ], [ 680844.603250708663836, 7195169.513544234447181 ], [ 680825.76905659714248, 7195169.513548724353313 ], [ 680806.934861962450668, 7195167.340376850217581 ], [ 680797.51776525308378, 7195168.789163338020444 ], [ 680791.722629992524162, 7195174.584301685914397 ], [ 680788.825064966222271, 7195188.347752677276731 ], [ 680788.825068091508001, 7195201.386810856871307 ], [ 680790.273854685248807, 7195211.528300207108259 ], [ 680795.344600816257298, 7195218.047828087583184 ], [ 680806.210483946604654, 7195226.016138831153512 ], [ 680824.32028684776742, 7195229.638095119968057 ], [ 680837.35934535425622, 7195233.984444739297032 ], [ 680856.193540162639692, 7195236.882008733227849 ], [ 680866.335029475507326, 7195237.60639843903482 ], [ 680885.169224458397366, 7195241.228354554623365 ], [ 680898.932677305070683, 7195254.991801572963595 ], [ 680901.105854938272387, 7195260.786938024684787 ], [ 680901.830249278922565, 7195270.204035425558686 ], [ 680900.381467721192166, 7195281.069917589426041 ], [ 680899.65707789955195, 7195290.48701533768326 ], [ 680899.657081027282402, 7195303.526073517277837 ], [ 680905.452220110455528, 7195313.667561832815409 ], [ 680917.766887578763999, 7195322.360264351591468 ], [ 680936.601082911714911, 7195327.431004708632827 ], [ 680953.986493387375958, 7195329.604176925495267 ], [ 680972.820689937332645, 7195339.74566213041544 ], [ 680989.481711633736268, 7195355.682284822687507 ], [ 680997.450030787847936, 7195381.760399287566543 ], [ 680997.450035655172542, 7195402.04337868373841 ], [ 680990.206122141098604, 7195432.467849507927895 ], [ 680981.513422378106043, 7195454.199615219607949 ], [ 680969.923152723349631, 7195469.411852531135082 ], [ 680947.467001498327591, 7195483.17530819401145 ], [ 680935.876729931333102, 7195490.419232172891498 ], [ 680915.955950816045515, 7195503.458295108750463 ], [ 680908.712033822666854, 7195519.394923506304622 ], [ 680899.294942669570446, 7195544.024257879704237 ], [ 680885.531498330878094, 7195565.756024803966284 ], [ 680874.665620928280987, 7195581.692654067650437 ], [ 680858.729002426494844, 7195612.117126966826618 ], [ 680847.863125544157811, 7195630.226932596415281 ], [ 680837.721640396281146, 7195646.88795380666852 ], [ 680828.304548195679672, 7195667.170935455709696 ], [ 680814.541103332536295, 7195686.729526018723845 ], [ 680801.502048813155852, 7195699.044195191934705 ], [ 680783.392250240314752, 7195713.532041938975453 ], [ 680766.006841666996479, 7195719.327183052897453 ], [ 680750.794610901386477, 7195731.641852745786309 ], [ 680739.204337765346281, 7195732.36624762788415 ], [ 680724.716496304026805, 7195733.09064320102334 ], [ 680716.748183577903546, 7195733.815037220716476 ], [ 680702.984735758509487, 7195741.058961713686585 ], [ 680690.670073145069182, 7195752.649238593876362 ], [ 680676.906626887735911, 7195766.412692181766033 ], [ 680664.591963579063304, 7195775.105400573462248 ], [ 680657.348045363789424, 7195785.971284123137593 ], [ 680644.671188269159757, 7195804.081090185791254 ], [ 680643.946799310157076, 7195817.120148546993732 ], [ 680646.844375097309239, 7195848.269009090960026 ], [ 680649.741951405769214, 7195881.591046001762152 ], [ 680631.632153867743909, 7195900.42524547688663 ], [ 680617.144313270458952, 7195904.771601657383144 ], [ 680593.963766995002516, 7195906.220391418784857 ], [ 680569.334435514057986, 7195903.322828794829547 ], [ 680546.153885424835607, 7195888.834991874173284 ], [ 680529.492865804815665, 7195881.59107462130487 ], [ 680509.934278899920173, 7195878.693510789424181 ], [ 680486.753734531463124, 7195888.110613888129592 ], [ 680466.470758836716413, 7195898.976500537246466 ], [ 680444.014608803787269, 7195917.810701044276357 ], [ 680425.180419523036107, 7195938.093684935942292 ], [ 680409.968190306797624, 7195956.927883718162775 ], [ 680394.031567101250403, 7195967.793769334442914 ], [ 680373.024198108818382, 7195973.58891130425036 ], [ 680348.394864721689373, 7195962.723035329952836 ], [ 680337.528982971096411, 7195960.549861547537148 ], [ 680319.419182480778545, 7195967.069394949823618 ], [ 680300.584991291631013, 7195979.384065497666597 ], [ 680289.71911213977728, 7195988.076773541048169 ], [ 680275.231272576842457, 7195996.7694824449718 ], [ 680265.089785159449093, 7196004.01340607367456 ], [ 680236.476302591734566, 7196023.572000162675977 ], [ 680213.29575838916935, 7196033.713495375588536 ], [ 680195.185956856701523, 7196035.886676043272018 ], [ 680181.422508507617749, 7196040.957424162887037 ], [ 680171.281020916998386, 7196047.47695567086339 ], [ 680158.241966206114739, 7196059.067232716828585 ], [ 680157.517575508682057, 7196064.862369863316417 ], [ 680157.517576720332727, 7196069.933114718645811 ], [ 680158.966362268431112, 7196075.728251349180937 ], [ 680167.659068810753524, 7196082.247778382152319 ], [ 680179.973735591163859, 7196088.042912432923913 ], [ 680190.115226299036294, 7196094.562439123168588 ], [ 680199.532326309243217, 7196106.877102959901094 ], [ 680221.264096734463237, 7196140.199135409668088 ], [ 680228.508021191693842, 7196155.411368250846863 ], [ 680229.232418466825038, 7196177.143131738528609 ], [ 680229.232425044290721, 7196204.670032376423478 ], [ 680235.75196226593107, 7196240.165244810283184 ], [ 680237.200750757940114, 7196258.275047518312931 ], [ 680241.547107406891882, 7196275.660457415506244 ], [ 680247.342247527791187, 7196290.14829848241061 ], [ 680260.381308298441581, 7196303.911745704710484 ], [ 680272.33378562098369, 7196337.233780484646559 ], [ 680275.955751053988934, 7196358.241151168942451 ], [ 680278.128933013998903, 7196382.146090686321259 ], [ 680278.128938208683394, 7196403.877854352816939 ], [ 680266.538672507158481, 7196435.751110488548875 ], [ 680260.743540175259113, 7196453.860914922319353 ], [ 680254.948408536030911, 7196474.86828784737736 ], [ 680255.67280615773052, 7196498.04883558768779 ], [ 680258.570379508077167, 7196519.056206447072327 ], [ 680260.019168692990206, 7196540.063577651046216 ], [ 680254.948429135605693, 7196561.070950405672193 ], [ 680244.082550321239978, 7196571.212442701682448 ], [ 680226.697142241988331, 7196579.180760178714991 ], [ 680205.689774269703776, 7196589.322254883125424 ], [ 680194.461702354019508, 7196611.778413345105946 ], [ 680185.044608221156523, 7196624.093081664294004 ], [ 680177.076300503336824, 7196645.824847229756415 ], [ 680163.312854567077011, 7196661.037085069343448 ], [ 680152.446979209315032, 7196685.666419815272093 ], [ 680140.132316744420677, 7196697.981088820844889 ], [ 680122.74691125669051, 7196716.815288135781884 ], [ 680115.502993197529577, 7196728.405563816428185 ], [ 680103.912722813198343, 7196740.720232651568949 ], [ 680089.424889459274709, 7196775.4910579752177 ], [ 680082.90536434634123, 7196790.703294097445905 ], [ 680074.937055932125077, 7196809.537491179071367 ], [ 680066.24435491557233, 7196826.198512059636414 ], [ 680039.441855804529041, 7196859.520556064322591 ], [ 680027.851583342649974, 7196863.142519429326057 ], [ 680011.914958211011253, 7196866.040091700851917 ], [ 679990.907589018461294, 7196871.110841541551054 ], [ 679963.380690905381925, 7196875.45720080845058 ], [ 679952.514810353633948, 7196878.35477187577635 ], [ 679939.475753724924289, 7196881.976735581643879 ], [ 679903.980543217854574, 7196888.496273104101419 ], [ 679885.14635044510942, 7196894.291414550505579 ], [ 679862.690196739975363, 7196897.913380486890674 ], [ 679853.273100523278117, 7196901.535343334078789 ], [ 679839.871848372509703, 7196907.330483492463827 ], [ 679829.005968856276013, 7196914.574407295323908 ], [ 679823.935225311317481, 7196918.920761233195662 ], [ 679818.140092964982614, 7196937.030565675348043 ], [ 679818.864489883184433, 7196957.313544941134751 ], [ 679805.101049804827198, 7196997.155114958062768 ], [ 679805.101052566897124, 7197008.745388923212886 ], [ 679798.581527619389817, 7197024.682017171755433 ], [ 679795.683963431045413, 7197042.067428804934025 ], [ 679792.06200698739849, 7197058.728448489680886 ], [ 679787.715659150155261, 7197078.287036838009953 ], [ 679780.471742117661051, 7197094.223665258847177 ], [ 679771.779039883054793, 7197105.813941285014153 ], [ 679755.842416126746684, 7197114.506650535389781 ], [ 679744.976536086993292, 7197119.577397970482707 ], [ 679732.661872401367873, 7197126.821322117000818 ], [ 679729.039913192973472, 7197131.892067836597562 ], [ 679726.866741259931587, 7197150.001871424727142 ], [ 679723.969176379032433, 7197164.489714571274817 ], [ 679721.071611842839047, 7197180.426341962069273 ], [ 679713.827694636420347, 7197195.638578260317445 ], [ 679705.859384309500456, 7197206.50446199439466 ], [ 679693.182525269105099, 7197216.6459547188133 ], [ 679681.592252110131085, 7197217.370349586941302 ], [ 679662.03366569057107, 7197216.645962094888091 ], [ 679648.270214902353473, 7197211.575220491737127 ], [ 679635.231155334739015, 7197202.882518102414906 ], [ 679622.192095939302817, 7197194.914207836613059 ], [ 679609.877429663436487, 7197191.292250135913491 ], [ 679603.357900742441416, 7197190.567859556525946 ], [ 679595.389587827492505, 7197190.567861441522837 ], [ 679585.972491606953554, 7197194.189824285916984 ], [ 679574.382220863131806, 7197205.055708875879645 ], [ 679564.240736010367982, 7197223.165514351800084 ], [ 679537.438233413500711, 7197241.999715892598033 ], [ 679515.706474883016199, 7197258.660739865154028 ], [ 679501.218635630328208, 7197268.802233016118407 ], [ 679495.423500860342756, 7197276.770547741092741 ], [ 679493.974721520906314, 7197297.053527529351413 ], [ 679495.42350689379964, 7197302.124272050336003 ], [ 679505.564998818095773, 7197313.714543621987104 ], [ 679505.565001402748749, 7197324.580425466410816 ], [ 679504.116220511496067, 7197338.343876149505377 ], [ 679499.045479376567528, 7197352.831719813868403 ], [ 679488.903994002379477, 7197368.768348921090364 ], [ 679479.486898986273445, 7197377.461056628264487 ], [ 679466.447842519497499, 7197381.807412452064455 ], [ 679449.786827533040196, 7197394.12208248488605 ], [ 679435.298989827977493, 7197410.783104745671153 ], [ 679415.74040684918873, 7197424.546559711918235 ], [ 679397.630606314749457, 7197431.066093103028834 ], [ 679382.418374629225582, 7197439.758802177384496 ], [ 679367.206142601440661, 7197447.002727005630732 ], [ 679348.371948604239151, 7197447.727123581804335 ], [ 679333.159712956985459, 7197439.758813822641969 ], [ 679324.467007440049201, 7197437.585639505647123 ], [ 679310.703558027860709, 7197438.310034881345928 ], [ 679283.538852144032717, 7197426.719767329283059 ], [ 679258.185128364712, 7197423.097812701947987 ], [ 679221.965525915380567, 7197430.341742490418255 ], [ 679193.714234662358649, 7197430.341749163344502 ], [ 679174.155646689934656, 7197423.097832549363375 ], [ 679161.116584715549834, 7197404.263640424236655 ], [ 679150.25070019508712, 7197390.500192649662495 ], [ 679140.83360190782696, 7197385.429450009018183 ], [ 679128.518937349203043, 7197389.051413532346487 ], [ 679121.275019613443874, 7197402.090473461896181 ], [ 679109.684750579064712, 7197420.200279276818037 ], [ 679103.889615287887864, 7197425.995417631231248 ], [ 679098.818870703806169, 7197425.995418827049434 ], [ 679086.504204082302749, 7197420.924676870927215 ], [ 679077.811498737428337, 7197419.475894677452743 ], [ 679070.567579622380435, 7197426.719817618839443 ], [ 679067.670012837625109, 7197433.239347411319613 ], [ 679057.528525216737762, 7197439.758878914639354 ], [ 679037.245547396712936, 7197441.932060069404542 ], [ 679028.552842395030893, 7197441.932062120176852 ], [ 679022.757706415839493, 7197444.829631980508566 ], [ 679018.411355806980282, 7197452.79794636182487 ], [ 679016.238182994304225, 7197467.285789340734482 ], [ 679014.78940295393113, 7197484.671200638636947 ], [ 679014.789406907046214, 7197501.332219475880265 ], [ 679016.238194167730398, 7197514.371277353726327 ], [ 679024.20650811935775, 7197518.717628213576972 ], [ 679028.552860619383864, 7197518.717627188190818 ], [ 679039.418741871952079, 7197518.717624623328447 ], [ 679044.489487660466693, 7197523.788368291221559 ], [ 679046.6626656295266, 7197531.032289012335241 ], [ 679043.765101765049621, 7197549.866484902799129 ], [ 679043.040712434216402, 7197561.456759048625827 ], [ 679043.040721546160057, 7197599.849541586823761 ], [ 679049.560256488854066, 7197625.927656492218375 ], [ 679061.150534812477417, 7197646.93502533622086 ], [ 679069.118855125969276, 7197678.083884764462709 ], [ 679073.465214679483324, 7197707.783960802480578 ], [ 679079.26035702356603, 7197731.688899513334036 ], [ 679082.157927765743807, 7197741.830388556234539 ], [ 679092.66161676379852, 7197757.767012795433402 ], [ 679098.456755496794358, 7197766.459716910496354 ], [ 679112.944603020092472, 7197791.089045694097877 ], [ 679115.842174106393941, 7197802.679318986833096 ], [ 679118.73974897665903, 7197830.206219000741839 ], [ 679123.810497520607896, 7197846.867236645892262 ], [ 679129.605639695189893, 7197870.047783235087991 ], [ 679130.330036252387799, 7197888.881978280842304 ], [ 679130.33004038000945, 7197906.267389249056578 ], [ 679130.330043476191349, 7197919.306447475217283 ], [ 679136.849575498956256, 7197933.069896285422146 ], [ 679143.3691071793437, 7197945.384560851380229 ], [ 679149.16424608672969, 7197954.8016570918262 ], [ 679147.715467252535746, 7197977.257813271135092 ], [ 679134.676415417809039, 7198001.162756432779133 ], [ 679129.605677539482713, 7198029.414050459861755 ], [ 679132.503249830915593, 7198046.075068623758852 ], [ 679144.455727130174637, 7198079.39710349868983 ], [ 679151.699650894617662, 7198091.711767895147204 ], [ 679158.94357724103611, 7198114.892314149998128 ], [ 679158.943581542582251, 7198133.002117247320712 ], [ 679163.289936971035786, 7198145.316782327368855 ], [ 679171.258256090339273, 7198171.394896907731891 ], [ 679178.502183985896409, 7198201.094972280785441 ], [ 679178.502188804442994, 7198221.37795175332576 ], [ 679185.746116356109269, 7198249.629242877475917 ], [ 679185.746119969524443, 7198264.841477483510971 ], [ 679186.470517215086147, 7198286.57324103359133 ], [ 679187.194913945393637, 7198306.131828214041889 ], [ 679182.12417365796864, 7198324.241632513701916 ], [ 679177.053431992884725, 7198336.556299820542336 ], [ 679169.809515106957406, 7198353.217320386320353 ], [ 679161.479009234113619, 7198366.256380586884916 ], [ 679159.305834873695858, 7198374.224694466218352 ], [ 679161.479014566866681, 7198388.712536435574293 ], [ 679158.581451562698931, 7198411.168692968785763 ], [ 679153.510710068978369, 7198424.20775240380317 ], [ 679147.715576318558306, 7198436.522419882938266 ], [ 679141.196050310623832, 7198448.112695408985019 ], [ 679134.676524820970371, 7198461.876147310249507 ], [ 679136.12531243020203, 7198476.363989451900125 ], [ 679138.298491434194148, 7198487.954262927174568 ], [ 679138.298496423871256, 7198508.961634531617165 ], [ 679142.644851166056469, 7198518.378731120377779 ], [ 679144.09363877621945, 7198532.866573264822364 ], [ 679152.786348433932289, 7198552.425158569589257 ], [ 679159.305880635161884, 7198566.912999516353011 ], [ 679156.40831711422652, 7198587.195979682728648 ], [ 679151.337575618876144, 7198600.235039116814733 ], [ 679140.471698823967017, 7198619.069236917421222 ], [ 679131.77899742173031, 7198634.281473583541811 ], [ 679121.637512365356088, 7198651.666886961087584 ], [ 679118.015554007026367, 7198660.359593311324716 ], [ 679100.992346381070092, 7198687.162105932831764 ], [ 679091.57525409583468, 7198707.44508763961494 ], [ 679082.882553379866295, 7198725.554892804473639 ], [ 679078.536207750206813, 7198754.530578810721636 ], [ 679073.465469690971076, 7198782.057480739429593 ], [ 679074.189865387044847, 7198797.269715182483196 ], [ 679079.260621673078276, 7198846.528378458693624 ], [ 679083.606979512260295, 7198868.984533298760653 ], [ 679090.126515153911896, 7198897.96021674387157 ], [ 679103.165576636558399, 7198914.621232534758747 ], [ 679108.960718303569593, 7198935.628602784126997 ], [ 679110.409507460426539, 7198956.635974058881402 ], [ 679112.582686295034364, 7198967.501855418086052 ], [ 679106.425358388340101, 7198987.784836363047361 ], [ 679099.181440117768943, 7198998.650719944387674 ], [ 679091.937522881198674, 7199013.862956273369491 ], [ 679091.937527179950848, 7199031.972759393043816 ], [ 679089.039968470577151, 7199072.538719065487385 ], [ 679085.418017675634474, 7199113.104678912088275 ], [ 679083.244848469737917, 7199142.804756546393037 ], [ 679086.866817836766131, 7199180.473146187141538 ], [ 679083.969259126810357, 7199221.039105868898332 ], [ 679082.520480630686507, 7199244.944046335294843 ], [ 679079.622918824199587, 7199272.470947769470513 ], [ 679066.946062491741031, 7199294.202714512124658 ], [ 679057.528968135593459, 7199305.792990736663342 ], [ 679051.733833688544109, 7199315.210089728236198 ], [ 679052.458227837341838, 7199323.90279505867511 ], [ 679064.048503435216844, 7199333.319889947772026 ], [ 679076.36317335581407, 7199352.154082296416163 ], [ 679077.811962512787431, 7199373.161453582346439 ], [ 679079.260751496884041, 7199393.444432743825018 ], [ 679077.81197282881476, 7199416.624981091357768 ], [ 679072.741234765970148, 7199444.151883044280112 ], [ 679067.670494810328819, 7199463.710471619851887 ], [ 679063.324147285195068, 7199484.717844278551638 ], [ 679061.875367067405023, 7199501.378863502293825 ], [ 679057.529021260561422, 7199529.63015741109848 ], [ 679034.710676414426416, 7199554.259495055302978 ], [ 679020.947227994562127, 7199559.330243176780641 ], [ 679011.5301317430567, 7199562.952206026762724 ], [ 678997.766685385257006, 7199576.715659653767943 ], [ 678965.893438951810822, 7199599.171823055483401 ], [ 678955.751952674938366, 7199611.486491579562426 ], [ 678941.264114229241386, 7199625.249945377930999 ], [ 678926.776276642922312, 7199642.635359801352024 ], [ 678924.603103649336845, 7199656.398810697719455 ], [ 678923.878715171595104, 7199671.611045502126217 ], [ 678933.295818298356608, 7199696.96476767025888 ], [ 678947.783662070287392, 7199705.657469759695232 ], [ 678960.822723391931504, 7199721.594093445688486 ], [ 678963.720298091531731, 7199748.396601404994726 ], [ 678963.720301357796416, 7199762.160051789134741 ], [ 678962.995916659827344, 7199793.308913357555866 ], [ 678951.405651193112135, 7199826.630953864194453 ], [ 678942.712948743486777, 7199837.496837798506021 ], [ 678926.776324918027967, 7199846.189547062851489 ], [ 678920.981189091224223, 7199849.811509057879448 ], [ 678918.808014895184897, 7199858.504215077497065 ], [ 678920.256805766606703, 7199886.755507634021342 ], [ 678918.083635006914847, 7199909.936056165024638 ], [ 678918.083637067349628, 7199918.628761673346162 ], [ 678910.477522915229201, 7199930.219037478789687 ], [ 678885.848202303051949, 7199973.682570825330913 ], [ 678875.706715849111788, 7199985.272847227752209 ], [ 678864.840836622519419, 7199993.965555295348167 ], [ 678852.526173566118814, 7200004.10704795923084 ], [ 678847.45543102582451, 7200012.79975466337055 ], [ 678846.006649945047684, 7200025.83881326764822 ], [ 678849.628612950211391, 7200036.704694300889969 ], [ 678869.187203391455114, 7200054.090100709348917 ], [ 678882.950658348854631, 7200076.546253366395831 ], [ 678893.092150987591594, 7200091.034093491733074 ], [ 678905.406821430078708, 7200112.041462237015367 ], [ 678904.682432436384261, 7200125.080520674586296 ], [ 678896.71412189444527, 7200135.222012314945459 ], [ 678876.431144345551729, 7200138.8439777251333 ], [ 678861.218912943499163, 7200148.98547107167542 ], [ 678844.557897540624253, 7200159.851356888189912 ], [ 678836.589587341411971, 7200171.441632779315114 ], [ 678830.070061828708276, 7200185.205084707587957 ], [ 678826.448105177143589, 7200201.14171233214438 ], [ 678826.448108439450152, 7200214.90516272187233 ], [ 678838.400580950197764, 7200227.944218173623085 ], [ 678852.888423873810098, 7200233.014959640800953 ], [ 678865.20309139881283, 7200241.707662250846624 ], [ 678872.447016724850982, 7200260.541855819523335 ], [ 678879.69094170734752, 7200277.927265135571361 ], [ 678897.800746609922498, 7200289.517534881830215 ], [ 678911.564200370106846, 7200306.902942663989961 ], [ 678917.359340494149365, 7200321.390783816576004 ], [ 678915.18616749974899, 7200335.154234724119306 ], [ 678900.698328694910742, 7200347.468904282897711 ], [ 678892.367824341752566, 7200367.027493650093675 ], [ 678890.919045321759768, 7200388.759257774800062 ], [ 678896.714187164907344, 7200410.491020193323493 ], [ 678906.855678434250876, 7200419.183723315596581 ], [ 678919.17034922586754, 7200441.639876322820783 ], [ 678940.177731067407876, 7200489.449751701205969 ], [ 678943.075303709134459, 7200507.559554170817137 ], [ 678943.799700089730322, 7200525.669357156381011 ], [ 678935.831390574923716, 7200540.157201561145484 ], [ 678920.619163117022254, 7200566.959713820368052 ], [ 678918.445992526132613, 7200590.864654500037432 ], [ 678917.721611776971258, 7200638.674535008147359 ], [ 678906.131349729606882, 7200686.484418079257011 ], [ 678901.060612682136707, 7200718.357672836631536 ], [ 678895.265482859453186, 7200747.333359261974692 ], [ 678884.399607916013338, 7200774.135870503261685 ], [ 678873.533732455922291, 7200798.76520536467433 ], [ 678873.89593158941716, 7200811.804263555444777 ], [ 678876.069110254640691, 7200821.945752816274762 ], [ 678876.069114375393838, 7200839.331163851544261 ], [ 678880.415470503270626, 7200854.543397487141192 ], [ 678878.966689076623879, 7200866.133671851828694 ], [ 678867.37642238731496, 7200894.384967520833015 ], [ 678863.754465044941753, 7200907.424026653170586 ], [ 678860.856900990242139, 7200925.533830501139164 ], [ 678860.856905283639207, 7200943.643633667379618 ], [ 678858.683732629753649, 7200958.855868838727474 ], [ 678852.888599541503936, 7200974.068104865029454 ], [ 678844.195899307378568, 7200994.351086460985243 ], [ 678834.778807157184929, 7201015.358460355550051 ], [ 678828.259285242529586, 7201044.334146961569786 ], [ 678830.070268207928166, 7201055.924420560710132 ], [ 678830.070272842771374, 7201075.483007984235883 ], [ 678830.070277650491334, 7201095.76598753221333 ], [ 678838.038596444064751, 7201120.3953179679811 ], [ 678844.558130205841735, 7201141.402688110247254 ], [ 678848.180093731964007, 7201154.441745540127158 ], [ 678863.392329447204247, 7201162.410055351443589 ], [ 678878.604564477223903, 7201167.480796653777361 ], [ 678889.470448873005807, 7201180.519852375611663 ], [ 678896.714372146409005, 7201190.661340445280075 ], [ 678906.855865488410927, 7201208.046749100089073 ], [ 678910.477830560761504, 7201227.605335672385991 ], [ 678916.272970520542003, 7201241.368784719146788 ], [ 678923.516893109772354, 7201248.61270428262651 ], [ 678935.107167190639302, 7201251.510270055383444 ], [ 678953.216970398672856, 7201255.856618547812104 ], [ 678977.846302561927587, 7201260.927357629872859 ], [ 679015.514693151577376, 7201269.620054269209504 ], [ 679040.868416716577485, 7201271.793224669992924 ], [ 679062.600179329747334, 7201271.79321954306215 ], [ 679121.638135802233592, 7201277.588342627510428 ], [ 679154.235780068207532, 7201279.037119191139936 ], [ 679175.967543541220948, 7201282.659074693918228 ], [ 679202.770052483770996, 7201289.902989635244012 ], [ 679216.533503344398923, 7201294.973731275647879 ], [ 679220.155466876341961, 7201308.012788706459105 ], [ 679213.635942394146696, 7201326.122593420557678 ], [ 679191.179795777192339, 7201360.16902869194746 ], [ 679174.518784309155308, 7201387.695933455601335 ], [ 679159.306555982562713, 7201410.876485113054514 ], [ 679140.472365669324063, 7201427.537508482113481 ], [ 679107.874723635497503, 7201435.505829574540257 ], [ 679097.008843529503793, 7201440.57657702639699 ], [ 679086.867356714094058, 7201450.718069200403988 ], [ 679080.347831365652382, 7201465.205913283862174 ], [ 679065.859994607744738, 7201486.213288389146328 ], [ 679056.442898675915785, 7201491.284035500138998 ], [ 679023.845257668755949, 7201503.598709352314472 ], [ 679006.459853416774422, 7201528.228045776486397 ], [ 678999.940328239230439, 7201543.440281985327601 ], [ 678993.420801858999766, 7201553.581773307174444 ], [ 678988.350058964220807, 7201560.825695773586631 ], [ 678984.0037126254756, 7201586.903813380748034 ], [ 678985.452500410843641, 7201602.116047710180283 ], [ 678985.45250419061631, 7201618.052674511447549 ], [ 678977.484195351484232, 7201635.4380874466151 ], [ 678964.4451403550338, 7201646.30397243052721 ], [ 678955.028046310646459, 7201659.343032943084836 ], [ 678939.815815566456877, 7201672.382094822824001 ], [ 678935.469465102534741, 7201681.074801377020776 ], [ 678935.469468022463843, 7201693.389467541128397 ], [ 678938.729236539686099, 7201710.774877829477191 ], [ 678937.280456831213087, 7201729.609073484316468 ], [ 678935.107284175581299, 7201744.821308674290776 ], [ 678936.556072644889355, 7201762.931111516430974 ], [ 678936.556076596607454, 7201779.592130447737873 ], [ 678936.55608157790266, 7201800.599502146244049 ], [ 678930.760949172778055, 7201818.709306698292494 ], [ 678917.721897605573758, 7201844.063034234568477 ], [ 678916.273118584067561, 7201865.79479840118438 ], [ 678908.304807509412058, 7201873.763113683089614 ], [ 678896.714535308303311, 7201878.833861309103668 ], [ 678885.848653993336484, 7201878.833863869309425 ], [ 678870.636419293587096, 7201875.211906816810369 ], [ 678853.251004896941595, 7201857.10210772510618 ], [ 678838.03876693546772, 7201839.716700249351561 ], [ 678814.133827356388792, 7201836.819137370213866 ], [ 678796.024023963836953, 7201831.748396744020283 ], [ 678774.292259446461685, 7201823.780088460072875 ], [ 678750.387320898706093, 7201825.22887834534049 ], [ 678731.553126620710827, 7201825.228882780298591 ], [ 678716.340893123764545, 7201826.677670618519187 ], [ 678654.767566703958437, 7201831.024037877097726 ], [ 678641.728512040921487, 7201843.338707115501165 ], [ 678625.067497798474506, 7201859.275337841361761 ], [ 678617.099188950378448, 7201876.660750778391957 ], [ 678603.335742370341904, 7201889.699812312610447 ], [ 678586.674725039163604, 7201892.597384743392467 ], [ 678562.769785288372077, 7201888.975429727695882 ], [ 678549.00633596489206, 7201890.424217222258449 ], [ 678535.967280956567265, 7201901.290102202445269 ], [ 678510.975754960789345, 7201905.636460846289992 ], [ 678490.692775476840325, 7201901.290112849324942 ], [ 678465.339051035814919, 7201895.494981789961457 ], [ 678445.056073437677696, 7201899.116947198286653 ], [ 678426.221881041070446, 7201907.085265029221773 ], [ 678407.387690872536041, 7201924.470680519007146 ], [ 678398.694988045142964, 7201933.887780221179128 ], [ 678377.687618871103041, 7201939.68292217887938 ], [ 678352.333896656404249, 7201943.304888774640858 ], [ 678331.326526283868589, 7201944.029285838827491 ], [ 678315.38990240811836, 7201952.721995113417506 ], [ 678302.350848765694536, 7201969.383017113432288 ], [ 678288.587401835946366, 7201980.973294386640191 ], [ 678284.241051533957943, 7201990.390393067151308 ], [ 678279.170310000772588, 7202003.429452555254102 ], [ 678269.028823509812355, 7202015.019728981889784 ], [ 678249.470239534042776, 7202025.161223363131285 ], [ 678231.360439563868567, 7202034.578325276263058 ], [ 678212.88844833872281, 7202064.278406849130988 ], [ 678197.676217572879978, 7202077.317468719556928 ], [ 678182.463986464659683, 7202088.907746335491538 ], [ 678169.424936237977818, 7202120.056610891595483 ], [ 678157.83466539660003, 7202130.922495528124273 ], [ 678152.039531429996714, 7202142.512770934030414 ], [ 678144.795613800641149, 7202156.276223061606288 ], [ 678137.551695827045478, 7202168.590890934690833 ], [ 678128.858993850182742, 7202181.629951274953783 ], [ 678121.615074337460101, 7202187.425089998170733 ], [ 678107.851625864161178, 7202192.495838122442365 ], [ 678084.671079390333034, 7202193.944627817720175 ], [ 678065.112492844928056, 7202193.220240278169513 ], [ 678054.246612892253324, 7202199.015379849821329 ], [ 678047.727088374085724, 7202217.125184576027095 ], [ 678046.278311718022451, 7202248.998438542708755 ], [ 678041.207571546547115, 7202267.832635058090091 ], [ 678031.066086927428842, 7202287.391224890947342 ], [ 678024.18436551024206, 7202301.879069064743817 ], [ 678018.389231881010346, 7202314.918128727935255 ], [ 678018.389235810609534, 7202331.579147670418024 ], [ 678018.389240083750337, 7202349.688950872048736 ], [ 678020.562425234587863, 7202387.357341018505394 ], [ 678024.90878101089038, 7202401.120790433138609 ], [ 678030.703920792089775, 7202414.159847378730774 ], [ 678035.774669340462424, 7202430.820865133777261 ], [ 678042.294202065560967, 7202447.481882551684976 ], [ 678042.294204800156876, 7202459.072156600654125 ], [ 678037.223462232854217, 7202467.764863328076899 ], [ 678027.081974536995403, 7202474.284394858404994 ], [ 678013.318524176371284, 7202471.386829575523734 ], [ 678001.003857822157443, 7202467.76487182173878 ], [ 677981.445270926342346, 7202465.591700024902821 ], [ 677961.162290577078238, 7202457.623391369357705 ], [ 677942.328095257398672, 7202453.277043016627431 ], [ 677928.564645580481738, 7202453.27704624645412 ], [ 677911.903627381892875, 7202452.55265802051872 ], [ 677897.415786641882733, 7202456.899014186114073 ], [ 677880.754768271115609, 7202455.450233833864331 ], [ 677867.715709657408297, 7202451.103884119540453 ], [ 677853.227867211448029, 7202448.206319002434611 ], [ 677845.259552704403177, 7202441.686791717074811 ], [ 677833.669276049244218, 7202427.923343997448683 ], [ 677819.18143001710996, 7202409.813544190488756 ], [ 677799.622840222786181, 7202395.325706210918725 ], [ 677777.166683612158522, 7202387.357398062944412 ], [ 677762.678841848508455, 7202387.357401456683874 ], [ 677743.120254614856094, 7202383.73544539604336 ], [ 677716.31774496473372, 7202373.593961879611015 ], [ 677705.451863471767865, 7202372.869572294875979 ], [ 677688.790847150608897, 7202380.113497475162148 ], [ 677676.476182504789904, 7202383.735460998490453 ], [ 677669.956655075307935, 7202389.530599548481405 ], [ 677671.043244402622804, 7202394.601344191469252 ], [ 677672.492029431043193, 7202398.223304491490126 ], [ 677681.184736877446994, 7202408.364792249165475 ], [ 677685.531092305900529, 7202420.679457409307361 ], [ 677685.531095547485165, 7202434.442907843738794 ], [ 677681.909138005110435, 7202446.757574867457151 ], [ 677681.909141587791964, 7202461.969809558242559 ], [ 677685.531104245921597, 7202471.386906376108527 ], [ 677692.050635769730434, 7202482.977178900502622 ], [ 677699.294559380621649, 7202494.567451255396008 ], [ 677707.987266658688895, 7202503.984546886757016 ], [ 677710.160446335445158, 7202518.472388939931989 ], [ 677711.609233582741581, 7202531.511446908116341 ], [ 677715.231197777553461, 7202547.448072880506516 ], [ 677715.23120118980296, 7202561.935915444046259 ], [ 677710.884852071525529, 7202576.423759025521576 ], [ 677700.743365735048428, 7202588.738427581265569 ], [ 677690.601877009612508, 7202590.911606339737773 ], [ 677681.184780713752843, 7202594.533569183200598 ], [ 677665.972548904246651, 7202603.226278283633292 ], [ 677649.311532918247394, 7202611.918987721204758 ], [ 677630.477339984849095, 7202617.714129155501723 ], [ 677610.19436321570538, 7202624.95805518515408 ], [ 677593.533346035284922, 7202628.580019723623991 ], [ 677589.186995378229767, 7202636.548334151506424 ], [ 677589.186997936922126, 7202647.414216076955199 ], [ 677589.187000835547224, 7202659.728882256895304 ], [ 677591.360180851537734, 7202675.665508572012186 ], [ 677594.257753296522424, 7202693.050918973982334 ], [ 677597.155324718216434, 7202706.089976606890559 ], [ 677603.674858118989505, 7202725.648562545888126 ], [ 677608.745606660027988, 7202742.309580313041806 ], [ 677612.367570682894439, 7202757.521814161911607 ], [ 677614.540749504812993, 7202768.387695578858256 ], [ 677613.091968567576259, 7202782.151146357879043 ], [ 677604.399265381274745, 7202790.119461804628372 ], [ 677591.360209662816487, 7202798.087778267450631 ], [ 677572.526016383315437, 7202802.434135444462299 ], [ 677553.691822932334617, 7202806.056100493296981 ], [ 677539.203982353676111, 7202811.126848781481385 ], [ 677534.133239269256592, 7202817.64637912157923 ], [ 677534.13324216613546, 7202829.961045306175947 ], [ 677547.896695598261431, 7202845.89766891207546 ], [ 677559.486971572274342, 7202856.763548129238188 ], [ 677566.006504290737212, 7202873.424565560184419 ], [ 677569.628468143055215, 7202887.912407284602523 ], [ 677567.817493035458028, 7202909.644171562045813 ], [ 677554.77843970048707, 7202927.753977827727795 ], [ 677541.014996832585894, 7202956.729666188359261 ], [ 677533.046687266323715, 7202971.217510624788702 ], [ 677514.21249636542052, 7202985.705357600003481 ], [ 677499.000265911105089, 7203000.193203730508685 ], [ 677490.307564083486795, 7203013.956656206399202 ], [ 677490.3075695366133, 7203037.137204325757921 ], [ 677508.417377207195386, 7203060.317748207598925 ], [ 677535.219890117412433, 7203084.222682187333703 ], [ 677554.778480776469223, 7203102.332480831071734 ], [ 677562.746800571680069, 7203131.308164116926491 ], [ 677559.84923715912737, 7203152.315536530688405 ], [ 677548.621161145973019, 7203158.110676185227931 ], [ 677535.58210524963215, 7203165.35460052266717 ], [ 677519.645480656530708, 7203171.149741278961301 ], [ 677485.599055033642799, 7203182.015631172806025 ], [ 677451.552633837563917, 7203211.715716414153576 ], [ 677429.820874746073969, 7203226.927956201136112 ], [ 677408.813507401617244, 7203240.691411558538675 ], [ 677389.979315812233835, 7203252.281690022908151 ], [ 677374.76708432729356, 7203262.423183381557465 ], [ 677363.901205376721919, 7203272.564675725996494 ], [ 677364.625601721345447, 7203290.674478776752949 ], [ 677365.349999599275179, 7203315.303810993209481 ], [ 677380.562243685359135, 7203358.76733517460525 ], [ 677410.26232410594821, 7203379.050307845696807 ], [ 677433.442875897977501, 7203400.057674169540405 ], [ 677445.757544139283709, 7203411.647945354692638 ], [ 677449.017315692733973, 7203442.072414013557136 ], [ 677449.017320463317446, 7203462.355393625795841 ], [ 677448.292931099538691, 7203473.945667862892151 ], [ 677451.914895973633975, 7203492.779862372204661 ], [ 677454.255958594381809, 7203496.876719949766994 ] ] ] ] } }
]
}
