{
"type": "FeatureCollection",
"name": "rio_barigui",
"crs": { "type": "name", "properties": { "name": "urn:ogc:def:crs:EPSG::31982" } },
"features": [
{ "type": "Feature", "properties": { "AREA": 264879037.14377999, "PERIMETER": 147818.59059000001, "BACIAS1_": 8, "BACIAS1_ID": 0, "NOME_BACIA": "RIO BARIGUI", "SUB_AREA": 264.88, "SUBCODIGO": 7, "BACCODIGO": 2, "SUBNOME": "RIO BARIGUI", "SUBBAC_DAT": "2002-01-03", "SUBBAC_POP": 503794, "SUBBAC_P_1": 518964, "SUBBAC_DEN": 1959.25, "SUBBAC_D_1": 1903.03 }, "geometry": { "type": "MultiPolygon", "coordinates": [ [ [ [ 670821.24018317903392, 7208618.122057020664215 ], [ 670874.520191461080685, 7208586.782034263014793 ], [ 670921.520200055092573, 7208564.842016149312258 ], [ 670972.710208135424182, 7208535.311994474381208 ], [ 671003.00021291419398, 7208517.831981650553644 ], [ 671084.480222211685032, 7208455.151941765099764 ], [ 671172.230228331289254, 7208370.541892934590578 ], [ 671275.650241078110412, 7208295.331843795254827 ], [ 671335.190253254608251, 7208273.391822831705213 ], [ 671361.28880705870688, 7208273.391816943883896 ], [ 671393.71212905482389, 7208280.747993353754282 ], [ 671438.686411135131493, 7208276.564328734762967 ], [ 671478.0701737429481, 7208281.985733492299914 ], [ 671533.85602111578919, 7208287.962776152417064 ], [ 671575.695402912097052, 7208276.008656181395054 ], [ 671607.573027393082157, 7208268.039241963997483 ], [ 671649.412410091259517, 7208260.069825494661927 ], [ 671693.24414760642685, 7208266.04687084723264 ], [ 671751.022353425156325, 7208301.909189337864518 ], [ 671788.877044175285846, 7208343.748567596077919 ], [ 671822.747028915793635, 7208373.633836230263114 ], [ 671886.502286050468683, 7208393.557339338585734 ], [ 671956.234601295669563, 7208427.427303363569081 ], [ 671994.089290698524565, 7208463.289626353420317 ], [ 672043.898085884866305, 7208481.220780855044723 ], [ 672067.806310607818887, 7208503.136644730344415 ], [ 672097.69158708374016, 7208511.106044972315431 ], [ 672137.538618601975031, 7208505.128980681300163 ], [ 672171.408595642773435, 7208501.144269491545856 ], [ 672195.316815825877711, 7208503.136615825816989 ], [ 672211.255634886445478, 7208529.037185011431575 ], [ 672225.202104575815611, 7208564.899513421580195 ], [ 672247.11798039090354, 7208598.769488269463181 ], [ 672269.033854843582958, 7208626.662407852709293 ], [ 672288.957379015395418, 7208660.532383156940341 ], [ 672314.857954032719135, 7208676.471191313117743 ], [ 672344.743228244245984, 7208674.478832775726914 ], [ 672368.651441609254107, 7208646.585902789607644 ], [ 672398.536711271503009, 7208624.670026712119579 ], [ 672436.391392515506595, 7208624.670018115080893 ], [ 672492.177238557720557, 7208624.670005446299911 ], [ 672543.978383131790906, 7208632.639400692656636 ], [ 672583.8254155642353, 7208630.647039885632694 ], [ 672609.725981929223053, 7208608.731164701282978 ], [ 672627.657140350551344, 7208580.838236069306731 ], [ 672632.133501664386131, 7208544.789554824121296 ], [ 672627.657120303949341, 7208493.174758894369006 ], [ 672639.611222876352258, 7208461.297128114849329 ], [ 672661.527081847190857, 7208421.450088059529662 ], [ 672689.419998025521636, 7208391.564805414527655 ], [ 672727.274666947196238, 7208337.77129946090281 ], [ 672749.190520893665962, 7208276.008390123024583 ], [ 672759.058770544361323, 7208229.155057586729527 ], [ 672762.4222572138533, 7208193.277776130475104 ], [ 672755.695263092988171, 7208174.217972293496132 ], [ 672754.574094542185776, 7208158.521662246435881 ], [ 672766.346318925265223, 7208135.247710741125047 ], [ 672789.330199054558761, 7208118.159713564440608 ], [ 672806.147668572375551, 7208096.857574328780174 ], [ 672833.055620421539061, 7208065.464947603642941 ], [ 672854.35775105713401, 7208049.768632456660271 ], [ 672910.41599441645667, 7208029.587649310007691 ], [ 672979.928213686682284, 7207993.710352793335915 ], [ 673061.773239795584232, 7207924.19810282997787 ], [ 673204.161152598448098, 7207762.75030732806772 ], [ 673249.007735783467069, 7207696.601560862734914 ], [ 673318.519951404654421, 7207645.0279540438205 ], [ 673387.870686351205222, 7207583.941120564937592 ], [ 673447.410692650359124, 7207536.93109087459743 ], [ 673532.03069605899509, 7207446.051040438935161 ], [ 673654.25071167666465, 7207361.440983552485704 ], [ 673776.470726547995582, 7207273.69092557951808 ], [ 673861.08073854399845, 7207220.410887995734811 ], [ 673926.890745862037875, 7207170.270855786278844 ], [ 673995.840751904761419, 7207110.730819640681148 ], [ 674011.510746283107437, 7207066.860801059752703 ], [ 673995.840730956988409, 7207019.850788593292236 ], [ 673945.700707924319431, 7206982.240787233226001 ], [ 673936.290698008378968, 7206950.900778686627746 ], [ 673955.100688227917999, 7206885.090751903131604 ], [ 673967.63068531814497, 7206856.890739406459033 ], [ 673977.030672115157358, 7206787.940713720396161 ], [ 673998.970657446188852, 7206697.060677682980895 ], [ 674027.180640948470682, 7206590.510634876787663 ], [ 674042.850623750477098, 7206496.490599226206541 ], [ 674042.850615803734399, 7206462.020587479695678 ], [ 674033.440606611315161, 7206433.820580024272203 ], [ 673998.970590261160396, 7206405.610578309744596 ], [ 673930.030560456216335, 7206361.740579158067703 ], [ 673861.080533543950878, 7206330.400584271177649 ], [ 673820.340514690964483, 7206299.060582923702896 ], [ 673751.400479136733338, 7206230.120575224980712 ], [ 673691.850451320875436, 7206183.110572846606374 ], [ 673644.850426372024231, 7206132.970566522330046 ], [ 673601.100394142675214, 7206047.10054730437696 ], [ 673613.130390650476329, 7206017.010534316301346 ], [ 673631.180384726263583, 7205968.88051381520927 ], [ 673683.330390824354254, 7205930.770488923415542 ], [ 673695.360387327498756, 7205900.680475939065218 ], [ 673677.310361415729858, 7205810.430449379608035 ], [ 673673.300343200098723, 7205736.220425071194768 ], [ 673663.270320497686043, 7205649.980398060753942 ], [ 673655.250306677189656, 7205599.83038285933435 ], [ 673625.170288889436051, 7205559.720376113429666 ], [ 673585.050267785321921, 7205517.600370984524488 ], [ 673564.990252856398001, 7205477.490361953154206 ], [ 673564.990246398374438, 7205449.410352418199182 ], [ 673577.030246131587774, 7205433.360344218090177 ], [ 673597.090252297930419, 7205435.370340313762426 ], [ 673633.19026394886896, 7205441.390334103256464 ], [ 673699.370291539817117, 7205479.490331899374723 ], [ 673745.510307436808944, 7205491.530325428582728 ], [ 673819.710330388974398, 7205499.550311168655753 ], [ 673907.960356419207528, 7205503.560292320325971 ], [ 673984.18038087640889, 7205515.600278947502375 ], [ 674026.153707642690279, 7205520.20477987267077 ], [ 674060.342008689418435, 7205527.637011427432299 ], [ 674081.152279560570605, 7205535.069246051833034 ], [ 674100.476102638524026, 7205542.50148101337254 ], [ 674131.691505691152997, 7205539.528578097000718 ], [ 674162.906908744596876, 7205536.555675181560218 ], [ 674213.446129383286461, 7205517.231841157190502 ], [ 674247.634427343611605, 7205511.286041797138751 ], [ 674318.983918511425145, 7205497.907994506880641 ], [ 674375.468932393472642, 7205487.502846384420991 ], [ 674442.359078105888329, 7205465.206112834624946 ], [ 674478.033829011605121, 7205481.557031305506825 ], [ 674519.654371794313192, 7205500.880844162777066 ], [ 674552.356224360177293, 7205505.340180281549692 ], [ 674627.173155796946958, 7205532.872133636847138 ], [ 674670.373936506803147, 7205547.72239170782268 ], [ 674735.175108049530536, 7205572.02281535230577 ], [ 674813.476513428846374, 7205557.172529319301248 ], [ 674883.677773689269088, 7205545.02229387499392 ], [ 674960.629156962735578, 7205539.622178688645363 ], [ 675020.030227597802877, 7205547.722311181947589 ], [ 675046.823237950447947, 7205556.21751095354557 ], [ 675065.149466401082464, 7205573.398343108594418 ], [ 675081.184917589533143, 7205594.015343073755503 ], [ 675104.092702161637135, 7205611.196174174547195 ], [ 675129.291264525381848, 7205627.231615653261542 ], [ 675151.053658738965169, 7205638.685501557774842 ], [ 675170.525275426916778, 7205652.43016617372632 ], [ 675199.160003550234251, 7205662.738661398179829 ], [ 675226.649342381861061, 7205671.901767795905471 ], [ 675248.411736333393492, 7205682.210264604538679 ], [ 675272.464909407775849, 7205697.100317252799869 ], [ 675293.081913530710153, 7205703.972647044807673 ], [ 675313.6989189859014, 7205716.571922304108739 ], [ 675336.606702768709511, 7205730.316586123779416 ], [ 675351.496762012830004, 7205738.334306331351399 ], [ 675361.805261681322008, 7205731.461969397030771 ], [ 675370.968368594069034, 7205708.554185431450605 ], [ 675373.259136540233158, 7205665.029399388469756 ], [ 675359.514454083750024, 7205604.323780668899417 ], [ 675351.49671677488368, 7205543.61816062964499 ], [ 675352.642095426330343, 7205498.947985770180821 ], [ 675368.677529856795445, 7205447.405472921207547 ], [ 675389.294525457778946, 7205417.625351764261723 ], [ 675407.620745128951967, 7205397.008343875408173 ], [ 675438.546240125317127, 7205359.210496694780886 ], [ 675461.45401351118926, 7205328.284985918551683 ], [ 675484.361790624679998, 7205313.394922430627048 ], [ 675511.851123055908829, 7205295.068690605461597 ], [ 675529.031956886406988, 7205288.196352081373334 ], [ 675532.468120511155576, 7205273.306293094530702 ], [ 675517.578061273321509, 7205265.288572892546654 ], [ 675482.071002982091159, 7205272.160915651358664 ], [ 675413.347658329294063, 7205259.561651524156332 ], [ 675361.805148843559437, 7205245.816994329914451 ], [ 675297.66334621142596, 7205172.512107275426388 ], [ 675274.510656904778443, 7205123.41984907258302 ], [ 675279.17063969001174, 7205043.589820934459567 ], [ 675293.88063703419175, 7205014.179807568900287 ], [ 675311.930627249879763, 7204949.999781649559736 ], [ 675340.010625430615619, 7204907.879760894924402 ], [ 675380.130619569681585, 7204833.669726492837071 ], [ 675388.150607393239625, 7204771.489703581668437 ], [ 675400.080272841383703, 7204749.662610929459333 ], [ 675418.772190478746779, 7204730.970683602616191 ], [ 675436.61447569122538, 7204713.978022198192775 ], [ 675445.110801292816177, 7204702.932793002575636 ], [ 675440.012999451602809, 7204681.691972581669688 ], [ 675432.366298765526153, 7204658.751887023448944 ], [ 675411.125472215237096, 7204632.413273151963949 ], [ 675380.538687048712745, 7204616.270255801267922 ], [ 675375.440886000054888, 7204598.427966837771237 ], [ 675375.440882248454727, 7204582.284942425787449 ], [ 675374.591245086630806, 7204563.593019617721438 ], [ 675378.839406408020295, 7204551.698158541694283 ], [ 675386.486098997993395, 7204539.803296683356166 ], [ 675396.681689247023314, 7204524.509902779012918 ], [ 675398.380952512496151, 7204514.314308022148907 ], [ 675391.583888989174739, 7204510.066145272925496 ], [ 675368.643803127924912, 7204510.915783436968923 ], [ 675345.703718844335526, 7204518.562484508380294 ], [ 675332.109596339054406, 7204529.607714876532555 ], [ 675318.515471464837901, 7204530.457350881770253 ], [ 675301.900524242548272, 7204518.779637979343534 ], [ 675301.900514457840472, 7204476.659623734652996 ], [ 675307.920503582572564, 7204422.509604033082724 ], [ 675325.970494714565575, 7204362.33957951888442 ], [ 675325.970483529265039, 7204314.199563248082995 ], [ 675305.920462483656593, 7204248.00954551063478 ], [ 675293.880448363022879, 7204201.87953270599246 ], [ 675297.890436450834386, 7204145.719512808136642 ], [ 675323.970429845154285, 7204085.549486465752125 ], [ 675354.050436485442333, 7204077.529476808384061 ], [ 675394.170447356882505, 7204075.529466867446899 ], [ 675444.310458262683824, 7204061.489450538530946 ], [ 675462.360455902526155, 7204029.39943553134799 ], [ 675468.370448271860369, 7203989.279420600272715 ], [ 675502.470445777405985, 7203937.129395117051899 ], [ 675558.916909677907825, 7203905.05801660194993 ], [ 675600.199231293518096, 7203905.058007054030895 ], [ 675636.763576594414189, 7203919.21193821541965 ], [ 675667.4304473757511, 7203933.365870738402009 ], [ 675711.071760176215321, 7203939.263335482217371 ], [ 675767.687513069598936, 7203928.647867659106851 ], [ 675846.713670220575295, 7203922.75037451647222 ], [ 675965.842659040354192, 7203938.083781500346959 ], [ 675987.073567303828895, 7203938.083776580169797 ], [ 676009.483965517138131, 7203916.852861952036619 ], [ 676031.89436840522103, 7203915.673361786641181 ], [ 676053.125278041930869, 7203921.570831704884768 ], [ 676084.971639332710765, 7203916.852844446897507 ], [ 676120.356479552923702, 7203887.365462031215429 ], [ 676139.228394150384702, 7203870.852528093382716 ], [ 676155.741321421111934, 7203864.955049423500896 ], [ 676162.818286711582914, 7203847.262623256072402 ], [ 676158.100302418810315, 7203827.211209892295301 ], [ 676151.023328319424763, 7203807.159797074273229 ], [ 676145.125849397969432, 7203788.287878951057792 ], [ 676141.587359731900506, 7203767.056970345787704 ], [ 676146.305333563359454, 7203742.287574922665954 ], [ 676172.36058721318841, 7203732.559170937165618 ], [ 676246.570602534106001, 7203708.489145595580339 ], [ 676298.720609747921117, 7203676.399122662842274 ], [ 676346.86061723344028, 7203650.319102691486478 ], [ 676380.427940153516829, 7203629.81201727874577 ], [ 676398.273836369859055, 7203613.665721775963902 ], [ 676444.163288518320769, 7203592.420590906403959 ], [ 676464.558601994533092, 7203589.021366931498051 ], [ 676490.052744835847989, 7203589.021361006423831 ], [ 676507.898644824745134, 7203589.021356854587793 ], [ 676528.293964662356302, 7203612.815886741504073 ], [ 676532.542996222153306, 7203645.958273275755346 ], [ 676541.041048209415749, 7203664.653977077454329 ], [ 676543.136395729379728, 7203665.666317759081721 ], [ 676558.739482680801302, 7203632.587751567363739 ], [ 676584.817590436083265, 7203600.714491813443601 ], [ 676612.344481862382963, 7203566.66805534157902 ], [ 676644.217727179755457, 7203538.416754888370633 ], [ 676661.603133930475451, 7203523.928908256813884 ], [ 676680.437322824727744, 7203500.748355742543936 ], [ 676695.649550252244808, 7203473.221451295539737 ], [ 676717.381303429137915, 7203432.655487012118101 ], [ 676723.176435221685097, 7203411.648113920353353 ], [ 676728.247173570562154, 7203384.845603967085481 ], [ 676749.978925043717027, 7203337.035718394443393 ], [ 676759.39601252914872, 7203295.7453648513183 ], [ 676763.017952613881789, 7203208.8183085443452 ], [ 676763.742337915929966, 7203179.84262322448194 ], [ 676763.017939380602911, 7203152.315722497180104 ], [ 676758.67158056772314, 7203125.513214746490121 ], [ 676719.084677191916853, 7203093.130632082000375 ], [ 676678.054653551778756, 7203080.397186245769262 ], [ 676638.439459540531971, 7203073.323053583502769 ], [ 676587.505637816386297, 7203060.589610048569739 ], [ 676528.0828453094, 7203043.6116833537817 ], [ 676504.03076423658058, 7203043.611688945442438 ], [ 676475.734201576677151, 7203057.759979289025068 ], [ 676440.363496100646444, 7203066.248957769945264 ], [ 676417.726242332952097, 7203062.004477901384234 ], [ 676389.429671074729413, 7203039.367230454459786 ], [ 676371.036894265795127, 7203001.166868571192026 ], [ 676352.644121757941321, 7202981.359275576658547 ], [ 676331.421694641467184, 7202970.040653498843312 ], [ 676277.658226246247068, 7202999.752061883918941 ], [ 676232.383726977976039, 7203026.633811546489596 ], [ 676187.109224404324777, 7203039.367277442477643 ], [ 676139.005063247750513, 7203043.611773734912276 ], [ 676102.21952814864926, 7203046.441439023241401 ], [ 676071.093309876625426, 7203064.834215136244893 ], [ 676045.626406447030604, 7203090.301131816580892 ], [ 676021.574328670976683, 7203104.449421158060431 ], [ 675996.107419298263267, 7203104.449427060782909 ], [ 675953.662571994005702, 7203111.523578785359859 ], [ 675894.947197275236249, 7203110.108764017000794 ], [ 675856.746833214536309, 7203110.108772866427898 ], [ 675790.249906809534878, 7203125.671900409273803 ], [ 675744.975402572425082, 7203131.331224398687482 ], [ 675709.604697417002171, 7203141.23503122292459 ], [ 675661.500539217609912, 7203158.212982873432338 ], [ 675627.544660379644483, 7203159.62781910598278 ], [ 675576.610841629793867, 7203159.627830889075994 ], [ 675531.336332455510274, 7203144.064729219302535 ], [ 675484.646996626164764, 7203135.575769755057991 ], [ 675435.128006836632267, 7203138.405437953770161 ], [ 675362.971754072816111, 7203097.375431710854173 ], [ 675314.867589624016546, 7203087.471644187346101 ], [ 675259.68928598286584, 7203087.471656929701567 ], [ 675204.51098234532401, 7203087.471669666469097 ], [ 675176.214416374568827, 7203087.471676197834313 ], [ 675133.062155895866454, 7203098.790313164703548 ], [ 675096.276620465097949, 7203100.205150026828051 ], [ 675052.416947806603275, 7203120.012757414951921 ], [ 675019.87589825084433, 7203125.672078423202038 ], [ 674973.186566369025968, 7203134.161059446632862 ], [ 674929.326891080592759, 7203142.650039812549949 ], [ 674898.200665233889595, 7203128.501763219945133 ], [ 674875.563409179681912, 7203114.353484670631588 ], [ 674858.585465334937908, 7203095.96071968972683 ], [ 674847.266834030975588, 7203074.738296650350094 ], [ 674834.533372787176631, 7203046.441732058301568 ], [ 674834.533367869677022, 7203025.219306414946914 ], [ 674847.266814361093566, 7202989.848594076931477 ], [ 674862.829913840047084, 7202938.914768952876329 ], [ 674891.126466686837375, 7202882.321627393364906 ], [ 674899.61542237654794, 7202821.484005273319781 ], [ 674909.519211278879084, 7202781.868808468803763 ], [ 674912.348864267580211, 7202766.305695685558021 ], [ 674910.934030722128227, 7202743.668441997841001 ], [ 674902.445056343218312, 7202723.860846694558859 ], [ 674882.637455257354304, 7202702.638425624929368 ], [ 674848.681575129856355, 7202698.393948320299387 ], [ 674816.140523952664807, 7202696.979127439670265 ], [ 674775.11050298938062, 7202695.564308511093259 ], [ 674732.665652747848071, 7202689.905004782602191 ], [ 674691.635632114368491, 7202689.905014224350452 ], [ 674594.012478915974498, 7202687.075379936024547 ], [ 674520.441411689389497, 7202705.468165738508105 ], [ 674451.114826736855321, 7202712.542323553934693 ], [ 674408.669978129328229, 7202713.95716167986393 ], [ 674327.317356238607317, 7202736.594434378668666 ], [ 674274.968712485977449, 7202750.742730155587196 ], [ 674216.960752929793671, 7202753.572400223463774 ], [ 674150.463820319622755, 7202742.253788476809859 ], [ 674108.018969099735841, 7202732.349999585188925 ], [ 674075.477916294243187, 7202723.861036793328822 ], [ 674047.181346093653701, 7202705.468274397775531 ], [ 674017.469943033065647, 7202667.26791507191956 ], [ 673983.514053450664505, 7202621.993414837867022 ], [ 673979.269563338370062, 7202599.356161806732416 ], [ 673970.780589314643294, 7202580.963394870981574 ], [ 673943.898846769006923, 7202559.740975400432944 ], [ 673919.846763428067788, 7202549.837182285264134 ], [ 673905.698477845871821, 7202538.518558524549007 ], [ 673901.453990020789206, 7202525.785104118287563 ], [ 673909.942957194172777, 7202514.466475171037018 ], [ 673932.580204081954435, 7202488.999559234827757 ], [ 673970.780559957260266, 7202453.628841099329293 ], [ 674054.255412196973339, 7202378.642918085679412 ], [ 674089.626113751903176, 7202353.175999224185944 ], [ 674122.167158705531619, 7202327.709081012755632 ], [ 674147.634061522549018, 7202299.412507672794163 ], [ 674187.249246653402224, 7202268.286274336278439 ], [ 674229.694088375195861, 7202237.160040350630879 ], [ 674273.553758716559969, 7202207.448634415864944 ], [ 674320.243087932467461, 7202187.641026448458433 ], [ 674358.443446061224677, 7202162.174106931313872 ], [ 674385.325178142287768, 7202138.12201838940382 ], [ 674419.988465197384357, 7202111.240271307528019 ], [ 674452.529510785941966, 7202088.603009838610888 ], [ 674472.337103993049823, 7202075.869549915194511 ], [ 674470.922271445626393, 7202057.476781375706196 ], [ 674456.773985207779333, 7202043.328500881791115 ], [ 674451.114667114452459, 7202022.106076567433774 ], [ 674453.944319128757343, 7202002.298478676006198 ], [ 674487.90018941112794, 7201964.098104769363999 ], [ 674511.952264556195587, 7201938.631188502535224 ], [ 674537.419163418933749, 7201893.356674676761031 ], [ 674586.93814527336508, 7201856.571125563234091 ], [ 674615.234705631504767, 7201832.519036695361137 ], [ 674615.234702357789502, 7201818.370752956718206 ], [ 674598.256760840886272, 7201809.881786617450416 ], [ 674564.300878789857961, 7201797.148339064791799 ], [ 674523.270856567542069, 7201790.074206629768014 ], [ 674479.411178084556013, 7201784.414903218857944 ], [ 674453.944264831254259, 7201767.436968585476279 ], [ 674432.721836137352511, 7201749.044204603880644 ], [ 674400.180780751514249, 7201729.236614848487079 ], [ 674388.862152423709631, 7201720.747647208161652 ], [ 674346.417300276458263, 7201706.599373219534755 ], [ 674299.727965860394761, 7201703.769727194681764 ], [ 674254.453459413256496, 7201699.525252472609282 ], [ 674226.156889900099486, 7201683.962146856822073 ], [ 674193.61583648622036, 7201672.643527336418629 ], [ 674152.585815253085457, 7201669.813880003988743 ], [ 674111.555796634987928, 7201678.302859660238028 ], [ 674056.377495056367479, 7201686.791842557489872 ], [ 674025.25127548375167, 7201699.525305056944489 ], [ 674006.858508944744244, 7201705.184622768312693 ], [ 673994.12505427992437, 7201705.184625688940287 ], [ 673992.71022500586696, 7201700.940140889957547 ], [ 673992.710221091285348, 7201683.962200406938791 ], [ 674008.273329082527198, 7201669.81391310505569 ], [ 674042.229203612660058, 7201650.00630808621645 ], [ 674067.69610542897135, 7201617.465249655768275 ], [ 674101.651974080479704, 7201572.190733915194869 ], [ 674124.996633121510968, 7201538.234847599640489 ], [ 674154.708020142745227, 7201507.108616566285491 ], [ 674163.196986649883911, 7201492.960330883041024 ], [ 674163.19698273180984, 7201475.982390405610204 ], [ 674156.122836682246998, 7201456.174794804304838 ], [ 674133.485578732797876, 7201433.537546027451754 ], [ 674117.922464871662669, 7201422.218922611325979 ], [ 674106.60383687785361, 7201415.144783341325819 ], [ 674103.774175715167075, 7201395.337186766788363 ], [ 674116.507622864213772, 7201362.796131266281009 ], [ 674149.048668757663108, 7201341.573698204010725 ], [ 674161.782121127005666, 7201331.669896673411131 ], [ 674191.493510099127889, 7201309.032635888084769 ], [ 674211.301102311466821, 7201292.05469086393714 ], [ 674236.768003779929131, 7201258.098804071545601 ], [ 674256.57559272297658, 7201226.972575321793556 ], [ 674273.553525400697254, 7201197.261175593361259 ], [ 674277.798005055170506, 7201174.62392065487802 ], [ 674274.968341604224406, 7201144.912525480613112 ], [ 674253.745909666875377, 7201112.371477781794965 ], [ 674207.056568752392195, 7201081.245264302939177 ], [ 674134.900321480585262, 7201062.852512018755078 ], [ 674037.277165884617716, 7201048.70425068680197 ], [ 673973.609887405764312, 7201026.067011324688792 ], [ 673919.846407971810549, 7201007.674254802986979 ], [ 673867.497760421014391, 7201004.844610054045916 ], [ 673776.948754459619522, 7201026.067056376487017 ], [ 673737.333563840249553, 7201033.141207308508456 ], [ 673700.548028180608526, 7201033.141215728595853 ], [ 673659.518005031626672, 7201021.822598138824105 ], [ 673635.46591913967859, 7201000.600178057327867 ], [ 673617.780561551684514, 7200983.622241633012891 ], [ 673616.365728372824378, 7200962.399816371500492 ], [ 673614.950890312320553, 7200919.954965529032052 ], [ 673595.143287030979991, 7200888.82874587085098 ], [ 673572.506028135772794, 7200861.947011977434158 ], [ 673559.772566004889086, 7200829.405962334945798 ], [ 673558.357726641232148, 7200781.30179800838232 ], [ 673532.890803682385013, 7200721.879012214019895 ], [ 673530.061142537626438, 7200702.071415653452277 ], [ 673530.061137982644141, 7200682.263818453066051 ], [ 673558.35769702505786, 7200652.552416177466512 ], [ 673585.239431355381384, 7200638.404126308858395 ], [ 673606.461853485088795, 7200628.500322854146361 ], [ 673660.225323439924978, 7200605.863056607544422 ], [ 673688.521882474655285, 7200576.151654329150915 ], [ 673704.084983282955363, 7200530.877142880111933 ], [ 673729.551878886995837, 7200471.454345451667905 ], [ 673738.040842131478712, 7200443.157776082865894 ], [ 673738.748247809009627, 7200406.372238266281784 ], [ 673731.674102757126093, 7200390.809127802029252 ], [ 673714.696156722144224, 7200362.512564265169203 ], [ 673682.155097831622697, 7200327.141862435266376 ], [ 673660.932668223627843, 7200304.504613354802132 ], [ 673628.391612596809864, 7200283.282195233739913 ], [ 673604.339528029900976, 7200267.719088656827807 ], [ 673600.095040545915253, 7200256.400462660938501 ], [ 673604.339523472124711, 7200247.911491464823484 ], [ 673638.295402506832033, 7200247.911483695730567 ], [ 673694.888534231926315, 7200247.911470744758844 ], [ 673741.577864972758107, 7200235.178004719316959 ], [ 673767.04476936138235, 7200213.955573325976729 ], [ 673789.682009013718925, 7200157.362433310598135 ], [ 673806.6599387510214, 7200114.917578303255141 ], [ 673836.371326707419939, 7200088.035832453519106 ], [ 673917.723950935527682, 7200076.717186851426959 ], [ 673979.976391577743925, 7200058.324403763748705 ], [ 674025.250892052426934, 7200037.101967825554311 ], [ 674059.206761938286945, 7199997.486765664070845 ], [ 674071.940210370579734, 7199970.605023705400527 ], [ 674069.110548563534394, 7199947.967770426534116 ], [ 674022.421208380721509, 7199919.671213729307055 ], [ 673947.435310834436677, 7199928.160201141610742 ], [ 673917.723916037939489, 7199925.330551210790873 ], [ 673880.938373911427334, 7199897.033992234617472 ], [ 673852.641806105268188, 7199888.54502849560231 ], [ 673834.249036675784737, 7199881.470890857279301 ], [ 673807.367297815624624, 7199875.811583532951772 ], [ 673760.677961231209338, 7199863.078138895332813 ], [ 673716.818277651444077, 7199834.781581528484821 ], [ 673692.766188538749702, 7199799.410877782851458 ], [ 673664.469607713865116, 7199734.328779237344861 ], [ 673657.395454201381654, 7199681.980131169781089 ], [ 673668.714063277235255, 7199606.994224982336164 ], [ 673706.91440859134309, 7199526.348999167792499 ], [ 673735.210960417054594, 7199465.511372802779078 ], [ 673753.603714195662178, 7199404.673748711124063 ], [ 673769.166816604090855, 7199366.473379174247384 ], [ 673769.166811390081421, 7199343.836125267669559 ], [ 673758.555595948011614, 7199329.687844002619386 ], [ 673731.673851569416001, 7199299.976454405114055 ], [ 673714.695903926971368, 7199264.605749065056443 ], [ 673723.184867485193536, 7199237.724008111283183 ], [ 673727.429343888070434, 7199200.9384695449844 ], [ 673730.258993301540613, 7199169.812244782224298 ], [ 673733.08864076109603, 7199130.197049805894494 ], [ 673727.429322708281688, 7199108.974625567905605 ], [ 673711.866206623031758, 7199087.752203601412475 ], [ 673672.251011545187794, 7199075.018757349811494 ], [ 673629.806160862324759, 7199066.529796849936247 ], [ 673585.946477334713563, 7199038.233239511027932 ], [ 673571.798192473012023, 7199029.744272535666823 ], [ 673551.990596724906936, 7199031.159105434082448 ], [ 673520.864373677410185, 7199028.329455815255642 ], [ 673499.64194898866117, 7199026.914632299914956 ], [ 673462.856413101428188, 7199025.499812339432538 ], [ 673437.389503542566672, 7199024.084989791736007 ], [ 673402.018795945914462, 7199022.67016950622201 ], [ 673372.307401837548241, 7199022.670176291838288 ], [ 673362.403601854224689, 7199014.181208346970379 ], [ 673359.573942019953392, 7199000.032925305888057 ], [ 673383.626015809131786, 7198968.906695704907179 ], [ 673390.700150433694944, 7198939.195298351347446 ], [ 673390.700141979497857, 7198902.409760769456625 ], [ 673377.966679560020566, 7198868.453882839530706 ], [ 673363.818390152184293, 7198840.157318705692887 ], [ 673332.692157034296542, 7198793.467989666387439 ], [ 673310.054895287728868, 7198753.852800530381501 ], [ 673288.832463783328421, 7198722.72658128105104 ], [ 673287.417631593765691, 7198705.748641185462475 ], [ 673278.928658924414776, 7198693.015187812969089 ], [ 673269.024857972050086, 7198680.281734762713313 ], [ 673267.610023506218567, 7198653.399996096268296 ], [ 673264.780363025492989, 7198636.422056326642632 ], [ 673259.1210440172581, 7198610.955146999098361 ], [ 673257.706204679328948, 7198562.850982818752527 ], [ 673260.535855085006915, 7198535.969243183732033 ], [ 673261.950677526881918, 7198510.502332244999707 ], [ 673276.098955551278777, 7198489.279903499409556 ], [ 673277.513779290951788, 7198469.472306029871106 ], [ 673267.609976063249633, 7198446.835054412484169 ], [ 673250.632028462132439, 7198411.464349101297557 ], [ 673250.632023913087323, 7198391.656751958653331 ], [ 673263.365467796102166, 7198344.967412929981947 ], [ 673267.609941293369047, 7198295.448419105261564 ], [ 673276.09890322922729, 7198261.492536352947354 ], [ 673283.173040450783446, 7198243.099765965715051 ], [ 673290.247178972233087, 7198230.3663090467453 ], [ 673290.247175722150132, 7198216.218025376088917 ], [ 673280.343372822855599, 7198194.995602131821215 ], [ 673264.780255792080425, 7198169.528695079497993 ], [ 673260.535767350462265, 7198153.965584011748433 ], [ 673244.972649669856764, 7198125.669020227156579 ], [ 673215.261245202738792, 7198080.394519271329045 ], [ 673190.501743322238326, 7198050.683129219338298 ], [ 673190.501739749452099, 7198035.120017185807228 ], [ 673203.235191101324745, 7198020.971730613149703 ], [ 673227.287270714296028, 7198015.312411654740572 ], [ 673247.094862534897402, 7197996.919638365507126 ], [ 673255.58382999280002, 7197987.015837860293686 ], [ 673251.339339278172702, 7197961.548928232863545 ], [ 673245.680021898355335, 7197943.156160757876933 ], [ 673256.998644958250225, 7197929.007874509319663 ], [ 673268.317270946223289, 7197927.593043558299541 ], [ 673288.124865038436837, 7197919.104068838059902 ], [ 673302.273144351085648, 7197903.540953574702144 ], [ 673309.34728221828118, 7197887.977839928120375 ], [ 673313.591761882067658, 7197865.340585096739233 ], [ 673330.56969581998419, 7197841.288498988375068 ], [ 673339.058660999406129, 7197821.480899920687079 ], [ 673344.717970253550448, 7197804.502958230674267 ], [ 673347.547625528997742, 7197798.843644122593105 ], [ 673354.621761445188895, 7197774.791560278274119 ], [ 673363.110727273509838, 7197757.813617944717407 ], [ 673373.014523343648762, 7197749.324645483866334 ], [ 673397.066602944163606, 7197743.665326524525881 ], [ 673423.948338798596524, 7197736.591178549453616 ], [ 673462.148702911101282, 7197738.005998183041811 ], [ 673491.860097293742001, 7197739.420819760300219 ], [ 673513.082521618693136, 7197739.420814907178283 ], [ 673522.98631931305863, 7197738.005984273739159 ], [ 673538.549429508624598, 7197733.761495618149638 ], [ 673555.527368969749659, 7197733.761491734534502 ], [ 673588.068419604096562, 7197733.761484289541841 ], [ 673619.194642273825593, 7197735.176305536180735 ], [ 673646.076381381833926, 7197742.250441214069724 ], [ 673670.12846228631679, 7197742.250435709953308 ], [ 673674.372945522191003, 7197735.176292909309268 ], [ 673670.128455446567386, 7197712.539040020667017 ], [ 673657.394995964015834, 7197691.3166174441576 ], [ 673658.102405874989927, 7197672.923848522827029 ], [ 673665.176543733454309, 7197657.360734879039228 ], [ 673683.569306268240325, 7197634.723476811312139 ], [ 673689.228612580453046, 7197605.012079832144082 ], [ 673697.717577095492743, 7197582.374824037775397 ], [ 673706.206539656734094, 7197551.248598044738173 ], [ 673710.451016701292247, 7197517.292716293595731 ], [ 673742.992062111850828, 7197494.655454992316663 ], [ 673759.969996353029273, 7197472.018197253346443 ], [ 673761.384816491510719, 7197436.647487787529826 ], [ 673762.799639239092357, 7197412.595405250787735 ], [ 673774.118255112087354, 7197367.320894960314035 ], [ 673782.607218645280227, 7197340.439154071733356 ], [ 673800.999981496366672, 7197319.216724378988147 ], [ 673815.148257527849637, 7197289.50532546825707 ], [ 673839.200329284649342, 7197249.890125728212297 ], [ 673859.687037944910116, 7197228.441323018632829 ], [ 673867.836446792352945, 7197219.386419613845646 ], [ 673873.269383662263863, 7197203.087595602497458 ], [ 673883.229771254351363, 7197187.694260708987713 ], [ 673889.568197180633433, 7197166.867985721677542 ], [ 673901.339563524117693, 7197145.136219335719943 ], [ 673913.110930697643198, 7197127.026413564570248 ], [ 673930.315239957300946, 7197115.255037624388933 ], [ 673946.614057023311034, 7197094.428760357201099 ], [ 673947.519545041024685, 7197085.373858612030745 ], [ 673948.425031384453177, 7197069.075035640969872 ], [ 673947.519536477630027, 7197048.248762317933142 ], [ 673944.803061362123117, 7197027.42248941026628 ], [ 673944.803057187818922, 7197009.312686340883374 ], [ 673950.235994467977434, 7196994.82484264113009 ], [ 673957.479914881289005, 7196993.013860672712326 ], [ 673969.25128831632901, 7197002.068759511224926 ], [ 673984.644622586551122, 7197012.934637820348144 ], [ 674000.037955603096634, 7197018.367575209587812 ], [ 674013.620306950993836, 7197017.462081944569945 ], [ 674034.446577454684302, 7197009.312665784731507 ], [ 674049.839907130110078, 7197000.257760720327497 ], [ 674058.89480795757845, 7196999.352268490940332 ], [ 674071.57166794675868, 7196993.013834505341947 ], [ 674078.815586894284934, 7196984.864421464502811 ], [ 674093.303422284079716, 7196957.699713538400829 ], [ 674102.358316425932571, 7196927.818536398001015 ], [ 674114.129685054300353, 7196916.047161703929305 ], [ 674134.05046315304935, 7196897.937354067340493 ], [ 674134.955950540024787, 7196886.16598186455667 ], [ 674133.144966358551756, 7196868.961669368669391 ], [ 674131.333975492278114, 7196822.781671966426075 ], [ 674131.333972149295732, 7196808.293829515576363 ], [ 674135.408672805526294, 7196787.467555056326091 ], [ 674142.652589242788963, 7196768.452260174788535 ], [ 674158.045915357070044, 7196744.004022506996989 ], [ 674164.384342317120172, 7196727.705198295414448 ], [ 674167.100807399023324, 7196705.067943844944239 ], [ 674159.856879257131368, 7196673.375790148042142 ], [ 674157.140403092605993, 7196648.022066486999393 ], [ 674149.896476621273905, 7196623.573834018781781 ], [ 674138.125098591088317, 7196594.598151823505759 ], [ 674118.204309003660455, 7196562.906001043505967 ], [ 674083.795678395079449, 7196533.930324046872556 ], [ 674064.780381422839127, 7196513.104054893366992 ], [ 674060.252927145338617, 7196496.805233179591596 ], [ 674053.914492245414294, 7196478.69543157890439 ], [ 674046.670567452092655, 7196461.491120336577296 ], [ 674031.277231311774813, 7196442.475830659270287 ], [ 674017.694876839523204, 7196429.798971636220813 ], [ 673985.549971500178799, 7196400.823294120840728 ], [ 673963.818206104682758, 7196388.146436965093017 ], [ 673961.101733081974089, 7196376.375065601430833 ], [ 673962.007219843333587, 7196361.88722295127809 ], [ 673971.96760763367638, 7196347.399378226138651 ], [ 673997.321327383397147, 7196333.817020121961832 ], [ 674023.580539112444967, 7196328.384073182940483 ], [ 674028.107988793519326, 7196324.762111535295844 ], [ 674029.01347555173561, 7196310.274268884211779 ], [ 674029.013472418766469, 7196296.691916596144438 ], [ 674028.107979808584787, 7196285.826034970581532 ], [ 674029.918958550784737, 7196279.487603487446904 ], [ 674038.068368642008863, 7196275.865641009062529 ], [ 674057.083659338532016, 7196269.52720557898283 ], [ 674069.760516389971599, 7196250.51190946623683 ], [ 674080.62639260769356, 7196228.780143313109875 ], [ 674085.153836643323302, 7196200.709947545081377 ], [ 674096.019713904475793, 7196183.505632158368826 ], [ 674112.318533455953002, 7196173.545236741192639 ], [ 674124.089903745800257, 7196169.017783276736736 ], [ 674143.105194647214375, 7196163.58483799546957 ], [ 674161.214993354980834, 7196149.096991403028369 ], [ 674176.608320918981917, 7196130.987184820696712 ], [ 674196.529097949853167, 7196108.349926435388625 ], [ 674220.071833089925349, 7196075.752275547012687 ], [ 674228.221239202190191, 7196054.926000171341002 ], [ 674241.350838575977832, 7196024.139331977814436 ], [ 674247.68926364753861, 7195999.691096412017941 ], [ 674268.515529101248831, 7195969.809916604310274 ], [ 674287.530815185513347, 7195943.550697825849056 ], [ 674311.979043974541128, 7195926.346379318274558 ], [ 674328.277861633803695, 7195908.236572528257966 ], [ 674339.143737838370726, 7195886.504806382581592 ], [ 674341.860204168362543, 7195869.30049286596477 ], [ 674345.482162694912404, 7195861.151080667972565 ], [ 674353.63156796398107, 7195836.702844690531492 ], [ 674371.74136707757134, 7195824.025978397578001 ], [ 674388.945675045833923, 7195806.821661558002234 ], [ 674414.299394347704947, 7195791.428323144093156 ], [ 674430.598210116731934, 7195765.169104989618063 ], [ 674434.220158798270859, 7195714.461655648425221 ], [ 674439.65309229050763, 7195683.674989235587418 ], [ 674439.653090404928662, 7195675.525577870197594 ], [ 674439.200342214899138, 7195661.94322569668293 ], [ 674448.255241351434961, 7195653.793812246993184 ], [ 674457.310137343360111, 7195632.062046524137259 ], [ 674468.176013121847063, 7195608.519300076179206 ], [ 674469.986986624309793, 7195579.54361480474472 ], [ 674474.514432106632739, 7195557.811850123107433 ], [ 674481.75834915204905, 7195541.513025727123022 ], [ 674483.569325166172348, 7195523.403222275897861 ], [ 674488.096771487151273, 7195505.293418200686574 ], [ 674494.435198849416338, 7195490.80557431653142 ], [ 674507.112056503188796, 7195474.506748672574759 ], [ 674511.639504080405459, 7195461.829885508865118 ], [ 674515.261459878995083, 7195441.90910133998841 ], [ 674517.072435893118382, 7195423.799297893419862 ], [ 674517.977920965757221, 7195402.067534048110247 ], [ 674514.355950918747112, 7195360.414987910538912 ], [ 674508.923004024894908, 7195333.250284619629383 ], [ 674489.90770455612801, 7195301.558133693411946 ], [ 674482.663782696356066, 7195297.030684603378177 ], [ 674474.06162086641416, 7195271.676962341181934 ], [ 674448.707895323866978, 7195260.018782472237945 ], [ 674425.165152680361643, 7195260.018787886947393 ], [ 674392.567510067950934, 7195264.546246136538684 ], [ 674362.686335252015851, 7195258.207821946591139 ], [ 674345.482022064155899, 7195252.774884992279112 ], [ 674330.088688662159257, 7195245.530967319384217 ], [ 674309.262415488716215, 7195241.909011498093605 ], [ 674292.963591358507983, 7195231.948623577132821 ], [ 674284.814177096355706, 7195217.460783030837774 ], [ 674277.57025251747109, 7195201.161961970850825 ], [ 674271.231819296488538, 7195190.296081610023975 ], [ 674253.122014544438571, 7195178.524713804014027 ], [ 674235.917702825623564, 7195179.430207906290889 ], [ 674215.99692205619067, 7195185.768643539398909 ], [ 674199.698101273970678, 7195190.296098041348159 ], [ 674178.871829359210096, 7195192.10708312317729 ], [ 674156.234577237744816, 7195193.918068623170257 ], [ 674130.880852721398696, 7195186.674153231084347 ], [ 674109.14908777596429, 7195175.808276403695345 ], [ 674093.755753959761932, 7195166.753378424793482 ], [ 674077.456928371917456, 7195150.454559443518519 ], [ 674046.670262205414474, 7195138.683194540441036 ], [ 674031.276930061983876, 7195136.872217768803239 ], [ 674019.505557071184739, 7195129.628299260511994 ], [ 674010.450653759296983, 7195119.667909674346447 ], [ 673995.340285810409114, 7195111.518501778133214 ], [ 673967.043711983831599, 7195076.147799240425229 ], [ 673947.236106879776344, 7195036.532609672285616 ], [ 673951.480584222241305, 7195003.991556396707892 ], [ 673969.873343095416203, 7194965.791186433285475 ], [ 673980.484547058586031, 7194930.420474978163838 ], [ 673980.484540204866789, 7194900.709079401567578 ], [ 673973.410388997057453, 7194858.264230201020837 ], [ 673966.336235834984109, 7194807.330410839989781 ], [ 673956.432426759507507, 7194759.226248851045966 ], [ 673943.698959161294624, 7194702.633117351680994 ], [ 673926.721007695887238, 7194650.284471910446882 ], [ 673908.328232191619463, 7194616.328595481812954 ], [ 673870.127862366614863, 7194589.446865392848849 ], [ 673820.6088662808761, 7194562.565137894824147 ], [ 673782.408498744247481, 7194545.587206327356398 ], [ 673756.941585749620572, 7194528.609271840192378 ], [ 673727.230186277069151, 7194504.557196522131562 ], [ 673722.985696216230281, 7194481.919943734072149 ], [ 673732.889486369560473, 7194447.964060827158391 ], [ 673747.037761368439533, 7194414.008176950737834 ], [ 673749.867412720574066, 7194391.370922544971108 ], [ 673759.771208412596025, 7194381.467121759429574 ], [ 673771.089833689620718, 7194377.222634088248014 ], [ 673786.652943492052145, 7194371.563317080959678 ], [ 673802.216053940705024, 7194368.733656797558069 ], [ 673809.290193394641392, 7194360.244685016572475 ], [ 673809.997603297815658, 7194341.851916179060936 ], [ 673828.390361507190391, 7194300.821889534592628 ], [ 673826.975519854808226, 7194242.813927115872502 ], [ 673822.73102783516515, 7194211.687704179435968 ], [ 673795.849283636198379, 7194181.976314790546894 ], [ 673785.945479140849784, 7194153.679749870672822 ], [ 673784.530643034726381, 7194119.723869570530951 ], [ 673793.019604249275289, 7194082.938330284319818 ], [ 673809.997538084047846, 7194058.886244285851717 ], [ 673832.634785044705495, 7194034.834156994707882 ], [ 673858.101684651570395, 7193993.804128745570779 ], [ 673873.664783025626093, 7193938.625819178298116 ], [ 673904.79099444753956, 7193891.936476197093725 ], [ 673907.620645462302491, 7193867.884393449872732 ], [ 673907.620640242472291, 7193845.247139708139002 ], [ 673901.961321898037568, 7193822.609887266531587 ], [ 673896.302005186094902, 7193807.046776618808508 ], [ 673901.961310805985704, 7193774.505723068490624 ], [ 673909.742856236407533, 7193730.646042171865702 ], [ 673919.64664441451896, 7193688.201189144514501 ], [ 673919.646637562313117, 7193658.489793615415692 ], [ 673915.402146520558745, 7193631.608055781573057 ], [ 673909.742824586806819, 7193593.40769140329212 ], [ 673909.742816756945103, 7193559.45181080326438 ], [ 673904.083491564844735, 7193507.103162847459316 ], [ 673885.690715435310267, 7193470.317629754543304 ], [ 673863.053453164175153, 7193427.872784203849733 ], [ 673847.490336534101516, 7193403.820705683901906 ], [ 673830.512387715862133, 7193362.790687195956707 ], [ 673803.630644192919135, 7193335.908954555168748 ], [ 673788.067528872517869, 7193317.516189469955862 ], [ 673773.919239879702218, 7193290.634453912265599 ], [ 673766.845091305556707, 7193259.508231665939093 ], [ 673761.185772969503887, 7193236.870979240164161 ], [ 673756.941284218803048, 7193219.893039921298623 ], [ 673733.596615969203413, 7193212.818903477862477 ], [ 673719.448328605853021, 7193193.011309713125229 ], [ 673699.640726821962744, 7193167.544403813779354 ], [ 673692.566579558188096, 7193142.077495001256466 ], [ 673699.640714436769485, 7193113.780926230363548 ], [ 673712.374165046028793, 7193096.802983026951551 ], [ 673727.937271883594804, 7193078.410210817120969 ], [ 673753.40417016169522, 7193031.720869194716215 ], [ 673756.23381987400353, 7193002.009473045356572 ], [ 673751.989331126213074, 7192985.031533731147647 ], [ 673726.522418506676331, 7192969.468427637591958 ], [ 673705.299986820085905, 7192936.927380282431841 ], [ 673688.322038669837639, 7192898.727018531411886 ], [ 673671.344088888843544, 7192853.45251499582082 ], [ 673665.684765344718471, 7192808.178008874878287 ], [ 673650.121648736065254, 7192784.125930370762944 ], [ 673631.728876221575774, 7192762.903509231284261 ], [ 673614.750934593030252, 7192752.999714616686106 ], [ 673602.017477801768109, 7192743.095919038169086 ], [ 673593.528506499016657, 7192736.021779195405543 ], [ 673586.454362173448317, 7192723.288325605913997 ], [ 673586.454359240829945, 7192710.554870396852493 ], [ 673589.284011566429399, 7192692.162101111374795 ], [ 673589.284008306916803, 7192678.013817546889186 ], [ 673586.454346865648404, 7192656.791392847895622 ], [ 673574.428303888067603, 7192645.47276874538511 ], [ 673570.183816121891141, 7192632.739314509555697 ], [ 673550.376217285986058, 7192620.005863830447197 ], [ 673536.227929288870655, 7192597.368613367900252 ], [ 673529.153776174178347, 7192546.434794155880809 ], [ 673541.887219610856846, 7192498.330627128481865 ], [ 673560.279980068677105, 7192467.204399084672332 ], [ 673563.109631741419435, 7192445.98197309486568 ], [ 673560.279972579213791, 7192434.663346894085407 ], [ 673564.524451553472318, 7192409.196435513906181 ], [ 673563.109620344126597, 7192396.462980634532869 ], [ 673544.716848164331168, 7192376.655387859791517 ], [ 673523.494417804060504, 7192349.773653952404857 ], [ 673498.027506191050634, 7192338.455032927915454 ], [ 673475.390251462114975, 7192328.551239615306258 ], [ 673461.241965423570946, 7192314.402959290891886 ], [ 673432.945389120373875, 7192267.713630019687116 ], [ 673418.79710015677847, 7192240.831894496455789 ], [ 673407.478467098553665, 7192211.120501613244414 ], [ 673387.670866650529206, 7192191.312909161671996 ], [ 673367.863267833017744, 7192178.579458491876721 ], [ 673342.396355249918997, 7192163.016352396458387 ], [ 673277.314245361369103, 7192123.401173312216997 ], [ 673234.869391500367783, 7192099.349100964143872 ], [ 673186.765223555266857, 7192071.052544843405485 ], [ 673156.34641038486734, 7192048.415298102423549 ], [ 673142.19812078634277, 7192018.703905867412686 ], [ 673135.123969324398786, 7191974.844228471629322 ], [ 673132.294305300805718, 7191942.303176946938038 ], [ 673128.049810070777312, 7191897.02867055311799 ], [ 673106.827374542015605, 7191847.509682970121503 ], [ 673094.093915498582646, 7191827.702088908292353 ], [ 673095.508738253964111, 7191803.650006551295519 ], [ 673116.731156565598212, 7191778.183091320097446 ], [ 673136.538745625060983, 7191748.471691348589957 ], [ 673136.538741077412851, 7191728.664094384759665 ], [ 673136.538735231617466, 7191703.197183994576335 ], [ 673152.10183718171902, 7191663.581986513920128 ], [ 673150.687003706814721, 7191640.94473316334188 ], [ 673132.294231557054445, 7191621.137140397913754 ], [ 673116.731120185460895, 7191619.722315597347915 ], [ 673096.923523335950449, 7191615.477835052646697 ], [ 673082.775239591370337, 7191611.233353219926357 ], [ 673058.7231579083018, 7191606.988873641937971 ], [ 673045.98969562468119, 7191573.032996039837599 ], [ 673033.256233666557819, 7191540.49194679223001 ], [ 673023.352431508363225, 7191522.099180445075035 ], [ 673013.448629676247947, 7191505.121242452412844 ], [ 673007.789312997832894, 7191489.558131845667958 ], [ 673009.204137378139421, 7191472.580191273242235 ], [ 673000.007749036070891, 7191452.772596410475671 ], [ 672990.103946230257861, 7191431.550173357129097 ], [ 672985.859453287092037, 7191396.179465470835567 ], [ 672985.859449065639637, 7191377.786696868017316 ], [ 672990.103927077027038, 7191348.07530046440661 ], [ 672997.178062942926772, 7191324.023216834291816 ], [ 673004.252197508933023, 7191294.311819788068533 ], [ 672994.348391783656552, 7191260.35594155266881 ], [ 672970.2963058949681, 7191237.718693379312754 ], [ 672951.90353570622392, 7191226.400070739910007 ], [ 672923.606966613791883, 7191210.83696530200541 ], [ 672910.873508883873001, 7191196.68868466746062 ], [ 672893.895566974766552, 7191185.370061707682908 ], [ 672871.258313582511619, 7191181.125581807456911 ], [ 672847.206234511453658, 7191188.199729057960212 ], [ 672837.302438199869357, 7191195.273873081430793 ], [ 672801.931731296353973, 7191195.273881140165031 ], [ 672790.61310346738901, 7191188.199741952121258 ], [ 672772.22033458284568, 7191182.540432726964355 ], [ 672765.146192227373831, 7191178.295949278399348 ], [ 672760.90170578029938, 7191171.221808474510908 ], [ 672758.072045659297146, 7191155.658697227947414 ], [ 672758.072044038563035, 7191148.584555462002754 ], [ 672783.53894911846146, 7191131.606609417125583 ], [ 672799.102057884912938, 7191121.702807395718992 ], [ 672827.398621132713743, 7191111.799002475105226 ], [ 672837.302418093197048, 7191107.554515157826245 ], [ 672881.162089781486429, 7191086.332079855725169 ], [ 672895.31036572821904, 7191056.620681208558381 ], [ 672893.895529992529191, 7191024.079629401676357 ], [ 672872.673097419086844, 7190987.294097053818405 ], [ 672851.45066906651482, 7190968.90133329667151 ], [ 672834.472724894294515, 7190947.678911866620183 ], [ 672833.057892404147424, 7190929.286143597215414 ], [ 672831.64305309811607, 7190881.18197991233319 ], [ 672823.154079231549986, 7190862.789213254116476 ], [ 672809.0057912877528, 7190840.151962827891111 ], [ 672794.857505614170805, 7190827.418510874733329 ], [ 672747.460752553190105, 7190801.951611317694187 ], [ 672712.090034649707377, 7190753.847455374896526 ], [ 672707.845542046707124, 7190719.891575871035457 ], [ 672710.675190818263218, 7190685.935694759711623 ], [ 672719.164153987308964, 7190657.639125774614513 ], [ 672724.823458985774778, 7190622.268415668979287 ], [ 672737.556908275117166, 7190599.63115912489593 ], [ 672748.87552993465215, 7190579.823559612035751 ], [ 672751.705177085008472, 7190538.793536743149161 ], [ 672743.21620224788785, 7190516.156285036355257 ], [ 672741.801364249316975, 7190473.711434789001942 ], [ 672741.801357118180022, 7190442.585211036726832 ], [ 672737.556864514248446, 7190408.629331549629569 ], [ 672723.40857885137666, 7190395.895879602059722 ], [ 672707.84546783042606, 7190395.895883146673441 ], [ 672680.963734825490974, 7190414.288657845929265 ], [ 672663.985797472530976, 7190422.777631824836135 ], [ 672641.348544429289177, 7190419.947980275377631 ], [ 672624.370603189920075, 7190411.459014024585485 ], [ 672610.222316882805899, 7190395.895905369892716 ], [ 672604.562999570625834, 7190377.503138080239296 ], [ 672583.340564764919691, 7190330.813807290047407 ], [ 672564.947791368234903, 7190305.346901137381792 ], [ 672549.384675491019152, 7190284.124479398131371 ], [ 672545.140186459058896, 7190265.731711786240339 ], [ 672547.969839770114049, 7190251.583427625708282 ], [ 672549.384664806420915, 7190237.435143783688545 ], [ 672553.629145744722337, 7190220.457202598452568 ], [ 672540.895683181472123, 7190185.086496696807444 ], [ 672525.332564395619556, 7190151.13061979599297 ], [ 672504.110134779359214, 7190127.078542646020651 ], [ 672489.961847829865292, 7190108.685777289792895 ], [ 672460.250448572216555, 7190084.633702070452273 ], [ 672429.12422622134909, 7190083.218880796805024 ], [ 672402.242489336291328, 7190084.633715258911252 ], [ 672366.871784426271915, 7190093.122693408280611 ], [ 672344.234535275842063, 7190107.270982067100704 ], [ 672318.767629898153245, 7190122.834099723026156 ], [ 672297.545205787406303, 7190122.834104545414448 ], [ 672287.641405283473432, 7190111.515479981899261 ], [ 672289.056230324786156, 7190097.36719614546746 ], [ 672300.374852635432035, 7190080.389253349974751 ], [ 672302.497091491357423, 7190064.826141003519297 ], [ 672279.859833934693597, 7190042.188892520964146 ], [ 672267.126374294864945, 7190019.551641792058945 ], [ 672211.948058040463366, 7189960.12886356189847 ], [ 672192.140452837222256, 7189919.098845871165395 ], [ 672173.747678491636179, 7189889.38745466992259 ], [ 672134.132477139239199, 7189846.942613124847412 ], [ 672121.399017831776291, 7189825.72019074857235 ], [ 672121.399013309390284, 7189805.912593835964799 ], [ 672127.058321882039309, 7189786.10499563626945 ], [ 672138.376943871495314, 7189767.712224502116442 ], [ 672158.184537760098465, 7189759.223249902948737 ], [ 672176.577302729245275, 7189747.904618917964399 ], [ 672205.581277488265187, 7189726.68218706920743 ], [ 672205.581272963201627, 7189706.874590156599879 ], [ 672214.070237432140857, 7189684.237334614619613 ], [ 672249.440936505212449, 7189650.281446162611246 ], [ 672267.83369953231886, 7189630.473845073021948 ], [ 672274.907834756188095, 7189603.592104804702103 ], [ 672267.833690157509409, 7189589.443822903558612 ], [ 672248.026089486666024, 7189568.221402144059539 ], [ 672228.218485905206762, 7189534.265526227653027 ], [ 672214.070197357796133, 7189508.798619128763676 ], [ 672187.188444660976529, 7189440.886864414438605 ], [ 672178.699468562379479, 7189412.59029933437705 ], [ 672157.477038655430079, 7189387.123393846675754 ], [ 672134.839781769085675, 7189367.31580208055675 ], [ 672107.958041033823974, 7189351.752696331590414 ], [ 672092.394925515982322, 7189331.945102958008647 ], [ 672085.320778339286335, 7189306.478194260969758 ], [ 672062.683516611810774, 7189265.448177246376872 ], [ 672041.461089618620463, 7189252.714726909995079 ], [ 672011.749689764343202, 7189225.832995001226664 ], [ 671991.942089753458276, 7189207.440230945125222 ], [ 671974.964146613725461, 7189190.462294593453407 ], [ 671965.060345157631673, 7189174.899184992536902 ], [ 671938.886011148104444, 7189126.795027032494545 ], [ 671924.737722619669512, 7189101.328119945712388 ], [ 671913.419087407412007, 7189061.712928718887269 ], [ 671893.611480950494297, 7189015.023597670719028 ], [ 671858.240766734350473, 7188982.482553645968437 ], [ 671837.018336203414947, 7188954.185991467908025 ], [ 671822.87004574527964, 7188920.230114286765456 ], [ 671808.721755934413522, 7188889.103893809020519 ], [ 671798.817951261531562, 7188859.392500714398921 ], [ 671797.403115250170231, 7188825.436620656400919 ], [ 671797.403107512043789, 7188791.480740277096629 ], [ 671810.136555186938494, 7188761.769342055544257 ], [ 671831.358971197274514, 7188726.398628525435925 ], [ 671834.188621934968978, 7188700.931717600673437 ], [ 671825.699646181892604, 7188674.049980895593762 ], [ 671812.966186256380752, 7188649.997901849448681 ], [ 671801.647557183168828, 7188637.264449274167418 ], [ 671781.839959771488793, 7188630.19031201582402 ], [ 671759.202707755379379, 7188631.605145493522286 ], [ 671745.054427943425253, 7188644.338603836484253 ], [ 671726.661660092766397, 7188642.923779653385282 ], [ 671695.535440379520878, 7188652.827585142105818 ], [ 671687.046470750123262, 7188652.827587066218257 ], [ 671687.046468817279674, 7188644.338616970926523 ], [ 671694.120603407500312, 7188614.627220045775175 ], [ 671704.024396148277447, 7188591.989964222535491 ], [ 671715.343016842380166, 7188567.937879730015993 ], [ 671716.757839959580451, 7188545.300625831820071 ], [ 671715.34300459723454, 7188514.174402482807636 ], [ 671706.854030456859618, 7188494.366807524114847 ], [ 671683.509358509094454, 7188470.314730882644653 ], [ 671652.38312559213955, 7188422.210574083030224 ], [ 671649.553461319766939, 7188388.254694361239672 ], [ 671653.797933889436536, 7188334.491216161288321 ], [ 671663.701719544827938, 7188280.727736691012979 ], [ 671663.70170858874917, 7188232.623572854325175 ], [ 671663.701701824786142, 7188202.912177544087172 ], [ 671658.042380688712001, 7188167.541470125317574 ], [ 671659.457199936499819, 7188127.926276062615216 ], [ 671653.797873323666863, 7188068.503486735746264 ], [ 671618.427150785923004, 7187999.176905704662204 ], [ 671581.641607710625976, 7187963.806205339729786 ], [ 671542.026414220570587, 7187955.317244218662381 ], [ 671528.585543077322654, 7187943.998620478436351 ], [ 671514.437258767778985, 7187936.924481941387057 ], [ 671511.607599331182428, 7187924.191027452237904 ], [ 671514.437252330593765, 7187908.627914991229773 ], [ 671524.341045070323162, 7187885.990659194067121 ], [ 671542.733804207295179, 7187849.205117999576032 ], [ 671549.807940403581597, 7187826.567862842231989 ], [ 671572.445182738825679, 7187782.708178954198956 ], [ 671580.934145593782887, 7187752.996781742200255 ], [ 671604.986218127654865, 7187717.626067623496056 ], [ 671629.03828969062306, 7187678.010868460871279 ], [ 671655.920012956601568, 7187617.173243457451463 ], [ 671658.749659507884644, 7187573.31356406211853 ], [ 671658.749648555181921, 7187525.209400273859501 ], [ 671648.845841004513204, 7187482.764552113600075 ], [ 671640.356865591835231, 7187457.297643795609474 ], [ 671671.483074944117106, 7187402.119331235066056 ], [ 671707.561184202786535, 7187351.185502592474222 ], [ 671755.665333095006645, 7187297.422014537267387 ], [ 671793.865676040528342, 7187208.287820071913302 ], [ 671839.140169347985648, 7187158.768817702308297 ], [ 671856.118092764285393, 7187089.442224898375571 ], [ 671854.703255785396323, 7187051.241859881207347 ], [ 671846.214275853475556, 7187005.967354740947485 ], [ 671808.013893908355385, 7186923.907319348305464 ], [ 671785.376631945837289, 7186881.462474110536277 ], [ 671769.813515193178318, 7186855.995567417703569 ], [ 671751.420743518625386, 7186837.602803090587258 ], [ 671713.927776692900807, 7186759.787252590060234 ], [ 671687.046035094070248, 7186739.979661842808127 ], [ 671644.60118255042471, 7186720.172074621543288 ], [ 671592.252534068888053, 7186708.85345970466733 ], [ 671569.615276311524212, 7186684.801382962614298 ], [ 671513.02213240636047, 7186626.793433615937829 ], [ 671504.533159903134219, 7186614.059980433434248 ], [ 671504.533156361198053, 7186598.496868636459112 ], [ 671513.022122747497633, 7186584.348583269864321 ], [ 671521.51108881062828, 7186568.785469554364681 ], [ 671527.170395442168228, 7186540.488901374861598 ], [ 671527.170391579391435, 7186523.510961236432195 ], [ 671538.489011278143153, 7186495.214391781017184 ], [ 671565.370738052297384, 7186449.939878669567406 ], [ 671592.25245934468694, 7186380.613283695653081 ], [ 671621.963841678574681, 7186331.094284917227924 ], [ 671644.601087184622884, 7186301.382884558290243 ], [ 671677.142128945444711, 7186264.597340237349272 ], [ 671708.268345016054809, 7186239.130422990769148 ], [ 671730.905591161805205, 7186212.248679323121905 ], [ 671735.857482033432461, 7186176.877969595603645 ], [ 671718.879533164901659, 7186134.433123117312789 ], [ 671663.701216589892283, 7186072.180688476189971 ], [ 671618.426699176779948, 7186015.587564967572689 ], [ 671546.270446641603485, 7185967.483417607843876 ], [ 671495.336622616276145, 7185939.18686225451529 ], [ 671462.795567987253889, 7185919.379272803664207 ], [ 671455.721423437586054, 7185905.230990964919329 ], [ 671455.721418287954293, 7185882.593737467192113 ], [ 671459.9658969710581, 7185855.711997980251908 ], [ 671455.721406380296685, 7185830.245088756084442 ], [ 671437.328633452532813, 7185806.19301107339561 ], [ 671394.883779037743807, 7185777.896453803405166 ], [ 671376.491007074713707, 7185758.088861152529716 ], [ 671356.683400094974786, 7185708.569873614236712 ], [ 671335.460967745399103, 7185671.784341486170888 ], [ 671315.653365914477035, 7185644.902607443742454 ], [ 671305.74956226896029, 7185619.435699503868818 ], [ 671293.016100479755551, 7185586.894650491885841 ], [ 671247.034166099736467, 7185517.568072071298957 ], [ 671227.226564918761142, 7185493.515994716435671 ], [ 671217.322760952287354, 7185466.634258438833058 ], [ 671213.078268765704706, 7185434.093207513913512 ], [ 671201.759639108553529, 7185418.530098298564553 ], [ 671190.441011058515869, 7185410.041130799800158 ], [ 671180.537208702298813, 7185390.233536237850785 ], [ 671169.218572298879735, 7185344.959031828679144 ], [ 671143.751652604085393, 7185296.854873931035399 ], [ 671101.306794697069563, 7185252.995204897597432 ], [ 671088.573338386719115, 7185244.506237715482712 ], [ 671071.595392461167648, 7185214.794846356846392 ], [ 671067.350900280871429, 7185182.253795443102717 ], [ 671054.617435622145422, 7185136.979291363619268 ], [ 671033.395002661156468, 7185097.364102573134005 ], [ 670986.705659014987759, 7185049.259949471801519 ], [ 670965.483231836929917, 7185035.111670839600265 ], [ 670956.994259683415294, 7185023.793046017177403 ], [ 670961.23874158738181, 7185011.059589983895421 ], [ 670976.801849930314347, 7184999.740959737449884 ], [ 670993.779787498293445, 7184992.666814199648798 ], [ 671039.054291319102049, 7184989.837147302925587 ], [ 671068.765684872400016, 7184989.83714060112834 ], [ 671094.23259363300167, 7184989.837134852074087 ], [ 671125.358813202590682, 7184979.933329435065389 ], [ 671153.655373994843103, 7184960.125726260244846 ], [ 671189.733488306053914, 7184931.829151279293001 ], [ 671215.200391922728159, 7184909.191892059519887 ], [ 671240.667294895858504, 7184883.724976155906916 ], [ 671300.090064949006774, 7184808.739060626365244 ], [ 671355.268351810984313, 7184740.827287763357162 ], [ 671407.616982133011334, 7184672.91551554389298 ], [ 671505.240111089078709, 7184579.536822946742177 ], [ 671526.462525708018802, 7184538.50679625198245 ], [ 671543.440457466407679, 7184505.965740567073226 ], [ 671568.9073588012252, 7184473.424682961776853 ], [ 671584.470465511432849, 7184455.031911006197333 ], [ 671603.570640949183144, 7184428.150168207474053 ], [ 671614.889261257601902, 7184402.683255510404706 ], [ 671626.207873509963974, 7184341.845634298399091 ], [ 671644.600628043408506, 7184285.252496505156159 ], [ 671665.823038130649365, 7184224.41487305983901 ], [ 671679.971305292332545, 7184156.503109516575933 ], [ 671694.119578572688624, 7184115.473084444180131 ], [ 671698.364049501717091, 7184054.635464853607118 ], [ 671706.85300843953155, 7184007.946127709001303 ], [ 671706.853000058792531, 7183971.160590867511928 ], [ 671706.852995868655853, 7183952.767822448164225 ], [ 671688.460222655092366, 7183927.300916494801641 ], [ 671667.237793237436563, 7183903.24883952178061 ], [ 671654.504333399119787, 7183879.196760631166399 ], [ 671650.259846677770838, 7183870.707791551947594 ], [ 671654.504328564973548, 7183857.97433553263545 ], [ 671675.726749920868315, 7183846.655704011209309 ], [ 671688.460203317226842, 7183842.411216108128428 ], [ 671715.341939655132592, 7183839.581553338095546 ], [ 671743.638505223672837, 7183840.996375270187855 ], [ 671777.594385454314761, 7183849.485337612219155 ], [ 671803.061295142280869, 7183853.729816861450672 ], [ 671846.920972564723343, 7183859.389120279811323 ], [ 671866.72856694762595, 7183853.729802428744733 ], [ 671887.95098636567127, 7183833.922200862318277 ], [ 671924.736512470874004, 7183795.721827349625528 ], [ 671953.033070291159675, 7183763.180769119411707 ], [ 671970.718411945039406, 7183712.246944885700941 ], [ 672010.333577772369608, 7183600.475497083738446 ], [ 672045.704269137349911, 7183533.978557113558054 ], [ 672066.926667542313226, 7183422.207113511860371 ], [ 672072.585961852688342, 7183340.14706857316196 ], [ 672065.511807947186753, 7183284.968764968216419 ], [ 672049.24127034470439, 7183229.790463453158736 ], [ 672036.507803720072843, 7183176.026989480480552 ], [ 672025.189166328636929, 7183126.508000204339623 ], [ 672025.189154700608924, 7183075.574180023744702 ], [ 672023.774310291744769, 7183004.832763433456421 ], [ 672009.62601121282205, 7182932.676521399989724 ], [ 671977.084946043672971, 7182866.179596902802587 ], [ 671947.37353675684426, 7182796.853015085682273 ], [ 671938.884555574273691, 7182745.919196855276823 ], [ 671910.587985527468845, 7182724.696778208017349 ], [ 671893.610044790664688, 7182717.622640371322632 ], [ 671875.217278698459268, 7182723.28195789270103 ], [ 671842.676231940975413, 7182737.430248644202948 ], [ 671818.62415248574689, 7182741.674739111214876 ], [ 671804.475869235000573, 7182738.845085641369224 ], [ 671783.253440495813265, 7182717.622665388509631 ], [ 671745.053072633687407, 7182696.400248980149627 ], [ 671733.734443005523644, 7182680.837139829993248 ], [ 671733.734440747764893, 7182670.933341469615698 ], [ 671725.952874354203232, 7182622.829179760068655 ], [ 671721.708383127348498, 7182594.532613974064589 ], [ 671708.97491718060337, 7182543.598796715959907 ], [ 671706.145246476400644, 7182481.346350517123938 ], [ 671703.315579960821196, 7182437.486672706902027 ], [ 671706.145225519896485, 7182389.38250860851258 ], [ 671711.804517603479326, 7182297.418665427714586 ], [ 671693.411737660760991, 7182242.240364462137222 ], [ 671665.115168281830847, 7182223.847602492198348 ], [ 671641.063085942296311, 7182215.358637919649482 ], [ 671612.766514633316547, 7182188.476905930787325 ], [ 671570.321658803964965, 7182153.106207128614187 ], [ 671537.780605622916482, 7182138.957931127399206 ], [ 671523.632320458767936, 7182127.639307634904981 ], [ 671508.069200268248096, 7182086.609289398416877 ], [ 671492.506083622341976, 7182061.142382866702974 ], [ 671476.942970843520015, 7182052.653416370041668 ], [ 671452.18347116059158, 7182030.016168588772416 ], [ 671449.353810780448839, 7182013.03822919446975 ], [ 671446.52414492610842, 7181972.008208086714149 ], [ 671418.227566231391393, 7181912.585424369201064 ], [ 671408.323756192345172, 7181858.821949837729335 ], [ 671385.68648603418842, 7181779.591568146832287 ], [ 671368.708531488082372, 7181711.679811872541904 ], [ 671370.123338831821457, 7181619.715969735756516 ], [ 671358.80469700274989, 7181550.389383858069777 ], [ 671368.708485152572393, 7181507.944531559944153 ], [ 671377.197447621729225, 7181476.81830626539886 ], [ 671397.005038725677878, 7181457.010705092921853 ], [ 671419.642286990769207, 7181440.032759951427579 ], [ 671443.694363509770483, 7181423.054814488627017 ], [ 671462.087126029538922, 7181401.832385301589966 ], [ 671479.065061258501373, 7181384.854441441595554 ], [ 671503.824550617719069, 7181362.217182477936149 ], [ 671564.662151845055632, 7181301.37955030426383 ], [ 671631.159064157749526, 7181232.052946843206882 ], [ 671672.189078463474289, 7181209.415684197098017 ], [ 671707.559783607721329, 7181203.756362845189869 ], [ 671738.686005593277514, 7181205.171184126287699 ], [ 671791.034652730450034, 7181212.245313937775791 ], [ 671830.649843934341334, 7181212.245304958894849 ], [ 671860.361236693919636, 7181209.415641551837325 ], [ 671873.094687783624977, 7181195.267355318181217 ], [ 671864.605714045697823, 7181176.874588891863823 ], [ 671840.553629474947229, 7181158.481825994327664 ], [ 671812.257061426294968, 7181145.748377397656441 ], [ 671786.790147312218323, 7181121.696301481686532 ], [ 671766.982546873157844, 7181100.473880951292813 ], [ 671733.026658704038709, 7181056.614210277795792 ], [ 671707.559740403317846, 7181014.169366015121341 ], [ 671679.26316495006904, 7180968.894865727052093 ], [ 671679.263163660187274, 7180963.235552391037345 ], [ 671676.43350231111981, 7180942.013128016144037 ], [ 671660.870386651018634, 7180920.790706528350711 ], [ 671616.303284634836018, 7180868.442068256437778 ], [ 671593.666021251585335, 7180818.923081692308187 ], [ 671593.666006107581779, 7180752.426149997860193 ], [ 671593.665993543574587, 7180697.247844979166985 ], [ 671620.547716877539642, 7180637.825048875063658 ], [ 671636.110812549246475, 7180571.328113675117493 ], [ 671627.621826253365725, 7180497.757042257115245 ], [ 671604.984563200967386, 7180449.652884051203728 ], [ 671590.836276777088642, 7180432.674947254359722 ], [ 671554.050738256541081, 7180415.69701558444649 ], [ 671533.816938607022166, 7180370.421349059790373 ], [ 671528.932228543329984, 7180316.689673500135541 ], [ 671498.402852747240104, 7180254.40978248231113 ], [ 671486.191103093093261, 7180232.428644800558686 ], [ 671442.228810391156003, 7180179.918152590282261 ], [ 671428.795876300893724, 7180113.974734295159578 ], [ 671428.795863003586419, 7180055.358359769918025 ], [ 671450.339343490195461, 7180008.231967804022133 ], [ 671451.47559665911831, 7180006.811650604009628 ], [ 671486.84629402088467, 7179967.196449293754995 ], [ 671516.557681580889039, 7179941.729532588273287 ], [ 671553.343207189580426, 7179902.114330959506333 ], [ 671573.150796313537285, 7179873.817759828642011 ], [ 671581.639759075711481, 7179844.106362933292985 ], [ 671580.224923089146614, 7179810.150483284145594 ], [ 671580.224917934508994, 7179787.513229969888926 ], [ 671583.054566709557548, 7179753.557349361479282 ], [ 671591.543531405040994, 7179732.334922460839152 ], [ 671605.691809761337936, 7179713.942150941118598 ], [ 671617.010432574898005, 7179699.7938650585711 ], [ 671638.232850591302849, 7179674.326950280927122 ], [ 671660.870097505394369, 7179651.689691845327616 ], [ 671696.948205740889534, 7179597.926207067444921 ], [ 671723.829931931337342, 7179551.236866031773388 ], [ 671736.563367191003636, 7179467.761991586536169 ], [ 671743.63749362679664, 7179402.679886741563678 ], [ 671726.659545550006442, 7179363.064697314053774 ], [ 671706.851944513502531, 7179339.01262017339468 ], [ 671695.655290191294625, 7179325.232128197327256 ], [ 671667.972460135584697, 7179321.638537094928324 ], [ 671641.090721701737493, 7179314.564401527866721 ], [ 671619.868294026819058, 7179297.586466360837221 ], [ 671608.549661874887533, 7179270.704730632714927 ], [ 671590.156886519980617, 7179235.334026522934437 ], [ 671556.200993288774043, 7179168.83710265904665 ], [ 671522.245103930239566, 7179119.318118764087558 ], [ 671479.800249564112164, 7179089.606733424589038 ], [ 671459.992650798521936, 7179075.458454600535333 ], [ 671441.599880929104984, 7179064.139832114800811 ], [ 671387.836400863481686, 7179035.8432776639238 ], [ 671346.806374439620413, 7179004.717063669115305 ], [ 671311.435664571123198, 7178989.153960032388568 ], [ 671285.968751831562258, 7178970.761197488754988 ], [ 671266.161151782493107, 7178950.953605340793729 ], [ 671205.323524037958123, 7178894.360485872253776 ], [ 671161.463844017474912, 7178875.967727485112846 ], [ 671135.996931285248138, 7178857.574964944273233 ], [ 671120.433812469476834, 7178822.204260203056037 ], [ 671086.477926689898595, 7178788.248387945815921 ], [ 671055.351693239645101, 7178735.899746757932007 ], [ 671041.20339690009132, 7178675.062131762504578 ], [ 671042.618216801434755, 7178638.276594867929816 ], [ 671056.766491937916726, 7178605.735540090128779 ], [ 671077.988908334984444, 7178573.194483712315559 ], [ 671113.359610146610066, 7178553.386879110708833 ], [ 671138.826515155378729, 7178537.823761734180152 ], [ 671148.730308098020032, 7178516.601334555074573 ], [ 671165.000826571369544, 7178488.304764285683632 ], [ 671181.978756597614847, 7178448.689567225053906 ], [ 671201.786340551334433, 7178397.755742892622948 ], [ 671215.934602171415463, 7178305.791898291558027 ], [ 671223.00873378617689, 7178263.347046818584204 ], [ 671228.668039394542575, 7178230.805993970483541 ], [ 671218.76423616881948, 7178206.75391461327672 ], [ 671201.786290715448558, 7178178.457351870834827 ], [ 671186.223170945537277, 7178138.842162176966667 ], [ 671187.637988265720196, 7178090.737998675554991 ], [ 671197.541777666308917, 7178053.95245988946408 ], [ 671210.275223568314686, 7178017.166920468211174 ], [ 671231.497636084095575, 7177967.647924171760678 ], [ 671251.305220987880602, 7177920.958584854379296 ], [ 671257.671940720174462, 7177888.417531859129667 ], [ 671259.086763183353469, 7177862.950621630065143 ], [ 671256.257096388144419, 7177817.67611576244235 ], [ 671249.182934869197197, 7177728.541932683438063 ], [ 671259.086712360614911, 7177639.407745779491961 ], [ 671263.331174596678466, 7177540.369761873036623 ], [ 671278.894258009386249, 7177420.109350506216288 ], [ 671300.116665032226592, 7177346.538272680714726 ], [ 671331.950289076659828, 7177295.604445698671043 ], [ 671336.194769641151652, 7177277.211676483973861 ], [ 671348.928216813132167, 7177246.085450403392315 ], [ 671364.491322412854061, 7177223.448193650692701 ], [ 671415.425132646691054, 7177193.73678726144135 ], [ 671435.232723957160488, 7177175.344014529138803 ], [ 671554.078273418941535, 7177072.061519761569798 ], [ 671609.256567737553269, 7177039.520455748774111 ], [ 671660.190377627499402, 7177008.39422102086246 ], [ 671694.146247230703011, 7176971.608676836825907 ], [ 671712.538999639218673, 7176906.526569643989205 ], [ 671709.709332819562405, 7176861.25206383690238 ], [ 671694.146214660722762, 7176828.711015852168202 ], [ 671661.605155901634134, 7176789.095830088481307 ], [ 671636.138235491933301, 7176736.747187786735594 ], [ 671595.815621372079477, 7176697.132003786042333 ], [ 671576.008012351347134, 7176637.709218574687839 ], [ 671537.807630946976133, 7176555.649184318259358 ], [ 671482.629305415204726, 7176450.951900699175894 ], [ 671448.673410707968287, 7176377.380835451185703 ], [ 671416.132351338979788, 7176334.935993046499789 ], [ 671368.028185105533339, 7176309.469094071537256 ], [ 671302.946080219582655, 7176285.417027255520225 ], [ 671247.767772107967176, 7176257.120473220944405 ], [ 671185.515327266184613, 7176248.631517339497805 ], [ 671138.825984150287695, 7176200.527364827692509 ], [ 671127.50735238310881, 7176175.060457532294095 ], [ 671105.577502327389084, 7176121.296986129134893 ], [ 671105.577482401044108, 7176033.577629981562495 ], [ 671099.918159122695215, 7175988.303124863654375 ], [ 671090.014352715574205, 7175950.102762333117425 ], [ 671075.866056100116111, 7175887.850319241173565 ], [ 671048.984295305097476, 7175781.738200973719358 ], [ 671024.932200647192076, 7175718.070931805297732 ], [ 671003.709764732979238, 7175664.307460276409984 ], [ 670985.316989494720474, 7175628.936756322160363 ], [ 670957.020415886538103, 7175590.73639795742929 ], [ 670934.383155590621755, 7175553.95086664147675 ], [ 670925.894179687718861, 7175525.654302077367902 ], [ 670913.160718083847314, 7175493.113253502175212 ], [ 670889.81604687764775, 7175470.476005584001541 ], [ 670841.711881681228988, 7175449.253591576591134 ], [ 670809.17082880216185, 7175435.105315675958991 ], [ 670782.289089553058147, 7175423.786695146001875 ], [ 670768.140804521273822, 7175412.468071745708585 ], [ 670758.237001983681694, 7175391.245649119839072 ], [ 670756.822166359866969, 7175358.704598000273108 ], [ 670756.822158662136644, 7175324.74871823284775 ], [ 670763.896294119767845, 7175299.281806813552976 ], [ 670778.044569525052793, 7175268.155580507591367 ], [ 670797.852156950742938, 7175232.784867959097028 ], [ 670804.926291764131747, 7175204.488299896940589 ], [ 670821.904224939644337, 7175179.021386250853539 ], [ 670853.03043897182215, 7175146.480327798053622 ], [ 670871.423202638281509, 7175130.917212098836899 ], [ 670899.719765631714836, 7175122.428235772997141 ], [ 670933.675641608191654, 7175113.939258176833391 ], [ 670976.12048416514881, 7175092.716823749244213 ], [ 671022.809806963661686, 7175051.686791845597327 ], [ 671075.158443382126279, 7175013.48641530610621 ], [ 671102.040174264227971, 7174988.019499422982335 ], [ 671116.188453186070547, 7174972.45638467464596 ], [ 671124.677420086809434, 7174961.137756174430251 ], [ 671133.166384739801288, 7174939.915329415351152 ], [ 671136.703444743878208, 7174893.225993963889778 ], [ 671165.000001937383786, 7174859.270107829943299 ], [ 671200.370703570195474, 7174839.462503318674862 ], [ 671248.474857159424573, 7174809.751097673550248 ], [ 671272.52693282533437, 7174789.943495719693601 ], [ 671339.023851664038375, 7174751.743115978315473 ], [ 671351.757301365025342, 7174731.935516584664583 ], [ 671351.757297825068235, 7174716.372405036352575 ], [ 671348.927630390040576, 7174668.268242718651891 ], [ 671346.097960060229525, 7174607.430625500157475 ], [ 671365.905537461861968, 7174528.200234983116388 ], [ 671374.39449469500687, 7174474.436756828799844 ], [ 671372.979660012759268, 7174446.140190708450973 ], [ 671367.320340917445719, 7174419.25845387391746 ], [ 671364.490676060202532, 7174382.472918145358562 ], [ 671368.735153065994382, 7174348.517037464305758 ], [ 671387.12791026418563, 7174304.657355334609747 ], [ 671408.350322337355465, 7174253.723530957475305 ], [ 671407.642891148920171, 7174178.7376300804317 ], [ 671409.057703937287442, 7174110.825870337896049 ], [ 671387.835264177178033, 7174040.084459079429507 ], [ 671376.516631786245853, 7174011.78789522126317 ], [ 671375.101799035561271, 7173991.980299044400454 ], [ 671372.272138041094877, 7173972.172703191637993 ], [ 671368.02764075435698, 7173916.994399636983871 ], [ 671346.805199394002557, 7173839.178846794180572 ], [ 671333.364325608476065, 7173815.126768380403519 ], [ 671333.364317884901538, 7173781.170888684689999 ], [ 671354.586730591603555, 7173733.066720984876156 ], [ 671406.93535530695226, 7173643.932524954900146 ], [ 671446.550527755869552, 7173563.287301734089851 ], [ 671472.017420666641556, 7173495.375536603853106 ], [ 671459.283948121475987, 7173414.730325246229768 ], [ 671449.380138180684298, 7173360.966851335018873 ], [ 671449.380122720845975, 7173293.055091986432672 ], [ 671474.847020776709542, 7173247.780579993501306 ], [ 671467.0654577127425, 7173213.824702084064484 ], [ 671455.746818887535483, 7173157.231571868062019 ], [ 671445.8430153952213, 7173131.76466435752809 ], [ 671420.37609544233419, 7173080.830850625410676 ], [ 671382.175724855391309, 7173045.460151289589703 ], [ 671329.827075071167201, 7173024.237738342955709 ], [ 671257.670833765645511, 7173019.993269700556993 ], [ 671188.344249586691149, 7173018.578457052819431 ], [ 671143.06974584585987, 7173018.578467281535268 ], [ 671092.135926239774562, 7173005.845023913308978 ], [ 671046.861418000888079, 7172986.037437669932842 ], [ 671024.224164522252977, 7172978.963301190175116 ], [ 670995.927598720183596, 7172974.718822617083788 ], [ 670960.55689074494876, 7172966.229860687628388 ], [ 670928.01584022026509, 7172961.98538307286799 ], [ 670896.889619539724663, 7172964.815046733245254 ], [ 670872.83753782522399, 7172957.740910567343235 ], [ 670860.104082362027839, 7172952.081600159406662 ], [ 670844.540970740839839, 7172947.837118715047836 ], [ 670824.733376318356022, 7172952.081608137115836 ], [ 670807.755438054329716, 7172954.911268605850637 ], [ 670783.703357944148593, 7172954.911274027079344 ], [ 670758.236447667353787, 7172946.422309853136539 ], [ 670708.717452787561342, 7172918.12575463578105 ], [ 670628.072231146739796, 7172865.77712500654161 ], [ 670540.352873112307861, 7172834.650921743363142 ], [ 670492.248707130551338, 7172809.184022834524512 ], [ 670398.870038707158528, 7172789.376447383314371 ], [ 670359.254839620436542, 7172752.590920006856322 ], [ 670305.491358446422964, 7172717.220224132761359 ], [ 670260.216835849219933, 7172633.745363518595695 ], [ 670243.238888318068348, 7172595.545002741739154 ], [ 670220.601622069487348, 7172531.877733504399657 ], [ 670177.449345688335598, 7172465.380812247283757 ], [ 670167.545541290543042, 7172435.669419793412089 ], [ 670156.226907689124346, 7172401.713542703539133 ], [ 670143.493449365487322, 7172383.320777431130409 ], [ 670113.782052474678494, 7172366.342844290658832 ], [ 670089.729971742373891, 7172363.513193052262068 ], [ 670061.433406930300407, 7172363.513199407607317 ], [ 670038.796157951466739, 7172376.246659349650145 ], [ 670018.988567691762, 7172398.883916882798076 ], [ 669996.351320310495794, 7172418.691518416628242 ], [ 669986.447523584938608, 7172422.936005593277514 ], [ 669966.639926296076737, 7172414.447040130384266 ], [ 669942.587843008921482, 7172400.298762345686555 ], [ 669932.684039895888418, 7172376.246683163568377 ], [ 669925.609889431856573, 7172335.216663531959057 ], [ 669919.950573917129077, 7172323.898038259707391 ], [ 669887.409519911976531, 7172304.090449107810855 ], [ 669866.187092474196106, 7172287.112514054402709 ], [ 669839.305353668751195, 7172277.208721859380603 ], [ 669823.742241747677326, 7172271.5494120772928 ], [ 669808.179127909243107, 7172257.401132389903069 ], [ 669791.201183920260519, 7172234.763883114792407 ], [ 669777.052896409761161, 7172212.126633200794458 ], [ 669762.904606669559143, 7172179.585585068911314 ], [ 669727.533889817539603, 7172131.481430200859904 ], [ 669685.089036872028373, 7172106.014529997482896 ], [ 669634.155216079205275, 7172087.621773278340697 ], [ 669597.369679284864105, 7172076.303154978901148 ], [ 669576.147254090756178, 7172069.22901814058423 ], [ 669543.606201379327103, 7172055.080742252059281 ], [ 669503.991002374910749, 7172018.295214870013297 ], [ 669453.057174908230081, 7171970.191063482314348 ], [ 669420.516117112361826, 7171933.405534518882632 ], [ 669381.608336376142688, 7171915.012775098904967 ], [ 669353.311769988154992, 7171907.938639840111136 ], [ 669320.770719199557789, 7171902.279333844780922 ], [ 669298.133467361098155, 7171902.27933890465647 ], [ 669265.592416573548689, 7171896.620032913051546 ], [ 669225.977222043438815, 7171879.642101960256696 ], [ 669210.414108225610107, 7171865.493822265416384 ], [ 669204.754790813894942, 7171845.686227092519403 ], [ 669206.169613649370149, 7171821.634145390242338 ], [ 669218.903058904223144, 7171782.018949675373733 ], [ 669241.540301517350599, 7171740.988923432305455 ], [ 669274.081342756282538, 7171704.203379929065704 ], [ 669299.548245024168864, 7171677.321636222302914 ], [ 669347.652399756480008, 7171653.269544087350368 ], [ 669378.778613066649996, 7171617.898829216137528 ], [ 669405.660342290299013, 7171585.357771924696863 ], [ 669425.467933501815423, 7171566.964999381452799 ], [ 669435.371727357502095, 7171549.987057371065021 ], [ 669438.201375876553357, 7171514.616348830983043 ], [ 669438.201366961817257, 7171475.001155976206064 ], [ 669414.14927894086577, 7171439.630453452467918 ], [ 669401.415817469009198, 7171407.089405031874776 ], [ 669387.267527122516185, 7171371.718700295314193 ], [ 669358.970955345779657, 7171340.592483669519424 ], [ 669334.918870195862837, 7171317.955235993489623 ], [ 669320.063170506735332, 7171303.806956155225635 ], [ 669301.670397358713672, 7171276.92522226460278 ], [ 669291.766592690255493, 7171245.799001531675458 ], [ 669287.522100339410827, 7171211.843122905120254 ], [ 669280.447950559202582, 7171173.642759962007403 ], [ 669280.44794260757044, 7171138.272052071988583 ], [ 669291.766563107492402, 7171114.219968179240823 ], [ 669297.425869381986558, 7171084.508572289720178 ], [ 669305.914827358326875, 7171033.574751038104296 ], [ 669300.255504861474037, 7170991.129902842454612 ], [ 669288.936873866943642, 7170968.492652330547571 ], [ 669267.714446480269544, 7170951.514717292040586 ], [ 669246.49202036310453, 7170940.196095514111221 ], [ 669223.85476600995753, 7170928.877474050968885 ], [ 669202.632342440774664, 7170928.87747879140079 ], [ 669192.728543183999136, 7170921.803339426405728 ], [ 669185.654397543752566, 7170901.995744597166777 ], [ 669185.654389596544206, 7170866.625036720186472 ], [ 669186.361801489256322, 7170856.721238356083632 ], [ 669192.021109355147928, 7170834.083984050899744 ], [ 669210.413869769545272, 7170804.372585328295827 ], [ 669235.880767555674538, 7170757.683245250955224 ], [ 669245.784558543120511, 7170727.971848426386714 ], [ 669245.784550591371953, 7170692.60114055685699 ], [ 669227.391776824370027, 7170662.889750059694052 ], [ 669217.487972802598961, 7170634.593185979872942 ], [ 669221.732454335666262, 7170620.444901885464787 ], [ 669261.347641166881658, 7170603.466953258961439 ], [ 669291.059031926211901, 7170593.563148417510092 ], [ 669292.473856347380206, 7170576.58520832657814 ], [ 669299.547992762411013, 7170555.362782028503716 ], [ 669326.429721633321606, 7170521.406896473839879 ], [ 669330.674202846130356, 7170505.843784067779779 ], [ 669330.674200301291421, 7170494.525157552212477 ], [ 669315.111083647818305, 7170467.643423059023917 ], [ 669282.570028466871008, 7170442.176520679146051 ], [ 669254.273458952782676, 7170420.954102288931608 ], [ 669241.54000036790967, 7170401.146508736535907 ], [ 669247.19930536521133, 7170365.775799619033933 ], [ 669258.517922673141584, 7170327.575432611629367 ], [ 669291.766370653174818, 7170258.248837797902524 ], [ 669320.06292807101272, 7170225.707780254073441 ], [ 669349.77431276650168, 7170188.922237452119589 ], [ 669395.048804882215336, 7170137.988408034667373 ], [ 669402.122943516238593, 7170126.669779943302274 ], [ 669404.95259617024567, 7170109.691839546896517 ], [ 669406.367422495502979, 7170101.202869347296655 ], [ 669395.048794058384374, 7170089.884245373308659 ], [ 669370.996711810352281, 7170079.980452558025718 ], [ 669344.114974998403341, 7170078.565630253404379 ], [ 669311.573929698788561, 7170096.958405604586005 ], [ 669290.351509969448671, 7170113.936350112780929 ], [ 669260.640119546675123, 7170125.254983261227608 ], [ 669229.51389898173511, 7170128.084646845236421 ], [ 669179.994909747038037, 7170123.840172966942191 ], [ 669127.646259594126604, 7170099.788103328086436 ], [ 669099.349687238456681, 7170065.832230120897293 ], [ 669089.445881322259083, 7170029.046696181409061 ], [ 669078.12724685377907, 7169990.846334248781204 ], [ 669051.245504009770229, 7169962.54977398365736 ], [ 669013.04513242514804, 7169921.519761424511671 ], [ 668998.896843710332178, 7169893.223198315128684 ], [ 668945.84076358738821, 7169798.429713177494705 ], [ 668923.20349467091728, 7169722.02898932993412 ], [ 668909.055203426862136, 7169682.413799727335572 ], [ 668892.077258252422325, 7169654.117237255908549 ], [ 668841.143422731547616, 7169569.22754985652864 ], [ 668841.143417655257508, 7169546.590296855196357 ], [ 668851.047208641073667, 7169516.878900085575879 ], [ 668889.24756401241757, 7169485.75266869366169 ], [ 668916.12929603853263, 7169465.945066325366497 ], [ 668923.203433405607939, 7169448.967124999500811 ], [ 668920.373771221609786, 7169423.500216009095311 ], [ 668911.88479546259623, 7169395.20365165732801 ], [ 668901.980994325364009, 7169379.640542433597147 ], [ 668860.950965989381075, 7169337.195702217519283 ], [ 668821.335768110468052, 7169304.654659872874618 ], [ 668794.454028473701328, 7169290.506382742896676 ], [ 668787.379884126479737, 7169276.358101199381053 ], [ 668812.846790768671781, 7169269.28395396284759 ], [ 668836.898870762437582, 7169269.283948604017496 ], [ 668865.19543292094022, 7169257.96531580016017 ], [ 668885.003025036072358, 7169243.817028263583779 ], [ 668900.566131811356172, 7169226.83908504806459 ], [ 668910.469929772196338, 7169228.25391115155071 ], [ 668927.447871764656156, 7169242.402190484106541 ], [ 668950.085126379271969, 7169255.135640239343047 ], [ 668972.722378135891631, 7169255.135635193437338 ], [ 668988.285488402820192, 7169253.720803406089544 ], [ 669002.433767257141881, 7169238.157688819803298 ], [ 668999.604104118305258, 7169208.446294899098575 ], [ 668976.966846646973863, 7169182.979390336200595 ], [ 668950.085104788420722, 7169158.927315033972263 ], [ 668943.010955995414406, 7169124.971437130123377 ], [ 668918.958856962504797, 7169040.08174379914999 ], [ 668905.517982385121286, 7169011.785180567763746 ], [ 668892.784523196984082, 7168989.147930422797799 ], [ 668887.12520264449995, 7168955.192052209749818 ], [ 668887.125191851169802, 7168907.087889624759555 ], [ 668880.051041160477325, 7168864.643041865900159 ], [ 668871.562060010619462, 7168812.29439624492079 ], [ 668865.902741682366468, 7168788.242316219955683 ], [ 668843.265481053851545, 7168748.627128556370735 ], [ 668816.383736995048821, 7168714.671255086548626 ], [ 668795.161304602981545, 7168675.056067110970616 ], [ 668786.672325686085969, 7168632.611219680868089 ], [ 668781.013007992645726, 7168611.388796281069517 ], [ 668778.890762788825668, 7168598.65534195676446 ], [ 668788.79455725220032, 7168584.507056642323732 ], [ 668802.942836731323041, 7168571.773598693311214 ], [ 668828.409736688248813, 7168534.988056940026581 ], [ 668880.758367362432182, 7168472.735599605366588 ], [ 668906.225271119968966, 7168452.92799757886678 ], [ 668945.840460386127234, 7168447.268675501458347 ], [ 669001.018756087170914, 7168423.21658191177994 ], [ 669022.241175773786381, 7168406.238637451082468 ], [ 669057.611873980844393, 7168372.282750106416643 ], [ 669060.44152186892461, 7168334.082385099492967 ], [ 669061.856341840117238, 7168297.29684871993959 ], [ 669053.367360051022843, 7168242.118546523153782 ], [ 668993.944561247015372, 7168184.110599075444043 ], [ 668964.233160099945962, 7168147.325069649145007 ], [ 668955.744183082366362, 7168113.36919210664928 ], [ 668957.159004645072855, 7168083.65779728628695 ], [ 668958.573828435502946, 7168063.850200636312366 ], [ 668958.573823670390993, 7168042.627775988541543 ], [ 668928.862425707629882, 7168019.990529663860798 ], [ 668899.151028378866613, 7168000.182939956896007 ], [ 668820.628051638253964, 7167956.323279870674014 ], [ 668793.746315538533963, 7167957.738114172592759 ], [ 668758.37561163213104, 7167966.22709191404283 ], [ 668707.441796532832086, 7167971.886416500434279 ], [ 668672.07109008776024, 7167969.056767761707306 ], [ 668619.72244358540047, 7167960.567809564061463 ], [ 668582.93690478883218, 7167939.345393110066652 ], [ 668522.099283827468753, 7167908.219183845445514 ], [ 668503.70651744119823, 7167911.048844557255507 ], [ 668465.506153900525533, 7167905.389539819210768 ], [ 668421.646471102721989, 7167871.433670150116086 ], [ 668397.594384508323856, 7167841.722281004302204 ], [ 668359.394015276688151, 7167810.596066694706678 ], [ 668319.77882098138798, 7167793.618135791271925 ], [ 668280.163626051857136, 7167773.810548268258572 ], [ 668226.400150072411634, 7167759.66227712482214 ], [ 668186.78495736210607, 7167749.758487760089338 ], [ 668164.14770059264265, 7167727.12123984284699 ], [ 668151.414238605531864, 7167691.750534943304956 ], [ 668151.414231021073647, 7167657.794655528850853 ], [ 668151.414226910914294, 7167639.40188751462847 ], [ 668161.318016001372598, 7167601.201520975679159 ], [ 668195.273878389969468, 7167533.289754616096616 ], [ 668278.748722865362652, 7167438.496239395812154 ], [ 668326.852871977956966, 7167390.392066215164959 ], [ 668357.979086424806155, 7167360.680664820596576 ], [ 668413.864794280380011, 7167328.139601303264499 ], [ 668450.650316895451397, 7167277.205774024128914 ], [ 668488.850668369326741, 7167229.101603050716221 ], [ 668488.850662036449648, 7167200.805036889389157 ], [ 668493.095136279822327, 7167154.115701781585813 ], [ 668504.41375452443026, 7167120.159819868393242 ], [ 668504.41374977468513, 7167098.937395251356065 ], [ 668500.169260649010539, 7167079.129799888469279 ], [ 668461.968892085482366, 7167050.833242227323353 ], [ 668437.91681089613121, 7167045.173934348858893 ], [ 668416.694384587230161, 7167032.440484299324453 ], [ 668394.057128146057948, 7167011.218064718879759 ], [ 668371.419873608741909, 7166998.484614985063672 ], [ 668353.027100914972834, 7166973.017709535546601 ], [ 668344.538129634107463, 7166964.528741577640176 ], [ 668328.97501783259213, 7166958.869431805796921 ], [ 668307.752595956204459, 7166965.943578062579036 ], [ 668280.870864320546389, 7166987.166008649393916 ], [ 668241.255681451410055, 7167021.121896835975349 ], [ 668203.055324913933873, 7167046.588814862072468 ], [ 668162.025310016120784, 7167063.566763671115041 ], [ 668111.091496869572438, 7167077.715058055706322 ], [ 668048.839056925848126, 7167087.618870031088591 ], [ 668004.979381139506586, 7167084.789223146624863 ], [ 667961.119705354678445, 7167081.959576260298491 ], [ 667925.748997373739257, 7167072.055785950273275 ], [ 667896.037600742885843, 7167055.077852847054601 ], [ 667874.81517002475448, 7167022.5368064744398 ], [ 667869.155847006011754, 7166977.262301886454225 ], [ 667864.911356320604682, 7166950.380564982071519 ], [ 667843.688925291062333, 7166916.424690308049321 ], [ 667816.807185444282368, 7166900.861584883183241 ], [ 667794.169934385921806, 7166903.69124651234597 ], [ 667771.532685220707208, 7166915.009877989068627 ], [ 667741.821292380453087, 7166915.009884574450552 ], [ 667720.598868923494592, 7166915.009889272972941 ], [ 667707.865413274732418, 7166907.935750553384423 ], [ 667683.81333209562581, 7166902.276442653499544 ], [ 667662.590908953803591, 7166903.691275661811233 ], [ 667644.198141959379427, 7166903.691279733553529 ], [ 667610.242262223735452, 7166893.787489097565413 ], [ 667603.168117921450175, 7166879.63920759037137 ], [ 667596.093965743901208, 7166830.120218397118151 ], [ 667567.797392320120707, 7166790.505032055079937 ], [ 667515.448741506203078, 7166762.208477495238185 ], [ 667481.492855167132802, 7166722.593292406760156 ], [ 667433.388684014091268, 7166671.659483990631998 ], [ 667388.114176563220099, 7166653.26672600954771 ], [ 667349.913816558429971, 7166663.170532603748143 ], [ 667314.543113322928548, 7166674.489166873507202 ], [ 667280.58723769034259, 7166682.978144220076501 ], [ 667255.12032860587351, 7166678.733664923347533 ], [ 667245.216526910662651, 7166660.340899121016264 ], [ 667236.727552814758383, 7166639.118476390838623 ], [ 667225.408919745241292, 7166606.577427832409739 ], [ 667198.527173636946827, 7166562.717756257392466 ], [ 667178.719574649934657, 7166545.739820947870612 ], [ 667170.23060087102931, 7166525.932226527482271 ], [ 667173.060250104870647, 7166493.391174850985408 ], [ 667197.112322779255919, 7166460.850118485279381 ], [ 667242.386808524723165, 7166381.619723321869969 ], [ 667266.438879934721626, 7166343.419353735633194 ], [ 667282.001983855850995, 7166313.707955863326788 ], [ 667291.905776431201957, 7166291.070700773969293 ], [ 667291.905772028723732, 7166271.263104485347867 ], [ 667277.757486906950362, 7166258.529652854427695 ], [ 667228.238496683654375, 7166248.625865651294589 ], [ 667177.304672889760695, 7166214.669997550547123 ], [ 667132.03016673005186, 7166201.936552792787552 ], [ 667100.903940036310814, 7166176.469650151208043 ], [ 667075.437025632942095, 7166148.173089649528265 ], [ 667069.777705181506462, 7166114.217211555689573 ], [ 667076.851837531779893, 7166074.602017428725958 ], [ 667116.467017576796934, 7166027.912674595601857 ], [ 667151.130295357201248, 7165965.660221491008997 ], [ 667163.863745957030915, 7165950.097107317298651 ], [ 667165.278566644876264, 7165916.14122767187655 ], [ 667165.27855721861124, 7165873.696378502994776 ], [ 667159.619239591876976, 7165852.473955171182752 ], [ 667129.90784145379439, 7165828.421880540437996 ], [ 667108.685415828367695, 7165818.518087085336447 ], [ 667056.336770749650896, 7165815.688442026264966 ], [ 667016.721579728764482, 7165812.858794156461954 ], [ 666987.010186931234784, 7165812.858800711110234 ], [ 666937.491198625066318, 7165811.443983325734735 ], [ 666910.609460402512923, 7165802.955019418150187 ], [ 666883.727724063326605, 7165802.955025343224406 ], [ 666859.675646689138375, 7165814.27365708630532 ], [ 666835.623569630784914, 7165827.007117134518921 ], [ 666793.178722778568044, 7165827.007126487791538 ], [ 666754.978359043831006, 7165819.932993375696242 ], [ 666725.266965307528153, 7165815.688515001907945 ], [ 666671.503492943476886, 7165817.103355144150555 ], [ 666616.325186712783761, 7165793.05128609854728 ], [ 666573.880334539338946, 7165768.999214245937765 ], [ 666537.094800289487466, 7165767.584394033066928 ], [ 666501.724091453128494, 7165753.436118759214878 ], [ 666472.012697095517069, 7165746.361983766779304 ], [ 666380.048853501793928, 7165706.746811435557902 ], [ 666344.678144984645769, 7165694.013364463113248 ], [ 666273.229317588964477, 7165685.524410324171185 ], [ 666229.369638767675497, 7165668.54648029524833 ], [ 666177.020994951482862, 7165671.376148395240307 ], [ 666119.013041032012552, 7165686.939272481948137 ], [ 666068.079227628884837, 7165699.672738401219249 ], [ 666028.464039739686996, 7165710.991373529657722 ], [ 665988.848852157243527, 7165723.724836962297559 ], [ 665959.137462172657251, 7165736.458298224955797 ], [ 665933.670556248864159, 7165746.362101938575506 ], [ 665903.959164703264832, 7165752.021421670913696 ], [ 665879.907082327874377, 7165740.702800499275327 ], [ 665872.832935263635591, 7165713.821064251475036 ], [ 665870.003273816313595, 7165691.183811988681555 ], [ 665864.343951863818802, 7165650.153792380355299 ], [ 665855.854975326219574, 7165617.612743228673935 ], [ 665837.462202438968234, 7165590.731009460985661 ], [ 665821.899090060265735, 7165582.242043039761484 ], [ 665807.750804353156127, 7165566.678934784606099 ], [ 665810.580456446157768, 7165546.871337899938226 ], [ 665826.143561653443612, 7165522.81925330683589 ], [ 665857.269778923247941, 7165505.841306830756366 ], [ 665888.395994010381401, 7165478.959562221542001 ], [ 665902.544270675280131, 7165453.492649637162685 ], [ 665930.840824625687674, 7165405.388481082394719 ], [ 665956.307726170984097, 7165375.677081103436649 ], [ 665974.700489073060453, 7165357.284309114329517 ], [ 666004.41187779372558, 7165338.891534641385078 ], [ 666039.782580983475782, 7165327.572900451719761 ], [ 666079.397770103532821, 7165321.913578543812037 ], [ 666114.768471420044079, 7165302.105974522419274 ], [ 666147.30951596586965, 7165280.883542818017304 ], [ 666175.606075201299973, 7165256.831455431878567 ], [ 666182.680210403283127, 7165229.949716098606586 ], [ 666184.095032069832087, 7165200.238321401178837 ], [ 666164.287427206989378, 7165156.378648318350315 ], [ 666135.28344168048352, 7165125.252431992441416 ], [ 666090.00893248221837, 7165098.370704153552651 ], [ 666033.41579747130163, 7165071.488978788256645 ], [ 666009.363713243626989, 7165051.681387807242572 ], [ 665972.578172165667638, 7165019.140344887040555 ], [ 665951.355745332199149, 7165003.577238194644451 ], [ 665934.377800371032208, 7164975.280675838701427 ], [ 665908.910883556935005, 7164935.665488917380571 ], [ 665901.836731507675722, 7164886.146499839611351 ], [ 665920.229482859140262, 7164815.405080633237958 ], [ 665921.644299235194921, 7164761.641604796051979 ], [ 665915.984979466884397, 7164730.515383362770081 ], [ 665901.836689094780013, 7164693.729850577190518 ], [ 665873.540115840034559, 7164654.114664288237691 ], [ 665831.095263132359833, 7164627.232935830950737 ], [ 665792.894892609561794, 7164589.032580012455583 ], [ 665763.00662849470973, 7164508.033666213043034 ], [ 665747.089801995898597, 7164467.357355993241072 ], [ 665732.941510392352939, 7164424.91251000855118 ], [ 665715.256147834239528, 7164380.699129421263933 ], [ 665685.191033634357154, 7164315.26332700625062 ], [ 665628.597894104081206, 7164267.512884183786809 ], [ 665577.310369375743903, 7164260.438753889873624 ], [ 665524.254310921533033, 7164260.438765492290258 ], [ 665501.263351478497498, 7164256.90169976465404 ], [ 665472.966781916911714, 7164233.910746034234762 ], [ 665462.355564004741609, 7164205.614182310178876 ], [ 665446.438739082892425, 7164172.012013608589768 ], [ 665418.142169135855511, 7164147.252524501644075 ], [ 665359.780503289424814, 7164140.178395740687847 ], [ 665326.178334105876274, 7164145.484009214676917 ], [ 665283.733492012019269, 7164166.706443017348647 ], [ 665241.288649523281492, 7164186.160341437906027 ], [ 665200.612338046892546, 7164186.160350313410163 ], [ 665152.861880785203539, 7164164.937936201691628 ], [ 665121.028240285464562, 7164140.178447854705155 ], [ 665103.34288009966258, 7164106.576279535889626 ], [ 665094.500196708715521, 7164074.742644667625427 ], [ 665094.500191277824342, 7164049.983149383217096 ], [ 665078.583366762497462, 7164018.149516060948372 ], [ 665044.981189440004528, 7163986.315886594355106 ], [ 664997.23073568358086, 7163981.010290872305632 ], [ 664951.248812949052081, 7163956.250805608928204 ], [ 664926.489314363687299, 7163935.028386479243636 ], [ 664884.044466068618931, 7163927.954254215583205 ], [ 664788.54355585842859, 7163904.963315106928349 ], [ 664723.107744656736031, 7163878.435298691503704 ], [ 664670.051678879302926, 7163844.833138069137931 ], [ 664648.829246610635892, 7163804.156829016283154 ], [ 664634.680952757131308, 7163751.100770788267255 ], [ 664618.764119373634458, 7163678.5908238068223 ], [ 664609.92142246896401, 7163584.858450777828693 ], [ 664585.904697584104724, 7163512.702212648466229 ], [ 664563.267436593770981, 7163469.691437221132219 ], [ 664540.63017734058667, 7163434.603700282052159 ], [ 664514.597331590834074, 7163405.175277283415198 ], [ 664472.718410226749256, 7163378.010583009570837 ], [ 664425.180177950533107, 7163359.900791088119149 ], [ 664395.751749416114762, 7163353.109621637500823 ], [ 664356.136556678800844, 7163341.791003834456205 ], [ 664340.290478544426151, 7163332.509733621962368 ], [ 664328.519104363047518, 7163317.116404265165329 ], [ 664319.464199580717832, 7163298.101113872602582 ], [ 664311.314784465823323, 7163277.274843057617545 ], [ 664303.165369745809585, 7163258.259552467614412 ], [ 664290.488504909677431, 7163240.149752976372838 ], [ 664285.055563146946952, 7163233.811323367059231 ], [ 664270.567721743020229, 7163232.000346286222339 ], [ 664256.985371784889139, 7163236.527799794450402 ], [ 664248.835962997283787, 7163244.677212573587894 ], [ 664239.781065923394635, 7163260.976036557927728 ], [ 664228.915187537670135, 7163271.841920265927911 ], [ 664218.04930678056553, 7163271.84192262403667 ], [ 664215.332835207576863, 7163265.50349242426455 ], [ 664214.427343565388583, 7163258.25957172177732 ], [ 664214.427340995520353, 7163246.488200262188911 ], [ 664214.427339217625558, 7163238.338789253495634 ], [ 664206.277925489586778, 7163223.850949225015938 ], [ 664204.466942203463987, 7163209.3631078209728 ], [ 664204.466937659541145, 7163188.536835242062807 ], [ 664202.655955556896515, 7163179.481934513896704 ], [ 664188.168108227662742, 7163150.506254064850509 ], [ 664171.869280971353874, 7163122.436064123176038 ], [ 664155.570456085726619, 7163105.231755527667701 ], [ 664144.704572368296795, 7163091.64940620213747 ], [ 664132.027708724141121, 7163078.972547382116318 ], [ 664119.350846264511347, 7163071.728629233315587 ], [ 664111.201435699826106, 7163071.728631002828479 ], [ 664097.61908475542441, 7163071.728633945807815 ], [ 664075.887326011201367, 7163084.405500221997499 ], [ 664062.304976254468784, 7163089.838443838991225 ], [ 664048.722626494243741, 7163095.27138745598495 ], [ 664041.478707177331671, 7163100.704329699277878 ], [ 664038.762238567695022, 7163107.948251185007393 ], [ 664042.384200199390762, 7163114.286681186407804 ], [ 664052.344591286382638, 7163116.097659251652658 ], [ 664064.115963091724552, 7163120.625107258558273 ], [ 664079.509296528762206, 7163131.49098527058959 ], [ 664091.280669914674945, 7163143.262354176491499 ], [ 664102.146555209765211, 7163164.088624399155378 ], [ 664113.917929384973831, 7163179.48195375315845 ], [ 664115.728912276332267, 7163192.158814933151007 ], [ 664122.972837519482709, 7163213.890576056204736 ], [ 664137.460688008461148, 7163257.354098305106163 ], [ 664141.082651220727712, 7163270.9364492027089 ], [ 664149.232067319913767, 7163296.290170580148697 ], [ 664151.043049420812167, 7163305.345071311108768 ], [ 664147.421090748859569, 7163312.588992995209992 ], [ 664139.271680772071704, 7163315.305465097539127 ], [ 664125.689329431275837, 7163313.494487818330526 ], [ 664108.485017440514639, 7163309.872531101107597 ], [ 664082.225805018097162, 7163307.156066454946995 ], [ 664056.87208364403341, 7163308.967052174732089 ], [ 664033.329343977035023, 7163318.021958397701383 ], [ 664008.881116613280028, 7163337.942746168933809 ], [ 663988.960338182398118, 7163351.525102170184255 ], [ 663949.118777967640199, 7163363.296482262201607 ], [ 663921.954079228220508, 7163377.784329941496253 ], [ 663873.963109032716602, 7163392.272182131186128 ], [ 663843.176451023202389, 7163411.287481157109141 ], [ 663816.917243720730767, 7163432.113759426400065 ], [ 663787.941568991169333, 7163465.616899859160185 ], [ 663768.926279037143104, 7163471.955334758386016 ], [ 663756.249419137951918, 7163476.482788065448403 ], [ 663745.383539165602997, 7163480.10475086607039 ], [ 663740.856090425513685, 7163487.348672745749354 ], [ 663750.363737864303403, 7163495.498081704601645 ], [ 663761.229620987782255, 7163506.363960702903569 ], [ 663771.190014837426133, 7163520.851800350472331 ], [ 663777.528447251184843, 7163529.906700104475021 ], [ 663779.339431121246889, 7163547.111011855304241 ], [ 663783.866884197574109, 7163559.787872452288866 ], [ 663792.921787393977866, 7163571.559241959825158 ], [ 663801.976690788171254, 7163584.236101575195789 ], [ 663806.504144455539063, 7163599.629432510584593 ], [ 663806.504149384563789, 7163622.266685328446329 ], [ 663800.165725440951064, 7163652.147860420867801 ], [ 663801.071219840319827, 7163672.06864270567894 ], [ 663791.110830718185753, 7163679.312565764412284 ], [ 663781.150441989069805, 7163688.367469044402242 ], [ 663774.812015485949814, 7163706.477272672578692 ], [ 663767.568096748669632, 7163714.626685256138444 ], [ 663761.22966925939545, 7163728.209038320928812 ], [ 663761.229672018904239, 7163740.885899901390076 ], [ 663763.040654116077349, 7163749.94080063700676 ], [ 663763.040656479424797, 7163760.806681989692152 ], [ 663754.89124925644137, 7163776.200015675276518 ], [ 663747.647332096472383, 7163791.593349159695208 ], [ 663744.025375979719684, 7163810.608642315492034 ], [ 663742.214399594115093, 7163827.812954854220152 ], [ 663742.214403730700724, 7163846.828247226774693 ], [ 663750.363820019643754, 7163873.087458740919828 ], [ 663753.985783821437508, 7163889.386279994621873 ], [ 663753.985788941383362, 7163912.929022931493819 ], [ 663743.119912117137574, 7163931.038827544078231 ], [ 663729.084817900438793, 7163939.188241597265005 ], [ 663709.164038069895469, 7163946.432166811078787 ], [ 663691.959729022346437, 7163956.392561776563525 ], [ 663681.999341075774282, 7163969.069425512105227 ], [ 663669.322484119795263, 7163987.17923051584512 ], [ 663668.416997993015684, 7164005.289032977074385 ], [ 663669.322493374464102, 7164029.7372658373788 ], [ 663675.660926776006818, 7164043.319616162218153 ], [ 663677.471911632223055, 7164065.05137849226594 ], [ 663680.188385169371031, 7164080.444709829054773 ], [ 663684.715838838135824, 7164095.83804077655077 ], [ 663692.865251975366846, 7164107.609410488046706 ], [ 663704.636625367682427, 7164119.380779413506389 ], [ 663716.40800033940468, 7164138.396069251000881 ], [ 663724.5574130800087, 7164148.356458734720945 ], [ 663729.990356817375869, 7164163.749789487570524 ], [ 663727.273893320932984, 7164194.536453930661082 ], [ 663714.597038135398179, 7164220.795669962652028 ], [ 663707.353119391831569, 7164228.945082549005747 ], [ 663692.865281319478527, 7164242.527437383309007 ], [ 663684.715872119646519, 7164248.865869937464595 ], [ 663686.526854020310566, 7164257.015280570834875 ], [ 663688.337836118414998, 7164266.070181315764785 ], [ 663688.337838875944726, 7164278.747042901813984 ], [ 663687.432352158706635, 7164294.14037502836436 ], [ 663685.621375575661659, 7164310.439197465777397 ], [ 663686.526868199114688, 7164322.210568746551871 ], [ 663686.979615988442674, 7164334.887430235743523 ], [ 663686.979618744691834, 7164347.564291827380657 ], [ 663692.412561693345197, 7164359.335662128403783 ], [ 663694.223544577253051, 7164372.012523329816759 ], [ 663694.22354851779528, 7164390.122325602918863 ], [ 663691.507082261145115, 7164408.232128463685513 ], [ 663681.546695493045263, 7164426.34193289000541 ], [ 663665.247877876507118, 7164442.640758462250233 ], [ 663652.571018548216671, 7164449.884682110510767 ], [ 663632.650239490671083, 7164460.750567781738937 ], [ 663621.784361473750323, 7164473.427431723102927 ], [ 663610.918484045541845, 7164488.820766005665064 ], [ 663594.619665639707819, 7164501.497631120495498 ], [ 663584.659275913611054, 7164506.025083841755986 ], [ 663564.738495083642192, 7164508.74155848659575 ], [ 663548.439674118766561, 7164509.647052122280002 ], [ 663531.235362890176475, 7164509.647055838257074 ], [ 663522.180463621160015, 7164515.985488588921726 ], [ 663516.747524218750186, 7164520.512940333224833 ], [ 663514.031055991188623, 7164529.567842057906091 ], [ 663512.220078225596808, 7164540.433723813854158 ], [ 663514.031061500310898, 7164554.921565245836973 ], [ 663519.464003657223657, 7164563.070975097827613 ], [ 663519.464005430345424, 7164571.220386123284698 ], [ 663511.314598193159327, 7164586.613719817250967 ], [ 663507.692640685476363, 7164599.290582193993032 ], [ 663507.692643047659658, 7164610.15646356344223 ], [ 663504.070686722407117, 7164628.266266625374556 ], [ 663493.204813026823103, 7164660.863913073204458 ], [ 663487.771875785663724, 7164675.351756069809198 ], [ 663480.075212793657556, 7164687.123129213228822 ], [ 663469.209332802100107, 7164690.745092014782131 ], [ 663459.24894385819789, 7164698.894505193457007 ], [ 663452.910515765892342, 7164709.760387927293777 ], [ 663448.383068785187788, 7164725.153720845468342 ], [ 663448.383071930264123, 7164739.641562671400607 ], [ 663449.288565140683204, 7164754.12940430175513 ], [ 663448.383077829494141, 7164766.806266094557941 ], [ 663447.477591106668115, 7164782.199598228558898 ], [ 663450.194063269416802, 7164791.254498781636357 ], [ 663458.343476209440269, 7164802.120378395542502 ], [ 663471.92582934955135, 7164812.080766716971993 ], [ 663479.16975222947076, 7164822.946646524593234 ], [ 663485.508185829501599, 7164837.434486981481314 ], [ 663487.319168712710962, 7164850.111348191276193 ], [ 663487.319172450341284, 7164867.315660363063216 ], [ 663483.697216320084408, 7164886.330953544005752 ], [ 663482.791730191092938, 7164904.440756022930145 ], [ 663480.9807537952438, 7164921.645068584941328 ], [ 663475.547816158272326, 7164934.321931360289454 ], [ 663460.154488397063687, 7164949.71526662632823 ], [ 663439.328221618430689, 7164971.447033867239952 ], [ 663416.690973921213299, 7164989.556841039098799 ], [ 663406.73058556439355, 7165000.42272456176579 ], [ 663391.337257601320744, 7165014.910569718107581 ], [ 663383.187849175883457, 7165024.870962733402848 ], [ 663377.754911734489724, 7165038.45331562217325 ], [ 663375.94393533852417, 7165055.657628187909722 ], [ 663374.585703188204207, 7165069.239980198442936 ], [ 663374.585706332698464, 7165083.727822029963136 ], [ 663369.152770068612881, 7165102.74311560485512 ], [ 663365.530812952434644, 7165117.230958220548928 ], [ 663355.570426950231194, 7165138.962723119184375 ], [ 663349.232000620104373, 7165157.97801689337939 ], [ 663344.704555992502719, 7165184.237231193110347 ], [ 663344.704559530015104, 7165200.536053257063031 ], [ 663354.664952605962753, 7165211.401932482607663 ], [ 663367.341815094230697, 7165218.645850665867329 ], [ 663380.924167845863849, 7165226.795258766040206 ], [ 663389.979070663102902, 7165236.755648073740304 ], [ 663408.088873739354312, 7165244.9050551969558 ], [ 663425.293185965856537, 7165249.432502057403326 ], [ 663447.024947735015303, 7165250.33798748254776 ], [ 663459.701808060868643, 7165247.621514400467277 ], [ 663469.662196813267656, 7165238.56661110278219 ], [ 663477.811605041846633, 7165227.70072796754539 ], [ 663486.866504124132916, 7165220.456805093213916 ], [ 663490.488462419598363, 7165211.401903165504336 ], [ 663504.070810645120218, 7165198.725038628093898 ], [ 663516.7476703816792, 7165193.292095201089978 ], [ 663532.141002867370844, 7165199.63052267767489 ], [ 663552.06178647489287, 7165209.590909637510777 ], [ 663566.549627914559096, 7165211.401886738836765 ], [ 663593.714331841678359, 7165220.456782015040517 ], [ 663603.674724139040336, 7165227.700700776651502 ], [ 663610.013157743727788, 7165242.188541244715452 ], [ 663610.013162271934561, 7165263.01481388323009 ], [ 663607.29669463483151, 7165274.786185961216688 ], [ 663610.013166208518669, 7165281.124616177752614 ], [ 663620.879049357725307, 7165291.990495206788182 ], [ 663629.028461718233302, 7165300.139904478564858 ], [ 663638.083364539779723, 7165310.100293782539666 ], [ 663642.610816637054086, 7165318.249703839421272 ], [ 663651.665717489551753, 7165319.155191996134818 ], [ 663660.720617752755061, 7165317.344209808856249 ], [ 663683.357868208084255, 7165311.911264225840569 ], [ 663703.278649650048465, 7165311.911259921267629 ], [ 663725.915901091881096, 7165311.005764910951257 ], [ 663738.592762996442616, 7165315.533212742768228 ], [ 663753.080606407020241, 7165326.399090986698866 ], [ 663762.135508835315704, 7165334.548500062897801 ], [ 663768.473941067932174, 7165342.697909725829959 ], [ 663767.568453366169706, 7165353.563791297376156 ], [ 663759.419045140966773, 7165364.429674439132214 ], [ 663758.513558228150941, 7165378.917516471818089 ], [ 663763.041010326938704, 7165387.066926527768373 ], [ 663771.643166935769841, 7165391.594375238753855 ], [ 663783.414540154859424, 7165402.46025407128036 ], [ 663799.7133625181159, 7165407.893191236071289 ], [ 663810.57924547418952, 7165417.85358015075326 ], [ 663817.823168561444618, 7165429.624950075522065 ], [ 663825.972582699847408, 7165445.923770381137729 ], [ 663834.121997036039829, 7165463.128080800175667 ], [ 663840.460429268190637, 7165471.277490464970469 ], [ 663849.515330516849644, 7165473.993958851322532 ], [ 663855.853759990888648, 7165469.466506903991103 ], [ 663866.719636247260496, 7165448.640231909230351 ], [ 663872.152574078878388, 7165436.868859237059951 ], [ 663879.396491843857802, 7165424.191996062174439 ], [ 663889.35688236891292, 7165423.286503789946437 ], [ 663895.69531342072878, 7165426.002972761169076 ], [ 663901.128256773808971, 7165439.58532331045717 ], [ 663910.183164131944068, 7165470.371985258534551 ], [ 663915.616108470363542, 7165488.481786381453276 ], [ 663916.521602679975331, 7165507.497078603133559 ], [ 663916.52160523890052, 7165519.268450098112226 ], [ 663917.427097870502621, 7165531.039821397513151 ], [ 663919.238080762443133, 7165543.716682614758611 ], [ 663922.860043394844979, 7165554.582563210278749 ], [ 663931.914945431286469, 7165560.920992055907845 ], [ 663941.875337732955813, 7165568.164910823106766 ], [ 663950.024749903008342, 7165575.408829976804554 ], [ 663969.94553391658701, 7165587.180197161622345 ], [ 663986.244357866002247, 7165599.857055244967341 ], [ 663990.771810561651364, 7165610.722935642115772 ], [ 663990.771814112900756, 7165627.021757716313004 ], [ 663990.771817466593347, 7165642.415089675225317 ], [ 663991.677310885163024, 7165657.808421435765922 ], [ 663999.826725426479243, 7165675.918221974745393 ], [ 664022.463982599321753, 7165701.27194029930979 ], [ 664034.235357206547633, 7165718.476249940693378 ], [ 664041.47928247100208, 7165740.208011136390269 ], [ 664054.156147144734859, 7165757.412320582196116 ], [ 664069.54948162403889, 7165772.80564920604229 ], [ 664077.698895179433748, 7165786.387999169528484 ], [ 664083.131840708549134, 7165809.930740992538631 ], [ 664084.037331762607209, 7165814.458191372454166 ], [ 664106.221844501793385, 7165842.528380144387484 ], [ 664130.670082212192938, 7165869.693078309297562 ], [ 664145.157926428481005, 7165884.180917015299201 ], [ 664165.078712431481108, 7165905.007185352034867 ], [ 664169.606167501187883, 7165926.738947143778205 ], [ 664168.70068079396151, 7165942.132279302924871 ], [ 664167.795194676611573, 7165960.242081811651587 ], [ 664169.606177770881914, 7165973.824433151632547 ], [ 664183.188532321713865, 7165990.123252289369702 ], [ 664209.447747207130305, 7166003.70559832919389 ], [ 664232.085005190339871, 7166032.681277118623257 ], [ 664258.34422205586452, 7166055.318524315953255 ], [ 664272.832065291935578, 7166065.278912447392941 ], [ 664308.146180847310461, 7166078.861256517469883 ], [ 664317.201083094580099, 7166086.105175477452576 ], [ 664323.539516523014754, 7166099.687525837682188 ], [ 664318.106581264757551, 7166123.230270024389029 ], [ 664317.201094954740256, 7166140.434582421556115 ], [ 664319.012076865648851, 7166148.583993072621524 ], [ 664323.992274011601694, 7166156.733403034508228 ], [ 664321.275805983459577, 7166166.693794896826148 ], [ 664315.842868551029824, 7166180.276147813536227 ], [ 664311.315420393599197, 7166190.236540071666241 ], [ 664305.882483945926651, 7166208.346343568526208 ], [ 664295.016607693745755, 7166229.172618590295315 ], [ 664288.678180784569122, 7166245.471442053094506 ], [ 664281.434263214818202, 7166259.053795362822711 ], [ 664269.662895113811828, 7166271.730659540742636 ], [ 664256.986036153975874, 7166280.785563449375331 ], [ 664244.309176803799346, 7166288.02948712836951 ], [ 664229.82133613131009, 7166289.840470502153039 ], [ 664218.049965264392085, 7166289.840473055839539 ], [ 664199.034675242728554, 7166296.178907993249595 ], [ 664187.26330674579367, 7166307.04479193687439 ], [ 664168.248019691440277, 7166326.965578609146178 ], [ 664155.571163297630847, 7166347.791854027658701 ], [ 664137.461367094656453, 7166371.334600973874331 ], [ 664115.729612400522456, 7166403.026759745553136 ], [ 664101.24177508300636, 7166420.231075091287494 ], [ 664085.848445525276475, 7166427.474999357014894 ], [ 664070.455114387674257, 7166427.475002693012357 ], [ 664056.8727633850649, 7166427.475005635991693 ], [ 664044.19590264512226, 7166428.380498500540853 ], [ 664030.613553026225418, 7166434.718932256102562 ], [ 664018.842181167798117, 7166430.191484224051237 ], [ 664011.598259055637754, 7166422.947564866393805 ], [ 663996.204927524086088, 7166421.136587964370847 ], [ 663972.662187165231444, 7166427.475023878738284 ], [ 663942.328273278661072, 7166442.868362421169877 ], [ 663933.27337458007969, 7166451.923265544697642 ], [ 663927.840437926817685, 7166469.12757892627269 ], [ 663920.596527841407806, 7166517.118556654080749 ], [ 663912.447121576988138, 7166537.039340974763036 ], [ 663903.392226624535397, 7166563.29855630826205 ], [ 663903.392231355654076, 7166585.030319101177156 ], [ 663900.675765689346008, 7166605.856592365540564 ], [ 663900.675769433612004, 7166623.060904578305781 ], [ 663893.431851658271626, 7166635.737767770886421 ], [ 663879.849503018311225, 7166646.603652108460665 ], [ 663862.645193515112624, 7166654.753066880628467 ], [ 663849.968332771677524, 7166655.658559738658369 ], [ 663842.724413614720106, 7166661.996992123313248 ], [ 663841.818926503416151, 7166675.579344065859914 ], [ 663840.007950901635922, 7166696.405617134645581 ], [ 663839.102465762989596, 7166719.042870244011283 ], [ 663839.102468521334231, 7166731.719731874763966 ], [ 663840.007961347931996, 7166744.396593309938908 ], [ 663846.34639635309577, 7166765.222864618524909 ], [ 663846.346404630807228, 7166803.253449514508247 ], [ 663849.062878970056772, 7166822.268741373904049 ], [ 663859.023274440900423, 7166844.000502018257976 ], [ 663868.078177678515203, 7166855.771871576085687 ], [ 663880.755040791351348, 7166865.73226011544466 ], [ 663900.675824441947043, 7166875.692647088319063 ], [ 663916.521901609143242, 7166880.2200942421332 ], [ 663929.198764129076153, 7166887.464012429118156 ], [ 663948.21405909396708, 7166903.762830413877964 ], [ 663965.418374124797992, 7166920.967138906940818 ], [ 663980.811706651700661, 7166927.305566392838955 ], [ 664003.448960507870652, 7166937.265952771529555 ], [ 664023.369746334850788, 7166957.186731025576591 ], [ 664047.817986049340107, 7166993.406330402940512 ], [ 664062.305830683093518, 7167009.70514936838299 ], [ 664069.549752208404243, 7167014.232598377391696 ], [ 664086.754063692176715, 7167015.138084769248962 ], [ 664100.336415494559333, 7167018.760042292997241 ], [ 664118.446219416102394, 7167030.53140988945961 ], [ 664131.123082729522139, 7167041.397288543172181 ], [ 664139.272496299468912, 7167054.97963852994144 ], [ 664141.083482753485441, 7167083.955321879126132 ], [ 664139.272505380678922, 7167096.632183909416199 ], [ 664132.028587999171577, 7167111.120027350261807 ], [ 664123.879179561045021, 7167121.080420402809978 ], [ 664123.879182523465715, 7167134.662772159092128 ], [ 664128.406634639482945, 7167142.812182232737541 ], [ 664136.556045840377919, 7167145.528650815598667 ], [ 664162.815258001442999, 7167146.434135239571333 ], [ 664180.925063106464222, 7167163.638443537056446 ], [ 664205.373296912526712, 7167172.693339405581355 ], [ 664218.955650104093365, 7167182.653727748431265 ], [ 664226.199572226731107, 7167189.897647113539279 ], [ 664221.672125837998465, 7167208.007450437173247 ], [ 664205.373308764421381, 7167227.022746430709958 ], [ 664192.696451568161137, 7167244.227061405777931 ], [ 664174.586654751561582, 7167265.053338028490543 ], [ 664152.402152234571986, 7167284.068635297939181 ], [ 664143.34725293959491, 7167290.4070680802688 ], [ 664136.103333975188434, 7167297.650990588590503 ], [ 664135.197845682967454, 7167305.800401838496327 ], [ 664142.441768993157893, 7167318.477261911146343 ], [ 664151.49667204124853, 7167329.343141352757812 ], [ 664163.268050229526125, 7167362.846273142844439 ], [ 664164.173543851822615, 7167379.145095055922866 ], [ 664173.228447693865746, 7167393.632934968918562 ], [ 664184.094331274507567, 7167406.309794257394969 ], [ 664194.054724589223042, 7167418.081163621507585 ], [ 664194.960218608845025, 7167436.190965774469078 ], [ 664188.621792673366144, 7167457.017239848151803 ], [ 664191.338266629958525, 7167474.221551487222314 ], [ 664200.393169681774452, 7167485.087430935353041 ], [ 664212.164542739745229, 7167495.047819674015045 ], [ 664222.124935070401989, 7167502.291738453321159 ], [ 664239.32924913149327, 7167514.968596366234124 ], [ 664248.38415258214809, 7167527.645456046797335 ], [ 664256.533566157682799, 7167541.227806041948497 ], [ 664274.190625055460259, 7167552.999173739925027 ], [ 664286.867489765631035, 7167570.2034832239151 ], [ 664300.449845532653853, 7167591.935243098065257 ], [ 664313.12671103363391, 7167612.761513051576912 ], [ 664325.803578907623887, 7167644.453664416447282 ], [ 664347.53534746915102, 7167676.145813817158341 ], [ 664365.645151011878625, 7167686.106201180256903 ], [ 664388.282404500292614, 7167694.255607323721051 ], [ 664407.297700288007036, 7167714.176385786384344 ], [ 664405.486721731140278, 7167721.420307123102248 ], [ 664400.959272773121484, 7167727.758738930337131 ], [ 664392.809863541857339, 7167734.097171521745622 ], [ 664387.376925702905282, 7167745.868544233031571 ], [ 664384.660458659986034, 7167760.356386707164347 ], [ 664385.565951497526839, 7167773.033248160034418 ], [ 664393.715368044911884, 7167800.197949923574924 ], [ 664406.392234936822206, 7167827.36265070643276 ], [ 664418.163609585841186, 7167844.566960390657187 ], [ 664441.706354534137063, 7167859.054797164164484 ], [ 664457.099687084788457, 7167865.393224647268653 ], [ 664480.642431441345252, 7167877.164591064676642 ], [ 664496.941255051409826, 7167888.030468942597508 ], [ 664511.429100305656902, 7167907.04575826972723 ], [ 664511.429104460286908, 7167926.061050747521222 ], [ 664515.051067701191641, 7167939.643401730805635 ], [ 664523.200482080574147, 7167956.847712200134993 ], [ 664533.613623213721439, 7167981.295943123288453 ], [ 664540.857545745093375, 7167990.350842732936144 ], [ 664561.683819500962272, 7168000.311229504644871 ], [ 664585.226562477531843, 7168005.744165099225938 ], [ 664603.336364449700341, 7168008.460631514899433 ], [ 664618.7296964089619, 7168012.082588641904294 ], [ 664633.217538499739021, 7168016.610036082565784 ], [ 664643.177931038313545, 7168024.759444980882108 ], [ 664652.23283450002782, 7168037.436304664239287 ], [ 664656.76028880639933, 7168055.546106042340398 ], [ 664665.815192265668884, 7168068.222965728491545 ], [ 664673.059115590760484, 7168080.899825805798173 ], [ 664673.9646076397039, 7168089.954726790077984 ], [ 664664.909709522733465, 7168101.726100293919444 ], [ 664658.571281815180555, 7168114.402963329106569 ], [ 664657.665794914471917, 7168128.8908054176718 ], [ 664664.004229557234794, 7168147.906096521764994 ], [ 664681.208545027766377, 7168166.921385265886784 ], [ 664699.318349575973116, 7168181.409223220311105 ], [ 664735.537955703213811, 7168196.802547350525856 ], [ 664761.797171075711958, 7168212.195873649790883 ], [ 664764.513642866979353, 7168219.439794005826116 ], [ 664769.946585263940506, 7168228.494694007560611 ], [ 664779.001488134730607, 7168238.455083340406418 ], [ 664792.58384095330257, 7168246.604491448029876 ], [ 664807.071683447342366, 7168252.942919125780463 ], [ 664815.22109585267026, 7168261.092328417114913 ], [ 664820.654039042769, 7168273.769188888370991 ], [ 664820.654041223344393, 7168283.729580193758011 ], [ 664812.504634565673769, 7168301.839384336024523 ], [ 664810.693660571938381, 7168329.909578401595354 ], [ 664810.693665725644678, 7168353.452321481890976 ], [ 664805.26072907843627, 7168370.656634915620089 ], [ 664794.39485062577296, 7168381.522518703714013 ], [ 664789.414654056774452, 7168376.089579075574875 ], [ 664786.698184839682654, 7168380.617030257359147 ], [ 664780.359757525031455, 7168395.104873536154628 ], [ 664781.265249375835992, 7168403.254284404218197 ], [ 664784.887212033150718, 7168414.120165038853884 ], [ 664787.603684026282281, 7168422.269575513899326 ], [ 664788.509177861153148, 7168439.473887572064996 ], [ 664787.603693539975211, 7168465.733101210556924 ], [ 664779.454289057874121, 7168493.803296659141779 ], [ 664765.871942575555295, 7168514.629572344943881 ], [ 664748.667635022546165, 7168531.833888344466686 ], [ 664730.557836607214995, 7168545.416244064457715 ], [ 664707.015097770025022, 7168558.99860096629709 ], [ 664689.810787045164034, 7168561.71507506351918 ], [ 664674.417455865885131, 7168561.715078413486481 ], [ 664659.929615548113361, 7168565.337042035534978 ], [ 664649.063736496842466, 7168573.486455467529595 ], [ 664645.441778198350221, 7168582.541357445530593 ], [ 664631.859430324402638, 7168597.02920229639858 ], [ 664618.277081658132374, 7168607.895086674951017 ], [ 664606.505712932557799, 7168617.85548054240644 ], [ 664599.261794356862083, 7168626.910383302718401 ], [ 664594.734346186043695, 7168636.870775594376028 ], [ 664590.206897817319259, 7168645.925677767023444 ], [ 664574.813570396974683, 7168663.129993369802833 ], [ 664555.798280321527272, 7168669.468428336083889 ], [ 664529.539069294114597, 7168673.995884635485709 ], [ 664506.9018185432069, 7168678.523340145125985 ], [ 664477.926137896487489, 7168685.76726739294827 ], [ 664455.288887147093192, 7168690.294722903519869 ], [ 664428.124186046421528, 7168694.822179394774139 ], [ 664403.675957330968231, 7168709.310026608407497 ], [ 664372.889298916910775, 7168727.419835669919848 ], [ 664353.874008838203736, 7168733.758270630612969 ], [ 664343.913619852857664, 7168741.907683858647943 ], [ 664324.898332538432442, 7168760.922980485484004 ], [ 664298.186382794519886, 7168794.426120683550835 ], [ 664283.6985456305556, 7168812.535926207900047 ], [ 664270.116199720767327, 7168836.078672249801457 ], [ 664253.817386960377917, 7168875.014750907197595 ], [ 664212.164852833026089, 7168916.667305421084166 ], [ 664199.487996793352067, 7168939.304561148397624 ], [ 664162.362910837982781, 7168970.996723368763924 ], [ 664150.59154288971331, 7168984.579077711328864 ], [ 664144.253117729676887, 7169009.027312304824591 ], [ 664139.725671328254975, 7169027.137115672230721 ], [ 664138.820183824398555, 7169038.908487422391772 ], [ 664137.009208224946633, 7169059.734760554507375 ], [ 664129.765290821087547, 7169074.222604038193822 ], [ 664112.5609832421178, 7169091.426920033991337 ], [ 664091.734713602578267, 7169100.481825741007924 ], [ 664073.624912201776169, 7169100.481829661875963 ], [ 664043.743738505872898, 7169094.143405301496387 ], [ 664015.673545938683674, 7169092.332431143149734 ], [ 663982.623157200403512, 7169086.899497584439814 ], [ 663968.135315881110728, 7169085.994010597467422 ], [ 663956.363944770768285, 7169085.088523032143712 ], [ 663939.159633637871593, 7169085.994016874581575 ], [ 663922.860813559731469, 7169091.426961116492748 ], [ 663908.372973424149677, 7169095.954414849169552 ], [ 663902.940034186467528, 7169101.387356741353869 ], [ 663899.318076861556619, 7169114.969709316268563 ], [ 663895.696119535947219, 7169128.552061894908547 ], [ 663895.696124072419479, 7169149.378334640525281 ], [ 663894.790638535981998, 7169170.204607581719756 ], [ 663897.507113280356862, 7169191.030879744328558 ], [ 663892.074176406604238, 7169207.329703072085977 ], [ 663880.302808254142292, 7169220.006567292846739 ], [ 663871.247909324942157, 7169228.155980328097939 ], [ 663864.00399053725414, 7169236.305392969399691 ], [ 663851.327132903505117, 7169251.698727745562792 ], [ 663846.799685506848618, 7169265.281080519780517 ], [ 663847.705178535426967, 7169278.863432116806507 ], [ 663851.327142756665125, 7169296.973233725875616 ], [ 663851.327146697207354, 7169315.083036119118333 ], [ 663850.421660570660606, 7169333.19283870793879 ], [ 663850.421664905035868, 7169353.11362134385854 ], [ 663845.894217900582589, 7169368.506954356096685 ], [ 663829.595398801844567, 7169378.467349199578166 ], [ 663813.296578714740463, 7169383.900293443351984 ], [ 663797.903248504502699, 7169388.427747370675206 ], [ 663784.320898628327996, 7169393.86069102678448 ], [ 663773.455021526664495, 7169411.065005652606487 ], [ 663769.833068334148265, 7169443.662650748156011 ], [ 663755.345233705709688, 7169473.543827833607793 ], [ 663745.38484824670013, 7169497.992063226178288 ], [ 663742.668380005750805, 7169507.046965010464191 ], [ 663736.782700454583392, 7169534.211669880896807 ], [ 663721.389374176622368, 7169556.848926207050681 ], [ 663705.090557823772542, 7169579.486182730644941 ], [ 663696.035662042209879, 7169602.123437687754631 ], [ 663691.508215033099987, 7169617.516770707443357 ], [ 663685.169789657229558, 7169641.059515196830034 ], [ 663671.587443715427071, 7169664.602261253632605 ], [ 663658.910585281788372, 7169676.373635553754866 ], [ 663647.13921672385186, 7169687.239519537426531 ], [ 663641.70628102356568, 7169708.971283596940339 ], [ 663641.706286336760968, 7169733.419516839087009 ], [ 663649.855705043766648, 7169770.544610004872084 ], [ 663649.85571252182126, 7169804.953234573826194 ], [ 663648.950233078678139, 7169853.849701268598437 ], [ 663646.233770147664472, 7169887.352836305275559 ], [ 663643.970051660900936, 7169918.139500886201859 ], [ 663641.253585582133383, 7169937.154794001951814 ], [ 663640.348100035800599, 7169957.981066966429353 ], [ 663640.348103580297902, 7169974.279889136552811 ], [ 663645.781051483470947, 7170008.688512541353703 ], [ 663653.024977959110402, 7170035.853214589878917 ], [ 663671.134785680333152, 7170064.828894533216953 ], [ 663696.488514764001593, 7170097.426533395424485 ], [ 663721.842242273269221, 7170122.780251292511821 ], [ 663759.872829995816574, 7170144.512005966156721 ], [ 663797.903414568630978, 7170151.755918709561229 ], [ 663851.327329172170721, 7170153.56688739079982 ], [ 663900.22379302745685, 7170153.566876812838018 ], [ 663966.324567840318196, 7170151.755882264114916 ], [ 664001.638680228381418, 7170149.944894375279546 ], [ 664050.535143885412253, 7170149.039393663406372 ], [ 664096.715136537211947, 7170144.511933056637645 ], [ 664130.218268387485296, 7170140.889965314418077 ], [ 664144.253365087555721, 7170143.606432636268437 ], [ 664160.552189331734553, 7170157.188780912198126 ], [ 664177.756504833232611, 7170176.204069719649851 ], [ 664189.527879907982424, 7170195.219359701499343 ], [ 664202.204745646566153, 7170216.951119851320982 ], [ 664208.543179702013731, 7170233.24994065053761 ], [ 664213.070638155913912, 7170270.375034620985389 ], [ 664213.070656128460541, 7170352.774635622277856 ], [ 664213.070662250625901, 7170380.844829371199012 ], [ 664212.16517869476229, 7170410.726003559306264 ], [ 664203.11028429644648, 7170439.701689396053553 ], [ 664194.960876810131595, 7170454.189533097669482 ], [ 664176.851077943108976, 7170465.960908599197865 ], [ 664155.119316615513526, 7170467.771893549710512 ], [ 664113.466773316962644, 7170467.77190257795155 ], [ 664065.475801093038172, 7170475.015833942219615 ], [ 664009.788166218320839, 7170495.842118788510561 ], [ 663968.135627056704834, 7170514.857420351356268 ], [ 663926.483084344770759, 7170517.573899732902646 ], [ 663883.92505136388354, 7170519.384889183565974 ], [ 663834.123098597861826, 7170524.817840684205294 ], [ 663796.998008215567097, 7170536.589220288209617 ], [ 663764.40036858280655, 7170550.171579154208302 ], [ 663732.70821863040328, 7170561.942957582883537 ], [ 663696.48862047935836, 7170583.674728320911527 ], [ 663680.189802138251252, 7170597.257083661854267 ], [ 663668.418434352846816, 7170611.744928143918514 ], [ 663662.080007981974632, 7170630.760222058743238 ], [ 663662.080012508085929, 7170651.586494849994779 ], [ 663668.418448721407913, 7170677.845706997439265 ], [ 663653.025137570453808, 7170770.205702702514827 ], [ 663653.025142489699647, 7170792.842955738306046 ], [ 663650.308685854543, 7170855.321774708107114 ], [ 663643.064782791421749, 7170935.910397094674408 ], [ 663643.06479125272017, 7170974.846472322940826 ], [ 663650.308718916377984, 7171007.444115138612688 ], [ 663650.761468872777186, 7171030.081368085928261 ], [ 663643.517552427598275, 7171049.096662206575274 ], [ 663641.706575430231169, 7171063.584504544734955 ], [ 663645.328541621332988, 7171090.74920741841197 ], [ 663645.328546542325057, 7171113.386460462585092 ], [ 663646.234043306089006, 7171144.17312441021204 ], [ 663646.234046454075724, 7171158.660966359078884 ], [ 663642.612089312402532, 7171173.148809093050659 ], [ 663641.706602389574982, 7171187.636651239357889 ], [ 663641.706609080079943, 7171218.423315386287868 ], [ 663646.234063181327656, 7171235.62762672547251 ], [ 663646.234069479862228, 7171264.603310633450747 ], [ 663646.234075185493566, 7171290.862524168565869 ], [ 663652.572510417783633, 7171312.594285728409886 ], [ 663673.851542480639182, 7171383.222510659135878 ], [ 663702.827235638978891, 7171433.024461117573082 ], [ 663719.126061872579157, 7171455.66171065159142 ], [ 663722.295286182081327, 7171497.314255591481924 ], [ 663725.917265376308933, 7171584.241306554526091 ], [ 663722.295326543506235, 7171682.939730685204268 ], [ 663721.389845722587779, 7171725.497766643762589 ], [ 663724.10632696817629, 7171776.205212922766805 ], [ 663724.106337007717229, 7171822.385209180414677 ], [ 663721.389875649707392, 7171863.132265287451446 ], [ 663725.011848738533445, 7171921.989122483879328 ], [ 663726.822833415470086, 7171942.815394922159612 ], [ 663732.255777792655863, 7171960.925196202471852 ], [ 663755.798525809310377, 7171988.995384922251105 ], [ 663789.301664243103005, 7172015.25459124520421 ], [ 663812.844408322125673, 7172025.214977506548166 ], [ 663850.874999294057488, 7172061.434574199840426 ], [ 663868.07931699953042, 7172090.41025441326201 ], [ 663887.094613278284669, 7172112.142013254575431 ], [ 663924.219712606980465, 7172141.117689158767462 ], [ 663979.454612627392635, 7172166.471400650218129 ], [ 664007.524808463756926, 7172182.770216789096594 ], [ 664030.162062873132527, 7172194.541583489626646 ], [ 664055.515785532072186, 7172197.258048366755247 ], [ 664086.75519682711456, 7172214.46235394012183 ], [ 664121.163822199217975, 7172226.23371808975935 ], [ 664157.383428114349954, 7172239.816062087193131 ], [ 664182.737152156070806, 7172248.87095782533288 ], [ 664210.807344840490259, 7172250.681931983679533 ], [ 664224.389697332284413, 7172257.020359905436635 ], [ 664237.972050020936877, 7172264.26427794713527 ], [ 664239.783032342791557, 7172274.224668907932937 ], [ 664232.539114317391068, 7172285.996042082086205 ], [ 664224.389704837463796, 7172291.428984588012099 ], [ 664209.901864245766774, 7172294.145458100363612 ], [ 664180.926181880407967, 7172294.145464382134378 ], [ 664136.557168256025761, 7172294.145473996177316 ], [ 664088.566192366299219, 7172285.090583159588277 ], [ 664041.480706943082623, 7172277.846672372892499 ], [ 663981.718357134843245, 7172255.209432231262326 ], [ 663839.556399182183668, 7172180.053782768547535 ], [ 663791.565419164835475, 7172151.983599331229925 ], [ 663749.007380579947494, 7172128.440865332260728 ], [ 663682.906595947337337, 7172085.882843836210668 ], [ 663638.537577810697258, 7172065.056580593809485 ], [ 663581.491695695091039, 7172030.647968241944909 ], [ 663559.75993097841274, 7172017.06562109105289 ], [ 663477.813069294439629, 7171970.88564251549542 ], [ 663445.215422910638154, 7171953.681337212212384 ], [ 663402.657383951940574, 7171928.32762295473367 ], [ 663365.532284850953147, 7171900.257437154650688 ], [ 663325.690718671539798, 7171886.675093906931579 ], [ 663302.147973423125222, 7171871.281766895204782 ], [ 663280.416209501679987, 7171861.321380231529474 ], [ 663273.172288916772231, 7171861.321381792426109 ], [ 663256.873468183912337, 7171864.037855673581362 ], [ 663241.480138899758458, 7171873.092760218307376 ], [ 663232.425241107819602, 7171886.675114011391997 ], [ 663227.897794470191002, 7171903.879427318461239 ], [ 663227.897799769998528, 7171928.327660636045039 ], [ 663243.291136124287732, 7171951.870400512591004 ], [ 663261.400944856228307, 7171985.373531154356897 ], [ 663279.510753200622275, 7172017.065681551583111 ], [ 663283.132719974732026, 7172046.946854829788208 ], [ 663283.132724293973297, 7172066.867637537419796 ], [ 663280.416259962599725, 7172094.032341811805964 ], [ 663279.510773422312923, 7172110.331164223141968 ], [ 663272.266857152455486, 7172130.251948492601514 ], [ 663266.833918869495392, 7172140.212341018021107 ], [ 663259.589999457472004, 7172145.645283315330744 ], [ 663246.913138424046338, 7172145.6452860487625 ], [ 663233.330788888270035, 7172152.889209958724678 ], [ 663231.519811880891211, 7172167.3770523192361 ], [ 663228.803344996180385, 7172182.77038499712944 ], [ 663236.047269121976569, 7172199.069205653853714 ], [ 663253.251583661534823, 7172213.557043915614486 ], [ 663279.510798945673741, 7172228.044880228117108 ], [ 663292.187664692755789, 7172249.776640451513231 ], [ 663289.471197613398544, 7172264.264483008533716 ], [ 663276.794340701540932, 7172283.279778329655528 ], [ 663268.64493199903518, 7172292.334681319072843 ], [ 663268.644934550044127, 7172304.106052922084928 ], [ 663271.361407326767221, 7172315.877423938363791 ], [ 663280.416310421074741, 7172326.743303467519581 ], [ 663298.526114061241969, 7172336.70369092002511 ], [ 663323.879837897606194, 7172344.853096561506391 ], [ 663341.084152054856531, 7172357.529954579658806 ], [ 663359.193957071285695, 7172373.828772895038128 ], [ 663367.796119256061502, 7172403.709945112466812 ], [ 663373.229062059312128, 7172414.575825420208275 ], [ 663380.472984813619405, 7172424.536215215921402 ], [ 663391.338867272948846, 7172431.780133858323097 ], [ 663405.826709636952728, 7172437.213071474805474 ], [ 663423.936511512147263, 7172439.024047816172242 ], [ 663454.723174032871611, 7172439.024041173048317 ], [ 663472.832975121447816, 7172437.213057016953826 ], [ 663485.50983517547138, 7172432.685603664256632 ], [ 663502.714145598001778, 7172428.158149333670735 ], [ 663507.241595970699564, 7172428.158148355782032 ], [ 663530.784337896853685, 7172428.158143274486065 ], [ 663557.043550240341574, 7172429.063627728261054 ], [ 663587.830214336281642, 7172436.307542068883777 ], [ 663616.805900051142089, 7172451.700867908075452 ], [ 663654.83648887113668, 7172477.96007327362895 ], [ 663677.473743087844923, 7172488.825949864462018 ], [ 663714.598841836443171, 7172515.085155424661934 ], [ 663727.275706024025567, 7172529.572994660586119 ], [ 663741.763554694829509, 7172563.981616225093603 ], [ 663750.818460162729025, 7172585.713377233594656 ], [ 663746.291014517773874, 7172607.445141183212399 ], [ 663737.236118300352246, 7172628.271415982395411 ], [ 663720.031811809865758, 7172650.908672791905701 ], [ 663708.26044635521248, 7172676.262398801743984 ], [ 663702.827511224895716, 7172700.71063331887126 ], [ 663695.583598107332364, 7172735.119259589351714 ], [ 663688.339685976388864, 7172774.05533647723496 ], [ 663679.737532629980706, 7172784.921219823881984 ], [ 663658.911262295441702, 7172791.259655192494392 ], [ 663645.328911765944213, 7172793.976128498092294 ], [ 663637.179502078564838, 7172798.503580875694752 ], [ 663630.841073328745551, 7172806.652993362396955 ], [ 663629.030096325906925, 7172821.140835733152926 ], [ 663633.557551223551854, 7172841.967107605189085 ], [ 663657.100298278266564, 7172865.509845742955804 ], [ 663714.146189910010435, 7172943.381984084844589 ], [ 663757.609717434854247, 7172961.491777171380818 ], [ 663779.341481985058635, 7172974.168634209781885 ], [ 663800.1677556730574, 7172983.223530947230756 ], [ 663822.805011286283843, 7173000.427838410250843 ], [ 663839.103840117109939, 7173034.83645960316062 ], [ 663842.725804751971737, 7173054.757241552695632 ], [ 663852.68620187882334, 7173083.732923371717334 ], [ 663878.945422523422167, 7173122.668993033468723 ], [ 663898.866210083244368, 7173149.833692454732955 ], [ 663907.468372694798745, 7173181.525844944640994 ], [ 663913.806812877301127, 7173225.894859668798745 ], [ 663911.995839821174741, 7173258.492504538968205 ], [ 663910.184865779709071, 7173286.562698790803552 ], [ 663921.050754172028974, 7173320.971321173012257 ], [ 663961.34506724611856, 7173342.703075440600514 ], [ 663982.171340948436409, 7173351.757972178980708 ], [ 664004.808595194015652, 7173362.623848771676421 ], [ 664024.72937862505205, 7173370.773255579173565 ], [ 664043.744673360604793, 7173385.26109345536679 ], [ 664057.327028237748891, 7173402.465402882546186 ], [ 664071.814874374307692, 7173425.102652862668037 ], [ 664071.814879699377343, 7173449.550886226817966 ], [ 664065.476451935712248, 7173462.227749345824122 ], [ 664046.461164297768846, 7173480.337555956095457 ], [ 664032.878817900433205, 7173502.06932189129293 ], [ 664022.012941924855113, 7173524.706577366217971 ], [ 664022.012946461327374, 7173545.532850233837962 ], [ 664024.729419447830878, 7173558.209711394272745 ], [ 664031.067851751693524, 7173566.359121144749224 ], [ 664043.744714388041757, 7173573.603039398789406 ], [ 664068.192948397016153, 7173582.657935352064669 ], [ 664083.586281259777024, 7173589.901853018440306 ], [ 664100.79059446870815, 7173598.051260413601995 ], [ 664109.845497394097038, 7173608.01164982561022 ], [ 664127.955300088389777, 7173613.444586653262377 ], [ 664150.592553356662393, 7173619.783012620173395 ], [ 664157.836475145071745, 7173625.215951804071665 ], [ 664169.607846128521487, 7173625.21594925224781 ], [ 664183.190197853604332, 7173627.932416683062911 ], [ 664191.339609916321933, 7173634.270845789462328 ], [ 664196.772553329821676, 7173647.853196484968066 ], [ 664197.678046959568746, 7173664.15201853774488 ], [ 664204.921970722032711, 7173678.639858966693282 ], [ 664216.693346444517374, 7173700.371619414538145 ], [ 664233.897662816569209, 7173723.008868812583387 ], [ 664256.534922806313261, 7173760.133959030732512 ], [ 664268.306296751601622, 7173773.716308354400098 ], [ 664276.908453657757491, 7173779.149247238412499 ], [ 664291.396293484722264, 7173772.810813222080469 ], [ 664311.317073372425511, 7173764.661397776566446 ], [ 664330.332364964997396, 7173764.661393649876118 ], [ 664347.536677588592283, 7173770.094330668449402 ], [ 664364.74099218857009, 7173784.582168936729431 ], [ 664387.378251790883951, 7173819.896278906613588 ], [ 664406.393545950646512, 7173831.66764640621841 ], [ 664430.841779973823577, 7173840.72254235111177 ], [ 664447.140603907639161, 7173852.493910439312458 ], [ 664461.628447099588811, 7173861.548808548599482 ], [ 664493.320599556085654, 7173860.643311543390155 ], [ 664510.524911391781643, 7173862.454288057982922 ], [ 664525.918246438959613, 7173879.658597091212869 ], [ 664535.878643008531071, 7173905.917808560654521 ], [ 664540.406100510270335, 7173938.515452085994184 ], [ 664544.933558606076986, 7173973.829565988853574 ], [ 664541.311607997631654, 7174018.198582919314504 ], [ 664533.162204433348961, 7174050.796229205094278 ], [ 664532.256724247476086, 7174096.070735676214099 ], [ 664532.256729589658789, 7174120.518969061784446 ], [ 664526.823794868658297, 7174146.778183882124722 ], [ 664516.863409768673591, 7174173.037399685010314 ], [ 664509.619493113830686, 7174191.147203771397471 ], [ 664508.261264922097325, 7174222.839358465746045 ], [ 664504.63930956076365, 7174245.476612390950322 ], [ 664504.639315494219773, 7174272.641316161490977 ], [ 664502.828341473126784, 7174300.711510451510549 ], [ 664507.35579779103864, 7174327.876213239505887 ], [ 664513.694236434064806, 7174365.001307021826506 ], [ 664527.276599051197991, 7174417.519731368869543 ], [ 664542.669937476050109, 7174450.117372559383512 ], [ 664553.535827491083182, 7174491.769915989600122 ], [ 664565.307203632546589, 7174515.312656712718308 ], [ 664580.700540870893747, 7174542.4773571472615 ], [ 664588.849957892205566, 7174571.453039411455393 ], [ 664613.750942324288189, 7174604.956168666481972 ], [ 664627.33330812107306, 7174671.962435049936175 ], [ 664625.522335883462802, 7174708.182040490210056 ], [ 664623.711362263537012, 7174738.063215048983693 ], [ 664622.805879310006276, 7174770.660859792493284 ], [ 664625.522354884888045, 7174795.109092613682151 ], [ 664640.010203441604972, 7174828.612224139273167 ], [ 664664.005700180307031, 7174872.98123512044549 ], [ 664676.682564230519347, 7174886.563584262505174 ], [ 664690.264918947126716, 7174902.862403583712876 ], [ 664704.752765527693555, 7174927.310633849352598 ], [ 664715.618656947510317, 7174975.30160819273442 ], [ 664725.579056314658374, 7175014.237681470811367 ], [ 664736.444941993104294, 7175035.969442147761583 ], [ 664750.932786594377831, 7175051.362771148793399 ], [ 664763.609651837265119, 7175070.378061052411795 ], [ 664777.192007948411629, 7175093.015311263501644 ], [ 664790.774363268632442, 7175112.030600969679654 ], [ 664807.978676323546097, 7175119.274518242105842 ], [ 664824.277497519156896, 7175118.369024571031332 ], [ 664838.765337369288318, 7175112.030590531416237 ], [ 664850.536710156360641, 7175120.179999113082886 ], [ 664864.119062702869996, 7175126.518427042290568 ], [ 664878.606905330554582, 7175132.856854777783155 ], [ 664889.472786852275021, 7175135.573322791606188 ], [ 664908.48807688918896, 7175128.329397639259696 ], [ 664925.692387368530035, 7175123.801943261176348 ], [ 664943.802184748928994, 7175104.786646658554673 ], [ 664964.628452563192695, 7175086.676839589141309 ], [ 665009.902952857548371, 7175070.37800744920969 ], [ 665049.744514671852812, 7175063.13407775759697 ], [ 665102.262933397782035, 7175036.874852639622986 ], [ 665141.199002349632792, 7175016.954061372205615 ], [ 665173.796642943518236, 7175006.993662871420383 ], [ 665202.772324224351905, 7175001.560715792700648 ], [ 665223.145848577376455, 7174990.694829830899835 ], [ 665243.066624514409341, 7174964.435611817054451 ], [ 665253.93250047264155, 7174941.79835628438741 ], [ 665268.420335548697039, 7174913.728159202262759 ], [ 665279.286211705184542, 7174891.996393794193864 ], [ 665295.585027727298439, 7174867.548156823962927 ], [ 665311.883845139062032, 7174849.438350740820169 ], [ 665331.804622259922326, 7174828.612073486670852 ], [ 665344.481480951770209, 7174817.746189203113317 ], [ 665351.725401370902546, 7174816.840697498060763 ], [ 665363.496772371348925, 7174816.840694927610457 ], [ 665369.835204899776727, 7174825.895594807341695 ], [ 665377.079129491234198, 7174844.005395755171776 ], [ 665385.228545355028473, 7174867.548137261532247 ], [ 665392.472469747299328, 7174884.75244808383286 ], [ 665389.756004687631503, 7174908.295191964134574 ], [ 665384.323070386890322, 7174936.365387072786689 ], [ 665382.512097192229703, 7174968.057541895657778 ], [ 665378.890141655108891, 7174989.789305723272264 ], [ 665377.079164879862219, 7175005.182638272643089 ], [ 665391.567011883715168, 7175031.44184878282249 ], [ 665402.43289718485903, 7175051.362629195675254 ], [ 665402.432900762418285, 7175067.66145147383213 ], [ 665391.567028981866315, 7175109.313999675214291 ], [ 665385.228603411465883, 7175131.951254226267338 ], [ 665385.228608581470326, 7175155.49399752356112 ], [ 665391.56704886641819, 7175199.863012352958322 ], [ 665390.661564158042893, 7175224.31124597415328 ], [ 665384.323135008104146, 7175230.649678248912096 ], [ 665369.835295953787863, 7175240.610072804614902 ], [ 665359.874906692537479, 7175247.853995993733406 ], [ 665350.820008700480685, 7175260.530859749764204 ], [ 665347.198051968822256, 7175276.829682825133204 ], [ 665340.859624208183959, 7175289.506545981392264 ], [ 665331.804725420894101, 7175298.561449228785932 ], [ 665316.86414073035121, 7175305.805373502895236 ], [ 665307.809240749455057, 7175309.427335988730192 ], [ 665294.226892368169501, 7175322.104200728237629 ], [ 665286.982973337755539, 7175329.348123325966299 ], [ 665274.306114634266123, 7175340.214007616043091 ], [ 665270.684156312490813, 7175349.268909673206508 ], [ 665266.156707512913272, 7175356.51283167861402 ], [ 665259.818279155995697, 7175366.473224457353354 ], [ 665260.723773206118494, 7175384.583026801235974 ], [ 665268.873186885728501, 7175398.165376929566264 ], [ 665282.455541627132334, 7175414.464196255430579 ], [ 665306.903778494568542, 7175436.195953972637653 ], [ 665334.973973885411397, 7175449.778299754485488 ], [ 665364.855151023250073, 7175470.604566155001521 ], [ 665408.318676942726597, 7175480.564948067069054 ], [ 665430.955929087474942, 7175481.470433251932263 ], [ 665448.160240962053649, 7175483.281409750692546 ], [ 665459.931613166234456, 7175488.714347942732275 ], [ 665471.70298596995417, 7175496.863756518810987 ], [ 665474.419458789052442, 7175508.635127576068044 ], [ 665476.230442724423483, 7175525.839439597912133 ], [ 665480.757896694121882, 7175542.138260898180306 ], [ 665488.907309581409208, 7175552.098650518804789 ], [ 665513.35554566513747, 7175570.208447724580765 ], [ 665539.614761504577473, 7175586.507264280691743 ], [ 665555.913583505200222, 7175589.223731098696589 ], [ 665574.023385859327391, 7175592.845687652006745 ], [ 665587.605738223064691, 7175598.278625447303057 ], [ 665600.282600906677544, 7175605.522543696686625 ], [ 665619.29789751896169, 7175628.159792721271515 ], [ 665634.69123441982083, 7175653.5135129224509 ], [ 665638.313204292557202, 7175696.977038247510791 ], [ 665647.368115626042709, 7175744.968013024888933 ], [ 665653.253806310705841, 7175768.510755050927401 ], [ 665666.836161664454266, 7175787.526044759899378 ], [ 665679.513028138200752, 7175811.974275432527065 ], [ 665682.229502952541225, 7175832.800547773018479 ], [ 665685.851469838293269, 7175862.68172119371593 ], [ 665681.324024426750839, 7175885.318975375965238 ], [ 665662.308735969010741, 7175899.80682157445699 ], [ 665654.159328052541241, 7175912.483685145154595 ], [ 665644.198942567454651, 7175936.93192077241838 ], [ 665628.805615616613068, 7175956.852706948295236 ], [ 665615.223267029388808, 7175968.624081576243043 ], [ 665596.207978767342865, 7175984.017417907714844 ], [ 665579.909160939278081, 7176000.316243767738342 ], [ 665568.137792110675946, 7176010.276637747883797 ], [ 665544.595051464857534, 7176016.615073785185814 ], [ 665532.823682034038939, 7176023.858997382223606 ], [ 665521.95780388044659, 7176036.535861546173692 ], [ 665513.808399341185577, 7176064.606057289987803 ], [ 665513.808404716663063, 7176089.054290741682053 ], [ 665509.280959296040237, 7176111.691544929519296 ], [ 665508.375471804407425, 7176123.462916789576411 ], [ 665508.828219429589808, 7176135.234288355335593 ], [ 665497.96233928296715, 7176138.856251239776611 ], [ 665476.230577399255708, 7176138.856255987659097 ], [ 665455.404305590782315, 7176138.856260536238551 ], [ 665441.821955406107008, 7176143.383714143186808 ], [ 665418.279216745519079, 7176158.777051454409957 ], [ 665410.129809815436602, 7176175.981365666724741 ], [ 665400.169424717547372, 7176202.240581556223333 ], [ 665400.169429689412937, 7176224.877834755927324 ], [ 665405.602375329937786, 7176248.420576902106404 ], [ 665407.413359462982044, 7176266.530379069969058 ], [ 665401.980423764092848, 7176288.262143330648541 ], [ 665382.965136880986392, 7176309.993910556659102 ], [ 665373.910240269149654, 7176329.00920522492379 ], [ 665361.233381749480031, 7176340.780579660087824 ], [ 665345.84005140257068, 7176345.308033658191562 ], [ 665335.879662920255214, 7176356.173917372711003 ], [ 665330.44672582577914, 7176371.567250739783049 ], [ 665330.446728609502316, 7176384.244112532585859 ], [ 665326.824772467720322, 7176403.259406019933522 ], [ 665315.958895095973276, 7176419.558230697177351 ], [ 665306.903999873786233, 7176444.911956269294024 ], [ 665299.660085004288703, 7176471.171171572059393 ], [ 665289.699697910109535, 7176488.375486182048917 ], [ 665269.778919749194756, 7176504.674312840215862 ], [ 665246.68892511841841, 7176515.540199415758252 ], [ 665231.295594369992614, 7176518.256673159077764 ], [ 665219.524223741260357, 7176520.067655984312296 ], [ 665199.603444781270809, 7176532.744522127322853 ], [ 665193.265018002595752, 7176549.948835946619511 ], [ 665203.225415225955658, 7176578.924517885781825 ], [ 665208.658358878805302, 7176593.412358759902418 ], [ 665209.563855311949737, 7176622.388042676262558 ], [ 665209.563860278460197, 7176645.025295889005065 ], [ 665230.390138056362048, 7176672.18999520689249 ], [ 665251.21641246159561, 7176683.961362338624895 ], [ 665274.30641345330514, 7176702.071159874089062 ], [ 665279.739357704296708, 7176719.27547113224864 ], [ 665285.172302352031693, 7176738.290762653574347 ], [ 665289.699755331501365, 7176750.062133336439729 ], [ 665288.794267438701354, 7176760.022524951025844 ], [ 665278.83387994277291, 7176775.415859311819077 ], [ 665260.724082330940291, 7176793.525665838271379 ], [ 665249.858204357791692, 7176807.108020137064159 ], [ 665245.330757336225361, 7176822.501353316009045 ], [ 665248.047230555908754, 7176836.083704655058682 ], [ 665261.629583534202538, 7176844.23311285302043 ], [ 665279.739384527667426, 7176841.516638515517116 ], [ 665299.66016051126644, 7176815.257420433685184 ], [ 665305.093099596910179, 7176808.918988347053528 ], [ 665310.526040073484182, 7176808.918987164273858 ], [ 665325.91937221668195, 7176812.54094432014972 ], [ 665340.407216669525951, 7176827.028783218003809 ], [ 665368.477415292290971, 7176855.098971088416874 ], [ 665386.587221849476919, 7176877.736220355145633 ], [ 665392.020172666059807, 7176924.821705874055624 ], [ 665402.886061571538448, 7176961.041308658197522 ], [ 665413.751949685858563, 7176993.638950930908322 ], [ 665421.901368752238341, 7177031.669534570537508 ], [ 665441.82215627329424, 7177057.928743965923786 ], [ 665448.160590210929513, 7177073.322074776515365 ], [ 665468.986864032922313, 7177082.376971518620849 ], [ 665480.758235268993303, 7177083.282459077425301 ], [ 665496.151564435800537, 7177073.322064294479787 ], [ 665505.206464435206726, 7177069.700101802125573 ], [ 665529.654695195145905, 7177063.36166555993259 ], [ 665558.630377745488659, 7177063.361659227870405 ], [ 665573.118220810894854, 7177071.511067224666476 ], [ 665585.795085310935974, 7177086.904396647587419 ], [ 665590.322539093671367, 7177102.297727854922414 ], [ 665589.417054784367792, 7177128.556941797956824 ], [ 665586.700594497378916, 7177173.831448853947222 ], [ 665566.779822297510691, 7177217.294979410246015 ], [ 665556.819438183330931, 7177248.081645983271301 ], [ 665548.217287996667437, 7177273.435371484607458 ], [ 665543.689841178827919, 7177289.734194802120328 ], [ 665546.40631300851237, 7177296.978115241974592 ], [ 665559.083176318788901, 7177306.938503897748888 ], [ 665571.760039029759355, 7177314.18242216296494 ], [ 665582.625922974431887, 7177327.764771728776395 ], [ 665589.869847993832082, 7177347.685552993789315 ], [ 665585.342402569251135, 7177370.322807219810784 ], [ 665582.625935316784307, 7177383.905159754678607 ], [ 665585.342406949144788, 7177390.243590068072081 ], [ 665600.735741096548736, 7177402.920448517426848 ], [ 665609.790643093059771, 7177408.353387316688895 ], [ 665617.940056004328653, 7177418.313776958733797 ], [ 665618.845548273297027, 7177428.274168185889721 ], [ 665609.790649264352396, 7177436.42358133289963 ], [ 665587.153399051399902, 7177444.572997443377972 ], [ 665566.327129399171099, 7177454.533393422141671 ], [ 665554.555760146351531, 7177462.682807160541415 ], [ 665543.689883760293014, 7177483.50908251106739 ], [ 665533.729495863779448, 7177497.091436633840203 ], [ 665531.918524856679142, 7177538.743982994928956 ], [ 665531.918530624359846, 7177565.003196752630174 ], [ 665509.73403241392225, 7177604.844767310656607 ], [ 665497.962666940293275, 7177630.198493514209986 ], [ 665488.907770114252344, 7177648.308298088610172 ], [ 665476.230915551655926, 7177678.189475141465664 ], [ 665469.892490754602477, 7177704.448690289631486 ], [ 665441.822304227622226, 7177731.613400317728519 ], [ 665418.27957426419016, 7177786.848303385078907 ], [ 665398.358798854285851, 7177815.823991893790662 ], [ 665353.989792656619102, 7177851.138116648420691 ], [ 665328.636077156057581, 7177881.924786601215601 ], [ 665305.998830900760368, 7177908.184005313552916 ], [ 665288.794525329489261, 7177935.348712969571352 ], [ 665274.306690195924602, 7177963.418910166248679 ], [ 665258.007873906986788, 7177986.961657106876373 ], [ 665225.749794494127855, 7178008.467054732143879 ], [ 665198.58509728347417, 7178032.236176574602723 ], [ 665172.552263415651396, 7178059.400886158458889 ], [ 665160.101781502831727, 7178089.961180769838393 ], [ 665163.497375013190322, 7178115.994021279737353 ], [ 665197.453259997302666, 7178147.686168441548944 ], [ 665257.441985563840717, 7178182.773897914215922 ], [ 665295.925319715985097, 7178208.806730773299932 ], [ 665347.991011796635576, 7178265.399852572008967 ], [ 665370.628270038985647, 7178293.696414214558899 ], [ 665393.265530267730355, 7178331.047877160832286 ], [ 665414.770934607484378, 7178398.959632268175483 ], [ 665429.485156380920671, 7178435.179234283976257 ], [ 665438.540063160704449, 7178462.343936233781278 ], [ 665444.906802661018446, 7178518.65410235337913 ], [ 665435.003012043889612, 7178551.195156094618142 ], [ 665427.928879791405052, 7178592.225179197266698 ], [ 665405.291646081837825, 7178675.700055589899421 ], [ 665382.654409568756819, 7178746.441477023996413 ], [ 665357.187514373334125, 7178807.279100772924721 ], [ 665344.454071277170442, 7178858.212923432700336 ], [ 665344.454079973278567, 7178897.828116675838828 ], [ 665352.943055388634093, 7178924.709853099659085 ], [ 665376.995139729464427, 7178943.102616144344211 ], [ 665410.951019975822419, 7178953.006407045759261 ], [ 665440.662415774073452, 7178964.325027203187346 ], [ 665459.055187413701788, 7178984.132619811221957 ], [ 665471.788651327369735, 7179027.99229527451098 ], [ 665474.618315600557253, 7179063.363002919591963 ], [ 665476.740563886472955, 7179090.244740736670792 ], [ 665479.570227540214546, 7179122.785791722126305 ], [ 665490.888861957937479, 7179160.986154178157449 ], [ 665506.45198486733716, 7179216.164455678313971 ], [ 665496.548196106334217, 7179257.194479435682297 ], [ 665466.836804331745952, 7179264.26862758025527 ], [ 665434.295752322068438, 7179254.364836364984512 ], [ 665405.999186319997534, 7179250.120357550680637 ], [ 665356.480197754688561, 7179251.53519668802619 ], [ 665294.22775521571748, 7179254.364866930991411 ], [ 665241.879112316877581, 7179265.683504994958639 ], [ 665193.774952001869678, 7179267.098343811929226 ], [ 665147.085620871512219, 7179272.757667314261198 ], [ 665079.173868107609451, 7179288.320793749764562 ], [ 665023.995572411688045, 7179316.61737238522619 ], [ 664990.039699590415694, 7179340.669461405836046 ], [ 664951.131926639238372, 7179359.062238177284598 ], [ 664920.005707220756449, 7179368.966043271124363 ], [ 664877.560863013379276, 7179384.529164148494601 ], [ 664852.093958159093745, 7179401.507109662517905 ], [ 664836.530855723773129, 7179439.707477987743914 ], [ 664829.456726836506277, 7179496.300612779334188 ], [ 664822.382598256343044, 7179554.30857590213418 ], [ 664822.382606920436956, 7179593.923769187182188 ], [ 664822.382616827148013, 7179639.198275797069073 ], [ 664835.116075139609165, 7179657.591041335836053 ], [ 664867.657128085615113, 7179671.739317575469613 ], [ 664894.538872352568433, 7179705.695191688835621 ], [ 664903.02785519126337, 7179766.532808108255267 ], [ 664922.835467171855271, 7179841.518705390393734 ], [ 664922.83547615353018, 7179882.548727017827332 ], [ 664914.346518082893454, 7179934.897377155721188 ], [ 664908.687219000072218, 7179998.564653337001801 ], [ 664908.687229837989435, 7180048.083644967526197 ], [ 664925.665172304026783, 7180063.646752929314971 ], [ 664970.93967677897308, 7180065.061571409925818 ], [ 665014.799353308160789, 7180067.891218524426222 ], [ 665072.807310838834383, 7180063.646720893681049 ], [ 665140.719066464225762, 7180060.817049434408545 ], [ 665169.015631566056982, 7180060.817043269053102 ], [ 665204.386339806369506, 7180069.306005554273725 ], [ 665244.708950973581523, 7180096.187735078856349 ], [ 665284.324148638639599, 7180125.899121425114572 ], [ 665315.450375528656878, 7180149.951196288689971 ], [ 665356.480401454376988, 7180179.662582322955132 ], [ 665401.754920534323901, 7180247.574332411400974 ], [ 665427.221839383244514, 7180294.263661836273968 ], [ 665438.54049463220872, 7180427.257522666826844 ], [ 665442.785000833682716, 7180524.880676733329892 ], [ 665420.855177464429289, 7180591.377613184973598 ], [ 665408.12172968161758, 7180621.089010968804359 ], [ 665392.558625074801967, 7180649.385581035166979 ], [ 665375.580693455180153, 7180683.341464744880795 ], [ 665352.943450046703219, 7180722.956663026474416 ], [ 665317.572756985668093, 7180783.794289091601968 ], [ 665285.031710812239908, 7180800.772236192598939 ], [ 665248.246179243316874, 7180814.920527555048466 ], [ 665204.386508565745316, 7180838.972618792206049 ], [ 665167.600979167385958, 7180863.024708485230803 ], [ 665152.037874234491028, 7180889.906450221315026 ], [ 665111.007864711107686, 7180935.180965851992369 ], [ 665077.051991818239912, 7180959.233054926618934 ], [ 665013.384727079886943, 7180990.359292142093182 ], [ 664992.162304156809114, 7180994.603781763464212 ], [ 664972.354712896398269, 7181014.41138275526464 ], [ 664962.450924081495032, 7181055.441406604833901 ], [ 664945.472993667470291, 7181095.056603660807014 ], [ 664934.15437690296676, 7181137.501456157304347 ], [ 664931.324725962942466, 7181162.968366792425513 ], [ 664936.984047354664654, 7181201.168730592355132 ], [ 664946.887851040344685, 7181228.050466794520617 ], [ 664946.887857853900641, 7181259.17669015750289 ], [ 664924.250618431484327, 7181317.184656807221472 ], [ 664911.517168139107525, 7181335.577427931129932 ], [ 664901.613374980865046, 7181356.79985510930419 ], [ 664895.954068452352658, 7181386.51125137321651 ], [ 664887.465106337447651, 7181420.467133259400725 ], [ 664898.076325701433234, 7181454.423010991886258 ], [ 664898.076331892632879, 7181482.719577694311738 ], [ 664903.73565111705102, 7181511.016143163666129 ], [ 664906.565316302818246, 7181550.631335933692753 ], [ 664906.565324353752658, 7181587.416872650384903 ], [ 664885.342906677396968, 7181615.713443974032998 ], [ 664840.068410774692893, 7181653.913818877190351 ], [ 664801.868051517754793, 7181670.891767209395766 ], [ 664716.978364688693546, 7181710.506979057565331 ], [ 664694.341115960036404, 7181726.070095665752888 ], [ 664673.118696413119324, 7181745.877696974202991 ], [ 664649.066621588426642, 7181771.344612242653966 ], [ 664629.259027517167851, 7181778.418758222833276 ], [ 664612.281091818003915, 7181793.981873604469001 ], [ 664592.473502689856105, 7181823.693272953853011 ], [ 664586.814195216167718, 7181849.160184228792787 ], [ 664572.66592313721776, 7181897.264350717887282 ], [ 664542.954537432990037, 7181932.635065568611026 ], [ 664494.85037972999271, 7181946.783359369263053 ], [ 664443.916567664477043, 7181970.835452133789659 ], [ 664422.694148108130321, 7181990.643053440377116 ], [ 664411.375529445125721, 7182024.598935961723328 ], [ 664398.642083758837543, 7182064.214132135733962 ], [ 664380.956735460786149, 7182086.851389350369573 ], [ 664358.31948763737455, 7182106.65899096801877 ], [ 664317.289472446311265, 7182126.466596570797265 ], [ 664277.674283664207906, 7182137.785231847316027 ], [ 664242.303579347208142, 7182147.689037868753076 ], [ 664218.251503260107711, 7182167.49663978908211 ], [ 664202.688397959456779, 7182192.963553216308355 ], [ 664195.614262828254141, 7182221.260121478699148 ], [ 664195.614270227728412, 7182255.216001553460956 ], [ 664184.295654017594643, 7182300.490510776638985 ], [ 664171.562207082984969, 7182334.446393616497517 ], [ 664163.073243383318186, 7182361.328133851289749 ], [ 664175.806708197575063, 7182409.432294544763863 ], [ 664185.710510019795038, 7182427.825060779228806 ], [ 664205.518114903825335, 7182470.269906597211957 ], [ 664218.251577564748004, 7182508.470268938690424 ], [ 664229.570210734265856, 7182541.011318238452077 ], [ 664236.644357892218977, 7182567.893055112101138 ], [ 664233.814708155230619, 7182599.019279142841697 ], [ 664205.518157449085265, 7182665.516217121854424 ], [ 664195.614368877373636, 7182707.961069389246404 ], [ 664182.88092594104819, 7182760.309720637276769 ], [ 664181.466106929117814, 7182802.754571067169309 ], [ 664187.832839956856333, 7182829.636308105662465 ], [ 664197.736639935639687, 7182839.540104323066771 ], [ 664224.618379968218505, 7182853.688381877727807 ], [ 664255.74460786068812, 7182881.984941887669265 ], [ 664272.722555005806498, 7182918.770474990829825 ], [ 664258.57428751362022, 7182988.097066611982882 ], [ 664248.670501096406952, 7183040.445717263966799 ], [ 664230.277737408410758, 7183057.423661305569112 ], [ 664210.470145149854943, 7183072.986777316778898 ], [ 664197.736694809515029, 7183091.379548470489681 ], [ 664190.662558437790722, 7183114.016803413629532 ], [ 664192.077393789542839, 7183146.557854885235429 ], [ 664197.736713306745514, 7183176.269248763099313 ], [ 664211.885000233072788, 7183196.076842436566949 ], [ 664241.596395563450642, 7183204.565806031227112 ], [ 664288.285728485323489, 7183205.980624251067638 ], [ 664359.027141844853759, 7183207.395437253639102 ], [ 664421.279590887133963, 7183232.862333843484521 ], [ 664453.820654476294294, 7183295.114773681387305 ], [ 664465.139288593665697, 7183331.900308025069535 ], [ 664489.191375210881233, 7183360.196869580075145 ], [ 664494.8506919631036, 7183377.174808416515589 ], [ 664508.99898260529153, 7183413.960342154838145 ], [ 664511.82865179143846, 7183471.968303429894149 ], [ 664500.510039596585557, 7183535.635581139475107 ], [ 664496.265559445135295, 7183556.85800714418292 ], [ 664487.776597287040204, 7183590.813889125362039 ], [ 664476.457979220314883, 7183627.599428400397301 ], [ 664472.213502463651821, 7183664.384966138750315 ], [ 664465.139370415592566, 7183706.829817853868008 ], [ 664463.724551725899801, 7183750.68949668109417 ], [ 664452.405935200047679, 7183794.549177657812834 ], [ 664450.991116200224496, 7183836.994028151035309 ], [ 664452.405949709471315, 7183861.046109615825117 ], [ 664472.213547233957797, 7183869.535075357183814 ], [ 664506.169425839441828, 7183870.949896330013871 ], [ 664533.051163747324608, 7183875.194375515915453 ], [ 664542.954965290147811, 7183892.172313440591097 ], [ 664540.125314017524943, 7183916.224395830184221 ], [ 664513.243583518313244, 7183945.935796801000834 ], [ 664497.680484986049123, 7184002.528933769091964 ], [ 664467.969098571920767, 7184035.06999203376472 ], [ 664439.672538877930492, 7184060.536908293142915 ], [ 664418.450122345238924, 7184094.492793053388596 ], [ 664394.398052063770592, 7184141.18213349673897 ], [ 664375.297877612989396, 7184173.723189461044967 ], [ 664373.883055214537308, 7184200.604928232729435 ], [ 664358.319952654303052, 7184238.805296793580055 ], [ 664355.490304766921327, 7184278.420490937307477 ], [ 664358.319967773044482, 7184308.131885473616421 ], [ 664371.053426152211614, 7184326.524651140905917 ], [ 664403.594478056882508, 7184335.013614125549793 ], [ 664436.135528417304158, 7184336.428435408510268 ], [ 664465.846920396899804, 7184329.354287263937294 ], [ 664511.121421423042193, 7184313.791165692731738 ], [ 664523.854875792283565, 7184313.791162927635014 ], [ 664550.736618659691885, 7184340.672895564697683 ], [ 664550.736623911885545, 7184364.724977353587747 ], [ 664539.41801201319322, 7184429.807083480060101 ], [ 664540.83284490997903, 7184451.029508283361793 ], [ 664546.492162288865075, 7184470.837103825062513 ], [ 664546.492165684816428, 7184486.400215573608875 ], [ 664557.81079611950554, 7184506.207809887826443 ], [ 664594.596330041647889, 7184501.963316881097853 ], [ 664610.159438466653228, 7184490.644686774350703 ], [ 664635.626346591743641, 7184487.815024562180042 ], [ 664648.359801889979281, 7184492.059506820514798 ], [ 664655.433946916367859, 7184509.037445375695825 ], [ 664646.944983515306376, 7184537.334014035761356 ], [ 664645.530164833879098, 7184581.193692911416292 ], [ 664645.530171942315064, 7184613.734744755551219 ], [ 664645.53018090641126, 7184654.764766646549106 ], [ 664645.530189251410775, 7184692.96513185929507 ], [ 664620.063287301454693, 7184724.09136089682579 ], [ 664584.692583795054816, 7184738.239651989191771 ], [ 664566.299821307417005, 7184760.87690944224596 ], [ 664534.466217181645334, 7184906.604235522449017 ], [ 664531.63657578616403, 7184975.930824877694249 ], [ 664523.147620406234637, 7185041.012930443510413 ], [ 664516.073497922858223, 7185127.317460835911334 ], [ 664506.169717054115608, 7185205.133021803572774 ], [ 664510.414220685721375, 7185291.437549756839871 ], [ 664510.414229952380992, 7185333.882400028407574 ], [ 664511.829066864796914, 7185373.497593311592937 ], [ 664513.243900685803965, 7185398.964503169059753 ], [ 664508.999421451706439, 7185424.431414255872369 ], [ 664487.777003338327631, 7185451.313157370314002 ], [ 664469.384241756284609, 7185478.194899871945381 ], [ 664458.065623042057268, 7185512.15078255161643 ], [ 664455.235973612871021, 7185544.691835049539804 ], [ 664446.039596369955689, 7185574.403232243843377 ], [ 664423.402347516734153, 7185589.966348925605416 ], [ 664392.276128144701943, 7185601.284982416778803 ], [ 664361.149909697007388, 7185616.848100937902927 ], [ 664341.342317064874806, 7185630.996388660743833 ], [ 664318.705067280912772, 7185642.315020311623812 ], [ 664297.482648233184591, 7185664.952278399839997 ], [ 664280.504717372008599, 7185703.152647342532873 ], [ 664273.430584985530004, 7185744.182670826092362 ], [ 664262.111965640913695, 7185775.308896826580167 ], [ 664238.05989098129794, 7185802.190640562213957 ], [ 664215.422644582693465, 7185829.072383988648653 ], [ 664205.518853193963878, 7185858.783781344071031 ], [ 664199.152136168442667, 7185905.473118057474494 ], [ 664199.15214048163034, 7185925.280714866705239 ], [ 664194.907663389807567, 7185960.651424374431372 ], [ 664192.078015179955401, 7185998.851790263317525 ], [ 664179.344566637184471, 7186025.733531553298235 ], [ 664165.196285516256467, 7186032.807676335796714 ], [ 664135.484892538515851, 7186035.637339456006885 ], [ 664108.60315547673963, 7186035.637345273979008 ], [ 664081.721418724395335, 7186037.05217943713069 ], [ 664057.669339120853692, 7186041.29666967317462 ], [ 664032.202432176098228, 7186049.785645242780447 ], [ 663996.831728900782764, 7186065.348764676600695 ], [ 663965.70551381027326, 7186096.474994974210858 ], [ 663938.823785674991086, 7186137.505022760480642 ], [ 663913.35688148974441, 7186158.727453425526619 ], [ 663890.719630765262991, 7186165.801600036211312 ], [ 663839.785817780299112, 7186187.024036206305027 ], [ 663797.340971319819801, 7186194.098187097348273 ], [ 663754.896124548278749, 7186199.757509644143283 ], [ 663722.355076876701787, 7186211.076143423095345 ], [ 663695.47334380238317, 7186229.468917699530721 ], [ 663686.98438004066702, 7186256.350658070296049 ], [ 663695.473356094444171, 7186286.062051467597485 ], [ 663722.355095620150678, 7186297.380672415718436 ], [ 663754.896149446954951, 7186314.358605518005788 ], [ 663770.459264684701338, 7186334.166198978200555 ], [ 663791.681696989573538, 7186372.366559688001871 ], [ 663812.904123761574738, 7186385.100010205060244 ], [ 663838.371035334304906, 7186397.833459801971912 ], [ 663887.890038523823023, 7186461.500724603421986 ], [ 663909.112467453000136, 7186484.137973526492715 ], [ 663940.23869086895138, 7186491.212108519859612 ], [ 663978.43905746913515, 7186506.775212050415576 ], [ 664012.394940193044022, 7186526.582801532000303 ], [ 664035.032199859037064, 7186560.538676908239722 ], [ 664053.424974415567704, 7186593.079724857583642 ], [ 664076.062230695970356, 7186611.472488441504538 ], [ 664114.970008975709789, 7186615.716965054161847 ], [ 664127.70346430526115, 7186619.961447332054377 ], [ 664171.563139364123344, 7186614.302124460227787 ], [ 664189.955908073810861, 7186619.961433854885399 ], [ 664236.645247064298019, 7186648.257990641519427 ], [ 664294.653216824983247, 7186697.776970148086548 ], [ 664322.949784026714042, 7186706.265934085473418 ], [ 664354.076012083212845, 7186734.562494236975908 ], [ 664376.713269918458536, 7186760.029399544931948 ], [ 664392.276388269267045, 7186793.985276453197002 ], [ 664403.595020891632885, 7186823.696669248864055 ], [ 664405.009858417557552, 7186866.141519300639629 ], [ 664402.18020805134438, 7186894.43808682076633 ], [ 664402.180215149652213, 7186926.979138765484095 ], [ 664424.817473917501047, 7186956.690529111772776 ], [ 664463.017838390311226, 7186962.349834211170673 ], [ 664515.366486163111404, 7186970.838792925700545 ], [ 664552.152026384603232, 7186994.890866821631789 ], [ 664576.204110957914963, 7187013.283630091696978 ], [ 664605.91550489992369, 7187014.698451986536384 ], [ 664658.264145876979455, 7186992.061187090352178 ], [ 664693.634845469845459, 7186959.520127460360527 ], [ 664726.175892235478386, 7186943.957008592784405 ], [ 664758.716941472142935, 7186939.712516486644745 ], [ 664784.183851224021055, 7186943.956995989196002 ], [ 664806.113693399820477, 7186962.34975971467793 ], [ 664813.187839071732014, 7186982.157355013303459 ], [ 664810.358186249039136, 7186999.13529577665031 ], [ 664804.698878126218915, 7187021.772550534456968 ], [ 664807.528539920225739, 7187045.824631797149777 ], [ 664814.602683116681874, 7187054.313600331544876 ], [ 664828.750966418185271, 7187057.143253948539495 ], [ 664847.143729264382273, 7187035.920824764296412 ], [ 664876.855121040949598, 7187027.431848229840398 ], [ 664915.055478709749877, 7187001.964929699897766 ], [ 664957.500318084843457, 7186962.349726792424917 ], [ 664982.967222885345109, 7186943.956952759996057 ], [ 665026.826896410435438, 7186931.223488107323647 ], [ 665072.101400984451175, 7186931.223478252999485 ], [ 665128.694533876609057, 7186941.12726434879005 ], [ 665162.650415717973374, 7186956.690368752926588 ], [ 665186.702503405977041, 7186989.231415458023548 ], [ 665205.095278024673462, 7187021.772463401779532 ], [ 665233.391850209911354, 7187052.898680841550231 ], [ 665271.592217796947807, 7187072.706269355490804 ], [ 665311.207409620285034, 7187074.121089068241417 ], [ 665363.556053062784486, 7187062.802450885996222 ], [ 665397.511930572218262, 7187058.557958442717791 ], [ 665421.564012372866273, 7187064.217266577295959 ], [ 665447.030925861559808, 7187085.439686206169426 ], [ 665462.594037434202619, 7187088.269339501857758 ], [ 665486.646111783920787, 7187059.9727673381567 ], [ 665502.209217453026213, 7187035.92068206705153 ], [ 665512.113003525999375, 7186982.157202769070864 ], [ 665519.187138341367245, 7186952.445805970579386 ], [ 665554.557829196797684, 7186880.289552628993988 ], [ 665578.609902914729901, 7186849.163323778659105 ], [ 665608.321293431217782, 7186835.01503383833915 ], [ 665628.128888870356604, 7186833.600201169028878 ], [ 665645.106829017400742, 7186837.844682494178414 ], [ 665673.403399971779436, 7186863.311586526222527 ], [ 665705.944460086175241, 7186908.586086466908455 ], [ 665724.337241255794652, 7186970.838529650121927 ], [ 665749.804158481652848, 7187009.038889417424798 ], [ 665780.930384739069268, 7187028.846479447558522 ], [ 665827.619724437012337, 7187059.972692843526602 ], [ 665855.208876600605436, 7187064.217171847820282 ], [ 665880.675788544118404, 7187078.365449735894799 ], [ 665911.80201761063654, 7187110.906494878232479 ], [ 665975.469297474366613, 7187146.277189588174224 ], [ 666003.76587312691845, 7187192.966518811881542 ], [ 666020.743819514173083, 7187225.507567051798105 ], [ 666054.699702636688016, 7187246.729984808713198 ], [ 666084.411098772427067, 7187258.048605067655444 ], [ 666115.537325670011342, 7187280.685851786285639 ], [ 666157.274772382574156, 7187338.693804836831987 ], [ 666164.348917158553377, 7187354.256915096193552 ], [ 666185.571344310650602, 7187368.405193907208741 ], [ 666219.527223386918195, 7187371.234843157231808 ], [ 666271.875868399511091, 7187366.99034664221108 ], [ 666329.883827109821141, 7187365.575505573302507 ], [ 666372.328676424222067, 7187371.234809646382928 ], [ 666424.677326432662085, 7187389.627566661685705 ], [ 666462.877692816779017, 7187403.775841740891337 ], [ 666468.537010579719208, 7187424.998265694826841 ], [ 666437.410801470745355, 7187483.006234733387828 ], [ 666431.751495890202932, 7187516.962116293609142 ], [ 666411.943907306762412, 7187549.503172611817718 ], [ 666386.477001273538917, 7187562.236633321270347 ], [ 666358.180435574613512, 7187560.821811184287071 ], [ 666329.883870189660229, 7187560.821817389689386 ], [ 666304.4169650899712, 7187577.799763136543334 ], [ 666290.26868489512708, 7187589.118393011391163 ], [ 666274.7055754911853, 7187596.192538158968091 ], [ 666250.653493666555732, 7187590.533230046741664 ], [ 666236.505204734858125, 7187562.236666212789714 ], [ 666228.016233869828284, 7187556.577354688197374 ], [ 666201.1344967543846, 7187556.577360583469272 ], [ 666175.667590715223923, 7187569.31082128174603 ], [ 666157.274826333392411, 7187583.459108780138195 ], [ 666133.222751682042144, 7187610.340852638706565 ], [ 666085.118605799623765, 7187679.667452171444893 ], [ 666051.162737926933914, 7187727.771623404696584 ], [ 666021.451353616546839, 7187770.216480321250856 ], [ 666000.936354922712781, 7187821.150305308401585 ], [ 665974.054618734749965, 7187825.394796236418188 ], [ 665931.609773755073547, 7187839.543088994920254 ], [ 665917.461494794348255, 7187856.521032257936895 ], [ 665910.38736185268499, 7187894.721399180591106 ], [ 665891.994606489082798, 7187949.89970875158906 ], [ 665880.675986554240808, 7187978.196278175339103 ], [ 665852.379426446510479, 7188002.248366275802255 ], [ 665804.275270242942497, 7188024.885630356147885 ], [ 665746.267316769692115, 7188050.35255329310894 ], [ 665705.237300356384367, 7188065.915674084797502 ], [ 665678.355565399397165, 7188075.819478390738368 ], [ 665644.399690646212548, 7188092.797425981611013 ], [ 665627.421754201757722, 7188105.530884817242622 ], [ 665624.592102324706502, 7188126.753310652449727 ], [ 665630.251420998713002, 7188152.220219677314162 ], [ 665652.888679855037481, 7188181.931610036641359 ], [ 665665.622138950391673, 7188203.154032474383712 ], [ 665681.185256765573286, 7188234.280252724885941 ], [ 665682.6000931202434, 7188271.065789464861155 ], [ 665682.6001043159049, 7188321.999609993770719 ], [ 665682.600114265456796, 7188367.274117135442793 ], [ 665685.429778268677182, 7188401.229996873997152 ], [ 665668.451851455611177, 7188457.823134517297149 ], [ 665651.473913449677639, 7188463.482451619580388 ], [ 665623.177349585108459, 7188470.556599544361234 ], [ 665607.614239540416747, 7188474.80108798481524 ], [ 665592.051131355110556, 7188487.53454652056098 ], [ 665588.514067516196519, 7188518.660770960152149 ], [ 665589.928900446975604, 7188539.88319587893784 ], [ 665589.928904798463918, 7188559.690792758017778 ], [ 665580.025112494477071, 7188585.157705193385482 ], [ 665557.387868233141489, 7188621.943247200921178 ], [ 665524.846826383611187, 7188660.143619721755385 ], [ 665510.698549885419197, 7188688.440189784392715 ], [ 665509.283725959714502, 7188708.247786978259683 ], [ 665503.624416911508888, 7188726.640556748956442 ], [ 665483.816829810733907, 7188766.255754839628935 ], [ 665459.764756336575374, 7188798.796812115237117 ], [ 665435.712683791993186, 7188835.58235443662852 ], [ 665415.905096061527729, 7188872.36789583787322 ], [ 665417.319931162637658, 7188903.494119210168719 ], [ 665434.297876011463813, 7188928.961025793105364 ], [ 665459.764785212115385, 7188930.375848585739732 ], [ 665512.113425679504871, 7188904.90892687626183 ], [ 665544.654474685201421, 7188899.249606376513839 ], [ 665587.099324392736889, 7188906.323738855309784 ], [ 665642.277627921663225, 7188910.568211851641536 ], [ 665707.359732464770786, 7188928.960966172628105 ], [ 665785.175294569693506, 7188961.502001198008657 ], [ 665819.13118460692931, 7189013.850642701610923 ], [ 665850.257412505568936, 7189040.732374534010887 ], [ 665858.746393652516417, 7189093.081021611578763 ], [ 665867.235372934723273, 7189136.940698593854904 ], [ 665874.309525190736167, 7189186.459689285606146 ], [ 665887.042993339477107, 7189248.712133893743157 ], [ 665912.509910026215948, 7189284.082837071269751 ], [ 665943.636135757551529, 7189301.060770457610488 ], [ 665981.836501607787795, 7189312.379388897679746 ], [ 666021.451700090896338, 7189343.505603925324976 ], [ 666044.796375002013519, 7189381.705964269116521 ], [ 666066.01880438963417, 7189405.758041576482356 ], [ 666078.752266011782922, 7189438.299090841785073 ], [ 666094.315381999476813, 7189460.936341036111116 ], [ 666116.952639664290473, 7189484.988418034277856 ], [ 666156.567838162533008, 7189516.114633062854409 ], [ 666180.619925350300036, 7189545.82602315209806 ], [ 666187.69407482421957, 7189582.611558716744184 ], [ 666182.034769527846947, 7189617.982268718071282 ], [ 666153.030804272042587, 7189683.064379202201962 ], [ 666136.052869047154672, 7189701.457151481881738 ], [ 666126.149074565852061, 7189717.020265507511795 ], [ 666126.14907736890018, 7189729.753720665350556 ], [ 666133.223220919258893, 7189739.65751757286489 ], [ 666148.78633348364383, 7189746.731655918061733 ], [ 666155.860479528899305, 7189767.954079629853368 ], [ 666178.497744686668739, 7189825.962037056684494 ], [ 666195.47569114214275, 7189858.503085412085056 ], [ 666213.868466495885514, 7189893.873790157958865 ], [ 666242.165035712299868, 7189910.851724166423082 ], [ 666280.365400971379131, 7189919.340685899369419 ], [ 666332.7140480321832, 7189923.585159474983811 ], [ 666369.499585021520033, 7189932.074121514335275 ], [ 666399.210984077421017, 7189956.126196961849928 ], [ 666421.848247388959862, 7190005.645184291526675 ], [ 666428.922397500020452, 7190045.260376580059528 ], [ 666450.144831604324281, 7190090.534879164770246 ], [ 666482.685893151792698, 7190141.468692678958178 ], [ 666494.00453184125945, 7190198.061824262142181 ], [ 666495.419372926349752, 7190256.069786372594535 ], [ 666508.152834580512717, 7190288.610835667699575 ], [ 666519.471474524005316, 7190350.863280665129423 ], [ 666537.156839518225752, 7190403.211925811134279 ], [ 666554.134783189045265, 7190423.01951901242137 ], [ 666573.942384972237051, 7190449.901253352873027 ], [ 666595.164813468698412, 7190469.708845619112253 ], [ 666665.906239400152117, 7190524.887135817669332 ], [ 666694.202809587819502, 7190546.109554884955287 ], [ 666708.35109702765476, 7190567.331977060064673 ], [ 666711.180765153025277, 7190619.680625477805734 ], [ 666716.840085760457441, 7190653.636504692956805 ], [ 666738.062517709564418, 7190689.007208842784166 ], [ 666757.87011793977581, 7190708.81480142660439 ], [ 666801.729810746619478, 7190782.385866122320294 ], [ 666822.95224082050845, 7190809.267600160092115 ], [ 666834.270872034365311, 7190831.90485131368041 ], [ 666859.73778506310191, 7190850.297614303417504 ], [ 666886.619525112677366, 7190863.031063564121723 ], [ 666919.160575134214014, 7190861.616228051483631 ], [ 666961.605420890031382, 7190850.29759188182652 ], [ 667009.709583508432843, 7190855.956894705072045 ], [ 667028.102352970046923, 7190864.445860771462321 ], [ 667050.739609450567514, 7190882.838624376803637 ], [ 667074.791693269391544, 7190896.986902607604861 ], [ 667097.428952888352796, 7190929.527949740178883 ], [ 667107.332756461575627, 7190954.994857916608453 ], [ 667112.284659814671613, 7190974.802453769370914 ], [ 667130.67743085057009, 7190990.365561600774527 ], [ 667153.314687023870647, 7191007.343496847897768 ], [ 667163.21848714875523, 7191017.247293141670525 ], [ 667170.292632604250684, 7191035.640060173347592 ], [ 667171.707465585554019, 7191056.862485161051154 ], [ 667160.388850985793397, 7191109.211136733181775 ], [ 667146.24057387188077, 7191134.678050210699439 ], [ 667140.581268295878544, 7191168.633931942284107 ], [ 667149.070241401670501, 7191184.197041961364448 ], [ 667171.707495701848529, 7191192.686007093638182 ], [ 667211.322692764224485, 7191216.738080371171236 ], [ 667232.545120355905965, 7191232.30118758417666 ], [ 667256.597209209925495, 7191269.086719476617873 ], [ 667269.330669345567003, 7191294.553627037443221 ], [ 667269.330680018523708, 7191342.657791066914797 ], [ 667274.990001597674564, 7191380.858155375346541 ], [ 667291.967947191791609, 7191409.154718708246946 ], [ 667301.871751405997202, 7191437.451283605769277 ], [ 667293.382788652554154, 7191468.577509269118309 ], [ 667283.478996053803712, 7191492.629593474790454 ], [ 667265.79364573280327, 7191506.777880916371942 ], [ 667251.645364536903799, 7191513.852025806903839 ], [ 667233.252597567392513, 7191516.681686572730541 ], [ 667209.200517491088249, 7191519.511348582804203 ], [ 667179.489125878084451, 7191529.415153610520065 ], [ 667158.266702980268747, 7191535.074471705593169 ], [ 667137.044281653827056, 7191547.807931572198868 ], [ 667121.481173116597347, 7191559.126561834476888 ], [ 667104.503237559460104, 7191576.104505827650428 ], [ 667087.525307016563602, 7191615.719703488051891 ], [ 667088.940144698834047, 7191658.16455381270498 ], [ 667098.843952672206797, 7191703.439058972522616 ], [ 667105.918099700007588, 7191728.905967798084021 ], [ 667121.481214197352529, 7191744.469076271168888 ], [ 667155.437098180409521, 7191768.521150818094611 ], [ 667192.222639658721164, 7191796.817709801718593 ], [ 667259.426987530081533, 7191818.040120307356119 ], [ 667308.945979432202876, 7191827.943907869979739 ], [ 667351.390833088313229, 7191851.995980539359152 ], [ 667391.006028306437656, 7191867.559083700180054 ], [ 667430.621226984076202, 7191898.685298764146864 ], [ 667467.406771307811141, 7191939.71531293913722 ], [ 667526.829572477145121, 7192000.552919084206223 ], [ 667549.466833408223465, 7192038.75327967479825 ], [ 667557.955814074259251, 7192088.272270232439041 ], [ 667550.881688089808449, 7192157.598861208185554 ], [ 667532.488941854448058, 7192253.807193445973098 ], [ 667529.659298812970519, 7192314.644813368096948 ], [ 667543.807591968216002, 7192361.334145980887115 ], [ 667574.933825408341363, 7192412.267959915101528 ], [ 667644.260416081291623, 7192434.905198292806745 ], [ 667727.735286078299396, 7192441.979321619495749 ], [ 667781.498768528108485, 7192477.350018629804254 ], [ 667829.602942592231557, 7192533.943142231553793 ], [ 667848.703135374584235, 7192583.462130470201373 ], [ 667857.192115125013515, 7192628.736635996028781 ], [ 667864.266264077508822, 7192662.692514983005822 ], [ 667879.829383018892258, 7192698.063220450654626 ], [ 667901.05181287182495, 7192723.530126170255244 ], [ 667929.348382862168364, 7192743.337716897949576 ], [ 667967.548752381117083, 7192770.219447216950357 ], [ 668008.578779723728076, 7192802.760490329936147 ], [ 668041.119838656042702, 7192840.96084875240922 ], [ 668083.564694597385824, 7192874.916719913482666 ], [ 668103.372298076516017, 7192908.872596085071564 ], [ 668126.009554963093251, 7192928.680188065394759 ], [ 668154.30612401640974, 7192944.243293719366193 ], [ 668176.943382483790629, 7192971.125027485191822 ], [ 668210.899275705800392, 7193036.207124381326139 ], [ 668242.025508586200885, 7193084.311281620524824 ], [ 668251.929313489235938, 7193115.437503285706043 ], [ 668270.322084282641299, 7193129.585782777518034 ], [ 668285.8851975700818, 7193139.489577824249864 ], [ 668308.522453833371401, 7193156.467513089999557 ], [ 668326.915227155201137, 7193181.934419443830848 ], [ 668328.330061751767062, 7193210.230986276641488 ], [ 668325.50041529617738, 7193255.505494343116879 ], [ 668315.596627126680687, 7193299.365175629034638 ], [ 668312.05956400569994, 7193333.321056994609535 ], [ 668312.059570636833087, 7193363.032452506944537 ], [ 668302.155779306427576, 7193392.743850217200816 ], [ 668273.859222542261705, 7193432.359050514176488 ], [ 668262.540603875066154, 7193466.314933614805341 ], [ 668262.540609557880089, 7193491.781844057142735 ], [ 668262.540621554129757, 7193545.545321662910283 ], [ 668251.222006672644056, 7193596.479145064949989 ], [ 668241.318215967854485, 7193629.020199500024319 ], [ 668231.414426525705494, 7193667.220567373558879 ], [ 668234.244090978987515, 7193702.591275702230632 ], [ 668222.925476723932661, 7193756.354755833745003 ], [ 668205.947548083728179, 7193804.458923788741231 ], [ 668188.969619441078976, 7193852.563091745600104 ], [ 668189.677040837006643, 7193885.104143840260804 ], [ 668186.847388691268861, 7193904.911741486750543 ], [ 668174.113938263501041, 7193923.304512975737453 ], [ 668157.136001097620465, 7193933.208315250463784 ], [ 668133.083925995742902, 7193958.675231044180691 ], [ 668133.083930095890537, 7193977.067999705672264 ], [ 668137.328420616919175, 7194002.534909226000309 ], [ 668150.061880511580966, 7194026.586988506838679 ], [ 668158.55085714161396, 7194057.713210524991155 ], [ 668159.965691416757181, 7194084.594949033111334 ], [ 668152.891554426169023, 7194104.402547627687454 ], [ 668128.839479000656866, 7194128.454635065980256 ], [ 668084.97980889340397, 7194158.166040327399969 ], [ 668036.875655830604956, 7194196.366416685283184 ], [ 667998.675296008004807, 7194213.344365458004177 ], [ 667933.593205127632245, 7194258.61888736858964 ], [ 667915.200441244174726, 7194275.596831751056015 ], [ 667888.318710188614205, 7194303.893404893577099 ], [ 667865.681460513500497, 7194316.626865141093731 ], [ 667831.725588674424216, 7194347.75309656187892 ], [ 667799.184545742697082, 7194381.708984390832484 ], [ 667772.302813734859228, 7194405.761072452180088 ], [ 667738.34694125817623, 7194434.057647153735161 ], [ 667682.461229461361654, 7194458.109741624444723 ], [ 667658.409149609622546, 7194462.354232021607459 ], [ 667640.01638571289368, 7194479.33217640593648 ], [ 667631.527419164311141, 7194493.48046188056469 ], [ 667632.942254051100463, 7194523.191857123747468 ], [ 667666.898134712595493, 7194531.680819780565798 ], [ 667710.757814296521246, 7194544.4142653234303 ], [ 667739.054383405600674, 7194559.977371027693152 ], [ 667736.224730931106023, 7194578.370140333659947 ], [ 667710.757826881483197, 7194601.007399724796414 ], [ 667675.387124225148, 7194620.815004585310817 ], [ 667640.016421563806944, 7194640.622609443962574 ], [ 667603.230896280263551, 7194685.897125097922981 ], [ 667582.008482415578328, 7194732.586465676315129 ], [ 667582.008491216576658, 7194772.201659765094519 ], [ 667630.112666669068858, 7194834.454096997156739 ], [ 667668.313044774578884, 7194899.536193143576384 ], [ 667716.417217722628266, 7194950.470003494992852 ], [ 667771.595526428194717, 7194975.936901787295938 ], [ 667815.455206039361656, 7194988.670347336679697 ], [ 667863.559370820526965, 7195002.818620300851762 ], [ 667898.930081993574277, 7195021.21138116531074 ], [ 667911.663539061439224, 7195032.530005235224962 ], [ 667916.615446873824112, 7195072.145198244601488 ], [ 667915.200627093901858, 7195110.345564305782318 ], [ 667915.200635284301825, 7195147.131101693958044 ], [ 667913.785815821145661, 7195186.746296118944883 ], [ 667902.467194592114538, 7195209.383552404120564 ], [ 667884.074431314482354, 7195229.191153530031443 ], [ 667860.02235553029459, 7195251.828412632457912 ], [ 667851.533390236319974, 7195271.636011570692062 ], [ 667851.533397478051484, 7195304.177063882350922 ], [ 667867.096516786608845, 7195340.962597836740315 ], [ 667881.244804979301989, 7195365.014676851220429 ], [ 667877.000327686662786, 7195398.970558469183743 ], [ 667865.681707397801802, 7195425.852299844846129 ], [ 667862.852059014607221, 7195462.637837873771787 ], [ 667860.022410949226469, 7195500.838204266503453 ], [ 667860.022423228714615, 7195556.016510376706719 ], [ 667868.511400177842006, 7195588.557560825720429 ], [ 667879.830030860030092, 7195608.365155389532447 ], [ 667905.296947224182077, 7195640.906202077865601 ], [ 667927.226794136920944, 7195679.106563002802432 ], [ 667927.226798861171119, 7195700.328988433815539 ], [ 667924.397148906369694, 7195730.040384667925537 ], [ 667924.397155523533002, 7195759.751780271530151 ], [ 667928.641646361560561, 7195786.633518218994141 ], [ 667951.278905848972499, 7195817.759737178683281 ], [ 667966.842018869472668, 7195826.24870390817523 ], [ 667995.138586456654593, 7195834.737667818553746 ], [ 668029.094471277436242, 7195861.6193991843611 ], [ 668061.635524666402489, 7195874.352847240865231 ], [ 668111.154514635214582, 7195874.352836267091334 ], [ 668162.088335414882749, 7195885.671451879665256 ], [ 668204.533185540116392, 7195892.745584286749363 ], [ 668231.41492610774003, 7195906.893861949443817 ], [ 668252.637354169855826, 7195923.871797597967088 ], [ 668296.49704268167261, 7195976.220437284559011 ], [ 668320.549133947119117, 7196022.909767922945321 ], [ 668353.090195556287654, 7196072.428753399290144 ], [ 668381.386767576914281, 7196100.725314379669726 ], [ 668396.949882505461574, 7196117.703251281753182 ], [ 668430.90576482960023, 7196133.26635573618114 ], [ 668459.20233338070102, 7196145.999804720282555 ], [ 668477.595104882493615, 7196162.977740992791951 ], [ 668490.32856545667164, 7196189.859477064572275 ], [ 668494.573056317982264, 7196216.741215020418167 ], [ 668481.132197085535154, 7196259.186068900860846 ], [ 668442.931837165961042, 7196276.164017743431032 ], [ 668394.827678930014372, 7196291.727140415459871 ], [ 668329.74558852717746, 7196339.831319211050868 ], [ 668275.982122822431847, 7196380.861353678628802 ], [ 668230.707630615564995, 7196438.869326624087989 ], [ 668174.114512426196598, 7196498.292130441404879 ], [ 668121.765872150775976, 7196526.588709315285087 ], [ 668043.950318624614738, 7196536.492525103501976 ], [ 668005.749955843319185, 7196540.737018654122949 ], [ 667947.74200241570361, 7196569.033598771318793 ], [ 667896.808189468458295, 7196593.085692228749394 ], [ 667858.607829833985306, 7196611.478469412773848 ], [ 667796.355392162920907, 7196642.60470718704164 ], [ 667760.984691301244311, 7196670.901282291859388 ], [ 667727.028819980332628, 7196704.85717053245753 ], [ 667672.557941016857512, 7196750.131690224632621 ], [ 667611.720340731670149, 7196822.287950241938233 ], [ 667562.201363900559954, 7196881.710752479732037 ], [ 667532.489981189137325, 7196932.644580162130296 ], [ 667492.874796071904711, 7196963.77081292681396 ], [ 667430.622360556735657, 7197004.800849240273237 ], [ 667395.251663429895416, 7197050.075364714488387 ], [ 667386.762698101229034, 7197069.882963692769408 ], [ 667386.762705009430647, 7197101.009187720716 ], [ 667403.740649793529883, 7197125.061266176402569 ], [ 667416.474109716364183, 7197149.113345569930971 ], [ 667444.770684882998466, 7197191.558190273120999 ], [ 667473.067255024332553, 7197211.36578113771975 ], [ 667495.704515161924064, 7197245.321656904183328 ], [ 667504.19349714089185, 7197300.499961270019412 ], [ 667503.48609116487205, 7197337.285498922690749 ], [ 667482.263673447305337, 7197366.99689927790314 ], [ 667449.72262785746716, 7197389.634160302579403 ], [ 667412.937098658527248, 7197417.930735729634762 ], [ 667400.203650346491486, 7197446.227305847220123 ], [ 667391.714693806832656, 7197505.650099072605371 ], [ 667386.055389445042238, 7197545.265294557437301 ], [ 667393.129539675312117, 7197584.880487238056958 ], [ 667414.351970589719713, 7197614.591878237202764 ], [ 667445.478197951451875, 7197637.229125220328569 ], [ 667510.56030894711148, 7197681.088790199719369 ], [ 667545.931030294857919, 7197744.756058856844902 ], [ 667557.249664457980543, 7197780.126765510067344 ], [ 667564.323815013747662, 7197821.156786566600204 ], [ 667570.690564312506467, 7197920.19477080181241 ], [ 667570.690572797437198, 7197958.395136693492532 ], [ 667577.764721783925779, 7197992.351015927270055 ], [ 667610.30578091472853, 7198030.551374634727836 ], [ 667655.580291504971683, 7198054.603446867316961 ], [ 667696.610314714256674, 7198067.336893102154136 ], [ 667760.277589605888352, 7198075.82584922760725 ], [ 667839.507976622087881, 7198088.55928700696677 ], [ 667880.538000781089067, 7198105.537218331359327 ], [ 667931.471826430177316, 7198138.078259499743581 ], [ 667978.161169420229271, 7198180.523100167512894 ], [ 668003.628087449353188, 7198220.138288805261254 ], [ 668019.898625695030205, 7198278.146248249337077 ], [ 668021.313463752856478, 7198322.005927314050496 ], [ 668000.091046972782351, 7198355.961812826804817 ], [ 667961.890691660926677, 7198394.162187200039625 ], [ 667950.572076685028151, 7198445.09601092711091 ], [ 667918.031035469495691, 7198487.5408691521734 ], [ 667882.660332949250005, 7198508.763302488252521 ], [ 667843.0451430385001, 7198518.667109824717045 ], [ 667789.281669915653765, 7198527.15609191916883 ], [ 667756.740622394834645, 7198541.304382789880037 ], [ 667714.295779044972733, 7198565.356474423781037 ], [ 667671.850938210263848, 7198600.727192992344499 ], [ 667601.109536285977811, 7198657.32034332677722 ], [ 667568.568490643170662, 7198679.957604399882257 ], [ 667545.931236744392663, 7198674.298295928165317 ], [ 667497.827076765242964, 7198682.78727675229311 ], [ 667459.626711363205686, 7198675.713143343105912 ], [ 667421.426347216125578, 7198674.298323406837881 ], [ 667369.077699856832623, 7198671.468678219243884 ], [ 667340.781134681194089, 7198674.298341193236411 ], [ 667325.218026000540704, 7198685.616971569135785 ], [ 667330.877343868254684, 7198706.839395837858319 ], [ 667354.929428567644209, 7198723.817330949008465 ], [ 667405.863250780501403, 7198740.795260129496455 ], [ 667452.552585930097848, 7198747.869391666725278 ], [ 667473.775013737147674, 7198763.432499031536281 ], [ 667490.752962331287563, 7198804.462517958134413 ], [ 667504.901252144249156, 7198835.588738929480314 ], [ 667536.027478617033921, 7198853.981500844471157 ], [ 667575.642678293050267, 7198887.937372935935855 ], [ 667596.865112077095546, 7198930.382219297811389 ], [ 667608.183746262453496, 7198965.75292600505054 ], [ 667604.646682135295123, 7198995.464322524145246 ], [ 667598.98737651691772, 7199029.420204615220428 ], [ 667577.764956553815864, 7199049.227806461974978 ], [ 667553.712881895247847, 7199077.52437914069742 ], [ 667542.394264051341452, 7199115.724747594445944 ], [ 667519.757017682888545, 7199144.021319964900613 ], [ 667494.290115039912052, 7199173.732721328735352 ], [ 667470.238040059106424, 7199200.614465642720461 ], [ 667430.62285732710734, 7199243.059325449168682 ], [ 667402.326298726489767, 7199275.60038417764008 ], [ 667364.125940198660828, 7199299.65247487463057 ], [ 667331.584896403364837, 7199330.778706170618534 ], [ 667308.947651902679354, 7199367.564248757436872 ], [ 667280.651092661777511, 7199397.275650748983026 ], [ 667200.005890710046515, 7199445.379833073355258 ], [ 667167.464848156203516, 7199482.165377844125032 ], [ 667132.094148701406084, 7199517.536094868555665 ], [ 667089.649308410705999, 7199555.736470190808177 ], [ 667016.785660156281665, 7199595.351680574938655 ], [ 666980.000128953484818, 7199615.159285843372345 ], [ 666920.577347267768346, 7199644.870694680139422 ], [ 666872.47318972623907, 7199664.678302433341742 ], [ 666834.272831161622889, 7199688.73039311543107 ], [ 666781.924193115904927, 7199728.345598975196481 ], [ 666735.234872922301292, 7199789.183229137212038 ], [ 666695.61969230696559, 7199841.53188752848655 ], [ 666661.663827981916256, 7199908.028828377835453 ], [ 666616.38933231192641, 7199951.888517796993256 ], [ 666569.700008966960013, 7199998.577864265069366 ], [ 666520.181031531887129, 7200056.585838316008449 ], [ 666480.565846829325892, 7200090.541727897711098 ], [ 666422.557899309671484, 7200147.134875439107418 ], [ 666366.672196717234328, 7200215.046649483963847 ], [ 666325.642189322737977, 7200274.469450049102306 ], [ 666304.419775841059163, 7200323.988447681069374 ], [ 666304.419783323886804, 7200357.944328581914306 ], [ 666304.419789873762056, 7200387.655724374577403 ], [ 666300.175309048732743, 7200406.048494127579033 ], [ 666288.856688937288709, 7200434.345064029097557 ], [ 666267.634267031098716, 7200445.663695647381246 ], [ 666212.602190468343906, 7200450.958099132403731 ], [ 666214.28705837437883, 7200465.870322728529572 ], [ 666164.867060756776482, 7200539.010357890278101 ], [ 666135.217059483984485, 7200570.640374906361103 ], [ 666087.777058921055868, 7200627.970404371619225 ], [ 666018.587053172872402, 7200689.250439912080765 ], [ 665990.917056353762746, 7200738.670462423935533 ], [ 665923.546496460796334, 7200814.191603301092982 ], [ 665826.837027231580578, 7200813.790523312985897 ], [ 665757.647008417407051, 7200815.760539082810283 ], [ 665696.366999184247106, 7200851.350564321503043 ], [ 665642.716401829267852, 7200894.255286533385515 ], [ 665589.191963715944439, 7200938.048030575737357 ], [ 665570.948919102083892, 7200996.162016971036792 ], [ 665579.655476577114314, 7201045.91371242236346 ], [ 665602.043745980481617, 7201077.008518381044269 ], [ 665602.043751713936217, 7201103.128159493207932 ], [ 665593.337216890882701, 7201156.611236049793661 ], [ 665572.161523288465105, 7201237.298372182995081 ], [ 665533.635215539950877, 7201303.378756296820939 ], [ 665498.809041030239314, 7201356.861838564276695 ], [ 665439.107022734242491, 7201426.514227900654078 ], [ 665415.474975142627954, 7201460.096628783270717 ], [ 665428.618738415418193, 7201475.725502053275704 ], [ 665469.978543763747439, 7201497.621859235689044 ], [ 665545.399357059970498, 7201500.054772365838289 ], [ 665601.487115958356299, 7201503.690802669152617 ], [ 665624.432103296858259, 7201508.604488158598542 ], [ 665645.576574614504352, 7201513.579653283581138 ], [ 665671.696215397096239, 7201518.554817318916321 ], [ 665689.109310161438771, 7201526.017568128183484 ], [ 665701.547236010199413, 7201535.967904889956117 ], [ 665705.278618298936635, 7201559.599960330873728 ], [ 665692.840699004591443, 7201579.500642001628876 ], [ 665676.671402066014707, 7201596.913739616051316 ], [ 665669.208651965018362, 7201615.570627764798701 ], [ 665684.134167189244181, 7201646.665435375645757 ], [ 665710.207180599565618, 7201659.860831126570702 ], [ 665751.298963173292577, 7201683.979193756356835 ], [ 665785.327208097558469, 7201689.51082463376224 ], [ 665834.747226680978201, 7201711.25082110799849 ], [ 665892.077247912529856, 7201734.970816509798169 ], [ 665927.657263939618133, 7201762.650817986577749 ], [ 665971.147281748475507, 7201788.350817074067891 ], [ 666024.070074840565212, 7201810.19325771741569 ], [ 666076.68407897115685, 7201833.464823969639838 ], [ 666115.132772560231388, 7201842.571085115894675 ], [ 666151.557851473102346, 7201854.712769888341427 ], [ 666179.888465434429236, 7201850.66553276963532 ], [ 666265.892112537287176, 7201827.393936173990369 ], [ 666357.966602994594723, 7201791.980645488016307 ], [ 666433.717398385051638, 7201731.020696611143649 ], [ 666467.241817417903803, 7201727.224926885217428 ], [ 666487.477973113767803, 7201737.34299973398447 ], [ 666509.737753311521374, 7201788.945189020596445 ], [ 666528.607447150629014, 7201831.840709518641233 ], [ 666558.257468965486623, 7201893.120723513886333 ], [ 666583.957483568927273, 7201926.720729116350412 ], [ 666605.697499688249081, 7201972.190739564597607 ], [ 666617.557511737220921, 7202011.730750194750726 ], [ 666613.607517614262179, 7202043.350761646404862 ], [ 666601.74752477009315, 7202090.800780139863491 ], [ 666603.717530123190954, 7202112.540786985307932 ], [ 666633.377544973511249, 7202142.19079040363431 ], [ 666666.97756049153395, 7202169.870792299509048 ], [ 666694.657573045347817, 7202191.610793503001332 ], [ 666742.097589828656055, 7202207.430788384750485 ], [ 666791.517605414846912, 7202215.340780177153647 ], [ 666821.167617213330232, 7202231.150778956711292 ], [ 666827.097622369998135, 7202246.960782952606678 ], [ 666825.12762618844863, 7202266.730790008790791 ], [ 666819.187638946576044, 7202331.970813181251287 ], [ 666821.167648242320865, 7202371.500825997442007 ], [ 666858.727672756649554, 7202434.760838950052857 ], [ 666884.427683896734379, 7202452.550839267671108 ], [ 666912.09769558859989, 7202470.340839150361717 ], [ 666947.687705570249818, 7202470.340831322595477 ], [ 666983.267714669927955, 7202466.390822170302272 ], [ 667022.797724441974424, 7202460.460811485536397 ], [ 667068.267736316774972, 7202456.500800149515271 ], [ 667099.897745182970539, 7202456.500793186947703 ], [ 667131.527758432086557, 7202476.270792853087187 ], [ 667165.127776611945592, 7202515.810798719525337 ], [ 667200.717794476891868, 7202551.390802814625204 ], [ 667240.247814764385112, 7202592.900808032602072 ], [ 667263.967830622917973, 7202634.420816738158464 ], [ 667301.527849492500536, 7202671.980821067467332 ], [ 667346.997866633813828, 7202691.740817677229643 ], [ 667402.347886997507885, 7202713.490812772884965 ], [ 667443.857898209127598, 7202711.510802955366671 ], [ 667481.417905246722512, 7202695.700789360329509 ], [ 667540.727917503332719, 7202675.930769635364413 ], [ 667598.047928324434906, 7202652.210749019868672 ], [ 667639.567939975648187, 7202652.210739850997925 ], [ 667681.07795382279437, 7202662.09073399938643 ], [ 667724.567974377423525, 7202699.650736997835338 ], [ 667746.307988388463855, 7202735.230744138360023 ], [ 667754.217993246624246, 7202747.090746371075511 ], [ 667768.058004163438454, 7202778.720753934234381 ], [ 667783.868012119783089, 7202794.540755751542747 ], [ 667801.658019313239492, 7202804.420755138620734 ], [ 667823.408024542382918, 7202800.470749001950026 ], [ 667851.078030996024609, 7202794.540740892291069 ], [ 667912.308045147918165, 7202780.860722756013274 ], [ 667946.894242297508754, 7202766.52024741563946 ], [ 667966.42838241183199, 7202763.15228758752346 ], [ 667981.92097823950462, 7202769.214604072272778 ], [ 668004.149488906376064, 7202794.13746989890933 ], [ 668028.008082908694632, 7202804.530705103650689 ], [ 668072.718100152444094, 7202825.570702271535993 ], [ 668125.308120781672187, 7202851.86069945525378 ], [ 668165.430514651001431, 7202880.645574044436216 ], [ 668211.280191472382285, 7202925.256053034216166 ], [ 668245.977252427255735, 7202995.889319829642773 ], [ 668264.564967927755788, 7203052.891607406549156 ], [ 668270.760878805303946, 7203097.502095188945532 ], [ 668290.587765930686146, 7203116.089794607833028 ], [ 668394.678903235355392, 7203123.524853049777448 ], [ 668454.159556326922029, 7203142.112543668597937 ], [ 668529.749552672845311, 7203164.417771473526955 ], [ 668564.446603148127906, 7203187.962188604287803 ], [ 668591.708571956725791, 7203209.028246875852346 ], [ 668623.927257910603657, 7203213.984960736706853 ], [ 668664.820201017078944, 7203200.353968854993582 ], [ 668698.476291270344518, 7203176.342559089884162 ], [ 668754.433658815803938, 7203132.549814154393971 ], [ 668839.586181920371018, 7203098.488781056366861 ], [ 668905.275273237144575, 7203081.458259361796081 ], [ 668983.129014521371573, 7203076.592382868751884 ], [ 669070.714474145439453, 7203074.159433783963323 ], [ 669155.867004318861291, 7203071.726485227234662 ], [ 669202.092667672317475, 7203088.756982004269958 ], [ 669211.96086709224619, 7203117.55187932215631 ], [ 669202.070171445957385, 7203155.878362562507391 ], [ 669197.226836593123153, 7203212.836391834542155 ], [ 669214.433572261594236, 7203247.367379058152437 ], [ 669251.523718154290691, 7203269.621456557884812 ], [ 669317.0496295907069, 7203251.076370473951101 ], [ 669377.630189736140892, 7203236.240299782715738 ], [ 669422.138357154093683, 7203228.822261260822415 ], [ 669454.283144823741168, 7203223.876901690848172 ], [ 669475.300894388929009, 7203237.476616077125072 ], [ 669481.879594217403792, 7203266.360779169946909 ], [ 669523.23940360720735, 7203305.287643273361027 ], [ 669616.338647810509428, 7203333.100529560819268 ], [ 669669.405989852035418, 7203347.510663455352187 ], [ 669722.739628894254565, 7203351.513260786421597 ], [ 669817.408717827755027, 7203392.660504655912519 ], [ 669842.248743626871146, 7203476.200527228415012 ], [ 669873.858772353734821, 7203564.25054981559515 ], [ 669912.238795372075401, 7203618.440559482201934 ], [ 669919.008807449601591, 7203663.600573187693954 ], [ 669934.818822584813461, 7203711.010585626587272 ], [ 669966.42884167120792, 7203756.170593774877489 ], [ 669973.198855278198607, 7203808.100609768182039 ], [ 669970.938864810392261, 7203853.260625505819917 ], [ 669955.011090627405792, 7203891.622248347848654 ], [ 669917.241856890032068, 7203938.833814861252904 ], [ 669900.074027043068781, 7203976.603065153583884 ], [ 669891.49011540482752, 7204010.080353699624538 ], [ 669888.056553530623205, 7204035.832113415002823 ], [ 669900.932440025149845, 7204070.167789124883711 ], [ 669936.126515993848443, 7204102.786675915122032 ], [ 669992.794974317424931, 7204134.916526785120368 ], [ 670007.392563637811691, 7204190.873904008418322 ], [ 669985.49620733037591, 7204229.800782298669219 ], [ 669886.339823029120453, 7204272.74829613044858 ], [ 669846.753153949626721, 7204305.099852887913585 ], [ 669749.855527973501012, 7204361.16269907169044 ], [ 669694.060065659345128, 7204416.099797321483493 ], [ 669632.255853539449163, 7204442.709962056949735 ], [ 669564.528887574793771, 7204465.130923013202846 ], [ 669514.858890758245252, 7204541.900960066355765 ], [ 669467.448889501509257, 7204596.090988978743553 ], [ 669415.518888983177021, 7204659.301021953113377 ], [ 669406.478895038831979, 7204697.691036961972713 ], [ 669424.548905733041465, 7204722.521041330881417 ], [ 669462.928922693245113, 7204749.621041937731206 ], [ 669501.308944729971699, 7204799.291050184518099 ], [ 669514.418964684009552, 7204871.591071736067533 ], [ 669455.658974407007918, 7204989.111124660819769 ], [ 669392.978972445707768, 7205059.621162540279329 ], [ 669282.379795722779818, 7205122.68609827850014 ], [ 669192.36141949670855, 7205183.509358093142509 ], [ 669107.208902711747214, 7205246.765546401962638 ], [ 669034.221028835279867, 7205290.558295279741287 ], [ 668917.44040839956142, 7205261.363166190683842 ], [ 668831.982220319099724, 7205285.335723189637065 ], [ 668783.629305718350224, 7205339.216942836530507 ], [ 668766.598812581971288, 7205397.607256794348359 ], [ 668720.373168676625937, 7205468.162225197069347 ], [ 668647.385300736874342, 7205538.717199547216296 ], [ 668571.964508214383386, 7205631.168540761806071 ], [ 668532.397689086617902, 7205679.004856504499912 ], [ 668482.879576826584525, 7205708.715740464627743 ], [ 668441.251985148177482, 7205722.605292064137757 ], [ 668379.763115277746692, 7205784.443147678859532 ], [ 668322.717977441498078, 7205826.473139273002744 ], [ 668233.787376004736871, 7205910.955518821254373 ], [ 668119.439722895273007, 7206052.065460511483252 ], [ 668061.049439722672105, 7206159.114375523291528 ], [ 668051.317741385428235, 7206246.699843028560281 ], [ 668034.287249252432957, 7206309.956016225740314 ], [ 668005.092110901838169, 7206378.078051307238638 ], [ 667968.598180914530531, 7206431.602510443888605 ], [ 667932.104255256010219, 7206504.590406337752938 ], [ 667898.043260673061013, 7206584.87709048204124 ], [ 667866.41519770747982, 7206674.895492472685874 ], [ 667827.307789684273303, 7206715.776086256839335 ], [ 667771.530974692897871, 7206791.676133995875716 ], [ 667758.014566463767551, 7206835.542219002731144 ], [ 667769.098059293464758, 7206854.932304006069899 ], [ 667822.622515013557859, 7206888.993306512013078 ], [ 667849.384745039511472, 7206915.755526145920157 ], [ 667842.085962607292458, 7206942.51775330863893 ], [ 667781.262738502584398, 7206998.47514745220542 ], [ 667722.940254092798568, 7207054.543127255514264 ], [ 667689.576857062755153, 7207142.656778201460838 ], [ 667704.618971051066183, 7207210.232269244268537 ], [ 667744.768865240737796, 7207307.457214233465493 ], [ 667782.959032692713663, 7207386.512312201783061 ], [ 667794.719044772791676, 7207425.682323000393808 ], [ 667841.719068715465255, 7207472.692328694276512 ], [ 667916.149107507546432, 7207551.042339043691754 ], [ 668014.089153937879018, 7207633.302345533855259 ], [ 668084.599194254376926, 7207723.402360776439309 ], [ 668141.336471722926944, 7207774.579609241336584 ], [ 668185.129200453055091, 7207767.280810747295618 ], [ 668231.354854851262644, 7207742.951504526659846 ], [ 668260.549997032387182, 7207691.859976496547461 ], [ 668326.239082253538072, 7207645.634299578145146 ], [ 668391.928172893472947, 7207623.737918632104993 ], [ 668447.885549474158324, 7207618.872047023847699 ], [ 668496.544137120712548, 7207611.573247436434031 ], [ 668530.605142009095289, 7207577.51222550868988 ], [ 668576.333758705761284, 7207550.220504607073963 ], [ 668625.489385657710955, 7207553.182908467948437 ], [ 668649.818690076470375, 7207596.975635820999742 ], [ 668674.148007002659142, 7207696.725743930786848 ], [ 668704.777266939170659, 7207763.381975647062063 ], [ 668734.155294036027044, 7207770.214068463072181 ], [ 668753.2851690154057, 7207760.649125127121806 ], [ 668777.880728511372581, 7207774.996528286486864 ], [ 668824.989665874978527, 7207840.268556705676019 ], [ 668883.379985540988855, 7207896.225924488157034 ], [ 668939.337377386633307, 7207959.482081608846784 ], [ 668973.278811504831538, 7208009.337492439895868 ], [ 668978.264267341583036, 7208042.20167931355536 ], [ 668994.966762432130054, 7208118.229048917070031 ], [ 669002.593601753818803, 7208219.805534658953547 ], [ 669007.459474849281833, 7208283.061703169718385 ], [ 669078.014441346982494, 7208336.586138667538762 ], [ 669126.673031214973889, 7208339.019057430326939 ], [ 669185.369657031260431, 7208376.812340361997485 ], [ 669248.039683525101282, 7208414.412339304573834 ], [ 669320.119706415571272, 7208423.8223264683038 ], [ 669374.905724844196811, 7208419.222577505744994 ], [ 669430.114607426105067, 7208393.856317828409374 ], [ 669478.857585506979376, 7208374.458588382229209 ], [ 669583.369759080465883, 7208320.402232218533754 ], [ 669718.119786640745588, 7208270.262184903025627 ], [ 669780.79979694460053, 7208235.782159057445824 ], [ 669846.609810261405073, 7208210.7121357396245 ], [ 669890.47982360527385, 7208213.852127002552152 ], [ 669934.359843298094347, 7208245.192127936519682 ], [ 670012.699877863982692, 7208298.462128683924675 ], [ 670059.709897764725611, 7208326.672127842903137 ], [ 670094.179919700487517, 7208379.942138409242034 ], [ 670116.876238718163222, 7208434.766165912151337 ], [ 670143.325356299988925, 7208479.248752421699464 ], [ 670179.392331181792542, 7208523.731336772441864 ], [ 670211.852610393310897, 7208571.820618623867631 ], [ 670233.492797981249169, 7208610.292045073583722 ], [ 670251.526284751947969, 7208629.527756681665778 ], [ 670275.570930427871644, 7208640.347841345705092 ], [ 670304.424504487309605, 7208649.965692700818181 ], [ 670326.064681232208386, 7208640.347830023616552 ], [ 670354.918248781934381, 7208621.112107897177339 ], [ 670386.176280380808748, 7208600.674153005704284 ], [ 670426.370064980816096, 7208599.3121392801404 ], [ 670473.380084916716442, 7208627.522138423286378 ], [ 670496.781648511765525, 7208641.550023941323161 ], [ 670522.028528528288007, 7208661.987966150045395 ], [ 670531.646393157308921, 7208694.448234154842794 ], [ 670545.460126956924796, 7208721.532154554501176 ], [ 670579.93014540662989, 7208759.14215974509716 ], [ 670636.340161695843562, 7208759.142147071659565 ], [ 670680.220170825137757, 7208743.472131822258234 ], [ 670711.981222092988901, 7208714.886141517199576 ], [ 670739.76017313124612, 7208677.662095809355378 ], [ 670777.370176897617057, 7208646.322076581418514 ], [ 670821.24018317903392, 7208618.122057020664215 ] ] ] ] } }
]
}
