{
"type": "FeatureCollection",
"name": "rio_verde",
"crs": { "type": "name", "properties": { "name": "urn:ogc:def:crs:EPSG::31982" } },
"features": [
{ "type": "Feature", "properties": { "AREA": 238783191.82921001, "PERIMETER": 103359.87636, "BACIAS1_": 14, "BACIAS1_ID": 0, "NOME_BACIA": "RIO VERDE", "SUB_AREA": 238.78, "SUBCODIGO": 13, "BACCODIGO": 2, "SUBNOME": "RIO VERDE", "SUBBAC_DAT": "2002-01-03", "SUBBAC_POP": 37527, "SUBBAC_P_1": 2877, "SUBBAC_DEN": 12.05, "SUBBAC_D_1": 157.16 }, "geometry": { "type": "MultiPolygon", "coordinates": [ [ [ [ 654196.34607713506557, 7193897.136824816465378 ], [ 654233.126903349650092, 7193922.705481139943004 ], [ 654275.592427096096799, 7193922.187188180163503 ], [ 654363.286297052050941, 7193928.787669599056244 ], [ 654434.002450041705742, 7193934.870668290182948 ], [ 654494.662138912128285, 7193960.415160512551665 ], [ 654542.102487822878174, 7193977.340660024434328 ], [ 654600.022511319955811, 7194015.950660726986825 ], [ 654665.200503253145143, 7194086.802342301234603 ], [ 654736.714838737156242, 7194090.890412186272442 ], [ 654804.196164526976645, 7194102.137286280281842 ], [ 654871.677494939183816, 7194135.877936098724604 ], [ 654886.356804696028121, 7194181.807704279199243 ], [ 654890.422327038017102, 7194233.350960430689156 ], [ 654882.924412214430049, 7194282.087476045824587 ], [ 654841.685834097326733, 7194323.326073308475316 ], [ 654785.451404000166804, 7194353.317785760387778 ], [ 654678.998806289630011, 7194401.475181292742491 ], [ 654624.975104092969559, 7194429.987706445157528 ], [ 654582.95667034946382, 7194458.500229150988162 ], [ 654585.957993000047281, 7194485.512084038928151 ], [ 654623.474463074235246, 7194515.52524917665869 ], [ 654666.99356214760337, 7194520.027216222137213 ], [ 654718.015954621718265, 7194527.530499015003443 ], [ 654803.553492675418966, 7194529.031140200793743 ], [ 654879.175505229039118, 7194552.012785643339157 ], [ 654969.150614044629037, 7194604.498243999667466 ], [ 655040.380904614925385, 7194626.992005184292793 ], [ 655087.177984931971878, 7194650.584432052448392 ], [ 655114.189847603207454, 7194692.602868434041739 ], [ 655153.20697966159787, 7194739.123278280720115 ], [ 655254.071787157445215, 7194746.958765452727675 ], [ 655325.302077750908211, 7194769.452526618726552 ], [ 655381.536522532464005, 7194810.691103973425925 ], [ 655464.013703484786674, 7194848.180713323876262 ], [ 655553.988811603980139, 7194896.917209004983306 ], [ 655603.97585799312219, 7194921.826954270713031 ], [ 655640.27304365253076, 7194954.747645740397274 ], [ 655650.402494838228449, 7194983.447740152478218 ], [ 655669.817264582728967, 7194981.759495197795331 ], [ 655692.608510157442652, 7194951.371153060346842 ], [ 655748.934870590222999, 7194960.649533636868 ], [ 655786.424498663749546, 7194979.394339067861438 ], [ 655816.416207318427041, 7195024.381884414702654 ], [ 655861.403760236338712, 7195043.126688305288553 ], [ 655898.893386765965261, 7195054.373568478040397 ], [ 655973.872631299658678, 7195035.628739938139915 ], [ 656000.115363589022309, 7195013.134958786889911 ], [ 656056.349799893912859, 7195013.134947222657502 ], [ 656082.592539163888432, 7195024.381829699501395 ], [ 656123.831131996703334, 7195054.373522220179439 ], [ 656211.532289094291627, 7195089.80112162977457 ], [ 656253.911688273190521, 7195117.290450720116496 ], [ 656285.982583724777214, 7195132.180502101778984 ], [ 656352.415149337262847, 7195145.925157323479652 ], [ 656448.627825492061675, 7195141.343581184744835 ], [ 656532.241218697745353, 7195118.435782419517636 ], [ 656598.673777652787976, 7195100.109543495811522 ], [ 656682.42654122132808, 7195095.611995946615934 ], [ 656768.652677677338943, 7195099.36094076000154 ], [ 656791.146450643893331, 7195091.863010860048234 ], [ 656813.64022282906808, 7195080.616118330508471 ], [ 656817.389179013669491, 7195050.624416548758745 ], [ 656824.887098398059607, 7195024.381676618009806 ], [ 656832.385018562315963, 7195001.887899313122034 ], [ 656839.882941064191982, 7194990.641009883955121 ], [ 656851.129827544791624, 7194986.892044933512807 ], [ 656907.364263847935945, 7194986.892033306881785 ], [ 656967.347675835713744, 7195050.62438553571701 ], [ 657023.582115265075117, 7195065.620224404148757 ], [ 657057.322777050663717, 7195065.620217419229448 ], [ 657100.770568463252857, 7195040.595882894471288 ], [ 657133.044300691573881, 7195007.926164610311389 ], [ 657125.947759261936881, 7194984.18781775329262 ], [ 657106.734776266850531, 7194955.368354665115476 ], [ 657084.63984452560544, 7194915.981754254549742 ], [ 657039.489335198188201, 7194851.618287160992622 ], [ 657013.551805466413498, 7194799.743251824751496 ], [ 656978.007790643372573, 7194764.199249807745218 ], [ 656943.424425472505391, 7194732.497843202203512 ], [ 656908.841061505256221, 7194706.560330007225275 ], [ 656885.785483728977852, 7194680.622814426198602 ], [ 656862.729907953180373, 7194664.291787863709033 ], [ 656842.556276926305145, 7194639.314920587465167 ], [ 656830.067835095222108, 7194606.652860510163009 ], [ 656852.162756826728582, 7194598.007015828043222 ], [ 656885.785467143519782, 7194600.88895558193326 ], [ 657062.544860371155664, 7194624.905141548253596 ], [ 657125.443319803103805, 7194634.600342481397092 ], [ 657179.213336450979114, 7194644.840334666892886 ], [ 657250.913357408251613, 7194652.520322302356362 ], [ 657299.563372145406902, 7194660.210314714349806 ], [ 657376.373394484166056, 7194667.890301277860999 ], [ 657419.903409442165866, 7194683.250297233462334 ], [ 657509.523437382071279, 7194701.170284453779459 ], [ 657606.823472750838846, 7194744.700278384611011 ], [ 657691.323501998092979, 7194775.430270809680223 ], [ 657757.903524804627523, 7194798.480264457874 ], [ 657783.041464125155471, 7194809.905242435634136 ], [ 657840.204352055909112, 7194804.398532653227448 ], [ 657909.120954293990508, 7194779.78544289432466 ], [ 657975.576252729515545, 7194772.401506433263421 ], [ 658034.647631006198935, 7194774.862801671028137 ], [ 658083.873780690133572, 7194782.246714040637016 ], [ 658128.177318141446449, 7194801.937165141105652 ], [ 658179.864781427429989, 7194838.856767492368817 ], [ 658239.593673640396446, 7194887.630193112418056 ], [ 658273.394480970571749, 7194925.002511955797672 ], [ 658301.163508013356477, 7194944.837523592635989 ], [ 658315.507639912539162, 7194911.680200934410095 ], [ 658331.782919863238931, 7194895.030347732827067 ], [ 658353.116121825529262, 7194882.58597326464951 ], [ 658378.004860495915636, 7194882.585968067869544 ], [ 658399.338065442861989, 7194884.363730760291219 ], [ 658420.671270017162897, 7194884.363726306706667 ], [ 658436.671173634706065, 7194885.252606536261737 ], [ 658455.337728197686374, 7194887.91925335675478 ], [ 658474.004283321439289, 7194893.252550894394517 ], [ 658495.337487334851176, 7194890.585895719006658 ], [ 658521.115109715610743, 7194891.474773904308677 ], [ 658536.226128688082099, 7194887.030352883040905 ], [ 658554.892681196331978, 7194879.919280402362347 ], [ 658574.448117600171827, 7194874.585974879562855 ], [ 658586.003602478187531, 7194870.141554599627852 ], [ 658593.114667491056025, 7194855.030532377772033 ], [ 658593.114663378684781, 7194835.47509378194809 ], [ 658576.225861287093721, 7194763.475527935661376 ], [ 658543.337166049401276, 7194740.36456192471087 ], [ 658499.781871143379249, 7194729.69796815700829 ], [ 658466.004295559367165, 7194721.698023061268032 ], [ 658435.782253138604574, 7194709.25365936011076 ], [ 658410.05093728704378, 7194681.061094874516129 ], [ 658398.621773857390508, 7194663.397849453613162 ], [ 658389.270638814661652, 7194642.617559866979718 ], [ 658375.763443291187286, 7194610.408110806718469 ], [ 658366.412307157996111, 7194584.432748338207603 ], [ 658360.178212840575725, 7194550.145268606953323 ], [ 658354.983133478439413, 7194517.935817814432085 ], [ 658347.710025078966282, 7194485.726367456838489 ], [ 658346.671005759155378, 7194462.86804698780179 ], [ 658344.592972574639134, 7194443.126770467497408 ], [ 658333.163810241152532, 7194430.658597933128476 ], [ 658324.332183770602569, 7194416.112395703792572 ], [ 658323.293163798633032, 7194390.137031508609653 ], [ 658314.981042625731789, 7194366.239697984419763 ], [ 658301.473850163863972, 7194348.576453004032373 ], [ 658293.161729865008965, 7194328.835177786648273 ], [ 658290.044683035113849, 7194313.249959790147841 ], [ 658298.356797883752733, 7194307.015870598144829 ], [ 658323.293147658579983, 7194313.249952850863338 ], [ 658339.91738214972429, 7194323.640095144510269 ], [ 658352.385558565729298, 7194334.030238308012486 ], [ 658376.28289469529409, 7194344.420379083603621 ], [ 658402.258258991292678, 7194350.654461119323969 ], [ 658430.311650799936615, 7194349.615440683439374 ], [ 658444.857851236127317, 7194336.108248151838779 ], [ 658446.935876344563439, 7194317.405985343270004 ], [ 658445.896857896237634, 7194298.703723184764385 ], [ 658445.896854403661564, 7194282.07948996219784 ], [ 658453.169948399765417, 7194245.713978272862732 ], [ 658454.208957460941747, 7194219.738613650202751 ], [ 658454.208954405970871, 7194205.19240958057344 ], [ 658454.208950257510878, 7194185.451132632791996 ], [ 658465.638104293146171, 7194158.436751263216138 ], [ 658472.91120309010148, 7194144.929560255259275 ], [ 658471.872184641077183, 7194126.22729810141027 ], [ 658466.67710767837707, 7194105.447007665410638 ], [ 658447.974843932082877, 7194094.017851233482361 ], [ 658431.350610097753815, 7194086.744752675294876 ], [ 658421.999477461678907, 7194077.393623441457748 ], [ 658410.570314914453775, 7194063.886436340399086 ], [ 658393.946079334360547, 7194048.301221173256636 ], [ 658378.360858057509176, 7194031.676991209387779 ], [ 658364.853666909737512, 7194020.247833692468703 ], [ 658360.69760708801914, 7194011.935717953369021 ], [ 658365.892675973940641, 7193994.272469077259302 ], [ 658373.165776080451906, 7193986.999365527182817 ], [ 658383.555918870144524, 7193975.570203021168709 ], [ 658394.985076177516021, 7193964.141040302813053 ], [ 658405.375218967208639, 7193952.711877796798944 ], [ 658415.765361538855359, 7193940.243700717575848 ], [ 658418.88240160245914, 7193923.619466850534081 ], [ 658418.882398983114399, 7193911.151291942223907 ], [ 658420.96042147371918, 7193879.980854233726859 ], [ 658429.272534131770954, 7193863.356619287282228 ], [ 658434.467605197336525, 7193856.083516171202064 ], [ 658452.130843941587955, 7193817.63997317943722 ], [ 658447.455274022649974, 7193795.820668065920472 ], [ 658431.870053841383196, 7193784.391510987654328 ], [ 658422.518921426031739, 7193776.079396336339414 ], [ 658415.245817612623796, 7193765.689252099953592 ], [ 658416.284829292795621, 7193752.182062398642302 ], [ 658416.284826456801966, 7193738.674872918054461 ], [ 658419.40186630259268, 7193721.011624481528997 ], [ 658423.557922630570829, 7193712.699507009238005 ], [ 658429.792007777607068, 7193703.348374526947737 ], [ 658450.572296621860005, 7193696.075268156826496 ], [ 658471.352586775203235, 7193695.036249238997698 ], [ 658487.976819509873167, 7193697.114274917170405 ], [ 658502.523024516762234, 7193705.426388485357165 ], [ 658513.952185751404613, 7193712.699488123878837 ], [ 658529.537403748603538, 7193713.738499443046749 ], [ 658535.771490641403943, 7193712.699483565054834 ], [ 658550.317693465389311, 7193710.621451374143362 ], [ 658567.980936131440103, 7193690.880170745775104 ], [ 658578.371077165240422, 7193671.138891639187932 ], [ 658592.397769232629798, 7193652.436626347713172 ], [ 658604.865939305280335, 7193632.695346808061004 ], [ 658604.865936026675627, 7193617.110128177329898 ], [ 658614.217059919028543, 7193584.900674384087324 ], [ 658616.295084366458468, 7193563.081367865204811 ], [ 658621.490151495207101, 7193537.106002397835255 ], [ 658638.114377013873309, 7193504.896547087468207 ], [ 658650.582547737751156, 7193488.272311275824904 ], [ 658670.323822709615342, 7193484.116248844191432 ], [ 658697.338200405007228, 7193485.155257768929005 ], [ 658713.962431823136285, 7193480.999195990152657 ], [ 658736.82074969552923, 7193473.726089181378484 ], [ 658753.444980019354261, 7193464.374954525381327 ], [ 658769.030194730963558, 7193449.828747211024165 ], [ 658777.342307595186867, 7193434.243526841513813 ], [ 658789.810478314408101, 7193417.61929102987051 ], [ 658806.434706886531785, 7193399.95603977330029 ], [ 658820.980908390483819, 7193391.643920127302408 ], [ 658837.605139368213713, 7193385.409829194657505 ], [ 658854.229370345943607, 7193379.175738262012601 ], [ 658867.736557331867516, 7193370.863618833944201 ], [ 658877.087686243234202, 7193362.551500272937119 ], [ 658895.789946913253516, 7193359.434452631510794 ], [ 658910.336150824441575, 7193362.551493311300874 ], [ 658923.843340436113067, 7193366.707548781298101 ], [ 658949.818705579498783, 7193377.097689088433981 ], [ 658962.286881987471133, 7193387.48783222772181 ], [ 658974.755059491260909, 7193403.073048241436481 ], [ 658999.691408365732059, 7193405.151072163134813 ], [ 659029.822829394135624, 7193405.151065848767757 ], [ 659045.408045632764697, 7193397.877960555255413 ], [ 659051.642130550928414, 7193387.48781349696219 ], [ 659053.720155642251484, 7193368.785550709813833 ], [ 659060.993255735840648, 7193361.512447159737349 ], [ 659065.149314027396031, 7193362.551460861228406 ], [ 659070.344389906153083, 7193378.136678397655487 ], [ 659070.344392317580059, 7193389.565838724374771 ], [ 659070.344395385589451, 7193404.112042775377631 ], [ 659071.383412970695645, 7193418.658246612176299 ], [ 659104.631880405708216, 7193432.165429117158055 ], [ 659120.217098177061416, 7193432.165425846353173 ], [ 659126.451184848090634, 7193430.087395388633013 ], [ 659132.685270423302427, 7193422.814292054623365 ], [ 659137.880340602947399, 7193411.385130637325346 ], [ 659155.543586095911451, 7193405.151039481163025 ], [ 659174.245844793156721, 7193392.682860654778779 ], [ 659188.79204453912098, 7193376.058624401688576 ], [ 659204.377260996028781, 7193369.824533679522574 ], [ 659221.001493285526522, 7193369.824530190788209 ], [ 659236.586711715906858, 7193372.941570647060871 ], [ 659244.898826326010749, 7193365.668466873466969 ], [ 659244.898825008654967, 7193359.434379423037171 ], [ 659238.664736584527418, 7193353.200293282046914 ], [ 659218.923458545235917, 7193342.810151675716043 ], [ 659205.416268495609984, 7193336.576067060232162 ], [ 659185.674991554347798, 7193331.380998328328133 ], [ 659174.245829002931714, 7193317.873811250552535 ], [ 659166.972722552251071, 7193295.015492126345634 ], [ 659166.972717288765125, 7193270.079142329283059 ], [ 659159.699610619456507, 7193246.181808630004525 ], [ 659151.387491624453105, 7193232.674620903097093 ], [ 659132.165718876523897, 7193212.933348010294139 ], [ 659117.619512994540855, 7193200.46517616417259 ], [ 659114.502467029262334, 7193189.036016495898366 ], [ 659113.463447908172384, 7193167.216710641980171 ], [ 659110.34640238143038, 7193157.865580121055245 ], [ 659106.190343432244845, 7193153.709522693417966 ], [ 659098.917240930721164, 7193149.55346592143178 ], [ 659080.214979171287268, 7193147.475440694019198 ], [ 659060.473702893825248, 7193145.397415684536099 ], [ 659041.77144069573842, 7193141.24136130604893 ], [ 659028.264248896273784, 7193126.695160090923309 ], [ 659023.069172363961115, 7193107.992898834869266 ], [ 659019.952124209376052, 7193086.173593420535326 ], [ 659014.757044827798381, 7193053.964142696000636 ], [ 659004.366895489627495, 7193034.222867956385016 ], [ 658992.937734480481595, 7193027.988782902248204 ], [ 658974.235472067026421, 7193022.793713951483369 ], [ 658949.299120357842185, 7193007.208500558510423 ], [ 658927.479812640231103, 7192993.70131566002965 ], [ 658913.972619969397783, 7192974.999056147411466 ], [ 658898.387398264487274, 7192956.296797070652246 ], [ 658873.451046777889132, 7192941.750598253682256 ], [ 658852.670755332685076, 7192936.555529730394483 ], [ 658830.851448493893258, 7192927.204403130337596 ], [ 658810.071154860779643, 7192911.619188864715397 ], [ 658790.329875965369865, 7192897.072988955304027 ], [ 658772.666627417434938, 7192888.76087605766952 ], [ 658768.510566284414381, 7192874.214672885835171 ], [ 658768.510564316879027, 7192864.863541714847088 ], [ 658771.627605681307614, 7192854.473395319655538 ], [ 658778.900704897241667, 7192843.044233478605747 ], [ 658779.939717446104623, 7192833.693102091550827 ], [ 658777.861686880234629, 7192826.420000507496297 ], [ 658775.783656532643363, 7192820.185913497582078 ], [ 658776.82266995543614, 7192814.990840407088399 ], [ 658776.82266492350027, 7192791.09350520092994 ], [ 658779.939706069300883, 7192779.664344228804111 ], [ 658786.173790547065437, 7192767.196168033406138 ], [ 658791.368861384340562, 7192758.884050352498889 ], [ 658826.695354316616431, 7192755.766999233514071 ], [ 658849.553674135822803, 7192757.845023594796658 ], [ 658859.943819746025838, 7192759.923050569370389 ], [ 658883.841154301189817, 7192763.040089285001159 ], [ 658902.543416488799267, 7192767.196143665350974 ], [ 658934.752867619972676, 7192772.391209787689149 ], [ 658963.84527476306539, 7192775.508247415535152 ], [ 658984.625565766356885, 7192778.625286782160401 ], [ 658997.093741070129909, 7192783.820357039570808 ], [ 659033.459251150256023, 7192793.17148058488965 ], [ 659081.253921577706933, 7192805.639645455405116 ], [ 659112.42435731808655, 7192806.678653491660953 ], [ 659141.516764682950452, 7192810.834705683402717 ], [ 659191.389463929925114, 7192822.26385553739965 ], [ 659223.59891396923922, 7192822.263848775997758 ], [ 659255.808365105418488, 7192827.458914885297418 ], [ 659283.342250914312899, 7192832.653981977142394 ], [ 659307.239583059446886, 7192824.341860363259912 ], [ 659333.2149427018594, 7192808.75663629360497 ], [ 659344.644099758937955, 7192796.288459001109004 ], [ 659363.346357557573356, 7192779.664221884682775 ], [ 659376.853544745943509, 7192772.391117026098073 ], [ 659395.555804302217439, 7192764.078996501863003 ], [ 659412.18003306328319, 7192747.454759823158383 ], [ 659428.804261606186628, 7192729.791508565656841 ], [ 659439.194403265253641, 7192713.167273193597794 ], [ 659448.545528207789175, 7192686.152892300859094 ], [ 659462.052712097996846, 7192663.294568830169737 ], [ 659474.520882128505036, 7192643.553289302624762 ], [ 659481.79398001357913, 7192625.89004001300782 ], [ 659502.574265741626732, 7192604.070729587227106 ], [ 659509.847365603549406, 7192595.758611466735601 ], [ 659514.003419715329073, 7192577.056348261423409 ], [ 659514.003414659993723, 7192553.159013059921563 ], [ 659514.003411803161725, 7192539.651823598891497 ], [ 659498.418191630858928, 7192528.222666563466191 ], [ 659481.793957820278592, 7192520.94956804253161 ], [ 659460.49415890336968, 7192514.715485076420009 ], [ 659456.338097319938242, 7192498.091252766549587 ], [ 659456.338092268095352, 7192474.193917566910386 ], [ 659459.455132961622439, 7192460.686727453023195 ], [ 659468.806261855643243, 7192452.374608897604048 ], [ 659506.210782047128305, 7192440.945440718904138 ], [ 659522.835012997500598, 7192434.711349783465266 ], [ 659541.537271003937349, 7192419.126127243041992 ], [ 659563.356569921597838, 7192391.072729161009192 ], [ 659574.78572564967908, 7192372.370464428327978 ], [ 659579.980794714763761, 7192355.746230155229568 ], [ 659585.175862680887803, 7192333.926923017948866 ], [ 659589.331917669158429, 7192319.380718110129237 ], [ 659597.644032264593989, 7192312.107614347711205 ], [ 659612.190235718037002, 7192313.146625860594213 ], [ 659631.93151263485197, 7192318.341694572940469 ], [ 659648.555747981416062, 7192332.887895107269287 ], [ 659662.062938679708168, 7192342.239023426547647 ], [ 659698.428448746562935, 7192351.590146933682263 ], [ 659710.896622066618875, 7192347.434086014516652 ], [ 659734.793955071363598, 7192343.27802268601954 ], [ 659756.613259042496793, 7192339.121959795244038 ], [ 659777.393547176616266, 7192328.731809683144093 ], [ 659807.524967060657218, 7192323.53673046734184 ], [ 659825.188213623594493, 7192322.497712170705199 ], [ 659852.202588636195287, 7192311.068546169437468 ], [ 659885.451049425289966, 7192293.405291411094368 ], [ 659901.036265192436986, 7192284.054156962782145 ], [ 659910.387392316712067, 7192267.429921814240515 ], [ 659907.270341496914625, 7192233.142441544681787 ], [ 659907.270334005821496, 7192197.81594604626298 ], [ 659910.387372707249597, 7192174.957624771632254 ], [ 659919.738497187034227, 7192145.865214746445417 ], [ 659918.179972326382995, 7192131.319011046551168 ], [ 659917.140955386450514, 7192119.889850959181786 ], [ 659914.023908091709018, 7192102.226603869348764 ], [ 659900.516715852427296, 7192085.602373544126749 ], [ 659888.048538792529143, 7192072.095186717808247 ], [ 659877.658389443298802, 7192052.353912017308176 ], [ 659877.658384156529792, 7192027.417562259361148 ], [ 659878.697393825394101, 7192004.559241429902613 ], [ 659889.087532819481567, 7191975.466831192374229 ], [ 659901.555701066157781, 7191947.413435090333223 ], [ 659914.023864463437349, 7191896.501718379557133 ], [ 659923.374989159172401, 7191868.448322936892509 ], [ 659929.609072949388064, 7191852.863103026524186 ], [ 659939.999214804498479, 7191837.277882240712643 ], [ 659963.896545587689616, 7191822.731673181056976 ], [ 659984.676833704812452, 7191812.341523068957031 ], [ 659998.18402086943388, 7191805.068418208509684 ], [ 660033.510511106462218, 7191789.483192162588239 ], [ 660049.095726419473067, 7191778.054028573445976 ], [ 660063.641925893723965, 7191760.390777764841914 ], [ 660062.602906305226497, 7191736.493442807346582 ], [ 660048.056698451284319, 7191714.674139849841595 ], [ 660039.744579016114585, 7191699.088923010975122 ], [ 660021.561823003110476, 7191689.737795691005886 ], [ 659998.703500790987164, 7191676.230611068196595 ], [ 659975.845178796211258, 7191663.762441017664969 ], [ 659951.947842508554459, 7191652.333285758271813 ], [ 659931.167551089543849, 7191647.138217274099588 ], [ 659913.504302779212594, 7191639.865118989720941 ], [ 659898.958097134949639, 7191628.435961757786572 ], [ 659890.645977703854442, 7191612.8507449189201 ], [ 659888.567945587681606, 7191598.304541342891753 ], [ 659893.763015743345022, 7191586.875379947945476 ], [ 659901.036116030416451, 7191580.641290980391204 ], [ 659917.660347180208191, 7191575.44621461071074 ], [ 659941.557680159225129, 7191571.290151281282306 ], [ 659954.025853465660475, 7191567.134090362116694 ], [ 659965.455011375946924, 7191558.821971371769905 ], [ 659982.07924076076597, 7191545.314778421074152 ], [ 660003.898538974695839, 7191514.144336642697453 ], [ 660022.600794522906654, 7191487.129953812807798 ], [ 660053.771224255440757, 7191460.115568352863193 ], [ 660072.473483330453746, 7191449.725418681278825 ], [ 660101.565884468727745, 7191424.789062799885869 ], [ 660111.95602521172259, 7191404.008769161999226 ], [ 660116.112076876219362, 7191373.877345684915781 ], [ 660118.190100391046144, 7191347.901980940252542 ], [ 660121.307138199917972, 7191320.887601402588189 ], [ 660122.346145876450464, 7191288.678149444982409 ], [ 660122.346141903079115, 7191269.975887145847082 ], [ 660123.38515443331562, 7191260.624755777418613 ], [ 660132.216775165405124, 7191248.156579045578837 ], [ 660138.450859387172386, 7191234.649388291873038 ], [ 660152.997060613823123, 7191225.298254072666168 ], [ 660173.7773473871639, 7191208.674016527831554 ], [ 660183.128474933095276, 7191194.127810545265675 ], [ 660182.089455121429637, 7191169.191461036913097 ], [ 660177.933393308427185, 7191151.528214189223945 ], [ 660161.309157756739296, 7191135.942999119870365 ], [ 660139.489849186851643, 7191118.279756003059447 ], [ 660118.709556901711039, 7191108.9286292437464 ], [ 660103.124335646163672, 7191092.304399384185672 ], [ 660091.695171565981582, 7191071.524110356345773 ], [ 660066.758819678216241, 7191054.899882471188903 ], [ 660035.588382465299219, 7191046.587772473692894 ], [ 660003.378930296516046, 7191036.197633551433682 ], [ 659992.988781398860738, 7191018.534388022497296 ], [ 659990.910747519345023, 7190995.676067879423499 ], [ 659995.066799626103602, 7190967.622673566453159 ], [ 659999.222851071506739, 7190936.452235538512468 ], [ 660000.261859412654303, 7190907.359827309846878 ], [ 659999.222840267699212, 7190885.540521524846554 ], [ 659987.793674212298356, 7190855.409101359546185 ], [ 659980.520570404245518, 7190845.018957176245749 ], [ 659946.752592505421489, 7190815.926556296646595 ], [ 659933.245398086146452, 7190788.912180285900831 ], [ 659927.011306810425594, 7190769.17090474255383 ], [ 659924.933271831599995, 7190741.117511751130223 ], [ 659924.933266762527637, 7190717.220176607370377 ], [ 659924.93326191441156, 7190694.361856036819518 ], [ 659927.011285432847217, 7190668.386491315439343 ], [ 659954.025651347823441, 7190614.357727912254632 ], [ 659967.532827469403856, 7190555.133894503116608 ], [ 659982.079024275066331, 7190525.002468872815371 ], [ 659997.664234713185579, 7190490.714984739199281 ], [ 660008.054372578626499, 7190456.427501700818539 ], [ 660010.13239653641358, 7190432.530166128650308 ], [ 660003.898302394314669, 7190399.281701171770692 ], [ 659982.078992968890816, 7190377.46239978633821 ], [ 659954.025597786065191, 7190361.877187140285969 ], [ 659918.699104307917878, 7190361.877194589003921 ], [ 659870.904437984456308, 7190368.111292092129588 ], [ 659815.317164127598517, 7190380.579478656873107 ], [ 659792.4588448186405, 7190380.57948347274214 ], [ 659757.132351121283136, 7190379.540476346388459 ], [ 659728.039942966890521, 7190371.22836590744555 ], [ 659701.025561200222, 7190350.44808017835021 ], [ 659674.011181195732206, 7190337.979911015368998 ], [ 659650.113844074308872, 7190322.394697481766343 ], [ 659623.099464293103665, 7190310.965542888268828 ], [ 659599.202127391472459, 7190296.419343927875161 ], [ 659577.382819300866686, 7190280.834129955619574 ], [ 659551.407453814754263, 7190268.365960573777556 ], [ 659522.315046106930822, 7190262.131879268214107 ], [ 659491.144610691349953, 7190262.131885824725032 ], [ 659456.85713261179626, 7190266.28795131854713 ], [ 659424.647683780058287, 7190271.48303094226867 ], [ 659384.126118616200984, 7190275.639097741805017 ], [ 659358.150755111360922, 7190272.522059489041567 ], [ 659342.565536524401978, 7190268.366004480049014 ], [ 659294.77086756832432, 7190262.131927095353603 ], [ 659261.00289257557597, 7190246.546715627424419 ], [ 659225.676395154441707, 7190227.844460770487785 ], [ 659195.544969866285101, 7190207.064175683073699 ], [ 659183.076790436170995, 7190182.127828605473042 ], [ 659184.115800123894587, 7190159.269507832825184 ], [ 659205.935100085800514, 7190136.411182697862387 ], [ 659227.754402239574119, 7190123.943003268912435 ], [ 659248.534690758795477, 7190115.630882343277335 ], [ 659267.236948931124061, 7190101.084674428217113 ], [ 659284.900191054097377, 7190079.265364740043879 ], [ 659299.446386561496183, 7190042.899851717054844 ], [ 659320.226672660326585, 7190023.158570513129234 ], [ 659339.967944246483967, 7190003.417289528995752 ], [ 659354.51413996797055, 7189968.090791078284383 ], [ 659354.514131623785943, 7189928.608237408101559 ], [ 659354.514124815817922, 7189896.398785728961229 ], [ 659354.514118008315563, 7189864.189334051683545 ], [ 659353.475099981529638, 7189847.565101147629321 ], [ 659349.838543475372717, 7189820.55072308704257 ], [ 659345.68248146912083, 7189801.848461698740721 ], [ 659345.682473782915622, 7189765.482951747253537 ], [ 659345.682465659105219, 7189727.039412653073668 ], [ 659342.565417726989836, 7189706.259121907874942 ], [ 659330.097240935312584, 7189693.790949689224362 ], [ 659299.965817640535533, 7189682.361795748583972 ], [ 659269.834395005833358, 7189674.049685516394675 ], [ 659236.585929051972926, 7189666.776590511202812 ], [ 659208.532536101527512, 7189661.581523549742997 ], [ 659197.103373167105019, 7189645.996307400986552 ], [ 659190.869281702442095, 7189625.216017313301563 ], [ 659189.830263678566553, 7189608.591784412972629 ], [ 659189.83025885222014, 7189585.733463875949383 ], [ 659190.869267440517433, 7189557.680070273578167 ], [ 659188.791233371361159, 7189533.782735606655478 ], [ 659182.557139931828715, 7189503.65131439268589 ], [ 659166.971913902903907, 7189464.168764017522335 ], [ 659162.815849271370098, 7189432.998327801004052 ], [ 659163.854857861762866, 7189404.944934204220772 ], [ 659165.413375901873223, 7189387.281686194241047 ], [ 659183.076616036356427, 7189356.111245401203632 ], [ 659202.817882341332734, 7189311.433614770881832 ], [ 659204.895903687225655, 7189275.068104404956102 ], [ 659193.466739661176689, 7189254.287815418094397 ], [ 659180.99856331711635, 7189243.897672340273857 ], [ 659157.101227118517272, 7189232.46851709485054 ], [ 659139.437975363340229, 7189208.571185708045959 ], [ 659135.281909416313283, 7189171.166662085801363 ], [ 659130.086825450998731, 7189117.137905579060316 ], [ 659126.969773142365739, 7189075.577323467470706 ], [ 659123.852723026415333, 7189044.406887048855424 ], [ 659118.138127420912497, 7188969.597839280031621 ], [ 659131.645307305385359, 7188928.037253689020872 ], [ 659142.035443653003313, 7188886.476668754592538 ], [ 659161.776710606878623, 7188844.916081858798862 ], [ 659184.635022409143858, 7188809.589581723324955 ], [ 659205.415307161398232, 7188783.614213142544031 ], [ 659232.42967986036092, 7188761.794901529327035 ], [ 659265.678139409632422, 7188738.936574036255479 ], [ 659289.575468130060472, 7188715.03923393972218 ], [ 659297.887581809656695, 7188703.610071938484907 ], [ 659320.745893602608703, 7188668.28357180673629 ], [ 659352.955337754683569, 7188641.26918625831604 ], [ 659374.774638544768095, 7188622.566919440403581 ], [ 659404.906047518365085, 7188566.460126409307122 ], [ 659411.14012755616568, 7188533.211658913642168 ], [ 659422.569282349897549, 7188510.353336004540324 ], [ 659438.15449914324563, 7188506.197274455800653 ], [ 659456.856757931411266, 7188494.768110272474587 ], [ 659473.480987696908414, 7188483.338946524076164 ], [ 659492.183244724525139, 7188463.5976657923311 ], [ 659488.546686681103893, 7188429.310185806825757 ], [ 659478.156531897489913, 7188383.593546994030476 ], [ 659457.376233100192621, 7188343.071983207017183 ], [ 659424.127760171890259, 7188302.550422042608261 ], [ 659385.684216008754447, 7188268.262949381023645 ], [ 659363.864906882401556, 7188247.482662608847022 ], [ 659334.77249596058391, 7188225.663362793624401 ], [ 659295.289941466180608, 7188211.117167139425874 ], [ 659277.6266914854059, 7188195.531952330842614 ], [ 659277.626688411575742, 7188180.985748380422592 ], [ 659279.704713263199665, 7188161.244471155107021 ], [ 659283.860767355188727, 7188142.54220806248486 ], [ 659287.497313093394041, 7188118.644872238859534 ], [ 659276.068145570461638, 7188081.240350199863315 ], [ 659252.170805675676093, 7188052.147947324439883 ], [ 659239.702626716694795, 7188029.289629453793168 ], [ 659224.117400496732444, 7187988.768064590170979 ], [ 659224.117394570726901, 7187960.714671267196536 ], [ 659231.390488465200178, 7187924.349159875884652 ], [ 659235.546539045171812, 7187889.022663710638881 ], [ 659246.97569076041691, 7187851.618136880919337 ], [ 659260.482871274696663, 7187813.17459505237639 ], [ 659261.521881395834498, 7187792.394303489476442 ], [ 659254.248774773906916, 7187768.496969967149198 ], [ 659243.339116268558428, 7187739.404564375989139 ], [ 659236.066010306240059, 7187718.624274556525052 ], [ 659222.558813333045691, 7187679.141723843291402 ], [ 659180.998222827794962, 7187631.347062481567264 ], [ 659148.788767526391894, 7187605.371705064550042 ], [ 659113.462271547177806, 7187592.903537674807012 ], [ 659094.760006416589022, 7187574.201279392465949 ], [ 659088.525912119541317, 7187539.913799989968538 ], [ 659100.994079882279038, 7187509.782374932430685 ], [ 659116.579290295951068, 7187475.494890955276787 ], [ 659136.320549316122197, 7187396.529779735952616 ], [ 659145.67167113116011, 7187354.969195103272796 ], [ 659159.17885230074171, 7187319.642697001807392 ], [ 659188.271253309445456, 7187294.70634129550308 ], [ 659200.739425013540313, 7187283.277178443968296 ], [ 659211.12956989207305, 7187282.238161696121097 ], [ 659235.026905592530966, 7187291.589287778362632 ], [ 659253.729167866287753, 7187296.784356683492661 ], [ 659273.470447283005342, 7187314.447600169107318 ], [ 659310.355465455446392, 7187328.993796352297068 ], [ 659335.291815448785201, 7187337.3059076461941 ], [ 659358.15013466461096, 7187337.305902842432261 ], [ 659389.320568862603977, 7187332.1108234571293 ], [ 659412.178887419519015, 7187328.993774952366948 ], [ 659445.427351733786054, 7187328.993767959997058 ], [ 659471.402715138625354, 7187332.110806199721992 ], [ 659502.573151753400452, 7187338.344887042418122 ], [ 659529.587530768360011, 7187346.656997893936932 ], [ 659550.367823604494333, 7187359.125168320722878 ], [ 659565.953041031840257, 7187358.086150475777686 ], [ 659580.499242850928567, 7187351.852060013450682 ], [ 659586.733323971973732, 7187323.798665400594473 ], [ 659588.811347271548584, 7187296.784286230802536 ], [ 659591.928387721301988, 7187282.23808164242655 ], [ 659598.162471700110473, 7187267.691876398399472 ], [ 659616.864730455679819, 7187256.262712229043245 ], [ 659629.332903691916727, 7187252.106651337817311 ], [ 659666.737424282124266, 7187243.794526929035783 ], [ 659670.893482321174815, 7187243.794526055455208 ], [ 659712.454062269767746, 7187241.716488169506192 ], [ 659738.429423692170531, 7187235.482395297847688 ], [ 659763.365767960203812, 7187216.780127847567201 ], [ 659771.677879853523336, 7187197.038849333301187 ], [ 659772.716889077564701, 7187172.102499518543482 ], [ 659769.599842686555348, 7187158.595310810953379 ], [ 659765.443780024303123, 7187136.776005791500211 ], [ 659764.404761329526082, 7187117.03472924977541 ], [ 659756.612145901657641, 7187085.864293898455799 ], [ 659748.300026523182169, 7187070.279077154584229 ], [ 659745.182976169278845, 7187038.06962625682354 ], [ 659745.182969343150035, 7187005.860174704343081 ], [ 659753.495079912361689, 7186979.884808797389269 ], [ 659757.651132665923797, 7186954.948458334431052 ], [ 659754.534083412960172, 7186927.934080271050334 ], [ 659747.26097766449675, 7186908.192805049009621 ], [ 659721.285609868937172, 7186884.29547549970448 ], [ 659701.544328909832984, 7186859.359130072407424 ], [ 659682.842065543867648, 7186848.968988353386521 ], [ 659669.334874063264579, 7186835.461801839992404 ], [ 659665.178812286118045, 7186817.798555094748735 ], [ 659674.529939566622488, 7186802.213334634900093 ], [ 659678.685994522180408, 7186787.667129838839173 ], [ 659677.64697649073787, 7186771.042897000908852 ], [ 659677.646971648558974, 7186748.18457655236125 ], [ 659674.529925480484962, 7186735.716402418911457 ], [ 659674.529924600850791, 7186731.560344155877829 ], [ 659663.100762800779194, 7186721.17020090483129 ], [ 659658.94470234378241, 7186709.741041554138064 ], [ 659650.632584732258692, 7186702.467941345646977 ], [ 659649.593566922005266, 7186686.882723076269031 ], [ 659650.632579670287669, 7186678.570606332272291 ], [ 659653.749621656024829, 7186671.297503715381026 ], [ 659656.866664083208889, 7186666.102430230006576 ], [ 659664.139764544437639, 7186660.90735587105155 ], [ 659675.568922823644243, 7186654.673266069963574 ], [ 659691.154139135731384, 7186648.439175390638411 ], [ 659700.505267734872177, 7186639.088042329996824 ], [ 659701.544278720393777, 7186622.463809059932828 ], [ 659696.349200672819279, 7186596.488446014001966 ], [ 659689.595602404442616, 7186577.786185253411531 ], [ 659685.439540626946837, 7186560.122938511893153 ], [ 659680.244465663097799, 7186548.69377938657999 ], [ 659675.049389376305044, 7186531.030532866716385 ], [ 659664.659241647925228, 7186518.56236026622355 ], [ 659642.839934764313512, 7186508.172219205647707 ], [ 659633.488801985280588, 7186497.782075519673526 ], [ 659633.488800665829331, 7186491.547988127917051 ], [ 659640.761900906101801, 7186485.313899202272296 ], [ 659655.308103368501179, 7186482.196852443739772 ], [ 659670.893320336239412, 7186479.07980546541512 ], [ 659679.205435305135325, 7186473.884730888530612 ], [ 659699.985720416065305, 7186449.987391504459083 ], [ 659707.258818673435599, 7186434.402171490713954 ], [ 659718.687972324201837, 7186406.348775818012655 ], [ 659732.195153008680791, 7186368.944248620420694 ], [ 659740.5072642324958, 7186346.085926431231201 ], [ 659742.585288405651227, 7186323.227605558000505 ], [ 659742.585285102715716, 7186307.642387079074979 ], [ 659738.429223986458965, 7186293.09618404135108 ], [ 659731.15612176747527, 7186289.979141876101494 ], [ 659704.141745429486036, 7186294.135205828584731 ], [ 659685.439483617432415, 7186291.018166072666645 ], [ 659676.088350620935671, 7186279.589007823728025 ], [ 659675.049331709509715, 7186258.808716738596559 ], [ 659681.802918750792742, 7186224.521234665066004 ], [ 659684.919957873411477, 7186203.74094270914793 ], [ 659692.193050846923143, 7186163.219373138621449 ], [ 659702.583190865814686, 7186139.322035953402519 ], [ 659709.856286478810944, 7186111.268641167320311 ], [ 659727.519529814482667, 7186095.68341897148639 ], [ 659741.026717099593952, 7186089.449328736402094 ], [ 659772.197152563137934, 7186090.488336734473705 ], [ 659797.133500758325681, 7186090.488331479020417 ], [ 659824.147876207833178, 7186082.176209265366197 ], [ 659839.733091405243613, 7186070.747045766562223 ], [ 659857.39633363566827, 7186049.966750744730234 ], [ 659868.825489698676392, 7186033.342515295371413 ], [ 659870.903514087665826, 7186011.523208994418383 ], [ 659876.09858177928254, 7185988.66488747484982 ], [ 659882.332663757959381, 7185964.7675511687994 ], [ 659893.76182025950402, 7185950.221344852820039 ], [ 659902.073934338521212, 7185940.870212016627192 ], [ 659909.347032368183136, 7185924.245977448299527 ], [ 659905.190968824666925, 7185898.270614204928279 ], [ 659901.034904842730612, 7185870.217221836559474 ], [ 659902.073915383080021, 7185851.514959456399083 ], [ 659906.229969887412153, 7185834.89072554372251 ], [ 659913.503069679252803, 7185826.578607492148876 ], [ 659920.776168586337008, 7185814.110431184992194 ], [ 659933.244339814642444, 7185800.603239215910435 ], [ 659944.673496975214221, 7185789.174076594412327 ], [ 659956.10265391273424, 7185776.70589940994978 ], [ 659967.531813497771509, 7185776.705896997824311 ], [ 659986.234075519256294, 7185780.861951309256256 ], [ 659992.46816256432794, 7185780.861949995160103 ], [ 660004.936334672151133, 7185771.510816283524036 ], [ 660010.131403240375221, 7185752.808553024195135 ], [ 660016.365487860282883, 7185741.379391500726342 ], [ 660019.48252851574216, 7185727.872201503254473 ], [ 660025.197106763487682, 7185720.599098345264792 ], [ 660048.055422621546313, 7185705.013875054195523 ], [ 660062.60161800601054, 7185668.648362232372165 ], [ 660067.796686791582033, 7185650.985113540664315 ], [ 660067.796683923224919, 7185637.477924204431474 ], [ 660062.601609180448577, 7185627.087779657915235 ], [ 660057.406533332541585, 7185611.50256229005754 ], [ 660052.211458368459716, 7185600.073403179645538 ], [ 660052.211456381948665, 7185590.722272099927068 ], [ 660057.406527816550806, 7185585.527198184281588 ], [ 660072.99174410419073, 7185579.293107507750392 ], [ 660094.811048980802298, 7185580.3321174653247 ], [ 660107.279223070014268, 7185580.332114830613136 ], [ 660128.059513880638406, 7185583.449154134839773 ], [ 660137.410644448478706, 7185583.449152160435915 ], [ 660143.644730388652533, 7185578.254078023135662 ], [ 660143.644728622981347, 7185569.941961508244276 ], [ 660139.488667502533644, 7185555.395758489146829 ], [ 660138.449647475965321, 7185529.420394603163004 ], [ 660138.449643723317422, 7185511.757147012278438 ], [ 660146.761754262261093, 7185485.7817811537534 ], [ 660149.878792044008151, 7185458.767401828430593 ], [ 660154.034845438087359, 7185436.948095105588436 ], [ 660163.385973353637382, 7185424.479918361641467 ], [ 660170.659071591682732, 7185408.894698365591466 ], [ 660165.463996405829675, 7185396.426524695008993 ], [ 660152.99582121707499, 7185391.231454509310424 ], [ 660136.371587997535244, 7185386.036385199986398 ], [ 660119.747353896615095, 7185376.685257636010647 ], [ 660110.91572793701198, 7185364.217084731906652 ], [ 660106.759666818426922, 7185349.670881715603173 ], [ 660106.759662183700129, 7185327.851575874723494 ], [ 660103.642616013879888, 7185315.383401765488088 ], [ 660101.564578392542899, 7185274.861834215000272 ], [ 660107.798655722988769, 7185229.14519209228456 ], [ 660116.110766702331603, 7185205.247855370864272 ], [ 660124.422879887279123, 7185191.740664286538959 ], [ 660129.617949110921472, 7185176.155444735661149 ], [ 660138.969078568741679, 7185170.960369940847158 ], [ 660148.320207585231401, 7185163.687266020104289 ], [ 660147.281191091286018, 7185154.336135167628527 ], [ 660140.008085128385574, 7185133.555845430120826 ], [ 660133.773995659314096, 7185122.126686548814178 ], [ 660129.617933658650145, 7185103.424425279721618 ], [ 660122.344827034859918, 7185079.527091856114566 ], [ 660121.305806788033806, 7185052.512713424861431 ], [ 660124.422845230787061, 7185028.615377805195749 ], [ 660127.539885881007649, 7185015.108187822625041 ], [ 660127.539882129873149, 7184997.444940243847668 ], [ 660111.954660115065053, 7184976.664652267470956 ], [ 660097.40845415496733, 7184963.157466012984514 ], [ 660076.628160933731124, 7184948.611266514286399 ], [ 660064.159984647994861, 7184938.221123514696956 ], [ 660037.665112745016813, 7184928.869998035952449 ], [ 660013.76777755189687, 7184921.596901137381792 ], [ 660001.29960170853883, 7184913.284787263721228 ], [ 659997.14354169764556, 7184903.933657070621848 ], [ 659991.948465855792165, 7184888.348439717665315 ], [ 659981.558315277914517, 7184862.373077830299735 ], [ 659964.934079867089167, 7184846.78786288946867 ], [ 659949.348859183606692, 7184832.241662291809916 ], [ 659928.56856795377098, 7184827.046593860723078 ], [ 659910.905320241814479, 7184821.851524770259857 ], [ 659895.320098017575219, 7184800.032222231850028 ], [ 659895.320092728012241, 7184775.095872716978192 ], [ 659898.437128311023116, 7184737.691347788088024 ], [ 659902.593181485310197, 7184714.833026525564492 ], [ 659915.061351812444627, 7184697.169776322320104 ], [ 659922.334449167130515, 7184677.428498091176152 ], [ 659922.334444979554974, 7184657.687221396714449 ], [ 659916.100355296395719, 7184645.219047956168652 ], [ 659901.554148462950252, 7184627.555803455412388 ], [ 659891.164002080331556, 7184621.321718266233802 ], [ 659881.812869761604816, 7184613.009603735990822 ], [ 659874.539765574736521, 7184600.54143051803112 ], [ 659865.188633696641773, 7184594.307345112785697 ], [ 659855.837503361632116, 7184595.346361645497382 ], [ 659847.525388635578565, 7184601.580450776964426 ], [ 659832.979187533957884, 7184610.931584908626974 ], [ 659813.237912358134054, 7184613.009618196636438 ], [ 659784.145508612273261, 7184624.438784519210458 ], [ 659772.716349044814706, 7184624.438786929473281 ], [ 659737.389854294946417, 7184617.165692435577512 ], [ 659715.570548787014559, 7184613.009638778865337 ], [ 659686.47813755273819, 7184589.112309962511063 ], [ 659666.736859515425749, 7184577.683153929188848 ], [ 659640.761494664708152, 7184567.293013769201934 ], [ 659631.410362789873034, 7184561.058928363025188 ], [ 659615.825142998946831, 7184550.668786017224193 ], [ 659606.474010464269668, 7184541.317656919360161 ], [ 659590.888790675322525, 7184530.927514572627842 ], [ 659574.264556158450432, 7184519.498357882723212 ], [ 659559.198843623511493, 7184509.10821542609483 ], [ 659539.457567129284143, 7184504.952161330729723 ], [ 659519.716293056961149, 7184512.225267423316836 ], [ 659496.857974365586415, 7184514.303301356732845 ], [ 659466.726553912740201, 7184515.342322258278728 ], [ 659442.829222033848055, 7184523.654443787410855 ], [ 659428.283017412992194, 7184516.381344908848405 ], [ 659405.424696743604727, 7184509.108247775584459 ], [ 659382.566374536021613, 7184494.562048703432083 ], [ 659371.137212554458529, 7184483.132890917360783 ], [ 659348.278889909386635, 7184466.508662718348205 ], [ 659319.186480888631195, 7184453.001479518599808 ], [ 659294.250129673513584, 7184438.455280881375074 ], [ 659278.664906816324219, 7184413.518934654071927 ], [ 659268.274758245097473, 7184396.894703835248947 ], [ 659256.845596046885476, 7184384.426531486213207 ], [ 659247.494465055409819, 7184382.348504323512316 ], [ 659206.972902403329499, 7184396.894716709852219 ], [ 659193.465714486548677, 7184400.011763237416744 ], [ 659175.802467230707407, 7184396.894723257049918 ], [ 659161.256263710209168, 7184394.816697185859084 ], [ 659149.827104145777412, 7184394.816699584946036 ], [ 659136.319917764980346, 7184405.206848047673702 ], [ 659129.046816224348731, 7184405.206849573180079 ], [ 659120.734699739143252, 7184403.128822194412351 ], [ 659114.500610949471593, 7184394.816707001999021 ], [ 659087.486231825081632, 7184385.465581609867513 ], [ 659071.901012703427114, 7184378.192482940852642 ], [ 659056.315794022171758, 7184372.997413396835327 ], [ 659038.65254698425997, 7184370.919387977570295 ], [ 659017.872256650356576, 7184369.88037777505815 ], [ 659004.365065444726497, 7184357.41220585629344 ], [ 658999.169990285532549, 7184344.94403219781816 ], [ 658983.065261940704659, 7184328.319802574813366 ], [ 658978.90920084901154, 7184313.77359957061708 ], [ 658975.792154702008702, 7184301.305425477214158 ], [ 658976.831165482290089, 7184283.642177698202431 ], [ 658974.753132744925097, 7184265.97893057204783 ], [ 658965.401998468674719, 7184248.315684972330928 ], [ 658948.777759586460888, 7184216.106237025931478 ], [ 658942.543670141603798, 7184204.677078146487474 ], [ 658930.075491037452593, 7184180.779745828360319 ], [ 658914.490269073168747, 7184159.999457851983607 ], [ 658898.905048424610868, 7184145.453257247805595 ], [ 658884.358844909700565, 7184143.375231171026826 ], [ 658879.163770848303102, 7184136.102130325511098 ], [ 658881.241797451046295, 7184124.67296970449388 ], [ 658898.905038785422221, 7184099.736616510897875 ], [ 658912.412221878999844, 7184073.76124962605536 ], [ 658920.724331567529589, 7184043.629825583659112 ], [ 658922.802356195403263, 7184022.849533906206489 ], [ 658917.607279725722037, 7184004.147272879257798 ], [ 658920.72431820188649, 7183980.249937298707664 ], [ 658923.841355144279078, 7183949.079499787651002 ], [ 658932.153468337841332, 7183935.572308737784624 ], [ 658934.231493842904456, 7183918.948075311258435 ], [ 658929.555923529318534, 7183895.05074136890471 ], [ 658929.55591914744582, 7183874.270450131036341 ], [ 658936.829015862895176, 7183851.412128247320652 ], [ 658943.063100043917075, 7183837.904937636107206 ], [ 658954.492256969446316, 7183825.436760500073433 ], [ 658967.999443123000674, 7183814.007597487419844 ], [ 658967.999441151041538, 7183804.656466430984437 ], [ 658957.60929434816353, 7183796.344352116808295 ], [ 658938.907032819697633, 7183794.266326913610101 ], [ 658915.009696577326395, 7183781.798157185316086 ], [ 658886.956301658181474, 7183766.212944637984037 ], [ 658865.136996179353446, 7183762.056890964508057 ], [ 658849.551778167719021, 7183759.978865107521415 ], [ 658823.576417077332735, 7183767.251972482539713 ], [ 658811.108244331437163, 7183773.486062464304268 ], [ 658796.562038854463026, 7183762.056905331090093 ], [ 658785.132876236224547, 7183747.510703861713409 ], [ 658769.547652752720751, 7183719.457313964143395 ], [ 658751.884400260052644, 7183691.403924497775733 ], [ 658729.026074808207341, 7183661.27250700071454 ], [ 658710.323808033834212, 7183634.2581323152408 ], [ 658689.54351662658155, 7183628.024049298837781 ], [ 658664.60716720088385, 7183621.789967148564756 ], [ 658639.670814930694178, 7183602.04869569838047 ], [ 658626.163623090018518, 7183586.463480103760958 ], [ 658596.03220070595853, 7183578.151369918137789 ], [ 658579.407964695361443, 7183559.449111290276051 ], [ 658558.627671979716979, 7183546.980940900743008 ], [ 658550.315552882617339, 7183532.434738779440522 ], [ 658525.379199309158139, 7183506.459379961714149 ], [ 658520.184122195816599, 7183484.640075260773301 ], [ 658493.689246430294588, 7183456.58668764680624 ], [ 658483.299098326591775, 7183442.040485960431397 ], [ 658480.182051317184232, 7183425.416253633797169 ], [ 658477.065001250244677, 7183394.245817448943853 ], [ 658478.104010291979648, 7183368.270453203469515 ], [ 658483.299076914321631, 7183340.217058967798948 ], [ 658491.611190108000301, 7183326.709867934696376 ], [ 658509.274432745995, 7183308.007602143101394 ], [ 658525.898662411607802, 7183296.578438494354486 ], [ 658542.522891419706866, 7183282.032231165096164 ], [ 658559.147119989152998, 7183265.407994709908962 ], [ 658576.8103630640544, 7183248.783758040517569 ], [ 658587.200506355846301, 7183240.471639379858971 ], [ 658604.86374942807015, 7183223.847402709536254 ], [ 658618.370934264967218, 7183206.184152347967029 ], [ 658633.956147015327588, 7183183.325828745961189 ], [ 658648.50234504241962, 7183159.428490800783038 ], [ 658660.970515153720044, 7183140.726226096972823 ], [ 658673.438686796464026, 7183129.297063319012523 ], [ 658673.438684826367535, 7183119.945932272821665 ], [ 658671.360653850133531, 7183110.594801660627127 ], [ 658667.204594958922826, 7183106.438744287006557 ], [ 658643.307260709931143, 7183103.321705605834723 ], [ 658639.151200288673863, 7183091.892546308226883 ], [ 658642.26824139431119, 7183080.463385486975312 ], [ 658644.346266902983189, 7183063.83915208093822 ], [ 658651.619365806342103, 7183051.370975829660892 ], [ 658662.00950865750201, 7183040.980828048661351 ], [ 658670.841128003085032, 7183022.278564108535647 ], [ 658669.802109998418018, 7183005.654331356287003 ], [ 658668.763092651031911, 7182992.147142285481095 ], [ 658677.075206494075246, 7182981.756994938477874 ], [ 658688.504364505410194, 7182974.483890622854233 ], [ 658700.972536361659877, 7182964.093742405995727 ], [ 658700.972533954307437, 7182952.664582241326571 ], [ 658693.699429584667087, 7182939.15739447530359 ], [ 658685.387311585247517, 7182929.806265173479915 ], [ 658678.114208747050725, 7182923.572179330512881 ], [ 658665.646033170516603, 7182916.299080016091466 ], [ 658657.333913640235551, 7182899.674848789349198 ], [ 658661.489967936999165, 7182882.011600391939282 ], [ 658668.763065303908661, 7182862.270322220399976 ], [ 658668.763062461977825, 7182848.763132934458554 ], [ 658660.450943587697111, 7182835.255945391021669 ], [ 658657.33389789017383, 7182824.865800439380109 ], [ 658657.33389592228923, 7182815.514669395983219 ], [ 658659.411921865656041, 7182800.968465114943683 ], [ 658652.13881574687548, 7182779.14916087128222 ], [ 658622.007385739358142, 7182734.471541084349155 ], [ 658605.383148435386829, 7182709.535195117816329 ], [ 658580.446796634700149, 7182691.871952811256051 ], [ 658561.744532513432205, 7182677.325752882286906 ], [ 658544.081281582824886, 7182656.545465374365449 ], [ 658539.92522007226944, 7182639.921233281493187 ], [ 658543.042260959860869, 7182627.45305790938437 ], [ 658566.939593224320561, 7182621.218965547159314 ], [ 658586.680868787923828, 7182621.218961419537663 ], [ 658604.344114688225091, 7182618.10191404260695 ], [ 658613.695243687252514, 7182610.828810166567564 ], [ 658624.085387189290486, 7182603.555706070736051 ], [ 658641.748632651637308, 7182598.360629574395716 ], [ 658663.048426031600684, 7182579.658363034948707 ], [ 658666.165463198442012, 7182549.526940140873194 ], [ 658674.477574848453514, 7182528.746647203341126 ], [ 658698.374904264230281, 7182509.005365561693907 ], [ 658718.116177418269217, 7182497.576201267540455 ], [ 658740.974491234403104, 7182472.639847043901682 ], [ 658758.637733191135339, 7182450.820537587627769 ], [ 658779.418020625831559, 7182438.35235851816833 ], [ 658816.822540548047982, 7182427.962205082178116 ], [ 658844.875929721980356, 7182416.533039044588804 ], [ 658879.163405474973843, 7182403.0258425809443 ], [ 658904.09974960249383, 7182384.323575278744102 ], [ 658919.684961890452541, 7182359.387222576886415 ], [ 658932.153133296407759, 7182346.919045247137547 ], [ 658964.362579162116162, 7182329.25579097867012 ], [ 658987.220896254293621, 7182319.904655147343874 ], [ 659010.079211591160856, 7182302.241402837447822 ], [ 659028.781468256842345, 7182281.46110772062093 ], [ 659047.483720975578763, 7182241.978550532832742 ], [ 659064.107944906223565, 7182203.53500834107399 ], [ 659083.849216291098855, 7182183.793727565556765 ], [ 659102.031963507062756, 7182152.623286969028413 ], [ 659126.968306525377557, 7182128.725946866907179 ], [ 659133.202387836528942, 7182101.71156701259315 ], [ 659128.007308741798624, 7182070.541131322272122 ], [ 659115.53913054196164, 7182050.799857314676046 ], [ 659098.914893016917631, 7182024.824496820569038 ], [ 659090.602773267542943, 7182007.161251058802009 ], [ 659081.251637042732909, 7181980.146874481812119 ], [ 659053.198241308680736, 7181960.405603745952249 ], [ 659029.300903368042782, 7181939.625317574478686 ], [ 659017.871741429902613, 7181928.196159822866321 ], [ 659007.481588951894082, 7181892.869666993618011 ], [ 658973.194099852466024, 7181842.996975351125002 ], [ 658950.335777734406292, 7181828.450776319950819 ], [ 658923.321398265426978, 7181817.021621835418046 ], [ 658899.424064275575802, 7181814.943597728386521 ], [ 658859.941514287609607, 7181820.13867879845202 ], [ 658838.122209738823585, 7181820.138683371245861 ], [ 658820.458962106495164, 7181814.943614278919995 ], [ 658813.185857307515107, 7181799.358397416770458 ], [ 658814.2248683051439, 7181782.734164258465171 ], [ 658822.536980598699301, 7181765.070915015414357 ], [ 658836.044165185419843, 7181746.368650125339627 ], [ 658849.551349989837036, 7181728.705399792641401 ], [ 658887.994882624247111, 7181710.003129674121737 ], [ 658913.97024123207666, 7181691.300862169824541 ], [ 658926.438408244750462, 7181658.052393676713109 ], [ 658929.035932447179221, 7181600.906592402607203 ], [ 658927.996911370544694, 7181569.736155861057341 ], [ 658926.957889637211338, 7181535.448675645515323 ], [ 658927.996900193626061, 7181516.746413374319673 ], [ 658934.230982822366059, 7181495.966120895929635 ], [ 658945.660138395382091, 7181477.26385644543916 ], [ 658957.089296161546372, 7181468.951737579889596 ], [ 658971.635498749325052, 7181466.873705413192511 ], [ 658988.259731215657666, 7181468.951731042936444 ], [ 659008.001007406855933, 7181472.068770577199757 ], [ 659029.820310626528226, 7181465.834678648971021 ], [ 659051.63961165456567, 7181449.21044113393873 ], [ 659052.678621770581231, 7181428.430149748921394 ], [ 659046.444532347144559, 7181417.000990913249552 ], [ 659008.520490758121014, 7181358.816183602437377 ], [ 658967.998915988602675, 7181315.177580652758479 ], [ 658933.711430644383654, 7181282.968136536888778 ], [ 658901.501971457735635, 7181237.251502729952335 ], [ 658881.760692425188608, 7181220.627273939549923 ], [ 658854.746308817644604, 7181189.456842856481671 ], [ 658845.395175676210783, 7181176.988670120947063 ], [ 658840.200098788598552, 7181156.208380047231913 ], [ 658839.161080344580114, 7181137.506118219345808 ], [ 658838.122059273067862, 7181106.335681699216366 ], [ 658833.965996449347585, 7181083.477362293750048 ], [ 658828.770920001436025, 7181064.775101341307163 ], [ 658818.38077104720287, 7181046.072841476649046 ], [ 658804.873577715363353, 7181023.214524033479393 ], [ 658794.483427010825835, 7180996.200147705152631 ], [ 658794.483423506608233, 7180979.575914781540632 ], [ 658806.951593578327447, 7180960.873650128953159 ], [ 658842.797586854663678, 7180927.625176768749952 ], [ 658844.875612790230662, 7180913.078972524031997 ], [ 658859.421808137558401, 7180876.713459958322346 ], [ 658877.085047423839569, 7180842.425975853577256 ], [ 658912.411534756422043, 7180815.41158994846046 ], [ 658937.347878832137212, 7180796.709322683513165 ], [ 658964.362251468352042, 7180775.929025868885219 ], [ 658985.142536222352646, 7180750.99267212767154 ], [ 659010.078875470324419, 7180709.43208460137248 ], [ 659024.625070366077125, 7180670.988542924635112 ], [ 659044.366340615204535, 7180646.052189407870173 ], [ 659063.068596582161263, 7180622.154850662685931 ], [ 659084.887895171064883, 7180594.10145303606987 ], [ 659086.965917809749953, 7180563.970030440017581 ], [ 659084.887884202413261, 7180542.150725173763931 ], [ 659068.263646930339746, 7180517.214379291050136 ], [ 659053.197932067327201, 7180495.39507675357163 ], [ 659050.080886152805761, 7180483.965917278081179 ], [ 659040.729750167112797, 7180457.990555312484503 ], [ 659023.066497960244305, 7180430.976180537603796 ], [ 659004.364234322682023, 7180418.508009776473045 ], [ 658982.544929816038348, 7180418.508014354854822 ], [ 658953.452523808227852, 7180418.508020455017686 ], [ 658939.945334646385163, 7180415.390979617834091 ], [ 658922.282086169812828, 7180406.039852309040725 ], [ 658905.65784934326075, 7180383.181535541079938 ], [ 658894.228680857922882, 7180340.581941103562713 ], [ 658864.097251807805151, 7180300.060379701666534 ], [ 658837.082868233788759, 7180268.889948656782508 ], [ 658822.536661946796812, 7180253.304733354598284 ], [ 658807.99045390880201, 7180229.407401597127318 ], [ 658796.561285866890103, 7180188.885836279019713 ], [ 658779.937047517625615, 7180158.754417618736625 ], [ 658771.624925825744867, 7180131.740040889009833 ], [ 658768.50787838594988, 7180113.037779521197081 ], [ 658773.702947162557393, 7180095.374530972912908 ], [ 658781.495546715566888, 7180051.735917965881526 ], [ 658781.495541898300871, 7180028.877597721293569 ], [ 658788.768638578243554, 7180006.019275955855846 ], [ 658793.963703851797618, 7179971.731794505380094 ], [ 658814.743989026872441, 7179948.873469911515713 ], [ 658830.329202141612768, 7179928.093175517395139 ], [ 658842.797370660468005, 7179902.117808995768428 ], [ 658845.914409996476024, 7179882.376531774178147 ], [ 658841.758347398834303, 7179860.557226963341236 ], [ 658830.329185275943018, 7179848.089054684154689 ], [ 658810.587906717672013, 7179833.542855033650994 ], [ 658792.924656723160297, 7179816.918625837191939 ], [ 658792.924650373170152, 7179786.787203708663583 ], [ 658797.080701581900939, 7179754.577751596458256 ], [ 658807.470839349203743, 7179720.290269071236253 ], [ 658812.66590001876466, 7179664.183481957763433 ], [ 658806.431807329528965, 7179637.169104808010161 ], [ 658791.885601055459119, 7179621.583889518864453 ], [ 658772.144323599990457, 7179612.232762651517987 ], [ 658740.973888843203895, 7179613.271783737465739 ], [ 658709.803455399814993, 7179620.544892156496644 ], [ 658700.452325563062914, 7179623.661937780678272 ], [ 658676.035484612453729, 7179622.622928339056671 ], [ 658656.29420650145039, 7179610.154757802374661 ], [ 658615.772635346511379, 7179583.140387830324471 ], [ 658569.01697763625998, 7179558.204048275947571 ], [ 658526.417373554664664, 7179512.487416733987629 ], [ 658483.817771007772535, 7179474.0438870806247 ], [ 658468.232544341823086, 7179430.405279003083706 ], [ 658433.945056045311503, 7179383.649631170555949 ], [ 658410.047708589932881, 7179317.152704611420631 ], [ 658388.228383146459237, 7179217.407311853021383 ], [ 658360.174984258133918, 7179182.080822835676372 ], [ 658335.238632798427716, 7179165.456595160067081 ], [ 658312.380312519613653, 7179159.222512604668736 ], [ 658277.05382109596394, 7179166.495621873065829 ], [ 658237.571271023596637, 7179170.651688338257372 ], [ 658188.737590464530513, 7179174.807756754569709 ], [ 658140.942923747585155, 7179175.846781285479665 ], [ 658101.460373237263411, 7179177.924818633124232 ], [ 658069.250921383500099, 7179166.495665244758129 ], [ 658049.50964176969137, 7179146.754392812028527 ], [ 658026.651320185745135, 7179134.286222916096449 ], [ 658006.910044713993557, 7179134.286227032542229 ], [ 657965.349466297775507, 7179141.559337582439184 ], [ 657939.374104924732819, 7179146.754415774717927 ], [ 657904.047611973946914, 7179146.754423134028912 ], [ 657859.369988101301715, 7179144.67640333250165 ], [ 657824.043495151563548, 7179144.676410689949989 ], [ 657772.092769789276645, 7179142.598392398096621 ], [ 657724.298101551132277, 7179136.364315016195178 ], [ 657698.322738436749205, 7179133.247276755981147 ], [ 657664.035258028423414, 7179123.896152892149985 ], [ 657644.293979946756735, 7179111.427982338704169 ], [ 657632.864816985325888, 7179094.803751831874251 ], [ 657632.864813507650979, 7179078.179518952034414 ], [ 657639.098896366893314, 7179058.438241107389331 ], [ 657645.332978139282204, 7179033.501890487968922 ], [ 657644.293959510396235, 7179013.760614158585668 ], [ 657641.696419567568228, 7178996.097367263399065 ], [ 657626.111195573117584, 7178964.926933853887022 ], [ 657603.252867698669434, 7178922.327341856434941 ], [ 657594.940740629099309, 7178869.337601287290454 ], [ 657601.174819574691355, 7178830.894061461091042 ], [ 657604.29185763548594, 7178804.918696944601834 ], [ 657590.784666770603508, 7178793.489539651200175 ], [ 657563.770288517000154, 7178787.255457939580083 ], [ 657526.365765717229806, 7178783.099407497793436 ], [ 657496.234345275792293, 7178783.09941376093775 ], [ 657462.985884377849288, 7178797.645624436438084 ], [ 657417.269250588840805, 7178817.386910473927855 ], [ 657387.137829710147344, 7178815.308887623250484 ], [ 657358.045419857953675, 7178796.606631680391729 ], [ 657325.83596564445179, 7178773.74831816367805 ], [ 657296.743553843349218, 7178745.694931225851178 ], [ 657254.143946630880237, 7178684.393081345595419 ], [ 657230.246605806518346, 7178649.066591449081898 ], [ 657198.037149002077058, 7178613.740103278309107 ], [ 657160.632620577933267, 7178582.56967440340668 ], [ 657118.033023570198566, 7178570.10150858387351 ], [ 657097.252731665270403, 7178560.750381901860237 ], [ 657092.057656793040223, 7178549.321222880855203 ], [ 657096.213712185272016, 7178536.853047366254032 ], [ 657109.720897838240489, 7178523.345855360850692 ], [ 657138.813300954876468, 7178509.838660121895373 ], [ 657156.47654568112921, 7178501.526540025137365 ], [ 657173.100776992272586, 7178498.409492913633585 ], [ 657190.24451577058062, 7178496.331460246816278 ], [ 657220.375929914531298, 7178466.200031923130155 ], [ 657231.80508158064913, 7178428.795505598187447 ], [ 657245.312261374434456, 7178387.234920628368855 ], [ 657241.156194709939882, 7178345.674339326098561 ], [ 657231.8050592453219, 7178321.777006523683667 ], [ 657222.453925083158538, 7178304.1137610450387 ], [ 657198.556586656603031, 7178280.216431260108948 ], [ 657181.932349929935299, 7178257.358114520087838 ], [ 657173.620230049593374, 7178238.65585427172482 ], [ 657173.620226364466362, 7178220.992606855928898 ], [ 657173.62022376304958, 7178208.524432206526399 ], [ 657173.62022181157954, 7178199.173301223665476 ], [ 657185.568881158716977, 7178163.846803912892938 ], [ 657189.724934161058627, 7178139.949468312785029 ], [ 657204.271126497420482, 7178089.037752160802484 ], [ 657225.051407548598945, 7178046.438151146285236 ], [ 657239.597605518531054, 7178022.540813393890858 ], [ 657258.299861259991303, 7177997.604460226371884 ], [ 657280.119160922360606, 7177974.746135517954826 ], [ 657307.133527427446097, 7177924.873431337997317 ], [ 657317.523665670421906, 7177892.66397802438587 ], [ 657319.601686852634884, 7177855.259453669190407 ], [ 657297.78237569599878, 7177823.05000704433769 ], [ 657261.416863322956488, 7177799.152679864317179 ], [ 657218.817265705903992, 7177783.567470403388143 ], [ 657151.281320390058681, 7177769.0212806686759 ], [ 657124.266939359367825, 7177749.280009757727385 ], [ 657095.174531504977494, 7177739.928884807042778 ], [ 657070.238182935863733, 7177736.811846319586039 ], [ 657038.02873332425952, 7177735.772838440723717 ], [ 656988.15603748941794, 7177735.772848775610328 ], [ 656941.919888278469443, 7177716.031581839546561 ], [ 656912.827480427687988, 7177706.680456886067986 ], [ 656877.500983433914371, 7177686.939187691546977 ], [ 656851.525616910308599, 7177667.197916558943689 ], [ 656823.472224640776403, 7177663.04186415206641 ], [ 656785.028685242403299, 7177648.495668364688754 ], [ 656741.390073149232194, 7177632.910459095612168 ], [ 656702.94653224083595, 7177611.091161431744695 ], [ 656675.932148419786245, 7177577.842701319605112 ], [ 656654.112840105779469, 7177559.140443878248334 ], [ 656634.371564676403068, 7177559.140447959303856 ], [ 656628.137479211087339, 7177566.413551117293537 ], [ 656620.864382056519389, 7177587.193843680433929 ], [ 656620.864386593224481, 7177609.013149295002222 ], [ 656621.903406490455382, 7177634.988512909039855 ], [ 656617.74735563271679, 7177669.275994021445513 ], [ 656611.51327318965923, 7177691.095300924964249 ], [ 656610.474270357517526, 7177747.202087013050914 ], [ 656605.279205002239905, 7177781.489568345248699 ], [ 656579.303846256923862, 7177799.152821118943393 ], [ 656555.406514561502263, 7177807.464942483231425 ], [ 656526.314108654856682, 7177807.464948494918644 ], [ 656490.98761533619836, 7177805.386926684528589 ], [ 656463.973235400859267, 7177790.84072851575911 ], [ 656421.373637153417803, 7177772.138475351966918 ], [ 656384.488622524309903, 7177772.138482965528965 ], [ 656334.615928410319611, 7177780.450609683990479 ], [ 656280.587177818408236, 7177796.035839129239321 ], [ 656227.597440212965012, 7177804.347966481000185 ], [ 656188.114889339311048, 7177804.347974618896842 ], [ 656132.008105873013847, 7177801.230942523106933 ], [ 656047.847930350573733, 7177794.9968725387007 ], [ 655997.975230854703113, 7177777.333635402843356 ], [ 655926.283228435087949, 7177766.943504625931382 ], [ 655886.800677563995123, 7177766.943512748926878 ], [ 655826.018332950305194, 7177783.567758103832603 ], [ 655807.316072226269171, 7177784.606776501983404 ], [ 655775.106622399762273, 7177782.528754018247128 ], [ 655748.092243769555353, 7177774.216643143445253 ], [ 655714.84377901814878, 7177770.060591764748096 ], [ 655698.219548790017143, 7177778.372711607255042 ], [ 655674.322218587854877, 7177793.957934817299247 ], [ 655624.449526611249894, 7177812.660207020118833 ], [ 655561.069642958813347, 7177815.777263693511486 ], [ 655519.509062876459211, 7177814.738257672637701 ], [ 655462.363267060020007, 7177822.011371271684766 ], [ 655414.568600212456658, 7177822.011381074786186 ], [ 655383.398164025158621, 7177815.777300149202347 ], [ 655316.90123281092383, 7177799.153080927208066 ], [ 655277.93818618694786, 7177784.606885166838765 ], [ 655268.587052290095016, 7177767.982654230669141 ], [ 655268.587046509957872, 7177739.929261293262243 ], [ 655271.704084002412856, 7177710.836853165179491 ], [ 655285.211266674450599, 7177682.783457460813224 ], [ 655312.225636514602229, 7177648.495971671305597 ], [ 655344.435073048342019, 7177586.155091883614659 ], [ 655362.098313487949781, 7177557.062680779024959 ], [ 655365.215348404832184, 7177515.502098022028804 ], [ 655360.020269923610613, 7177486.409691609442234 ], [ 655357.942235145834275, 7177458.356299106031656 ], [ 655356.903211864177138, 7177415.756702654063702 ], [ 655349.630105248419568, 7177390.820354879833758 ], [ 655340.278972641914152, 7177380.430211268365383 ], [ 655300.276910043554381, 7177358.610913862474263 ], [ 655255.599283929797821, 7177345.103733832016587 ], [ 655196.375455086585134, 7177332.635571332648396 ], [ 655117.410345045500435, 7177292.11401994805783 ], [ 655076.888777991640382, 7177283.801911821588874 ], [ 655051.95242837886326, 7177275.489800505340099 ], [ 655031.172136321547441, 7177265.099659230560064 ], [ 655007.274800991173834, 7177255.748533146455884 ], [ 654960.519145042519085, 7177238.085295318625867 ], [ 654937.660824636463076, 7177230.812198124825954 ], [ 654935.582792439148761, 7177215.226980260573328 ], [ 654939.738844652893022, 7177187.173586495220661 ], [ 654954.28504289186094, 7177164.31526336632669 ], [ 654971.948284404585138, 7177140.417925048619509 ], [ 654992.728567265439779, 7177106.130440571345389 ], [ 655017.664906394667923, 7177063.530838826671243 ], [ 655018.703911909251474, 7177019.892227418720722 ], [ 655014.547845162102021, 7176977.292631627991796 ], [ 654997.923605108750053, 7176937.810082048177719 ], [ 654973.506760830874555, 7176920.146839655935764 ], [ 654951.68745450291317, 7176910.795713149942458 ], [ 654907.009826927212998, 7176890.015431243926287 ], [ 654865.449242838658392, 7176869.235148700885475 ], [ 654809.342456886079162, 7176853.649941885843873 ], [ 654779.211031824583188, 7176830.791627896949649 ], [ 654723.104242461267859, 7176798.582188246771693 ], [ 654661.802383825764991, 7176781.957967933267355 ], [ 654615.04673004639335, 7176774.68487561121583 ], [ 654551.666845837375149, 7176774.684888543561101 ], [ 654490.364990618545562, 7176774.684901043772697 ], [ 654413.997426922549494, 7176782.997033026069403 ], [ 654376.592905944213271, 7176787.153098857030272 ], [ 654338.149367492413148, 7176776.762961169704795 ], [ 654299.705826272955164, 7176752.865634306333959 ], [ 654251.911152897868305, 7176720.656192931346595 ], [ 654210.350566496956162, 7176688.446750286966562 ], [ 654178.141114808851853, 7176677.017596771940589 ], [ 654131.385461678844877, 7176672.861548077315092 ], [ 654098.136997623252682, 7176671.82254028879106 ], [ 654050.342329359962605, 7176664.549448143690825 ], [ 654023.327949727303348, 7176651.042264465242624 ], [ 653976.572292988654226, 7176629.222968382760882 ], [ 653936.050723011721857, 7176606.36465648189187 ], [ 653907.997326975688338, 7176583.506342044100165 ], [ 653882.021959082921967, 7176556.491968980059028 ], [ 653863.319690957898274, 7176521.165478026494384 ], [ 653838.90284417476505, 7176491.034060989506543 ], [ 653799.420286369509995, 7176456.746588807553053 ], [ 653753.7036443578545, 7176435.966307058930397 ], [ 653726.689261556253769, 7176406.873905102722347 ], [ 653715.260097449878231, 7176384.015587292611599 ], [ 653704.869946141843684, 7176352.845152862370014 ], [ 653704.869939145282842, 7176318.557672669179738 ], [ 653710.065002925228328, 7176275.958075016736984 ], [ 653719.416123623377644, 7176228.163403766229749 ], [ 653719.416115565574728, 7176188.680850828066468 ], [ 653719.416107718832791, 7176150.237312440760434 ], [ 653696.557778668007813, 7176100.364618632942438 ], [ 653669.54339545709081, 7176069.194187583401799 ], [ 653641.48999817785807, 7176040.101785847917199 ], [ 653642.529005889780819, 7176006.853320012800395 ], [ 653645.646046405425295, 7175992.30711567029357 ], [ 653659.153232709039003, 7175981.916967422701418 ], [ 653670.582391084637493, 7175976.721892351284623 ], [ 653698.635777126764879, 7175950.746522892266512 ], [ 653716.299018649151549, 7175926.849184643477201 ], [ 653723.052600986324251, 7175868.664368435740471 ], [ 653707.46735664899461, 7175736.709523683413863 ], [ 653708.506357996957377, 7175672.290621351450682 ], [ 653711.103884265758097, 7175623.456936960108578 ], [ 653728.767116238130257, 7175552.803943964652717 ], [ 653728.767106907442212, 7175507.087303757667542 ], [ 653712.142866317532025, 7175464.487710578367114 ], [ 653686.167497621849179, 7175433.317279349081218 ], [ 653633.177750617498532, 7175394.873751746490598 ], [ 653610.319427526090294, 7175374.093465384095907 ], [ 653584.344059473020025, 7175346.040077803656459 ], [ 653552.134605734841898, 7175324.220778785645962 ], [ 653545.90051559812855, 7175308.635561801493168 ], [ 653545.900510514504276, 7175283.699212605133653 ], [ 653546.939522889559157, 7175273.309066899120808 ], [ 653546.939519076840952, 7175254.606805002316833 ], [ 653555.771135702030733, 7175222.397352170199156 ], [ 653534.990845204330981, 7175219.280312781222165 ], [ 653524.600699426373467, 7175215.124256689101458 ], [ 653492.391248023370281, 7175204.734117718413472 ], [ 653486.157159371534362, 7175196.422002582810819 ], [ 653450.830661104759201, 7175169.407631449401379 ], [ 653413.426136180292815, 7175153.822420779615641 ], [ 653369.787523455219343, 7175134.081153174862266 ], [ 653333.422011547721922, 7175111.222840446047485 ], [ 653301.212557402323, 7175087.325512325391173 ], [ 653266.405567873618565, 7175067.58424292691052 ], [ 653248.742316208779812, 7175041.608882762491703 ], [ 653220.688918138854206, 7175008.360422855243087 ], [ 653197.830593591090292, 7174980.307034644298255 ], [ 653183.284382029785775, 7174937.707441065460443 ], [ 653158.348026175284758, 7174898.224893234670162 ], [ 653150.035907488549128, 7174884.717705775052309 ], [ 653143.801814194419421, 7174853.547270558774471 ], [ 653137.567720901221037, 7174822.376835344359279 ], [ 653116.787427460192703, 7174804.713592210784554 ], [ 653098.08516596048139, 7174801.59655234310776 ], [ 653064.83670114481356, 7174796.401486316695809 ], [ 653030.54922057047952, 7174784.972333201207221 ], [ 653001.456811403622851, 7174768.348106294870377 ], [ 652977.559475544490851, 7174755.879936533048749 ], [ 652933.920869393623434, 7174768.348119929432869 ], [ 652898.594382978277281, 7174799.518563532270491 ], [ 652869.501983725233003, 7174831.728020426817238 ], [ 652847.682683598948643, 7174852.508315810933709 ], [ 652825.863380519440398, 7174858.742407510057092 ], [ 652805.083090246422216, 7174856.664382601156831 ], [ 652786.380824954248965, 7174834.845080841332674 ], [ 652775.990676867775619, 7174819.259864699095488 ], [ 652767.678556922939606, 7174799.518589944578707 ], [ 652759.36643529299181, 7174771.46519879437983 ], [ 652751.054311767220497, 7174734.060676706023514 ], [ 652737.547119572525844, 7174715.358417546376586 ], [ 652715.208299138583243, 7174671.719810994341969 ], [ 652700.662091822829098, 7174649.900508400052786 ], [ 652688.193912437651306, 7174622.886132642626762 ], [ 652674.686719404766336, 7174600.027815290726721 ], [ 652655.984455175348558, 7174583.403586277738214 ], [ 652637.282191788312048, 7174570.935415459796786 ], [ 652606.111753233009949, 7174552.233159864321351 ], [ 652574.941315521718934, 7174537.686962460167706 ], [ 652536.497774683870375, 7174514.828650129958987 ], [ 652477.273947160923854, 7174507.555560210719705 ], [ 652431.557307405746542, 7174497.165423924103379 ], [ 652389.996724779950455, 7174482.619228605180979 ], [ 652337.00697538710665, 7174431.707526381127536 ], [ 652315.187664331868291, 7174398.459065213799477 ], [ 652298.56342615687754, 7174367.288632102310658 ], [ 652286.095246161217801, 7174337.157212702557445 ], [ 652277.783126865280792, 7174320.532981599681079 ], [ 652255.963818756048568, 7174301.830724112689495 ], [ 652232.066482294350863, 7174286.245510690845549 ], [ 652215.442247695988044, 7174272.738324901089072 ], [ 652187.908360303845257, 7174256.114097660407424 ], [ 652151.542847845354117, 7174230.138741258531809 ], [ 652134.918611568515189, 7174208.319439083337784 ], [ 652118.294373828102835, 7174179.227035067975521 ], [ 652101.670135876396671, 7174149.095616509206593 ], [ 652084.00688469375018, 7174125.198285449296236 ], [ 652055.953488177037798, 7174099.222927376627922 ], [ 652031.017131780390628, 7174056.623335911892354 ], [ 652010.236835660296492, 7174025.45290364138782 ], [ 652006.080770774977282, 7173991.165424391627312 ], [ 652006.080762804835103, 7173951.682871570810676 ], [ 652005.041742651839741, 7173923.629478987306356 ], [ 651992.573566239909269, 7173911.161306915804744 ], [ 651974.91031988884788, 7173911.161310457624495 ], [ 651949.973973985062912, 7173920.512446391396224 ], [ 651918.803541342145763, 7173930.902598121203482 ], [ 651894.906209508772008, 7173938.175704748369753 ], [ 651860.61873443913646, 7173953.760929839685559 ], [ 651830.487316493992694, 7173965.190095907077193 ], [ 651805.550969329779036, 7173968.307144546881318 ], [ 651784.770679503213614, 7173968.307148713618517 ], [ 651758.795316172530875, 7173963.112081175670028 ], [ 651727.624879548675381, 7173953.760956488549709 ], [ 651701.649516428122297, 7173949.604903498664498 ], [ 651669.440067197894678, 7173949.60490994900465 ], [ 651638.789138657506555, 7173944.409843347035348 ], [ 651601.38461655145511, 7173942.331821736879647 ], [ 651577.487284088507295, 7173946.487884709611535 ], [ 651531.770647305063903, 7173950.643952047452331 ], [ 651497.483170974534005, 7173959.995089836418629 ], [ 651463.195696103037335, 7173976.619329458102584 ], [ 651436.181323924800381, 7173999.477654913440347 ], [ 651405.010890645440668, 7174006.750762981362641 ], [ 651368.645383236929774, 7174005.711755700409412 ], [ 651326.045788881368935, 7174004.672749662771821 ], [ 651291.758307952200994, 7173991.165567386895418 ], [ 651262.665897393017076, 7173967.26823859475553 ], [ 651246.041660106740892, 7173940.253863668069243 ], [ 651229.417421360500157, 7173905.966386909596622 ], [ 651221.105298129841685, 7173869.600879396311939 ], [ 651213.832186468294822, 7173818.689168008044362 ], [ 651193.051887467270717, 7173772.97253205999732 ], [ 651174.349617451662198, 7173727.255895697511733 ], [ 651143.179175632656552, 7173691.929407299496233 ], [ 651099.021054138313048, 7173663.876023326069117 ], [ 651060.577509845606983, 7173623.354463642463088 ], [ 651022.133971183560789, 7173610.886296739801764 ], [ 650959.793101940769702, 7173611.925323713570833 ], [ 650908.881392722134478, 7173616.081392045132816 ], [ 650873.554898575530387, 7173608.808297250419855 ], [ 650835.11135970975738, 7173595.301115792244673 ], [ 650809.135990989278071, 7173563.09166999347508 ], [ 650771.731460584094748, 7173519.453066454268992 ], [ 650740.561021287692711, 7173496.594752619042993 ], [ 650705.234526941087097, 7173488.282643267884851 ], [ 650662.634932822315022, 7173488.282651741057634 ], [ 650617.957309099962004, 7173485.165616984479129 ], [ 650579.513768583303317, 7173463.346319137141109 ], [ 650560.811502973898314, 7173439.448988268151879 ], [ 650537.433668420067988, 7173396.849396482110023 ], [ 650526.004504039185122, 7173371.913049622438848 ], [ 650501.06815086863935, 7173344.898676355369389 ], [ 650495.873075509793125, 7173330.352473728358746 ], [ 650492.756027678027749, 7173308.533168863505125 ], [ 650485.482922923169099, 7173291.908937553875148 ], [ 650478.209820243529975, 7173285.674851717427373 ], [ 650451.195443079690449, 7173283.596827991306782 ], [ 650406.517819784581661, 7173282.557822315022349 ], [ 650384.698514034156688, 7173275.2847248185426 ], [ 650372.2303370378213, 7173259.699509090743959 ], [ 650369.113289209664799, 7173237.880204223096371 ], [ 650363.918210120056756, 7173204.631739754229784 ], [ 650352.489044503541663, 7173173.461305620148778 ], [ 650329.630717837717384, 7173133.978757378645241 ], [ 650296.382244198117405, 7173084.106065737083554 ], [ 650277.679977984400466, 7173057.091691235080361 ], [ 650251.704608685453422, 7173021.765201803296804 ], [ 650215.339096767129377, 7172997.867874445393682 ], [ 650173.778513024328277, 7172977.08759175427258 ], [ 650151.959206870407797, 7172967.736465161666274 ], [ 650129.100887676468119, 7172965.658440599218011 ], [ 650098.449960430152714, 7172966.697461219504476 ], [ 650085.981786550255492, 7172966.697463689371943 ], [ 650058.967408983968198, 7172962.54141085781157 ], [ 650025.718941993196495, 7172945.917184697464108 ], [ 649997.665547455428168, 7172929.29295751079917 ], [ 649971.690181481884792, 7172910.590700818225741 ], [ 649952.987918181112036, 7172898.122529965825379 ], [ 649923.895511432201602, 7172892.927462991327047 ], [ 649899.998179405927658, 7172899.16155499778688 ], [ 649875.061832890263759, 7172905.395647211000323 ], [ 649858.437601052224636, 7172905.395650500431657 ], [ 649834.540265304967761, 7172892.927480670623481 ], [ 649821.033073422499001, 7172875.264236054383218 ], [ 649799.213762937230058, 7172844.093803979456425 ], [ 649785.706570642651059, 7172824.352530270814896 ], [ 649767.00430776074063, 7172813.962388506159186 ], [ 649736.872886111028492, 7172806.689292639493942 ], [ 649710.89752428221982, 7172808.767326867207885 ], [ 649674.532019618665799, 7172821.235508609563112 ], [ 649648.556660885224119, 7172838.89876102656126 ], [ 649620.503272138303146, 7172851.366941124200821 ], [ 649593.488894991460256, 7172849.288917368277907 ], [ 649554.006347061018459, 7172862.796114266850054 ], [ 649521.796904685441405, 7172897.083600653335452 ], [ 649496.860559197026305, 7172908.512765585444868 ], [ 649475.041255322750658, 7172910.590798985213041 ], [ 649465.69012120179832, 7172891.888538992963731 ], [ 649471.924204016570002, 7172871.108246837742627 ], [ 649485.431389084551483, 7172854.484011432155967 ], [ 649498.938574563711882, 7172839.937805117107928 ], [ 649507.250687800813466, 7172826.430614374577999 ], [ 649507.250683262827806, 7172803.572294355370104 ], [ 649502.055607307003811, 7172785.909048095345497 ], [ 649488.02890612767078, 7172757.855658116750419 ], [ 649462.053538318956271, 7172729.8022704962641 ], [ 649408.024775993544608, 7172685.124655671417713 ], [ 649351.917986963642761, 7172651.876201260834932 ], [ 649324.903607558109798, 7172638.369017489254475 ], [ 649306.201346129179001, 7172635.251977537758648 ], [ 649283.343026331276633, 7172630.056909314356744 ], [ 649260.484704472706653, 7172614.471695626154542 ], [ 649192.948758747777902, 7172594.73043255880475 ], [ 649144.115074863075279, 7172580.184238531626761 ], [ 649100.47646548517514, 7172576.028188940137625 ], [ 649037.096580191282555, 7172568.75509959179908 ], [ 648998.133535195258446, 7172560.442990889772773 ], [ 648977.353244172874838, 7172554.208907700143754 ], [ 648952.416893551824614, 7172539.662708960473537 ], [ 648921.246452706400305, 7172508.492278716526926 ], [ 648882.802911260630935, 7172481.47790808044374 ], [ 648868.256706562824547, 7172472.126780028454959 ], [ 648857.866561464732513, 7172471.087767524644732 ], [ 648831.891200876794755, 7172479.399888994172215 ], [ 648807.993870907463133, 7172496.02412642352283 ], [ 648774.745410123839974, 7172510.57033659517765 ], [ 648732.14581893524155, 7172525.116548603400588 ], [ 648684.351154682226479, 7172536.545717991888523 ], [ 648647.985647350782529, 7172535.506710583344102 ], [ 648626.166340818163007, 7172524.077554859220982 ], [ 648614.737178565119393, 7172509.531353460624814 ], [ 648594.995895681902766, 7172471.08781913947314 ], [ 648570.059540355810896, 7172432.644285836257041 ], [ 648552.396288915071636, 7172406.66892565973103 ], [ 648542.006141154444776, 7172392.122724057175219 ], [ 648511.87471584614832, 7172366.147366322577 ], [ 648486.938365034060553, 7172350.562153030186892 ], [ 648450.572857096325606, 7172346.406101973727345 ], [ 648411.090306920232251, 7172348.484138803556561 ], [ 648364.334655117010698, 7172349.523162507452071 ], [ 648331.086191670387052, 7172350.562183566391468 ], [ 648301.993786180624738, 7172351.601203806698322 ], [ 648268.745325802592561, 7172368.225443045608699 ], [ 648239.65292297070846, 7172382.77165237814188 ], [ 648209.52150339866057, 7172385.888701912015676 ], [ 648171.077963417046703, 7172366.147433065809309 ], [ 648140.946536283241585, 7172330.820944407954812 ], [ 648123.283282203832641, 7172291.338395132683218 ], [ 648098.346926089376211, 7172248.73880364280194 ], [ 648077.566628137603402, 7172207.178225887939334 ], [ 648051.591257540043443, 7172164.578634604811668 ], [ 648020.420816543628462, 7172132.369189791381359 ], [ 647979.899243314168416, 7172090.80861589871347 ], [ 647962.235992309637368, 7172066.911284809932113 ], [ 647923.792450717301108, 7172038.857899598777294 ], [ 647900.934130947454832, 7172033.662831336259842 ], [ 647875.99778036295902, 7172019.116632571443915 ], [ 647845.866357540595345, 7172005.609449368901551 ], [ 647810.539864519727416, 7172003.53142717294395 ], [ 647775.213371296180412, 7172000.414390431717038 ], [ 647741.964905825327151, 7171991.063266010954976 ], [ 647709.755454438040033, 7171979.634112297557294 ], [ 647667.155860202154145, 7171978.595106057822704 ], [ 647621.439222704386339, 7171978.595114968717098 ], [ 647582.995684388210066, 7171967.165962466038764 ], [ 647550.786233614897355, 7171958.85385238006711 ], [ 647518.576783044612966, 7171951.580756839364767 ], [ 647481.172261456842534, 7171951.580764122307301 ], [ 647445.845769050880335, 7171952.619785544462502 ], [ 647419.870405006338842, 7171943.268659696914256 ], [ 647406.363213197793812, 7171925.605415059253573 ], [ 647393.895033235079609, 7171894.434981136582792 ], [ 647380.907348265289329, 7171874.693707309663296 ], [ 647362.205079543520696, 7171834.172143697738647 ], [ 647360.127045483677648, 7171808.196780479513109 ], [ 647346.619847986847162, 7171761.44112859107554 ], [ 647335.190680280793458, 7171718.841534480452538 ], [ 647331.034615010255948, 7171681.437011679634452 ], [ 647322.722493819193915, 7171654.422635136172175 ], [ 647305.059242236195132, 7171627.40826041251421 ], [ 647292.591065533924848, 7171612.862059214152396 ], [ 647277.005844758823514, 7171595.198814984411001 ], [ 647258.303580519626848, 7171577.535571365617216 ], [ 647236.484273022040725, 7171560.911342896521091 ], [ 647216.742992874584161, 7171535.974997663870454 ], [ 647198.040727216983214, 7171511.03865223377943 ], [ 647176.22141911147628, 7171491.297380129806697 ], [ 647153.363097534980625, 7171476.751180949620903 ], [ 647140.894922258914448, 7171469.478081561625004 ], [ 647126.86822383175604, 7171454.931880665943027 ], [ 647112.322012882912531, 7171413.371301718056202 ], [ 647093.619746418204159, 7171384.278898110613227 ], [ 647059.332264264812693, 7171363.498613884672523 ], [ 647013.615623559337109, 7171346.874390052631497 ], [ 646985.562231580261141, 7171342.718337321653962 ], [ 646951.274754702812061, 7171348.952431239187717 ], [ 646907.636147841112688, 7171357.264556058682501 ], [ 646879.582756673451513, 7171357.264561500400305 ], [ 646856.724437538883649, 7171355.186536843888462 ], [ 646811.007795217796229, 7171330.25019664503634 ], [ 646781.915386930457316, 7171316.743013208732009 ], [ 646749.705935382400639, 7171304.274844921194017 ], [ 646718.53550055087544, 7171303.235836416482925 ], [ 646689.443095707218163, 7171307.391900228336453 ], [ 646659.311676779063419, 7171313.625993328168988 ], [ 646634.375328875728883, 7171312.586983611807227 ], [ 646606.321937503875233, 7171311.547974497079849 ], [ 646575.671008097240701, 7171301.157834989950061 ], [ 646555.929735056124628, 7171312.586998795159161 ], [ 646536.188462419318967, 7171326.094191687181592 ], [ 646490.471826578606851, 7171334.406316885724664 ], [ 646467.613508253823966, 7171336.484350394457579 ], [ 646438.521105428808369, 7171351.03055963665247 ], [ 646422.935890335356817, 7171362.459722638130188 ], [ 646407.350675040157512, 7171372.849871092475951 ], [ 646376.180241619120352, 7171379.083964381366968 ], [ 646356.438965342589654, 7171373.888895476236939 ], [ 646320.07346089661587, 7171387.39609157666564 ], [ 646274.356828884920105, 7171415.449493102729321 ], [ 646236.952312974608503, 7171444.541907564736903 ], [ 646215.133012967882678, 7171466.361217210069299 ], [ 646190.196671109180897, 7171496.492643808946013 ], [ 646167.338356206775643, 7171516.233924563974142 ], [ 646132.011866642977111, 7171531.819149546325207 ], [ 646099.802419934538193, 7171544.287330294027925 ], [ 646070.710015885066241, 7171552.599452260881662 ], [ 646042.656625313684344, 7171555.716501303017139 ], [ 645998.498510379809886, 7171559.872567994520068 ], [ 645979.796251006657258, 7171567.145673410966992 ], [ 645945.508774111513048, 7171573.379767285659909 ], [ 645915.377353959018365, 7171573.379773090593517 ], [ 645890.441004839492962, 7171566.106676083058119 ], [ 645871.738742645015009, 7171558.8335778741166 ], [ 645855.1145092274528, 7171550.521464720368385 ], [ 645835.373233553953469, 7171548.443439433351159 ], [ 645813.553931317757815, 7171558.833589077927172 ], [ 645799.007731504156254, 7171574.418810045346618 ], [ 645781.344489633105695, 7171597.277133423835039 ], [ 645751.213073904276825, 7171620.135459205135703 ], [ 645721.081656767521054, 7171635.720683169551194 ], [ 645700.30136921745725, 7171647.149847157299519 ], [ 645684.716152901062742, 7171652.344922877848148 ], [ 645663.935863138409331, 7171652.344926875084639 ], [ 645625.492327077779919, 7171652.344934267923236 ], [ 645589.126818989869207, 7171647.149868534877896 ], [ 645566.268496635952033, 7171628.447611125186086 ], [ 645557.956374907051213, 7171598.316190932877362 ], [ 645549.644252777565271, 7171566.106741650030017 ], [ 645537.176075909635983, 7171550.521525877527893 ], [ 645503.927608881727792, 7171532.858285009860992 ], [ 645486.264358370564878, 7171511.038982970640063 ], [ 645475.874210079200566, 7171493.375737711787224 ], [ 645455.613421142683364, 7171460.127276184037328 ], [ 645447.30130223010201, 7171444.542059616185725 ], [ 645437.950163410976529, 7171400.903450550511479 ], [ 645437.950155985658057, 7171362.459912415593863 ], [ 645449.379308727802709, 7171328.172430263832211 ], [ 645449.379303710185923, 7171302.197066660970449 ], [ 645436.911125844810158, 7171281.416778173297644 ], [ 645424.442950388765894, 7171273.104664213955402 ], [ 645402.62364454427734, 7171264.792552050203085 ], [ 645384.960397653863765, 7171261.675511809065938 ], [ 645360.024049550527707, 7171259.597487507387996 ], [ 645336.126716135884635, 7171258.55847755074501 ], [ 645316.385438066208735, 7171244.012277721427381 ], [ 645307.034303668071516, 7171223.231988635845482 ], [ 645304.956270481809042, 7171201.412683609873056 ], [ 645293.527105706743896, 7171173.359293116256595 ], [ 645275.863852003240027, 7171134.915758380666375 ], [ 645259.239612588542514, 7171095.433208905160427 ], [ 645249.888477191678248, 7171069.457847101613879 ], [ 645234.822757907793857, 7171021.663180977106094 ], [ 645236.900778064504266, 7170975.946540657430887 ], [ 645238.978800225071609, 7170940.620045775547624 ], [ 645240.017805892741308, 7170894.903405660763383 ], [ 645238.978784392122179, 7170858.537896837107837 ], [ 645223.39356267824769, 7170835.679579868912697 ], [ 645204.691299709258601, 7170824.250423477962613 ], [ 645187.0280512268655, 7170812.821266883984208 ], [ 645166.247759084566496, 7170800.353096347302198 ], [ 645141.311404387350194, 7170763.987592108547688 ], [ 645130.92125451285392, 7170738.012230515480042 ], [ 645116.375047692097723, 7170717.231942437589169 ], [ 645096.633770440588705, 7170706.841800788417459 ], [ 645072.736437243176624, 7170706.84180536493659 ], [ 645051.956148307421245, 7170710.997867519967258 ], [ 645023.902758166310377, 7170716.19294560700655 ], [ 645010.395569836720824, 7170716.19294819328934 ], [ 644989.615279500372708, 7170713.075908542610705 ], [ 644968.834987363195978, 7170700.607738001272082 ], [ 644954.288782347808592, 7170689.178580809384584 ], [ 644939.742578534176573, 7170683.983510876074433 ], [ 644918.96228799840901, 7170679.827456681057811 ], [ 644904.41608418431133, 7170674.63238674774766 ], [ 644886.752835110411979, 7170660.086186521686614 ], [ 644878.440715616568923, 7170641.383926333859563 ], [ 644861.816478832275607, 7170615.408565936610103 ], [ 644849.867806040216237, 7170583.199117382988334 ], [ 644824.931452565942891, 7170553.067700404673815 ], [ 644797.917071917443536, 7170532.287414709106088 ], [ 644775.058746821014211, 7170499.038953702896833 ], [ 644771.941699764924124, 7170480.336692525073886 ], [ 644771.941691974410787, 7170439.81512535084039 ], [ 644772.980703064356931, 7170422.151877923868597 ], [ 644782.331827448215336, 7170390.981439851224422 ], [ 644795.839009777759202, 7170359.811000984162092 ], [ 644806.229151443927549, 7170343.186766314320266 ], [ 644833.243520891992375, 7170305.78223760984838 ], [ 644850.906761361518875, 7170275.650812493637204 ], [ 644866.491973857046105, 7170250.714460489340127 ], [ 644890.389302640222013, 7170227.856135979294777 ], [ 644897.662399044027552, 7170201.880771024152637 ], [ 644894.545350986649282, 7170177.983437141403556 ], [ 644887.272246385924518, 7170161.359205853193998 ], [ 644872.206534738303162, 7170153.047092396765947 ], [ 644851.4262418205617, 7170136.422863690182567 ], [ 644831.684963587438688, 7170120.837649328634143 ], [ 644804.670584354433231, 7170107.330465442501009 ], [ 644780.77324878051877, 7170094.862295500934124 ], [ 644768.305071752518415, 7170078.238065206445754 ], [ 644747.524772645905614, 7170029.40438568778336 ], [ 644730.900531483930536, 7169980.570705378428102 ], [ 644708.042204609257169, 7169937.971113515086472 ], [ 644688.300924588576891, 7169913.034768275916576 ], [ 644684.144859857624397, 7169877.708274636417627 ], [ 644683.105838583083823, 7169842.381780404597521 ], [ 644669.598643282428384, 7169806.016274012625217 ], [ 644660.247509520151652, 7169788.353028586134315 ], [ 644620.764951685443521, 7169749.909498075023293 ], [ 644604.140717323170975, 7169736.402312204241753 ], [ 644574.009294252842665, 7169720.817099828273058 ], [ 644556.346047003404237, 7169715.622030491009355 ], [ 644532.448713039746508, 7169711.465976884588599 ], [ 644511.66842333052773, 7169711.465980850160122 ], [ 644503.356307647540234, 7169712.504996977746487 ], [ 644496.083206847775728, 7169715.622041989117861 ], [ 644473.744395211921073, 7169714.58303171209991 ], [ 644448.808046565391123, 7169709.387963758781552 ], [ 644432.183813003706746, 7169700.036836052313447 ], [ 644411.403519111685455, 7169678.217534637078643 ], [ 644399.974355189013295, 7169654.320202354341745 ], [ 644371.920959900366142, 7169632.500902326777577 ], [ 644314.775160420918837, 7169617.954709634184837 ], [ 644286.721767923096195, 7169610.681613188236952 ], [ 644252.43429050699342, 7169613.798663344234228 ], [ 644218.146813486935571, 7169618.993742583319545 ], [ 644188.015393214998767, 7169617.954733778722584 ], [ 644164.118058064486831, 7169607.564592910930514 ], [ 644145.415792554500513, 7169582.62824746966362 ], [ 644140.22071495745331, 7169555.613870373927057 ], [ 644112.16731788998004, 7169524.443439466878772 ], [ 644091.38702679448761, 7169517.170341628603637 ], [ 644060.216588861891069, 7169499.507100351154804 ], [ 644042.553340625017881, 7169489.116958295926452 ], [ 644024.890092390938662, 7169478.726816238835454 ], [ 644009.304872332839295, 7169464.180615622550249 ], [ 643995.797680449206382, 7169445.478356443345547 ], [ 643984.368519325740635, 7169436.127227744087577 ], [ 643955.79562019277364, 7169431.971175009384751 ], [ 643939.17138743842952, 7169426.776105460710824 ], [ 643921.508139604819007, 7169418.463992487639189 ], [ 643894.493759221280925, 7169398.722721334546804 ], [ 643869.557410192210227, 7169391.449624279513955 ], [ 643821.762745470623486, 7169399.761749688535929 ], [ 643789.553299213876016, 7169414.307959387078881 ], [ 643765.655970423249528, 7169437.166283837519586 ], [ 643743.836670204997063, 7169457.946578808128834 ], [ 643718.900323952082545, 7169465.219685330986977 ], [ 643699.159048734931275, 7169465.219689075835049 ], [ 643676.300729865673929, 7169464.180678872391582 ], [ 643648.247337578446604, 7169457.946596946567297 ], [ 643622.271972875809297, 7169444.439412832260132 ], [ 643594.218580391258001, 7169437.166316363960505 ], [ 643572.399273037561215, 7169420.542087836191058 ], [ 643545.384894048911519, 7169408.073918459936976 ], [ 643523.565589666017331, 7169407.034908053465188 ], [ 643510.058402350870892, 7169412.229983320459723 ], [ 643499.668259679921903, 7169423.659145245328546 ], [ 643473.692898345878348, 7169427.815208332613111 ], [ 643454.990637220209464, 7169425.737182792276144 ], [ 643430.054288193117827, 7169418.464085726067424 ], [ 643415.508083423832431, 7169408.073943067342043 ], [ 643400.961877271067351, 7169390.410698616877198 ], [ 643385.376657225540839, 7169375.864497987553477 ], [ 643349.011145899537951, 7169353.006184961646795 ], [ 643320.957754412433133, 7169350.928161188960075 ], [ 643294.982392090489157, 7169349.889151563867927 ], [ 643280.436187522718683, 7169340.538023443892598 ], [ 643277.319141102023423, 7169324.952805913053453 ], [ 643280.436179613345303, 7169298.977441791445017 ], [ 643297.060406031552702, 7169270.924046031199396 ], [ 643309.528575299889781, 7169247.026709225028753 ], [ 643316.801672540605068, 7169225.207402484491467 ], [ 643325.63328873901628, 7169188.841891869902611 ], [ 643325.633280628244393, 7169146.24229568708688 ], [ 643330.828345337999053, 7169105.720727602951229 ], [ 643329.789325117017142, 7169075.589306110516191 ], [ 643322.516217197175138, 7169041.301827636547387 ], [ 643303.813948368420824, 7168998.702234999276698 ], [ 643275.760552148451097, 7168971.687862245365977 ], [ 643243.551100166630931, 7168956.102650227025151 ], [ 643217.575736872036941, 7168949.868567895144224 ], [ 643188.483330717077479, 7168946.751529773697257 ], [ 643145.883731721434742, 7168919.737159766256809 ], [ 643098.089060506084934, 7168893.761805284768343 ], [ 643074.19172381341923, 7168875.05954806599766 ], [ 643056.528472251142375, 7168847.006158803589642 ], [ 643043.021279414999299, 7168823.108826922252774 ], [ 643027.436058993451297, 7168806.484597215428948 ], [ 643018.08492646634113, 7168795.055439034476876 ], [ 643020.162953657330945, 7168785.704307777807117 ], [ 643033.670139385387301, 7168772.197116198018193 ], [ 643046.138310036389157, 7168755.572881193831563 ], [ 643063.801551329437643, 7168729.597514346241951 ], [ 643063.801545999245718, 7168701.544121755287051 ], [ 643062.762525000260212, 7168667.256642116233706 ], [ 643062.762518287287094, 7168631.930147744715214 ], [ 643062.762512561283074, 7168601.798726074397564 ], [ 643062.762503083096817, 7168551.926028140820563 ], [ 643062.762500320211984, 7168537.379824577830732 ], [ 643067.957566419383511, 7168504.131358308717608 ], [ 643080.425731339259073, 7168457.375701646320522 ], [ 643079.386711326893419, 7168428.283294721506536 ], [ 643072.113602635334246, 7168389.839758113957942 ], [ 643054.450351281207986, 7168362.82538341358304 ], [ 643028.474983664928004, 7168333.732981201261282 ], [ 643005.616659698542207, 7168305.679592940956354 ], [ 642985.875380960758775, 7168286.977334950119257 ], [ 642976.524246663204394, 7168266.197045918554068 ], [ 642957.821980832261033, 7168239.182671416550875 ], [ 642944.314788996707648, 7168220.480412248522043 ], [ 642934.96365667367354, 7168210.090268617495894 ], [ 642926.651537454454228, 7168192.427023010328412 ], [ 642922.495476365089417, 7168175.802791157737374 ], [ 642919.378427391638979, 7168146.710384634323418 ], [ 642898.598134177620523, 7168128.008126843720675 ], [ 642880.934885200345889, 7168113.461926620453596 ], [ 642838.335290600545704, 7168109.30587650090456 ], [ 642772.87737855350133, 7168111.383917924016714 ], [ 642654.429727271548472, 7168110.344925709068775 ], [ 642567.152508912491612, 7168100.993811288848519 ], [ 642490.265435780165717, 7168093.720723983831704 ], [ 642435.197666401974857, 7168084.369603488594294 ], [ 642371.81777978502214, 7168067.745382774621248 ], [ 642343.764386579860002, 7168056.316228113137186 ], [ 642304.281832882086746, 7168038.652988362126052 ], [ 642262.721250024274923, 7168019.950734461657703 ], [ 642240.901942934142426, 7168004.365520467050374 ], [ 642181.67810876655858, 7167958.648891855031252 ], [ 642145.312597546377219, 7167935.790578816086054 ], [ 642105.830042289569974, 7167909.815222742035985 ], [ 642089.20580742682796, 7167893.190993233583868 ], [ 642080.893689013901167, 7167879.683805784210563 ], [ 642081.932702712132595, 7167875.527747431769967 ], [ 642102.712992369895801, 7167875.527743532322347 ], [ 642137.000470696599223, 7167877.605766174383461 ], [ 642170.2489345415961, 7167879.683789011090994 ], [ 642196.224296614062041, 7167879.683784134685993 ], [ 642228.433745189453475, 7167877.605749005451798 ], [ 642239.862902539083734, 7167867.215601464733481 ], [ 642239.862894883612171, 7167826.694034438580275 ], [ 642231.550772540969774, 7167792.406556205824018 ], [ 642206.614415731863119, 7167743.572877548635006 ], [ 642185.834117442951538, 7167697.85624173283577 ], [ 642169.209877872257493, 7167656.295663294382393 ], [ 642155.183176863705739, 7167627.203258836641908 ], [ 642148.949082120787352, 7167585.642678450793028 ], [ 642135.441888160537928, 7167555.51125936023891 ], [ 642114.661593999480829, 7167531.613928867504001 ], [ 642089.725243285298347, 7167514.989700928330421 ], [ 642045.04761622834485, 7167492.131389457732439 ], [ 642005.565063940710388, 7167481.741251474246383 ], [ 641957.770388348260894, 7167431.868562581017613 ], [ 641911.014723328524269, 7167361.2155827190727 ], [ 641868.415123490267433, 7167329.006140008568764 ], [ 641827.893556729075499, 7167318.616002215072513 ], [ 641749.967470180708915, 7167316.537987730465829 ], [ 641695.938718090066686, 7167321.733070534653962 ], [ 641659.573212388204411, 7167327.967164570465684 ], [ 641618.012635058839805, 7167338.357317730784416 ], [ 641592.037276132497936, 7167354.981555202975869 ], [ 641584.48988968518097, 7167364.515100173652172 ], [ 641572.296005661366507, 7167379.917907820083201 ], [ 641567.100938331801444, 7167406.93228679522872 ], [ 641568.139957697596401, 7167432.907650066539645 ], [ 641573.8545436024433, 7167466.156114237383008 ], [ 641567.62046530621592, 7167511.872755105607212 ], [ 641567.620470972498879, 7167542.004176730290055 ], [ 641571.776533200871199, 7167564.862495806068182 ], [ 641585.283726161811501, 7167589.798842213116586 ], [ 641590.478803264442831, 7167614.735190174542367 ], [ 641586.322752174222842, 7167651.100699815899134 ], [ 641574.893598142429255, 7167679.154094504192472 ], [ 641564.503458395251073, 7167706.168474461883307 ], [ 641558.269374821684323, 7167723.831722792237997 ], [ 641556.191358555224724, 7167791.367668219842017 ], [ 641557.749887116253376, 7167827.733176799491048 ], [ 641562.944965978618711, 7167862.020655624568462 ], [ 641563.98398690961767, 7167896.308135224506259 ], [ 641557.749907239805907, 7167934.751674346625805 ], [ 641534.891593889449723, 7167962.805071182549 ], [ 641499.565107716829516, 7167996.053543045185506 ], [ 641468.394677326781675, 7168017.872854199260473 ], [ 641434.107202507904731, 7168034.497093234211206 ], [ 641405.014797566225752, 7168037.614142285659909 ], [ 641382.156478548888117, 7168035.536117475479841 ], [ 641329.166738351457752, 7168027.224011052399874 ], [ 641296.957288985839114, 7168025.14598798379302 ], [ 641274.098971917992458, 7168033.458108566701412 ], [ 641246.045587111846544, 7168066.706579062156379 ], [ 641235.65544637455605, 7168088.525886330753565 ], [ 641231.499393509933725, 7168115.540265135467052 ], [ 641231.49939701880794, 7168134.242526849731803 ], [ 641226.304332204163074, 7168174.764094863086939 ], [ 641237.213995779631659, 7168236.06595067307353 ], [ 641235.135971295298077, 7168259.963285474106669 ], [ 641236.174991431646049, 7168290.094706935808063 ], [ 641237.214010982657783, 7168317.109084777534008 ], [ 641256.955292992061004, 7168353.474589992314577 ], [ 641277.735596700804308, 7168428.283632994629443 ], [ 641276.696588456863537, 7168461.532098470255733 ], [ 641271.501519547658972, 7168480.234361161477864 ], [ 641256.955320089822635, 7168497.897611055523157 ], [ 641235.136020999052562, 7168524.91199317201972 ], [ 641193.575452951481566, 7168585.17484425380826 ], [ 641148.897840470075607, 7168640.242623217403889 ], [ 641128.117558192112483, 7168679.725179626606405 ], [ 641116.688404321903363, 7168708.817588887177408 ], [ 641115.649394511710852, 7168733.753938050940633 ], [ 641116.68841230624821, 7168751.417185044847429 ], [ 641084.478969726129435, 7168785.70467088278383 ], [ 641060.581638926640153, 7168798.172849820926785 ], [ 641019.021058977581561, 7168795.055813942104578 ], [ 640989.928655366064049, 7168805.445964762941003 ], [ 640966.031322621158324, 7168807.523998293094337 ], [ 640934.86088653979823, 7168799.211887771263719 ], [ 640908.885522102471441, 7168786.743718119338155 ], [ 640892.261288995738141, 7168779.470619427040219 ], [ 640871.481001258827746, 7168789.86076869815588 ], [ 640850.700714880251326, 7168807.524019753560424 ], [ 640831.998457467765547, 7168825.187270421534777 ], [ 640810.179156605619937, 7168842.850521670654416 ], [ 640790.437883736332878, 7168855.318699828349054 ], [ 640763.423507341882214, 7168856.357719389721751 ], [ 640739.526175952050835, 7168865.708854697644711 ], [ 640729.136033829301596, 7168880.255060196854174 ], [ 640724.979978805175051, 7168895.840279079973698 ], [ 640728.097025947878137, 7168915.581554774194956 ], [ 640734.331116737565026, 7168936.36184442974627 ], [ 640786.281853001797572, 7169000.780736303888261 ], [ 640822.127859127358533, 7169035.068209482356906 ], [ 640829.400961684645154, 7169041.302295375615358 ], [ 640844.986182061955333, 7169057.926525130867958 ], [ 640860.571405355236493, 7169090.135972999036312 ], [ 640872.000572656164877, 7169132.73556705377996 ], [ 640877.195652272552252, 7169171.179104106500745 ], [ 640877.19565752078779, 7169199.232496716082096 ], [ 640875.117632634239271, 7169221.051802465692163 ], [ 640867.844534157193266, 7169236.637021937407553 ], [ 640852.259319412522018, 7169250.144213870167732 ], [ 640832.518046922632493, 7169264.690421119332314 ], [ 640817.971846467582509, 7169277.158598318696022 ], [ 640809.659733894281089, 7169294.821847064420581 ], [ 640801.347621318651363, 7169312.485095812007785 ], [ 640796.152551807463169, 7169328.070314897224307 ], [ 640791.996497559943236, 7169347.811591953039169 ], [ 640787.840444672387093, 7169374.825970802456141 ], [ 640787.840449529932812, 7169400.801334337331355 ], [ 640784.723409766331315, 7169420.542611202225089 ], [ 640772.255240414524451, 7169444.439947973936796 ], [ 640755.63101098453626, 7169456.908125560730696 ], [ 640742.123824039241299, 7169464.181229861453176 ], [ 640718.22649243613705, 7169472.49335063342005 ], [ 640697.446203316329047, 7169475.610398119315505 ], [ 640687.056058272137307, 7169474.571385508403182 ], [ 640664.197738435701467, 7169468.337302505038679 ], [ 640649.651533703086898, 7169457.947159793227911 ], [ 640625.754197636968456, 7169442.361946108750999 ], [ 640610.168979002861306, 7169435.088847213424742 ], [ 640592.505732757621445, 7169435.088850490748882 ], [ 640575.881500997813419, 7169435.08885357901454 ], [ 640565.491357310675085, 7169441.32294275611639 ], [ 640553.542694030911662, 7169458.986192177049816 ], [ 640549.386639970238321, 7169479.766483779996634 ], [ 640544.191574526717886, 7169517.171008236706257 ], [ 640535.879468536237255, 7169570.16075140144676 ], [ 640524.450312494882382, 7169587.82400073017925 ], [ 640519.255243560066447, 7169606.526263441890478 ], [ 640504.709042511531152, 7169615.877397015690804 ], [ 640475.616636536200531, 7169613.799373331479728 ], [ 640442.368169132387266, 7169593.019088665023446 ], [ 640411.197728181025013, 7169558.731614571064711 ], [ 640386.261377823771909, 7169544.185415610671043 ], [ 640369.637146061519161, 7169544.185418693348765 ], [ 640361.325031536514871, 7169551.458522024564445 ], [ 640358.207989823655225, 7169560.809653477743268 ], [ 640358.207992148236372, 7169573.27782797627151 ], [ 640358.207994472235441, 7169585.746002476662397 ], [ 640366.520112678641453, 7169598.214175433851779 ], [ 640387.300404708366841, 7169610.68234608322382 ], [ 640415.353796780225821, 7169615.877413589507341 ], [ 640439.25113168428652, 7169625.228540034964681 ], [ 640456.914378903573379, 7169630.423609467223287 ], [ 640470.421567212091759, 7169630.423606961965561 ], [ 640484.967770974617451, 7169635.618676971644163 ], [ 640495.357916796812788, 7169640.813747754320502 ], [ 640510.943137178895995, 7169657.437977528199553 ], [ 640527.56737301684916, 7169679.257279820740223 ], [ 640545.230623535113409, 7169702.115596463903785 ], [ 640556.659787141135894, 7169724.973914260044694 ], [ 640561.854866938665509, 7169764.456465888768435 ], [ 640560.815857109730132, 7169789.392815086990595 ], [ 640548.34768793778494, 7169814.32916640676558 ], [ 640533.801490764250048, 7169844.460590824484825 ], [ 640521.333321592072025, 7169869.396942147053778 ], [ 640503.150572358979844, 7169892.255265445448458 ], [ 640488.604372467147186, 7169907.840486273169518 ], [ 640479.253246361855417, 7169930.698807936161757 ], [ 640471.980148257222027, 7169948.362056501209736 ], [ 640468.863110226462595, 7169977.454464262351394 ], [ 640485.487347621819936, 7170007.585882901214063 ], [ 640504.189613794675097, 7170036.678286615759134 ], [ 640524.969908358762041, 7170062.653646316379309 ], [ 640536.399071001913399, 7170080.316891415044665 ], [ 640566.530502536101267, 7170141.618743822909892 ], [ 640587.310797883197665, 7170171.750161695294082 ], [ 640592.505876328097656, 7170203.959611549042165 ], [ 640592.505884669721127, 7170248.637236878275871 ], [ 640592.505890490952879, 7170279.807673155330122 ], [ 640581.596244205720723, 7170310.978111459873617 ], [ 640575.362159808631986, 7170324.485301670618355 ], [ 640555.62088709208183, 7170337.992494391277432 ], [ 640536.918627697392367, 7170345.265599658712745 ], [ 640508.865238118451089, 7170353.577721206471324 ], [ 640491.201994177536108, 7170366.045898996293545 ], [ 640472.499735169811174, 7170375.397033350542188 ], [ 640453.797475579194725, 7170381.631124073639512 ], [ 640429.900147044332698, 7170406.567477533593774 ], [ 640418.470991763519123, 7170428.386785050854087 ], [ 640407.041836094344035, 7170448.128063483163714 ], [ 640388.339579601073638, 7170470.986386895179749 ], [ 640351.974078386090696, 7170502.156829920597374 ], [ 640331.193791753263213, 7170518.781066459603608 ], [ 640317.686606721254066, 7170536.444316191598773 ], [ 640308.335479827364907, 7170555.14657969865948 ], [ 640303.140413201646879, 7170586.317016951739788 ], [ 640303.140419204719365, 7170618.526467786170542 ], [ 640306.257468278286979, 7170648.657888957299292 ], [ 640310.413529710844159, 7170667.360149963758886 ], [ 640330.674324788386002, 7170734.896091517060995 ], [ 640350.41560371639207, 7170754.637364182621241 ], [ 640359.090990836382844, 7170767.50086475815624 ], [ 640365.890164466924034, 7170777.582394573837519 ], [ 640380.547032164176926, 7170799.314983960241079 ], [ 640415.873539251624607, 7170877.241068164817989 ], [ 640435.614822836359963, 7170921.91868987493217 ], [ 640470.941328382003121, 7170991.532657742500305 ], [ 640485.487536050844938, 7171017.50801863335073 ], [ 640517.696989030460827, 7171038.288303532637656 ], [ 640561.335597106954083, 7171036.210266347974539 ], [ 640601.857160167652182, 7171025.820113388821483 ], [ 640624.715476752375253, 7171014.390949165448546 ], [ 640659.00294745399151, 7170974.908390140160918 ], [ 640676.666190242045559, 7170956.206125076860189 ], [ 640713.031691853189841, 7170927.113711101934314 ], [ 640733.811980623984709, 7170921.91863452270627 ], [ 640769.138472990482114, 7170920.879613413475454 ], [ 640797.191864140680991, 7170920.879608199000359 ], [ 640817.972152910893783, 7170915.684531619772315 ], [ 640846.025541535695083, 7170902.177337338216603 ], [ 640862.649770218878984, 7170885.553101548925042 ], [ 640867.844836822128855, 7170854.38266428001225 ], [ 640876.156944164657034, 7170808.666022824123502 ], [ 640881.352010767557658, 7170777.495585558004677 ], [ 640891.742151746992022, 7170756.715292759239674 ], [ 640906.288352425675839, 7170745.286130075342953 ], [ 640911.483424859703518, 7170745.286129110492766 ], [ 640929.146671524620615, 7170747.364154909737408 ], [ 640940.575831657275558, 7170751.520210957154632 ], [ 640964.473165826755576, 7170756.715279226191342 ], [ 640994.604585945606232, 7170756.715273616835475 ], [ 641034.087137029971927, 7170759.83230989612639 ], [ 641086.037863318808377, 7170770.222445651888847 ], [ 641130.715484500746243, 7170760.87130643799901 ], [ 641180.588182597304694, 7170775.41750075109303 ], [ 641193.056358192698099, 7170784.768629315309227 ], [ 641199.290447842329741, 7170799.314831758849323 ], [ 641199.290450959117152, 7170815.939064454287291 ], [ 641190.97833818057552, 7170832.563298697583377 ], [ 641175.393123409594409, 7170846.070490667596459 ], [ 641155.651849910384044, 7170855.421625236980617 ], [ 641110.974230280262418, 7170873.084880799986422 ], [ 641070.452668984537013, 7170892.826164674945176 ], [ 641037.204210071242414, 7170917.762519912794232 ], [ 641012.267867245944217, 7170943.73788814432919 ], [ 640991.487581395427696, 7170964.518182882107794 ], [ 640961.356166714453138, 7170993.610595712438226 ], [ 640935.380807841196656, 7171011.273847787640989 ], [ 640892.7812183375936, 7171035.171190218999982 ], [ 640865.766847112448886, 7171064.263602467253804 ], [ 640840.830503693316132, 7171087.121927067637444 ], [ 640833.037900674389675, 7171117.253350283019245 ], [ 640824.725793130462989, 7171161.930977214127779 ], [ 640820.569739067694172, 7171182.711268862709403 ], [ 640813.296643484500237, 7171213.881706533953547 ], [ 640806.023547123651952, 7171240.896086025983095 ], [ 640794.59439300687518, 7171268.949480838142335 ], [ 640786.282285848166794, 7171315.705136867240071 ], [ 640781.087218072032556, 7171340.641486888751388 ], [ 640759.267919657984748, 7171371.811927269212902 ], [ 640739.526649246457964, 7171397.787294540554285 ], [ 640723.941436980385333, 7171424.801675586029887 ], [ 640707.317209833767265, 7171449.738027736544609 ], [ 640687.57593786646612, 7171467.401278655976057 ], [ 640684.458898674114607, 7171490.259599210694432 ], [ 640686.536930949427187, 7171507.922846077010036 ], [ 640687.575949125108309, 7171527.664122223854065 ], [ 640688.614965554559603, 7171538.054267475381494 ], [ 640694.329545626300387, 7171540.132295502349734 ], [ 640718.226883119903505, 7171562.990611039102077 ], [ 640751.47535430919379, 7171603.512172094546258 ], [ 640814.855249539949, 7171664.814018440432847 ], [ 640848.103717047721148, 7171685.594303147867322 ], [ 640868.884013224276714, 7171719.881779257208109 ], [ 640874.079098104382865, 7171786.378709149546921 ], [ 640883.430237440392375, 7171834.173376468941569 ], [ 640892.781371528049931, 7171853.914651080965996 ], [ 640915.639693576958962, 7171871.577894089743495 ], [ 640941.615055788308382, 7171871.577889256179333 ], [ 641007.072968166554347, 7171869.499847983941436 ], [ 641062.140735466615297, 7171866.38279409520328 ], [ 641121.364561888854951, 7171869.49982669763267 ], [ 641150.456969900173135, 7171881.967995814047754 ], [ 641171.237263175076805, 7171900.670253748074174 ], [ 641176.432337954640388, 7171913.138427319005132 ], [ 641176.432340876199305, 7171928.723645493388176 ], [ 641174.354316573473625, 7171953.659994961693883 ], [ 641173.83481303055305, 7171973.401271411217749 ], [ 641175.912846682127565, 7171998.337620105594397 ], [ 641187.342010926222429, 7172024.31298159994185 ], [ 641207.083290691371076, 7172048.210312455892563 ], [ 641213.317383661982603, 7172080.419762190431356 ], [ 641214.356398541131057, 7172082.497791087254882 ], [ 641217.473447462543845, 7172111.590197771787643 ], [ 641220.590494631091133, 7172131.331473550759256 ], [ 641224.746557261561975, 7172156.26782186049968 ], [ 641223.70754647499416, 7172176.009098412469029 ], [ 641218.5124785132939, 7172199.906433923169971 ], [ 641217.473466947441921, 7172215.491652296856046 ], [ 641198.251714683952741, 7172299.65183405764401 ], [ 641199.290730730630457, 7172307.963950227946043 ], [ 641199.290738134179264, 7172347.446502956561744 ], [ 641205.524839095538482, 7172422.255549073219299 ], [ 641202.407809655880556, 7172497.064596941694617 ], [ 641178.510486532002687, 7172551.093357775360346 ], [ 641162.925275814370252, 7172586.419855237007141 ], [ 641122.403715595370159, 7172612.395226432010531 ], [ 641084.999197482597083, 7172631.097495228052139 ], [ 641051.75073732167948, 7172649.79976324737072 ], [ 641011.229175930959173, 7172669.541047165170312 ], [ 640988.370860663242638, 7172688.24331324826926 ], [ 640983.175789966597222, 7172697.594445127993822 ], [ 640985.253821668215096, 7172712.140648386441171 ], [ 641000.839041539584287, 7172725.647834583185613 ], [ 641030.970463099773042, 7172732.920930795371532 ], [ 641086.038231241283938, 7172733.959935085847974 ], [ 641117.208665928570554, 7172733.959929279983044 ], [ 641160.327767051523551, 7172732.920906699262559 ], [ 641177.991014932282269, 7172741.233019774779677 ], [ 641208.122438247664832, 7172757.857246898114681 ], [ 641225.785686713876203, 7172769.286403611302376 ], [ 641253.839079688186757, 7172778.637529295869172 ], [ 641307.867836268036626, 7172795.261751954443753 ], [ 641388.910970557597466, 7172817.08104230184108 ], [ 641453.32987067499198, 7172826.432161189615726 ], [ 641492.812423821771517, 7172839.939342917874455 ], [ 641550.997239542193711, 7172862.797652062959969 ], [ 641583.206692436011508, 7172882.538922421634197 ], [ 641612.299104011966847, 7172913.709353370591998 ], [ 641623.728267697850242, 7172936.567671253345907 ], [ 641627.884330542059615, 7172962.543034134432673 ], [ 641627.884333864203654, 7172980.206281422637403 ], [ 641625.806308596511371, 7172999.947558192536235 ], [ 641619.572225565090775, 7173020.727850288152695 ], [ 641601.908982947003096, 7173040.469129974022508 ], [ 641585.284754232619889, 7173057.093365822918713 ], [ 641555.153337537543848, 7173075.795633293688297 ], [ 641533.334035394596867, 7173087.224797382950783 ], [ 641518.268330560298637, 7173115.278192954137921 ], [ 641519.307348370552063, 7173132.941440050490201 ], [ 641520.346368327271193, 7173162.033847162500024 ], [ 641522.424400821095333, 7173180.736108614131808 ], [ 641550.477798891835846, 7173217.101612508296967 ], [ 641569.180062840459868, 7173233.725841760635376 ], [ 641583.726266095764004, 7173235.803868132643402 ], [ 641603.467541411169805, 7173235.803864445537329 ], [ 641627.364874882157892, 7173236.842874523252249 ], [ 641632.55994752922561, 7173237.881888099014759 ], [ 641642.950093799387105, 7173245.15498798340559 ], [ 641652.301226166309789, 7173255.545131703838706 ], [ 641656.457287058932707, 7173271.130349126644433 ], [ 641669.964479537447914, 7173292.949652083218098 ], [ 641684.510688657290302, 7173326.198114862665534 ], [ 641690.744782246765681, 7173361.524608291685581 ], [ 641692.822817483218387, 7173394.773073405958712 ], [ 641705.290996452327818, 7173421.787449295632541 ], [ 641714.642130190622993, 7173439.450694845989347 ], [ 641715.681150155607611, 7173468.543101968243718 ], [ 641712.564111180836335, 7173492.440437136217952 ], [ 641718.798202620819211, 7173516.3377705514431 ], [ 641739.57849693170283, 7173540.235101249068975 ], [ 641755.163716638926417, 7173552.703272899612784 ], [ 641771.787948685465381, 7173553.742284336127341 ], [ 641800.360846397816204, 7173549.586220799945295 ], [ 641849.194529612548649, 7173561.015371674671769 ], [ 641895.950184632325545, 7173576.60058112628758 ], [ 641940.627811062615365, 7173594.263820059597492 ], [ 641960.369088540668599, 7173605.692976378835738 ], [ 641985.305436907801777, 7173608.81001534871757 ], [ 642004.007697741617449, 7173608.810011841356754 ], [ 642027.905031029484235, 7173608.81000736169517 ], [ 642064.270538990851492, 7173612.966058732941747 ], [ 642109.987177761970088, 7173619.200137441046536 ], [ 642154.664803808671422, 7173634.785347267054021 ], [ 642242.461534955073148, 7173670.11182539537549 ], [ 642278.827045080135576, 7173685.697036777622998 ], [ 642338.050879504764453, 7173730.374651188962162 ], [ 642401.430778383277357, 7173809.339744888246059 ], [ 642444.030381360207684, 7173856.09539152123034 ], [ 642483.5129455862334, 7173927.787387885153294 ], [ 642503.254224458476529, 7173946.489646032452583 ], [ 642519.87845749896951, 7173952.723730191588402 ], [ 642570.790163636440411, 7173931.943429655395448 ], [ 642592.60946578765288, 7173920.514265523292124 ], [ 642617.545810231938958, 7173902.851013519801199 ], [ 642643.52116798539646, 7173878.95367403049022 ], [ 642668.457512035034597, 7173859.212392929941416 ], [ 642691.315827296464704, 7173840.510126767680049 ], [ 642705.862029581679963, 7173837.3930803835392 ], [ 642716.252175477333367, 7173842.588151164352894 ], [ 642730.798381108208559, 7173857.134352089837193 ], [ 642743.266559334471822, 7173879.992669790051877 ], [ 642754.69572523701936, 7173914.280147708952427 ], [ 642779.632081495597959, 7173958.957768564112484 ], [ 642804.568435196066275, 7173990.128200296312571 ], [ 642815.997598935151473, 7174012.986518194898963 ], [ 642822.231690414715558, 7174036.883851621299982 ], [ 642822.231693961424753, 7174055.586113482713699 ], [ 642821.192682031891309, 7174069.093302800320089 ], [ 642814.958597644930705, 7174082.600493099540472 ], [ 642803.529440405545756, 7174094.029655285179615 ], [ 642782.749152546050027, 7174104.419804679229856 ], [ 642765.085906979627907, 7174108.57586620002985 ], [ 642756.254285180126317, 7174115.848969701677561 ], [ 642746.903158498811536, 7174135.590247875079513 ], [ 642741.708089389139786, 7174153.253496170043945 ], [ 642740.669079229235649, 7174176.111816422082484 ], [ 642739.630069266771898, 7174200.009151224046946 ], [ 642739.630074583226815, 7174228.062544025480747 ], [ 642728.200920491362922, 7174256.115938978269696 ], [ 642703.26458194386214, 7174304.949627442285419 ], [ 642692.874443129636347, 7174337.159080397337675 ], [ 642692.874448837246746, 7174367.290502298623323 ], [ 642710.537702483823523, 7174405.734037259593606 ], [ 642728.200955933774821, 7174443.138557678088546 ], [ 642755.215338436188176, 7174473.269974490627646 ], [ 642775.995631229598075, 7174488.855188803747296 ], [ 642810.283109662588686, 7174489.894196890294552 ], [ 642835.219456289662048, 7174483.660104895010591 ], [ 642855.999742977437563, 7174467.035868203267455 ], [ 642873.662988747702911, 7174463.918821226805449 ], [ 642884.053134456393309, 7174468.074877459555864 ], [ 642898.599339707638137, 7174480.543049298226833 ], [ 642910.028502866625786, 7174500.284323565661907 ], [ 642923.016188157838769, 7174522.103626633062959 ], [ 642931.328306657960638, 7174535.610814198851585 ], [ 642935.484368568984792, 7174556.391104385256767 ], [ 642936.523387004737742, 7174577.171395161189139 ], [ 642940.679450494353659, 7174606.26380174048245 ], [ 642947.95255667262245, 7174631.200149536132812 ], [ 642951.069603107869625, 7174646.785367179661989 ], [ 642969.77186850272119, 7174670.682698272168636 ], [ 642987.435118027264252, 7174687.306927718222141 ], [ 643008.215412016259506, 7174709.12622931972146 ], [ 643022.761619250988588, 7174731.984546650201082 ], [ 643047.697975156479515, 7174774.584138445556164 ], [ 643092.375607014982961, 7174820.300770161673427 ], [ 643107.960830719675869, 7174853.54923278465867 ], [ 643111.077881500823423, 7174891.992770513519645 ], [ 643129.780147500452586, 7174919.007145257666707 ], [ 643143.287336892564781, 7174924.202215449884534 ], [ 643175.496783792972565, 7174911.734034774824977 ], [ 643194.199039720464498, 7174885.758667511865497 ], [ 643206.667211262509227, 7174873.290490565821528 ], [ 643226.408485631574877, 7174868.095414088107646 ], [ 643247.18877429550048, 7174861.861322865821421 ], [ 643269.008075279416516, 7174844.198071405291557 ], [ 643288.749346486292779, 7174822.378762140870094 ], [ 643307.451606361661106, 7174817.18368586152792 ], [ 643315.763722696574405, 7174819.26171338558197 ], [ 643329.270912285661325, 7174825.49579812400043 ], [ 643342.778104246011935, 7174844.198057451285422 ], [ 643344.856136989081278, 7174863.93933348916471 ], [ 643344.856140548596159, 7174882.641595373861492 ], [ 643344.856144107528962, 7174901.343857256695628 ], [ 643339.661076193209738, 7174925.24119286891073 ], [ 643325.634386277408339, 7174955.37261744774878 ], [ 643325.634389834944159, 7174974.074879332445562 ], [ 643318.361293724039569, 7175002.128273537382483 ], [ 643307.971153146005236, 7175024.986595585942268 ], [ 643295.502987142419443, 7175066.547179918736219 ], [ 643284.07383364951238, 7175097.717618558555841 ], [ 643266.410593990469351, 7175133.044116580858827 ], [ 643254.981438718736172, 7175154.863424278795719 ], [ 643237.318201823276468, 7175204.736125996336341 ], [ 643225.889049117220566, 7175240.062622839584947 ], [ 643222.772010379703715, 7175264.998972618952394 ], [ 643223.811027638614178, 7175279.545176118612289 ], [ 643225.889059194130823, 7175293.052364871837199 ], [ 643233.162164004635997, 7175310.715610839426517 ], [ 643243.03281374310609, 7175374.095496503636241 ], [ 643243.032819275744259, 7175403.18790389969945 ], [ 643243.032823029905558, 7175422.929180345498025 ], [ 643248.227898461511359, 7175438.514397610910237 ], [ 643264.85213351494167, 7175455.138627266511321 ], [ 643282.51538128615357, 7175462.411725774407387 ], [ 643321.997934405459091, 7175474.879892904311419 ], [ 643343.817243116209283, 7175497.738208874128759 ], [ 643363.558524027466774, 7175526.830612537451088 ], [ 643383.299809292890131, 7175578.781336302869022 ], [ 643398.885036585619673, 7175630.732060855254531 ], [ 643410.314206895651296, 7175687.877858951687813 ], [ 643421.743373052333482, 7175723.204351495951414 ], [ 643436.289578733732924, 7175737.750552445650101 ], [ 643459.147898387396708, 7175741.906606318429112 ], [ 643496.552420360967517, 7175742.945613786578178 ], [ 643524.605812087189406, 7175745.023637573234737 ], [ 643543.308072973974049, 7175745.023634028621018 ], [ 643571.361464305780828, 7175745.023628713563085 ], [ 643596.297812353703193, 7175746.062638536095619 ], [ 643623.312187605770305, 7175737.750517012551427 ], [ 643643.053459221846424, 7175718.009236817248166 ], [ 643672.145863857702352, 7175711.775143998675048 ], [ 643699.160241089179181, 7175713.853167979046702 ], [ 643716.823488869820721, 7175721.126266477629542 ], [ 643732.408709646086209, 7175738.789510875940323 ], [ 643733.447728501283564, 7175761.647830784320831 ], [ 643733.447733259759843, 7175786.584179993718863 ], [ 643716.823507703375071, 7175819.832648759707808 ], [ 643704.355339129338972, 7175847.886043985374272 ], [ 643689.809140178607777, 7175868.666337750852108 ], [ 643647.209555240697227, 7175917.500029702670872 ], [ 643628.507298311567865, 7175938.280324259772897 ], [ 643626.429272098001093, 7175952.826528360135853 ], [ 643627.468289960175753, 7175970.489775523543358 ], [ 643638.897453159443103, 7175990.231049818918109 ], [ 643649.287600675597787, 7176003.73823700658977 ], [ 643664.872818681644276, 7176006.855277703143656 ], [ 643699.160294805653393, 7175995.426111144945025 ], [ 643723.057623611413874, 7175971.528771947138011 ], [ 643735.525793969864026, 7175952.826507673598826 ], [ 643763.5791833269177, 7175942.436356844380498 ], [ 643795.78863283933606, 7175943.475365282036364 ], [ 643807.21779247187078, 7175944.514377661980689 ], [ 643826.959068452939391, 7175947.631417566910386 ], [ 643860.207532658590935, 7175949.709440355189145 ], [ 643870.597678790101781, 7175955.943525684997439 ], [ 643910.59974117774982, 7175978.801838202401996 ], [ 643938.653134701191448, 7175990.230992930009961 ], [ 643979.174701362033375, 7175997.504087084904313 ], [ 644025.930356375989504, 7176012.050281906500459 ], [ 644059.178822572226636, 7176024.518450193107128 ], [ 644087.232216100324877, 7176035.947604915127158 ], [ 644100.739406313281506, 7176045.298733303323388 ], [ 644111.129556820029393, 7176074.39113874733448 ], [ 644112.168574098264799, 7176088.937342261895537 ], [ 644113.207593362894841, 7176113.873691281303763 ], [ 644113.207595549989492, 7176125.302851339802146 ], [ 644118.402671002899297, 7176140.888068615458906 ], [ 644131.909862610511482, 7176157.512298859655857 ], [ 644140.221982342074625, 7176177.25357374548912 ], [ 644143.858537645544857, 7176201.150907723233104 ], [ 644143.858541820431128, 7176222.970213294029236 ], [ 644139.702486029127613, 7176234.399374144151807 ], [ 644125.15628569223918, 7176247.906566075980663 ], [ 644103.336984688183293, 7176265.569817591458559 ], [ 644097.102900305413641, 7176279.077007940039039 ], [ 644098.141917581902817, 7176293.623211458325386 ], [ 644111.649109987542033, 7176314.403499908745289 ], [ 644127.234330982435495, 7176333.105758864432573 ], [ 644138.663494002423249, 7176351.808018609881401 ], [ 644149.053643719758838, 7176376.744365863502026 ], [ 644156.326750550651923, 7176404.797757361084223 ], [ 644160.482812306843698, 7176424.539033043198287 ], [ 644167.755917945993133, 7176446.358337233774364 ], [ 644176.068036687443964, 7176460.904539370909333 ], [ 644178.146068064728752, 7176473.372713592834771 ], [ 644176.068042057333514, 7176488.957932258956134 ], [ 644167.755927889258601, 7176498.30906480178237 ], [ 644139.702538716141135, 7176509.73823020234704 ], [ 644113.727180123329163, 7176529.479511620476842 ], [ 644100.219997455249541, 7176559.610936181619763 ], [ 644098.141972044017166, 7176578.313198501244187 ], [ 644097.102961721597239, 7176600.132504279725254 ], [ 644093.985921218176372, 7176615.717723144218326 ], [ 644080.998243609326892, 7176634.419987540692091 ], [ 644070.608103825361468, 7176661.43436785787344 ], [ 644055.022893355577253, 7176697.799880126491189 ], [ 644039.437678513000719, 7176711.307072260417044 ], [ 644025.930492857587524, 7176725.853278551250696 ], [ 644021.774437459534965, 7176739.360468512400985 ], [ 644021.774440042558126, 7176752.867657684721053 ], [ 644028.00852999300696, 7176768.452874775975943 ], [ 644031.125577054568566, 7176787.155136113986373 ], [ 644026.969523244304582, 7176808.974442491307855 ], [ 644019.696428135270253, 7176842.222909532487392 ], [ 644014.501360624912195, 7176868.198274314403534 ], [ 643992.682059997110628, 7176887.93955494556576 ], [ 643973.979800670640543, 7176896.251674916595221 ], [ 643951.121483957744204, 7176907.680839328095317 ], [ 643949.043459930224344, 7176933.656203522346914 ], [ 643952.160507387132384, 7176954.436493968591094 ], [ 643965.667701784754172, 7176985.606927962973714 ], [ 643976.057850512559526, 7177005.348202476277947 ], [ 644003.591743581229821, 7177052.103852087631822 ], [ 644019.176962801837362, 7177061.454980093985796 ], [ 644047.230355374282226, 7177067.689062074758112 ], [ 644075.283748940331861, 7177079.118216814473271 ], [ 644100.220098026329651, 7177085.3522993857041 ], [ 644133.468562481575646, 7177088.469336718320847 ], [ 644153.209838097915053, 7177089.508347514085472 ], [ 644177.107170700328425, 7177085.352284760214388 ], [ 644224.901836105855182, 7177078.079173797741532 ], [ 644263.345373238436878, 7177082.23522468842566 ], [ 644294.515812485129572, 7177105.093538900837302 ], [ 644303.866947722272016, 7177130.029886374250054 ], [ 644303.866954688215628, 7177166.395395699888468 ], [ 644302.827950342791155, 7177219.385138066485524 ], [ 644300.749928118544631, 7177254.711633242666721 ], [ 644303.866978970589116, 7177293.155171089805663 ], [ 644304.905997447785921, 7177313.93546194024384 ], [ 644327.764326709089801, 7177367.964214315637946 ], [ 644335.037434153491631, 7177399.13464950863272 ], [ 644335.037437138147652, 7177414.719867799431086 ], [ 644332.959413920063525, 7177444.851290221326053 ], [ 644311.659624313935637, 7177484.333847279660404 ], [ 644306.46455601323396, 7177506.15315387584269 ], [ 644298.152444222359918, 7177527.972461067140102 ], [ 644280.489202164579183, 7177550.830784590914845 ], [ 644265.943003198015504, 7177571.611078418791294 ], [ 644246.201731946785003, 7177593.43038778565824 ], [ 644228.538489288999699, 7177613.1716676549986 ], [ 644199.446086971089244, 7177631.873935144394636 ], [ 644174.509741246234626, 7177643.303099969401956 ], [ 644170.353684056317434, 7177647.459158975630999 ], [ 644168.27565725077875, 7177658.888319450430572 ], [ 644174.50974721100647, 7177674.473536560311913 ], [ 644181.78285067435354, 7177684.863680705428123 ], [ 644190.094971619197167, 7177710.839042948558927 ], [ 644204.641178745427169, 7177732.658345795236528 ], [ 644226.460486752795987, 7177751.360603597015142 ], [ 644238.928662500809878, 7177760.711732203140855 ], [ 644254.513882933184505, 7177776.296947533264756 ], [ 644259.708957406226546, 7177786.687092075124383 ], [ 644259.708960789139383, 7177804.350339479744434 ], [ 644259.708963374840096, 7177817.857528669759631 ], [ 644250.357835690141656, 7177832.403734194114804 ], [ 644231.655579525511712, 7177857.340087031945586 ], [ 644207.238747207913548, 7177900.9787029158324 ], [ 644201.004664005013183, 7177920.719980615191162 ], [ 644178.14635820267722, 7177989.294945486821234 ], [ 644169.834247198421508, 7178015.270310904830694 ], [ 644169.834253759705462, 7178049.557791170664132 ], [ 644172.951302023255266, 7178074.494139861315489 ], [ 644186.458494858816266, 7178097.352457469329238 ], [ 644196.848642016993836, 7178108.781615582294762 ], [ 644202.043716489803046, 7178119.171760128811002 ], [ 644202.043718478642404, 7178129.561905665323138 ], [ 644198.926677373587154, 7178142.030080902390182 ], [ 644195.809634877135977, 7178147.225154262967408 ], [ 644182.302449994487688, 7178165.927418800070882 ], [ 644169.834280403912999, 7178188.785741353407502 ], [ 644161.522168800933287, 7178211.644063116982579 ], [ 644158.405130678554997, 7178239.69745665974915 ], [ 644162.561191848828457, 7178256.321688728407025 ], [ 644182.302471272647381, 7178277.10197605099529 ], [ 644204.121777105960064, 7178284.375073776580393 ], [ 644229.058125437819399, 7178286.45309813786298 ], [ 644268.540674542658962, 7178277.101959638297558 ], [ 644293.477021083701402, 7178269.828853012062609 ], [ 644325.686469899956137, 7178266.711803216487169 ], [ 644355.817889921599999, 7178264.633768370375037 ], [ 644392.183396926615387, 7178262.55573233217001 ], [ 644436.861019310192205, 7178257.360651049762964 ], [ 644459.719337850459851, 7178255.282617583870888 ], [ 644500.240903242491186, 7178255.282609857618809 ], [ 644515.826121497084387, 7178259.438665103167295 ], [ 644526.216267666779459, 7178265.672750443220139 ], [ 644531.411342743085697, 7178279.179938650690019 ], [ 644535.567403323482722, 7178292.687127059325576 ], [ 644552.711152097326703, 7178342.559822373092175 ], [ 644554.789184082532302, 7178358.145040286704898 ], [ 644558.945246657822281, 7178382.042374234646559 ], [ 644556.867220852756873, 7178398.666607495397329 ], [ 644553.750182344694622, 7178424.641971941106021 ], [ 644558.945261610555463, 7178459.968465787358582 ], [ 644564.140338285826147, 7178481.787770433351398 ], [ 644564.140341674443334, 7178499.45101785287261 ], [ 644559.984287671395577, 7178520.231309728696942 ], [ 644548.555130988941528, 7178534.777515665628016 ], [ 644527.774842033046298, 7178539.972592401318252 ], [ 644492.448348119505681, 7178534.777526367455721 ], [ 644457.121852610376664, 7178521.270343897864223 ], [ 644422.834373992751352, 7178520.231335880234838 ], [ 644399.976055046543479, 7178520.231340236961842 ], [ 644368.805620913626626, 7178524.387404391542077 ], [ 644336.596174276201054, 7178538.933614286594093 ], [ 644310.620815418544225, 7178557.635881209746003 ], [ 644292.957571744918823, 7178572.182088330388069 ], [ 644268.021226984914392, 7178588.806325947865844 ], [ 644250.35798291163519, 7178601.274503962136805 ], [ 644232.694737645681016, 7178607.508594650775194 ], [ 644215.031493968563154, 7178622.05480177141726 ], [ 644202.563324570306577, 7178645.952138892374933 ], [ 644200.485300546162762, 7178671.92750314809382 ], [ 644198.407275130972266, 7178690.629765523597598 ], [ 644192.173192518996075, 7178713.48808690533042 ], [ 644185.939110105042346, 7178737.385422844439745 ], [ 644174.50995380920358, 7178754.009657891467214 ], [ 644157.366218371316791, 7178773.75093768723309 ], [ 644142.82001719030086, 7178783.102071444503963 ], [ 644127.234802105696872, 7178795.570249065756798 ], [ 644099.181412648642436, 7178805.960399944335222 ], [ 644073.206050199572928, 7178805.960404885001481 ], [ 644043.074631348252296, 7178814.272527048364282 ], [ 644025.411387464264408, 7178827.779719614423811 ], [ 644024.372376144165173, 7178844.403952686116099 ], [ 644037.879568392876536, 7178864.145226656459272 ], [ 644055.542816647910513, 7178873.496354291215539 ], [ 644084.635225771926343, 7178890.120581635273993 ], [ 644106.454535597469658, 7178918.173970462754369 ], [ 644106.454540368402377, 7178943.110319778323174 ], [ 644105.415530639933422, 7178968.046669288538396 ], [ 644097.103420217405073, 7178997.1390784047544 ], [ 644080.479193015722558, 7179022.075430879369378 ], [ 644034.762561249081045, 7179054.284890774637461 ], [ 644010.865233548684046, 7179084.416317407041788 ], [ 643998.397062745410949, 7179101.040552655234933 ], [ 643988.006923123379238, 7179129.093947615474463 ], [ 643988.006926896050572, 7179148.835224159061909 ], [ 643995.280031960224733, 7179167.537484768778086 ], [ 644008.787222624174319, 7179178.966642308048904 ], [ 644024.372442881809548, 7179193.512843118980527 ], [ 644077.881689753616229, 7179194.551847499795258 ], [ 644088.271834738785401, 7179194.551845526322722 ], [ 644113.208184094168246, 7179201.824942668899894 ], [ 644122.559316170634702, 7179210.137057332322001 ], [ 644135.027493333560415, 7179226.761287843808532 ], [ 644149.573702674126253, 7179260.009750841185451 ], [ 644164.11991440213751, 7179305.726388504728675 ], [ 644177.627107656910084, 7179330.662735261023045 ], [ 644199.446418492589146, 7179363.911196880973876 ], [ 644218.148686232278123, 7179399.237688203342259 ], [ 644238.928979987278581, 7179418.978960800915956 ], [ 644268.021385158295743, 7179414.822897041216493 ], [ 644299.191816342063248, 7179395.08161455206573 ], [ 644312.699002239271067, 7179381.574422761797905 ], [ 644341.791407805867493, 7179379.496388109400868 ], [ 644396.859178431099281, 7179390.92553772777319 ], [ 644430.107642789836973, 7179393.003560502082109 ], [ 644465.434135748771951, 7179393.003553768619895 ], [ 644508.033727806294337, 7179380.535370983183384 ], [ 644524.657957993331365, 7179371.184236816130579 ], [ 644561.023465448990464, 7179371.184229879640043 ], [ 644580.764743120642379, 7179382.61338622123003 ], [ 644599.467009281972423, 7179409.627761093899608 ], [ 644612.974202553275973, 7179434.564107844606042 ], [ 644633.754497116431594, 7179458.461438654921949 ], [ 644648.300703890970908, 7179478.202712433412671 ], [ 644657.132330123684369, 7179493.787929080426693 ], [ 644659.210365704842843, 7179528.075409015640616 ], [ 644663.366428887005895, 7179555.089786669239402 ], [ 644672.717564566060901, 7179582.104163330048323 ], [ 644685.185742546105757, 7179602.884452062658966 ], [ 644695.575891527463682, 7179623.66474119387567 ], [ 644702.848996014567092, 7179639.249958140775561 ], [ 644702.84899960597977, 7179657.952220144681633 ], [ 644701.809991493122652, 7179691.200686128810048 ], [ 644686.224781985976733, 7179732.761271337047219 ], [ 644657.132385581266135, 7179782.633975572884083 ], [ 644622.84491568012163, 7179827.311608022078872 ], [ 644604.142658878932707, 7179849.130917268805206 ], [ 644580.764841214637272, 7179893.808547638356686 ], [ 644563.101603894727305, 7179941.603220589458942 ], [ 644562.062594179995358, 7179966.539570135995746 ], [ 644565.179645454278216, 7180007.061137232929468 ], [ 644571.413738033501431, 7180036.153543620370328 ], [ 644578.686846310039982, 7180071.480037145316601 ], [ 644585.9599521944765, 7180094.338355996645987 ], [ 644596.350100582232699, 7180112.001601476222277 ], [ 644626.481521474779584, 7180114.079624837264419 ], [ 644646.222799962153658, 7180129.664839416742325 ], [ 644664.925065746065229, 7180154.601185200735927 ], [ 644687.783389929682016, 7180181.615559305995703 ], [ 644710.641713915276341, 7180207.590918852947652 ], [ 644726.226939397049136, 7180249.151498139835894 ], [ 644736.617089188075624, 7180274.087845515459776 ], [ 644755.838866618927568, 7180321.88251144811511 ], [ 644764.150986013468355, 7180339.545757323503494 ], [ 644780.775219810777344, 7180348.896885158494115 ], [ 644797.399453011341393, 7180355.130969323217869 ], [ 644812.984671312267892, 7180359.287024572491646 ], [ 644849.350183010217734, 7180381.106323314830661 ], [ 644876.364564610295929, 7180405.003652956336737 ], [ 644898.183874108362943, 7180430.97901270724833 ], [ 644925.19825590972323, 7180455.91535690613091 ], [ 644954.290664115687832, 7180467.344511466100812 ], [ 644988.578143824124709, 7180473.57859225012362 ], [ 645029.099710133625194, 7180477.734642723575234 ], [ 645083.128463549073786, 7180474.617588710039854 ], [ 645119.49396925792098, 7180465.266450735740364 ], [ 645157.937502965331078, 7180450.720239579677582 ], [ 645183.912863269099034, 7180439.291074478067458 ], [ 645210.927239875076339, 7180437.213040187954903 ], [ 645235.863587078172714, 7180433.056977184489369 ], [ 645271.190079686348327, 7180430.978941297158599 ], [ 645329.374890696257353, 7180425.783857358619571 ], [ 645376.13054320611991, 7180425.7838483909145 ], [ 645423.925214225891978, 7180446.564130359329283 ], [ 645446.783539047697559, 7180476.695548120886087 ], [ 645455.095663273823448, 7180519.29514336027205 ], [ 645460.290740990196355, 7180546.309520845301449 ], [ 645478.993007213342935, 7180573.323895737528801 ], [ 645482.110055127646774, 7180596.182215394452214 ], [ 645482.110058739199303, 7180614.88447742164135 ], [ 645482.110062951571308, 7180636.703783123753965 ], [ 645439.510474447743036, 7180667.874228013679385 ], [ 645422.886243842658587, 7180675.147333105094731 ], [ 645396.910883733653463, 7180687.615512774325907 ], [ 645374.052566325059161, 7180695.927633617073298 ], [ 645344.960162514471449, 7180707.356799324974418 ], [ 645329.374945406336337, 7180709.43483142927289 ], [ 645319.504307250725105, 7180707.356804206967354 ], [ 645307.036136249429546, 7180722.942024956457317 ], [ 645288.333879643585533, 7180745.800348801538348 ], [ 645277.943741448689252, 7180781.126845742575824 ], [ 645272.748678761534393, 7180832.038560047745705 ], [ 645273.787701475084759, 7180874.638156702741981 ], [ 645271.709679085179232, 7180908.925637499429286 ], [ 645263.39757088990882, 7180949.4472068361938 ], [ 645249.890389186446555, 7180984.773704380728304 ], [ 645236.383206281927414, 7181013.866114586591721 ], [ 645212.485877564526163, 7181038.802468549460173 ], [ 645178.198405234143138, 7181071.011926405131817 ], [ 645156.379104516352527, 7181090.753207182511687 ], [ 645113.260008721495979, 7181121.923652173951268 ], [ 645099.752824607887305, 7181144.781975030899048 ], [ 645099.752829208155163, 7181168.679309861734509 ], [ 645107.02593411935959, 7181186.342555953189731 ], [ 645131.962285952176899, 7181206.083827780559659 ], [ 645157.937654489767738, 7181237.25425954349339 ], [ 645170.405833909288049, 7181265.307650221511722 ], [ 645175.600911621702835, 7181292.322027733549476 ], [ 645175.600917826639488, 7181324.53147903457284 ], [ 645171.44486582535319, 7181355.701916573569179 ], [ 645170.405856928904541, 7181384.794324400834739 ], [ 645164.171774524147622, 7181408.691660432145 ], [ 645148.586564205470495, 7181446.096187513321638 ], [ 645148.58656981040258, 7181475.188595147803426 ], [ 645140.274459800450131, 7181506.359033486805856 ], [ 645124.689245877205394, 7181525.061298521235585 ], [ 645122.611221875995398, 7181551.036662879399955 ], [ 645123.650240779621527, 7181573.894982965663075 ], [ 645133.001374097075313, 7181588.441184993833303 ], [ 645157.937722341623157, 7181589.48019477725029 ], [ 645181.835053680697456, 7181578.051030058413744 ], [ 645199.498297007521614, 7181561.426793737336993 ], [ 645229.629715557559393, 7181551.036642380990088 ], [ 645260.800148407462984, 7181539.607476266101003 ], [ 645295.6071358169429, 7181547.91958606056869 ], [ 645326.777570470352657, 7181545.841550968587399 ], [ 645352.752933415118605, 7181547.919575102627277 ], [ 645394.313515490619466, 7181558.309712716378272 ], [ 645411.976763823768124, 7181567.660840354859829 ], [ 645428.60099605389405, 7181568.699851721525192 ], [ 645452.498328592162579, 7181563.504774344153702 ], [ 645464.96650261443574, 7181563.504771951586008 ], [ 645481.590734642115422, 7181563.504768759943545 ], [ 645491.98088066233322, 7181568.699839558452368 ], [ 645513.800186002859846, 7181572.855893604457378 ], [ 645526.268360626068898, 7181575.972934884019196 ], [ 645547.048649659380317, 7181570.777858102694154 ], [ 645553.282736066612415, 7181567.660813231021166 ], [ 645575.102039801771753, 7181563.504750804975629 ], [ 645592.765285528963432, 7181559.348689179867506 ], [ 645601.077400940586813, 7181556.231643907725811 ], [ 645609.389516553143039, 7181554.15361319296062 ], [ 645620.818674466572702, 7181545.841494530439377 ], [ 645627.052761075901799, 7181543.763464216142893 ], [ 645638.481920595164411, 7181543.763462020084262 ], [ 645650.950094817089848, 7181544.802474182099104 ], [ 645667.574326243251562, 7181541.685427311807871 ], [ 645676.925455553457141, 7181535.451338164508343 ], [ 645686.276585265644826, 7181531.295278133824468 ], [ 645696.666730282711796, 7181531.295276136137545 ], [ 645708.095890806405805, 7181536.490346731618047 ], [ 645713.290965123102069, 7181545.841476757079363 ], [ 645721.603085156064481, 7181566.621766328811646 ], [ 645741.344366718898527, 7181597.792199285700917 ], [ 645761.085647678701207, 7181625.845588568598032 ], [ 645791.21707285719458, 7181649.742917619645596 ], [ 645811.997368727461435, 7181679.874335820786655 ], [ 645826.543577986536548, 7181712.083784339949489 ], [ 645836.93372823484242, 7181739.098160866647959 ], [ 645845.245849077007733, 7181764.034508674405515 ], [ 645851.479939307202585, 7181780.658740414306521 ], [ 645863.948117153835483, 7181800.400014629587531 ], [ 645870.701714434544556, 7181815.985231712460518 ], [ 645871.740730948164128, 7181826.375377101823688 ], [ 645871.74073859048076, 7181865.857930337078869 ], [ 645874.857785115018487, 7181881.443148118443787 ], [ 645877.974832241889089, 7181900.145409579388797 ], [ 645877.974835259839892, 7181915.730627965182066 ], [ 645876.935822768253274, 7181926.120773751288652 ], [ 645871.74075186625123, 7181934.432891222648323 ], [ 645864.467653366969898, 7181950.018111008219421 ], [ 645860.311597972759046, 7181963.52530107460916 ], [ 645859.272586486535147, 7181979.110519658774137 ], [ 645861.350618307013065, 7181993.65672308485955 ], [ 645860.31160661962349, 7182008.202927112579346 ], [ 645859.27259774855338, 7182037.295334964990616 ], [ 645857.194573369110003, 7182061.192670226097107 ], [ 645856.155564496992156, 7182090.285078082233667 ], [ 645856.15556731284596, 7182104.831281910650432 ], [ 645855.11655542475637, 7182118.338471380062401 ], [ 645848.882471025572158, 7182131.845661848783493 ], [ 645846.804444432025775, 7182144.313836959190667 ], [ 645847.843461951008067, 7182159.89905514754355 ], [ 645850.960507269250229, 7182169.250185582786798 ], [ 645850.960510687436908, 7182186.913433089852333 ], [ 645850.960512698511593, 7182197.303578682243824 ], [ 645847.843471604166552, 7182209.771753993816674 ], [ 645835.375300387269817, 7182224.317960225045681 ], [ 645817.192551415180787, 7182249.254313146695495 ], [ 645804.724381603999063, 7182271.073621293529868 ], [ 645796.412269401014782, 7182290.814899521879852 ], [ 645786.022126986761577, 7182304.32209079246968 ], [ 645772.51494126371108, 7182318.868297223001719 ], [ 645763.163814557250589, 7182338.609575651586056 ], [ 645760.0467746660579, 7182357.311838323250413 ], [ 645760.046778284362517, 7182376.014100393280387 ], [ 645765.241857431596145, 7182410.301579860970378 ], [ 645767.319890254875645, 7182430.042856094427407 ], [ 645777.710038098855875, 7182444.589057931676507 ], [ 645787.061170635744929, 7182454.979201730340719 ], [ 645807.841463712276891, 7182470.564416127279401 ], [ 645821.348654061672278, 7182479.915544567629695 ], [ 645846.285001731128432, 7182477.837510649114847 ], [ 645874.338391704950482, 7182469.525388773530722 ], [ 645885.767550835502334, 7182467.44735745433718 ], [ 645900.313754078699276, 7182468.486369214951992 ], [ 645909.664886015001684, 7182475.759469332173467 ], [ 645921.094048969796859, 7182493.422714648768306 ], [ 645930.445184123935178, 7182517.320047721266747 ], [ 645941.874347480246797, 7182537.061322156339884 ], [ 645962.654643179383129, 7182566.153725830838084 ], [ 645969.927747317007743, 7182579.660913707688451 ], [ 645975.122822651290335, 7182594.207116545177996 ], [ 645977.20085427374579, 7182607.714305425062776 ], [ 645977.200859104748815, 7182632.65065485984087 ], [ 645978.239877431071363, 7182652.391931300982833 ], [ 645990.188548848964274, 7182676.289263878017664 ], [ 646001.617712008184753, 7182694.991523755714297 ], [ 646027.593080028775148, 7182723.044911873526871 ], [ 646033.827169867814519, 7182737.591114513576031 ], [ 646034.866186586790718, 7182749.02027447335422 ], [ 646034.866187592968345, 7182754.215347274206579 ], [ 646028.632101981085725, 7182761.488450396806002 ], [ 646018.241958154481836, 7182767.722539758309722 ], [ 646007.851814730209298, 7182776.034658240154386 ], [ 646007.851815938600339, 7182782.268745600245893 ], [ 646008.890831649536267, 7182788.502832762897015 ], [ 646009.929847360472195, 7182794.736919922754169 ], [ 646025.515066121704876, 7182800.971004281193018 ], [ 646040.061271788086742, 7182814.478190762922168 ], [ 646045.256347930058837, 7182833.180451843887568 ], [ 646048.373394461465068, 7182848.765669645741582 ], [ 646047.3343827764038, 7182863.311873691156507 ], [ 646042.139312071027234, 7182872.663005733862519 ], [ 646042.139315292006359, 7182889.287238698452711 ], [ 646050.451433938811533, 7182902.79442638065666 ], [ 646059.8025674931705, 7182918.379642982035875 ], [ 646063.958629936911166, 7182941.237962510436773 ], [ 646075.387792298104614, 7182955.784164153039455 ], [ 646092.012025363743305, 7182960.979233749210835 ], [ 646104.480200415360741, 7182966.174304148182273 ], [ 646114.870346661424264, 7182972.408389506861567 ], [ 646114.870348072028719, 7182979.681491431780159 ], [ 646103.441191752906889, 7182996.305726601742208 ], [ 646094.09006343584042, 7183007.734888567589223 ], [ 646081.621894627111033, 7183034.74926954228431 ], [ 646064.997666190844029, 7183053.451534835621715 ], [ 646052.529495164868422, 7183069.036755646578968 ], [ 646041.100337435025722, 7183078.387888893485069 ], [ 646023.437092277919874, 7183085.660994220525026 ], [ 645994.34468717535492, 7183090.856072627007961 ], [ 645987.071586857084185, 7183097.090161390602589 ], [ 645979.798487140331417, 7183106.441293837502599 ], [ 645964.213269984698854, 7183108.519325958564878 ], [ 645945.511009919340722, 7183113.714402360841632 ], [ 645933.04283587296959, 7183113.714404763653874 ], [ 645906.547971454216167, 7183141.767803002148867 ], [ 645877.455574394669384, 7183188.523463828489184 ], [ 645856.675288535887375, 7183210.342773603275418 ], [ 645825.504855827544816, 7183222.810954328626394 ], [ 645798.490481536253355, 7183237.357163378037512 ], [ 645786.022310300846584, 7183251.903369626030326 ], [ 645775.63216787262354, 7183265.410560913383961 ], [ 645765.242027655127458, 7183290.34691237192601 ], [ 645759.007943241973408, 7183303.854102861136198 ], [ 645740.305683775572106, 7183312.16622294485569 ], [ 645715.369335875613615, 7183313.205242300406098 ], [ 645704.979192239232361, 7183320.478346223942935 ], [ 645703.940178538789041, 7183324.634404664859176 ], [ 645706.018210359849036, 7183339.180608119815588 ], [ 645711.213287299964577, 7183362.038927461020648 ], [ 645722.642453877720982, 7183398.404434897005558 ], [ 645740.305705675506033, 7183425.418810087256134 ], [ 645756.929939755122177, 7183435.808952501043677 ], [ 645781.866288662189618, 7183439.96500595100224 ], [ 645798.490521135972813, 7183442.04303187597543 ], [ 645815.114755617454648, 7183454.511203410103917 ], [ 645832.778002996812575, 7183458.667258255183697 ], [ 645849.402233660337515, 7183451.394153131172061 ], [ 645869.143508439185098, 7183447.238091088831425 ], [ 645886.806753806304187, 7183441.004000322893262 ], [ 645908.626056386274286, 7183430.613850513473153 ], [ 645921.09423003566917, 7183428.53581899125129 ], [ 645951.225650864420459, 7183429.574827749282122 ], [ 645969.92791274737101, 7183433.730882393196225 ], [ 645995.903276563971303, 7183439.96496475674212 ], [ 646030.190758026205003, 7183454.51116200722754 ], [ 646059.283166566863656, 7183466.979331135749817 ], [ 646090.453603309812024, 7183475.291441618464887 ], [ 646132.014187112916261, 7183493.993695706129074 ], [ 646155.91152353619691, 7183508.539894955232739 ], [ 646168.379700411343947, 7183523.086096407845616 ], [ 646178.769849284784868, 7183542.827371067367494 ], [ 646198.511130111641251, 7183569.841745851561427 ], [ 646217.732903484720737, 7183595.817106172442436 ], [ 646245.786300352890976, 7183622.831479355692863 ], [ 646274.878710312768817, 7183642.572750406339765 ], [ 646296.698018137016334, 7183659.196979179047048 ], [ 646314.361270162975416, 7183687.250368926674128 ], [ 646325.790433547226712, 7183706.991643385961652 ], [ 646334.102552006486803, 7183719.459816521033645 ], [ 646346.570727072423324, 7183724.654886919073761 ], [ 646367.351016563014127, 7183721.537839224562049 ], [ 646386.053275428595953, 7183710.108675436116755 ], [ 646400.59947849472519, 7183710.10867262724787 ], [ 646421.379770003259182, 7183717.381770543754101 ], [ 646439.043020217912272, 7183736.084029238671064 ], [ 646440.082037347601727, 7183749.591218335554004 ], [ 646438.004010962555185, 7183763.098408037796617 ], [ 646433.847955364966765, 7183775.566583577543497 ], [ 646419.301756536937319, 7183797.385892180725932 ], [ 646407.872600010829046, 7183812.971112811006606 ], [ 646402.677530514076352, 7183828.55633223708719 ], [ 646393.326402795617469, 7183843.102537907660007 ], [ 646387.092320408322848, 7183866.999874029308558 ], [ 646389.170353454188444, 7183887.780164861120284 ], [ 646401.638532154960558, 7183911.677497372031212 ], [ 646413.067696555750445, 7183936.613844646140933 ], [ 646428.65291978395544, 7183965.706249363720417 ], [ 646433.847995135234669, 7183980.252452227286994 ], [ 646433.847997155156918, 7183990.642597845755517 ], [ 646415.1457403015811, 7184012.461907256394625 ], [ 646402.677569468156435, 7184029.086142654530704 ], [ 646390.209397222613916, 7184038.437276119366288 ], [ 646367.351079924846999, 7184047.788411589339375 ], [ 646355.92192278848961, 7184060.256588540971279 ], [ 646356.960939714685082, 7184072.724763081409037 ], [ 646359.038970138179138, 7184079.997864615172148 ], [ 646367.351087188813835, 7184085.192935818806291 ], [ 646390.209407516522333, 7184091.427018776535988 ], [ 646406.833639801247045, 7184092.466030129231513 ], [ 646434.88703083852306, 7184089.348981024697423 ], [ 646455.667320338427089, 7184086.231933322735131 ], [ 646475.928101171273738, 7184075.841783788986504 ], [ 646482.162190626142547, 7184088.309957329183817 ], [ 646492.552339515998028, 7184108.051231997087598 ], [ 646516.449676369316876, 7184124.675460372120142 ], [ 646544.503070033737458, 7184135.065600570291281 ], [ 646562.166319251060486, 7184148.572786462493241 ], [ 646590.219711703830399, 7184152.728839284740388 ], [ 646604.765917607815936, 7184167.275040339678526 ], [ 646609.960992561420426, 7184179.743214081041515 ], [ 646609.960995187750086, 7184193.250403387472034 ], [ 646605.804941006703302, 7184212.991680873557925 ], [ 646602.687900925986469, 7184230.654929032549262 ], [ 646591.258745408733375, 7184251.435222486965358 ], [ 646572.556488754111342, 7184274.293546469882131 ], [ 646556.971275616553612, 7184297.151869853027165 ], [ 646552.815221837023273, 7184318.971176464110613 ], [ 646553.854239373118617, 7184334.556394699029624 ], [ 646560.088327619130723, 7184340.790480865165591 ], [ 646569.43945837195497, 7184341.829493621364236 ], [ 646590.219747473835014, 7184336.634416790679097 ], [ 646612.039050069521181, 7184326.244266947731376 ], [ 646627.624267249484546, 7184324.166234810836613 ], [ 646648.404557361965999, 7184324.166230792179704 ], [ 646663.989775956957601, 7184329.361300585791469 ], [ 646681.65302255237475, 7184329.361297168768942 ], [ 646715.940506293904036, 7184355.336654591374099 ], [ 646741.91586853004992, 7184353.258620438165963 ], [ 646765.813201147713698, 7184348.063542999327183 ], [ 646788.671520271454938, 7184348.063538573682308 ], [ 646815.685896203038283, 7184341.829445972107351 ], [ 646835.427171001443639, 7184337.673383897170424 ], [ 646855.168446608120576, 7184337.673380072228611 ], [ 646865.558591866516508, 7184338.712392621673644 ], [ 646880.104795755585656, 7184342.868448052555323 ], [ 646898.807058273116127, 7184350.141546366736293 ], [ 646926.340942268026993, 7184348.063511906191707 ], [ 646955.433347818092443, 7184344.946462578140199 ], [ 646973.096593602909707, 7184340.790400905534625 ], [ 646996.993925610091537, 7184332.478279775008559 ], [ 647009.462097650859505, 7184322.088131732307374 ], [ 647027.125342625076883, 7184313.776011809706688 ], [ 647045.827603118377738, 7184310.658964494243264 ], [ 647058.295777590712532, 7184312.736991200596094 ], [ 647067.646908545633778, 7184314.815018510445952 ], [ 647085.31015635759104, 7184321.049102457240224 ], [ 647107.129465031786822, 7184341.829389469698071 ], [ 647127.90976001159288, 7184366.76573493424803 ], [ 647154.924143244279549, 7184397.936166562139988 ], [ 647175.704436808009632, 7184415.599410088732839 ], [ 647208.952900990378112, 7184415.599403632804751 ], [ 647237.006290615419857, 7184405.209252560511231 ], [ 647260.903619780903682, 7184382.350927545689046 ], [ 647268.176718883914873, 7184369.882751386612654 ], [ 647278.566860285936855, 7184351.180487243458629 ], [ 647287.917987385299057, 7184333.517237866297364 ], [ 647313.893347384990193, 7184320.010043510235846 ], [ 647336.751664070063271, 7184307.541864320635796 ], [ 647349.219837122480385, 7184302.34678908623755 ], [ 647370.000125201768242, 7184291.956639423966408 ], [ 647405.326616154750809, 7184280.527472369372845 ], [ 647416.755775918951258, 7184281.566484709270298 ], [ 647430.262966523994692, 7184291.956627706997097 ], [ 647437.01656162342988, 7184296.112684641033411 ], [ 647451.562764497590251, 7184295.073667250573635 ], [ 647472.343054405180737, 7184294.034648645669222 ], [ 647498.318415621411987, 7184286.761541656218469 ], [ 647522.215749247465283, 7184286.761537007987499 ], [ 647561.698301883181557, 7184294.034631256014109 ], [ 647573.127461852156557, 7184296.112658156082034 ], [ 647597.024795886012726, 7184298.19068262912333 ], [ 647620.922129310551099, 7184297.151663413271308 ], [ 647660.40468093007803, 7184299.229684848338366 ], [ 647703.004276064806618, 7184301.307705674320459 ], [ 647739.369785796268843, 7184311.697844211012125 ], [ 647771.579239544225857, 7184332.478129178285599 ], [ 647807.944750297116116, 7184348.063340524211526 ], [ 647858.856465353979729, 7184369.882636405527592 ], [ 647876.519713988061994, 7184380.272778583690524 ], [ 647904.573109312681481, 7184398.975035233423114 ], [ 647966.913983734557405, 7184419.755314316600561 ], [ 648004.318510633776896, 7184443.652641951106489 ], [ 648014.708658139687032, 7184456.120814673602581 ], [ 648021.981761721544899, 7184466.510958878323436 ], [ 648025.098807278787717, 7184476.901103894226253 ], [ 648025.098809320596047, 7184487.291249519214034 ], [ 648024.059797057649121, 7184498.720409912057221 ], [ 648020.942757623153739, 7184519.500701770186424 ], [ 648019.903746382100508, 7184536.12493497505784 ], [ 648026.137836682028137, 7184552.749166762456298 ], [ 648044.320593188283965, 7184566.256352523341775 ], [ 648066.139901079121046, 7184582.880581263452768 ], [ 648090.037235329393297, 7184585.99762028362602 ], [ 648112.895554460352287, 7184585.997615817934275 ], [ 648130.558800244354643, 7184581.841554116457701 ], [ 648161.729232972953469, 7184569.37337327376008 ], [ 648165.885290791629814, 7184568.334357898682356 ], [ 648187.704595212126151, 7184567.295339070260525 ], [ 648203.28981280233711, 7184567.295336024835706 ], [ 648217.836016498389654, 7184570.412376869469881 ], [ 648232.382219989318401, 7184572.490403149276972 ], [ 648246.928423481876962, 7184574.568429429084063 ], [ 648266.669702774146572, 7184593.270687697455287 ], [ 648282.254923224798404, 7184607.816888527944684 ], [ 648301.996199451969005, 7184610.933928354643285 ], [ 648310.308315500151366, 7184610.933926727622747 ], [ 648344.595795833854936, 7184619.24603652022779 ], [ 648367.454116398934275, 7184626.519133986905217 ], [ 648389.273424706654623, 7184645.221391845494509 ], [ 648409.014705642475747, 7184672.235766611993313 ], [ 648420.443870119284838, 7184697.172113884240389 ], [ 648426.677962270798162, 7184723.147476734593511 ], [ 648426.677966568735428, 7184744.966782554984093 ], [ 648433.951071590185165, 7184762.630028700456023 ], [ 648442.263191528385505, 7184782.371303768828511 ], [ 648449.536294912919402, 7184791.722433409653604 ], [ 648458.887427721172571, 7184803.151591774076223 ], [ 648469.277575649437495, 7184817.697793619707227 ], [ 648481.745751976501197, 7184829.126951370388269 ], [ 648492.13589806354139, 7184834.322022152133286 ], [ 648498.36998776299879, 7184847.829210249707103 ], [ 648500.448019026545808, 7184859.258370036259294 ], [ 648501.487035785336047, 7184870.687530025839806 ], [ 648501.487038651132025, 7184885.233733910135925 ], [ 648501.487042541382834, 7184904.975010611116886 ], [ 648503.565075238118879, 7184923.677272338420153 ], [ 648506.682120804209262, 7184934.067417358979583 ], [ 648513.955223373603076, 7184939.262488750740886 ], [ 648520.189310617279261, 7184940.301502093672752 ], [ 648548.24270003917627, 7184928.872336401604116 ], [ 648566.944958698120899, 7184916.404157979413867 ], [ 648590.842289273161441, 7184900.818934848532081 ], [ 648609.544547110097483, 7184884.194698173552752 ], [ 648624.090748354094103, 7184874.843564252369106 ], [ 648639.675965746399015, 7184873.804546635597944 ], [ 648646.949069955153391, 7184887.311734527349472 ], [ 648650.066115316818468, 7184896.662864984944463 ], [ 648653.183164985268377, 7184927.833301268517971 ], [ 648655.261197276529856, 7184944.457533872686327 ], [ 648657.339228953351267, 7184957.964722786098719 ], [ 648666.170857177814469, 7184982.901070569641888 ], [ 648674.482976303319447, 7184998.486287388950586 ], [ 648674.482978558400646, 7185009.915447586216033 ], [ 648674.48298204166349, 7185027.578695161268115 ], [ 648672.404954669415019, 7185035.890812074765563 ], [ 648672.404956717975438, 7185046.280957709997892 ], [ 648678.639046627795324, 7185060.827160372398794 ], [ 648694.224266276694834, 7185071.217302950099111 ], [ 648711.887514324160293, 7185078.490401428192854 ], [ 648729.550762578030117, 7185086.802514471113682 ], [ 648761.760214130859822, 7185096.153639222495258 ], [ 648776.306419275235385, 7185106.543782000429928 ], [ 648793.969668144825846, 7185117.972938731312752 ], [ 648818.906018972978927, 7185131.480123162269592 ], [ 648862.544631744152866, 7185149.143362172879279 ], [ 648880.207881232025102, 7185163.68956259265542 ], [ 648903.066202228190377, 7185173.040689175948501 ], [ 648916.573390815639868, 7185173.040686523541808 ], [ 648935.275651937350631, 7185173.040682850405574 ], [ 648944.626783115672879, 7185176.157724701799452 ], [ 648950.860870155273005, 7185176.157723477110267 ], [ 648955.01693105744198, 7185190.703926550224423 ], [ 648955.016933111706749, 7185201.094072186388075 ], [ 648955.016936191357672, 7185216.679290639236569 ], [ 648950.860882065491751, 7185236.420568163506687 ], [ 648943.587783391471021, 7185250.966773482970893 ], [ 648930.08059890777804, 7185271.747067409567535 ], [ 648909.300311848171987, 7185287.332289946265519 ], [ 648892.676082816440612, 7185302.917511666193604 ], [ 648888.520029098028317, 7185324.736818321049213 ], [ 648889.559044221998192, 7185327.85386180691421 ], [ 648907.222291251178831, 7185329.931887466460466 ], [ 648933.197658031713217, 7185350.712173637934029 ], [ 648956.575493269832805, 7185395.38979528658092 ], [ 648971.121699448442087, 7185410.975010887719691 ], [ 648984.62889276444912, 7185434.872343201190233 ], [ 649004.370175590389408, 7185471.237849057652056 ], [ 649060.476970895542763, 7185531.500682739540935 ], [ 649075.023178107105196, 7185552.28097115829587 ], [ 649087.4913575387327, 7185579.295347372069955 ], [ 649088.530375745496713, 7185597.997609322890639 ], [ 649085.413338388549164, 7185629.168046860024333 ], [ 649084.374332923907787, 7185674.884687887504697 ], [ 649092.166955294786021, 7185743.459647595882416 ], [ 649086.971888716565445, 7185773.591070981696248 ], [ 649086.9718957033474, 7185808.917566172778606 ], [ 649085.932886127266102, 7185833.853915920481086 ], [ 649084.89387552626431, 7185853.595192849636078 ], [ 649075.54274721594993, 7185865.02435489743948 ], [ 649057.879501817282289, 7185871.258445758372545 ], [ 649043.333298709243536, 7185871.258448617532849 ], [ 649015.279909054050222, 7185881.648599777370691 ], [ 649002.811736397910863, 7185888.921704178676009 ], [ 648996.577651201165281, 7185898.272836485877633 ], [ 648989.304552932153456, 7185914.89707094617188 ], [ 648987.226526380749419, 7185927.365246128290892 ], [ 648980.992441183421761, 7185936.716378435492516 ], [ 648967.485253607505001, 7185941.911453912034631 ], [ 648946.704965504235588, 7185952.301603640429676 ], [ 648931.119748707744293, 7185956.457664962857962 ], [ 648918.651575022144243, 7185958.535696539096534 ], [ 648908.261429944890551, 7185958.53569858148694 ], [ 648898.91030040034093, 7185963.730773240327835 ], [ 648895.793258518446237, 7185972.042890370823443 ], [ 648895.793263239902444, 7185995.940225355327129 ], [ 648893.715247563901357, 7186063.476172469556332 ], [ 648893.715250643203035, 7186079.061390940099955 ], [ 648893.71525495313108, 7186100.880696803331375 ], [ 648894.754271718556993, 7186112.309856809675694 ], [ 648899.949345696368255, 7186119.582957744598389 ], [ 648906.183433360420167, 7186122.700000213459134 ], [ 648914.495549219660461, 7186121.660984016954899 ], [ 648932.158795651746914, 7186120.621965982019901 ], [ 648957.095142818405293, 7186115.426888259127736 ], [ 648988.26557600707747, 7186105.036736487410963 ], [ 649002.811777271796018, 7186095.685602543875575 ], [ 649019.436007758369669, 7186087.373482758179307 ], [ 649037.099252751446329, 7186079.061362769454718 ], [ 649053.723484879359603, 7186079.061359501443803 ], [ 649072.425746024004184, 7186079.061355823650956 ], [ 649103.596179415122606, 7186069.710218612104654 ], [ 649135.805626902380027, 7186058.281052064150572 ], [ 649148.273799971095286, 7186053.085976788774133 ], [ 649158.663945049745962, 7186053.085974741727114 ], [ 649164.898033126373775, 7186058.281046340242028 ], [ 649169.054093831102364, 7186071.788234864361584 ], [ 649173.21015412453562, 7186083.217394257895648 ], [ 649188.795374419423752, 7186096.724580535665154 ], [ 649193.990447782212868, 7186100.880637772381306 ], [ 649207.497639060369693, 7186114.387824456207454 ], [ 649211.653697916539386, 7186118.543881897814572 ], [ 649223.082859150948934, 7186126.85599616728723 ], [ 649238.668079239781946, 7186139.324167879298329 ], [ 649255.292311576078646, 7186140.363179170526564 ], [ 649265.682456245529465, 7186138.285147994756699 ], [ 649283.345700826263055, 7186127.894998869858682 ], [ 649298.930917417746969, 7186122.699922974221408 ], [ 649317.633180209901184, 7186131.012035811319947 ], [ 649330.101356160826981, 7186140.363164438866079 ], [ 649343.608546207426116, 7186147.636263732798398 ], [ 649370.103415752295405, 7186145.558229382149875 ], [ 649396.078780926065519, 7186158.02639904525131 ], [ 649424.132173059042543, 7186160.104422645643353 ], [ 649456.341624870896339, 7186170.494561944156885 ], [ 649481.277976775774732, 7186189.196819197386503 ], [ 649501.019255729392171, 7186205.821048347279429 ], [ 649516.604477267712355, 7186225.562322006560862 ], [ 649529.07265610806644, 7186249.459654541686177 ], [ 649542.579847600427456, 7186264.005855787545443 ], [ 649562.321124495472759, 7186270.239939284510911 ], [ 649579.984369899844751, 7186264.005848410539329 ], [ 649592.452541524078697, 7186251.537671169266105 ], [ 649600.764656146639027, 7186244.264567574486136 ], [ 649604.920713974279352, 7186243.225552190095186 ], [ 649622.583961233031005, 7186246.34259239770472 ], [ 649646.481295541394502, 7186249.459631375968456 ], [ 649658.949470259482041, 7186252.576672609895468 ], [ 649670.378630468738265, 7186255.693714050576091 ], [ 649681.807790266000666, 7186256.732726356945932 ], [ 649704.666108624427579, 7186252.57666358537972 ], [ 649746.22668565204367, 7186235.952422339469194 ], [ 649764.928944735554978, 7186225.56227299477905 ], [ 649788.826277393265627, 7186220.367195448838174 ], [ 649798.177406934904866, 7186215.172120776027441 ], [ 649818.957694622222334, 7186202.70394189003855 ], [ 649831.425865827593952, 7186188.157735517248511 ], [ 649842.855023559764959, 7186178.806602174416184 ], [ 649858.440238496405073, 7186165.299409750849009 ], [ 649881.298553337110206, 7186143.480099366977811 ], [ 649907.793421228067018, 7186133.089948480948806 ], [ 649927.534693162306212, 7186114.387682409957051 ], [ 649941.041878255084157, 7186096.72443213686347 ], [ 649957.666107695433311, 7186083.217239506542683 ], [ 649979.485410297522321, 7186072.827089544385672 ], [ 650001.304713931982405, 7186067.632012402638793 ], [ 650034.553175913402811, 7186056.202845612540841 ], [ 650055.333464005962014, 7186045.812695851549506 ], [ 650071.957694479147904, 7186037.500576043501496 ], [ 650090.659954381058924, 7186031.266484951600432 ], [ 650120.79137304215692, 7186020.876333339139819 ], [ 650133.25954527547583, 7186011.525199787691236 ], [ 650149.883775745867752, 7186003.213079979643226 ], [ 650155.078847873257473, 7186001.135049820877612 ], [ 650213.26366073184181, 7186003.213067423552275 ], [ 650224.69282239023596, 7186013.603210805915296 ], [ 650234.043956688372418, 7186032.305471117608249 ], [ 650240.278047878062353, 7186053.085761178284883 ], [ 650247.551154612447135, 7186079.061123857274652 ], [ 650251.70721740659792, 7186102.958458023145795 ], [ 650255.86327999655623, 7186125.816777625121176 ], [ 650260.019344036001712, 7186155.94819918461144 ], [ 650260.01935024978593, 7186187.118636129423976 ], [ 650263.136398744420148, 7186212.054985072463751 ], [ 650268.331475636456162, 7186233.874289908446372 ], [ 650277.163103927508928, 7186258.810637719929218 ], [ 650279.241141230333596, 7186300.371219908818603 ], [ 650277.163116355892271, 7186321.151511622592807 ], [ 650271.968048370908946, 7186344.00983308441937 ], [ 650249.109734778874554, 7186372.063230874016881 ], [ 650228.329448751290329, 7186392.843526298180223 ], [ 650202.354088317137212, 7186404.27269166149199 ], [ 650164.949570358963683, 7186426.092004941776395 ], [ 650128.584068353055045, 7186455.184419970959425 ], [ 650104.686744382372126, 7186504.018109274096787 ], [ 650094.296604260685854, 7186528.954460900276899 ], [ 650084.945477614179254, 7186548.695739493705332 ], [ 650083.906466621207073, 7186566.358987314626575 ], [ 650081.308936968911439, 7186599.607453921809793 ], [ 650084.425986495567486, 7186629.738875705748796 ], [ 650107.284312516334467, 7186664.026351844891906 ], [ 650138.454752127523534, 7186685.845651552081108 ], [ 650156.118004159769043, 7186712.860026760026813 ], [ 650168.586183648672886, 7186739.874402998015285 ], [ 650176.89830862171948, 7186784.552027679979801 ], [ 650177.937329961452633, 7186818.83950814511627 ], [ 650203.912699521053582, 7186853.126983672380447 ], [ 650211.185803361819126, 7186864.556142456829548 ], [ 650233.524618622148409, 7186881.180371083319187 ], [ 650274.046199598349631, 7186957.028426370583475 ], [ 650302.09960750839673, 7187038.071556963026524 ], [ 650317.684841930633411, 7187122.231733734719455 ], [ 650323.918943698168732, 7187196.001766704022884 ], [ 650321.840933119412512, 7187288.474063528701663 ], [ 650316.12637631315738, 7187403.804681549780071 ], [ 650309.892301891930401, 7187467.184571350924671 ], [ 650297.424140409566462, 7187530.56446239631623 ], [ 650287.034008773276582, 7187598.100411301478744 ], [ 650280.799931447254494, 7187646.934097184799612 ], [ 650272.487824271433055, 7187691.611725211143494 ], [ 650257.422123606549576, 7187740.44541285187006 ], [ 650252.227061407756992, 7187792.396142238751054 ], [ 650249.110028853174299, 7187847.463914917781949 ], [ 650245.992995054228231, 7187896.297600198537111 ], [ 650247.032018469530158, 7187940.975226386450231 ], [ 650254.305126670515165, 7187974.2236911021173 ], [ 650280.280495858401991, 7188006.433137546293437 ], [ 650302.099804311408661, 7188025.135395435616374 ], [ 650318.724038140848279, 7188033.447508681565523 ], [ 650335.348273213487118, 7188047.993709330447018 ], [ 650356.128566537518054, 7188063.578923723660409 ], [ 650410.676837474340573, 7188109.29555387981236 ], [ 650421.066986521007493, 7188129.036828603595495 ], [ 650438.730240877950564, 7188167.480364102870226 ], [ 650450.159407340921462, 7188201.767842572182417 ], [ 650449.120401331223547, 7188244.367440056987107 ], [ 650442.886322558973916, 7188285.92802400700748 ], [ 650443.925345571362413, 7188328.527621084824204 ], [ 650464.705643467023037, 7188366.971155976876616 ], [ 650487.563969765556976, 7188402.297646751627326 ], [ 650524.968501713359728, 7188450.092309459112585 ], [ 650547.826825941330753, 7188475.028654556721449 ], [ 650576.919236824032851, 7188497.886969277635217 ], [ 650607.050662221619859, 7188520.745283795520663 ], [ 650636.662576211965643, 7188522.823307050392032 ], [ 650654.325822906452231, 7188522.823303540237248 ], [ 650685.496257416903973, 7188518.667239075526595 ], [ 650714.588660621084273, 7188503.08201476931572 ], [ 650744.720080203609541, 7188496.847921371459961 ], [ 650771.734457915648818, 7188498.925945137627423 ], [ 650801.865882278769277, 7188516.589186805300415 ], [ 650829.919278452754952, 7188538.408487159758806 ], [ 650857.972675250377506, 7188563.344831214286387 ], [ 650876.674937912728637, 7188570.617929472588003 ], [ 650906.806358746136539, 7188570.61792347766459 ], [ 650952.522995586274192, 7188562.305797829292715 ], [ 651000.317663529189304, 7188564.383817451074719 ], [ 651025.254012846271507, 7188569.578885324299335 ], [ 651048.112330224364996, 7188560.22774965967983 ], [ 651087.594878329895437, 7188543.603508700616658 ], [ 651109.414182652253658, 7188541.525475217029452 ], [ 651128.116444483632222, 7188544.642515195533633 ], [ 651154.091811228310689, 7188564.383786814287305 ], [ 651162.403930029366165, 7188577.890974544920027 ], [ 651168.638020430575125, 7188594.515206394717097 ], [ 651172.794082018081099, 7188612.178453229367733 ], [ 651180.067188807879575, 7188638.153815988451242 ], [ 651183.184242344228551, 7188688.026514648459852 ], [ 651188.379320319974795, 7188715.040892394259572 ], [ 651188.379325529560447, 7188741.016256606206298 ], [ 651187.34031497570686, 7188760.757533615455031 ], [ 651176.950173191260546, 7188777.381768782623112 ], [ 651159.286931909155101, 7188804.396151087246835 ], [ 651157.208907884312794, 7188829.3325011478737 ], [ 651162.403985860524699, 7188856.346878898330033 ], [ 651169.677090777899139, 7188872.971110546030104 ], [ 651180.067239854484797, 7188892.71238528098911 ], [ 651182.14527137845289, 7188905.180559691973031 ], [ 651182.145275962539017, 7188928.03888020478189 ], [ 651182.145280754310079, 7188951.936215287074447 ], [ 651188.379371160641313, 7188968.56044714525342 ], [ 651206.042620573774911, 7188982.067633017897606 ], [ 651219.030306142987683, 7189002.847921805456281 ], [ 651236.693554933415726, 7189013.238063972443342 ], [ 651249.161733038607053, 7189032.979338293895125 ], [ 651251.239764980273321, 7189047.525541846640408 ], [ 651251.239769566105679, 7189070.383862363174558 ], [ 651238.77160042244941, 7189095.320214504376054 ], [ 651230.459488284308463, 7189115.061492974869907 ], [ 651219.030330525827594, 7189124.412626375444233 ], [ 651207.601172350579873, 7189131.685730637982488 ], [ 651178.508766632410698, 7189134.802780145779252 ], [ 651148.3773468186846, 7189139.997858997434378 ], [ 651116.167897979030386, 7189145.192938260734081 ], [ 651098.504652937175706, 7189153.505058334209025 ], [ 651089.153524616267532, 7189164.93422045558691 ], [ 651084.99746927479282, 7189178.441410683095455 ], [ 651080.841413306654431, 7189188.83155720308423 ], [ 651078.763387197395787, 7189203.377761583775282 ], [ 651067.853744602762163, 7189252.211448509246111 ], [ 651061.619664814672433, 7189288.576959674246609 ], [ 651060.580657380516641, 7189323.903455236926675 ], [ 651060.580664666602388, 7189360.268965166062117 ], [ 651064.736729378113523, 7189393.517430558800697 ], [ 651077.20491123420652, 7189431.960967142134905 ], [ 651081.360978237586096, 7189476.638592805713415 ], [ 651069.931830880581401, 7189537.940454687923193 ], [ 651068.89282552828081, 7189583.657095959410071 ], [ 651063.697760042152368, 7189618.983592363074422 ], [ 651057.463678169064224, 7189644.958957850001752 ], [ 651057.463682749308646, 7189667.817278384231031 ], [ 651059.541715313913301, 7189685.480525657534599 ], [ 651068.892848012270406, 7189695.870669493451715 ], [ 651087.595110496273264, 7189702.104753185994923 ], [ 651114.609487836016342, 7189702.104747803881764 ], [ 651134.350763374939561, 7189701.065729300491512 ], [ 651172.794298691209406, 7189692.753605079837143 ], [ 651205.003746720030904, 7189683.402467530220747 ], [ 651247.603339043678716, 7189669.895269626751542 ], [ 651272.539686104399152, 7189663.661177232861519 ], [ 651304.229629792855121, 7189668.856243761256337 ], [ 651338.517114561400376, 7189697.948644874617457 ], [ 651348.907263237284496, 7189715.611890488304198 ], [ 651352.024311573710293, 7189739.509224975481629 ], [ 651348.907272415584885, 7189761.328531565144658 ], [ 651332.283048756071366, 7189803.928132250905037 ], [ 651333.322067440138198, 7189824.708423445001245 ], [ 651330.205029114033096, 7189850.683788316324353 ], [ 651322.931932526873425, 7189875.620139450766146 ], [ 651308.385734552633949, 7189901.595506604760885 ], [ 651291.76150838600006, 7189931.726932456716895 ], [ 651295.917570818564855, 7189953.546237602829933 ], [ 651306.307719913427718, 7189973.287512362003326 ], [ 651319.814910882618278, 7189984.71666993945837 ], [ 651339.556186845293269, 7189985.755680571310222 ], [ 651364.492533707991242, 7189978.482573602348566 ], [ 651392.545923066674732, 7189966.014393160119653 ], [ 651422.677343539660797, 7189963.936358004808426 ], [ 651445.535665337461978, 7189976.404528283514082 ], [ 651468.393989224568941, 7189999.262844262644649 ], [ 651480.862165056518279, 7190007.574958335608244 ], [ 651506.837527892552316, 7190007.574953146278858 ], [ 651538.007961209164932, 7189997.184801215305924 ], [ 651567.100364243728109, 7189980.560562278144062 ], [ 651593.075724572408944, 7189968.092382242903113 ], [ 651596.192767694825307, 7189966.014352479949594 ], [ 651616.97305629204493, 7189957.702231762930751 ], [ 651631.519258434535004, 7189952.507156003266573 ], [ 651660.611664390657097, 7189950.429121047258377 ], [ 651680.352942654397339, 7189962.897291941568255 ], [ 651692.821120159467682, 7189979.521522571332753 ], [ 651721.913533643935807, 7190014.848012140952051 ], [ 651754.12299046269618, 7190049.135486517101526 ], [ 651781.137371788150631, 7190068.876757945865393 ], [ 651802.95668159390334, 7190093.813103269785643 ], [ 651815.944365315139294, 7190105.242260942235589 ], [ 651828.412543871789239, 7190127.061564426869154 ], [ 651833.607621043222025, 7190149.919883935712278 ], [ 651834.646642461768351, 7190184.207364557310939 ], [ 651842.958769244025461, 7190237.197105991654098 ], [ 651855.426951988134533, 7190279.796700891107321 ], [ 651872.05119027919136, 7190309.928120112046599 ], [ 651892.831483696470968, 7190325.513334510847926 ], [ 651907.377688147360459, 7190331.747419023886323 ], [ 651933.353051204700023, 7190332.786428390070796 ], [ 651956.211370091885328, 7190330.708394668065012 ], [ 651992.576877031824552, 7190325.513314528390765 ], [ 652013.357167729060166, 7190327.591339502483606 ], [ 652026.864358295104466, 7190336.942467933520675 ], [ 652040.891055909218267, 7190345.25458168797195 ], [ 652048.164160440210253, 7190359.800784218125045 ], [ 652051.281209639506415, 7190387.854177007451653 ], [ 652052.320229811011814, 7190415.907570211216807 ], [ 652061.671367142233066, 7190449.156034604646266 ], [ 652083.490680111804977, 7190489.677598495036364 ], [ 652111.544078491395339, 7190521.887044569477439 ], [ 652140.636489920201711, 7190546.82338843960315 ], [ 652178.041017883340828, 7190573.83775978256017 ], [ 652215.445545850438066, 7190600.852131124585867 ], [ 652252.850074239308015, 7190629.944531609304249 ], [ 652268.435299298260361, 7190666.310038471594453 ], [ 652278.825449688592926, 7190692.28540066536516 ], [ 652281.942497847601771, 7190715.143720608204603 ], [ 652285.059548525605351, 7190750.47021540813148 ], [ 652290.254630122333765, 7190795.147840932942927 ], [ 652291.293650932842866, 7190826.318277866579592 ], [ 652292.332670484436676, 7190851.254627372138202 ], [ 652292.332675520912744, 7190876.190977087244391 ], [ 652292.332680767285638, 7190902.166341377422214 ], [ 652297.527762993355282, 7190949.961010625585914 ], [ 652306.878897614777088, 7190969.702285608276725 ], [ 652311.034957773168571, 7190980.092430491000414 ], [ 652329.737226804718375, 7191018.535965885967016 ], [ 652341.166392556275241, 7191048.667386170476675 ], [ 652351.556542954174802, 7191074.642748376354575 ], [ 652352.595562717877328, 7191100.618112463504076 ], [ 652355.712610042188317, 7191119.320374131202698 ], [ 652358.968320186482742, 7191154.466282926499844 ], [ 652432.411348340567201, 7191148.080176200717688 ], [ 652538.547463978640735, 7191176.432309778407216 ], [ 652661.612848176155239, 7191247.810203378088772 ], [ 652732.990773104596883, 7191299.497647135518491 ], [ 652779.451481798430905, 7191352.390171775594354 ], [ 652880.66923628479708, 7191395.488611057400703 ], [ 653001.273298669257201, 7191395.48858673684299 ], [ 653107.109513184288517, 7191378.259412667714059 ], [ 653163.719589781831019, 7191410.256399132311344 ], [ 653205.561823010793887, 7191447.176003636792302 ], [ 653272.017128699691966, 7191476.711680578067899 ], [ 653316.320661325473338, 7191474.250364092178643 ], [ 653363.085496839834377, 7191449.637279331684113 ], [ 653417.234258047072217, 7191442.253345790319145 ], [ 653466.460413977270946, 7191481.634256319142878 ], [ 653490.674096276517957, 7191596.332934176549315 ], [ 653542.760988858295605, 7191705.613226195797324 ], [ 653660.211809768341482, 7191814.080141858197749 ], [ 653746.988306221319363, 7191860.257857280783355 ], [ 653818.218597261235118, 7191886.500581106171012 ], [ 653848.357491780538112, 7191922.674168031662703 ], [ 653849.373915076255798, 7191976.598304433748126 ], [ 653855.708256495301612, 7192058.952853579074144 ], [ 653839.058719241642393, 7192116.399431837722659 ], [ 653848.210359219345264, 7192193.915509101003408 ], [ 653887.344148960430175, 7192316.017424385994673 ], [ 653958.302011815248989, 7192415.080274511128664 ], [ 654005.432034359429963, 7192463.86028063762933 ], [ 654067.212059532641433, 7192506.330281756818295 ], [ 654194.622105403221212, 7192564.240274507552385 ], [ 654314.312153182690963, 7192641.460275029763579 ], [ 654352.92217614792753, 7192703.240287069231272 ], [ 654401.757488004863262, 7192768.897906130179763 ], [ 654488.052232838235795, 7192803.620291898027062 ], [ 654515.389314716914669, 7192810.649600369855762 ], [ 654552.574617977603339, 7192808.325511181727052 ], [ 654598.002965748077258, 7192804.99626256711781 ], [ 654601.751930462662131, 7192816.243149646557868 ], [ 654589.759928740444593, 7192842.605707364156842 ], [ 654575.509203588357195, 7192864.97966898418963 ], [ 654553.015439886949025, 7192917.465150179341435 ], [ 654528.171797523158602, 7192979.726534967310727 ], [ 654501.444867716403678, 7193015.16878498531878 ], [ 654399.308020229451358, 7193108.66227487847209 ], [ 654335.575675357482396, 7193187.390502787195146 ], [ 654253.098519949242473, 7193273.616659749299288 ], [ 654178.119292411021888, 7193374.838665655814111 ], [ 654158.051687220227905, 7193395.459847267717123 ], [ 654140.629677485441789, 7193419.826224683783948 ], [ 654118.135912970989011, 7193468.562743285670877 ], [ 654073.14837321115192, 7193513.550303840078413 ], [ 654038.233052003080957, 7193532.998203935101628 ], [ 654027.263744130730629, 7193564.218563813716173 ], [ 654035.658765163971111, 7193592.278526438400149 ], [ 654058.152543471427634, 7193611.023334962315857 ], [ 654109.682301266584545, 7193633.72063681203872 ], [ 654155.625571581767872, 7193637.266053492203355 ], [ 654171.552434290177189, 7193652.816846756264567 ], [ 654176.615199198480695, 7193674.755475427955389 ], [ 654174.370397443883121, 7193704.747376821935177 ], [ 654166.872481046710163, 7193745.98596715554595 ], [ 654146.238664252916351, 7193809.76243363134563 ], [ 654158.051779843633994, 7193848.576929944567382 ], [ 654196.34607713506557, 7193897.136824816465378 ] ] ] ] } }
]
}
