{
"type": "FeatureCollection",
"name": "rio_atuba",
"crs": { "type": "name", "properties": { "name": "urn:ogc:def:crs:EPSG::31982" } },
"features": [
{ "type": "Feature", "properties": { "AREA": 125989236.71381, "PERIMETER": 71021.47713, "BACIAS1_": 10, "BACIAS1_ID": 0, "NOME_BACIA": "RIO ATUBA", "SUB_AREA": 125.99, "SUBCODIGO": 9, "BACCODIGO": 2, "SUBNOME": "RIO ATUBA", "SUBBAC_DAT": "2002-01-03", "SUBBAC_POP": 387391, "SUBBAC_P_1": 400376, "SUBBAC_DEN": 3177.87, "SUBBAC_D_1": 3074.8 }, "geometry": { "type": "MultiPolygon", "coordinates": [ [ [ [ 677508.417339402716607, 7203060.317791666835546 ], [ 677490.307632750598714, 7203037.137245174497366 ], [ 677490.30762731435243, 7203013.956694435328245 ], [ 677499.000234589562751, 7203000.193232396617532 ], [ 677514.21252357121557, 7202985.705416616052389 ], [ 677533.046701595420018, 7202971.217471987009048 ], [ 677541.014956490835175, 7202956.72965790797025 ], [ 677554.778409655904397, 7202927.754030257463455 ], [ 677567.817513159941882, 7202909.644197937101126 ], [ 677569.628452582750469, 7202887.912351196631789 ], [ 677566.006560140871443, 7202873.424539836123586 ], [ 677559.487002356094308, 7202856.76354452688247 ], [ 677547.89672447135672, 7202845.897624090313911 ], [ 677534.133260772796348, 7202829.960982688702643 ], [ 677534.133257884182967, 7202817.646355113014579 ], [ 677539.203977813944221, 7202811.126800029538572 ], [ 677553.691788791911677, 7202806.056075155735016 ], [ 677572.525969360256568, 7202802.434181686490774 ], [ 677591.360149758635089, 7202798.087808003649116 ], [ 677604.399255639407784, 7202790.119418630376458 ], [ 677613.091992270201445, 7202782.15115827601403 ], [ 677614.540693456190638, 7202768.387697939760983 ], [ 677612.367634282330982, 7202757.521775295957923 ], [ 677608.745613670209423, 7202742.309611726552248 ], [ 677603.67488830187358, 7202725.648616079241037 ], [ 677597.155329837463796, 7202706.08995593059808 ], [ 677594.257789944065735, 7202693.050976826809347 ], [ 677591.360121031291783, 7202675.665500460192561 ], [ 677589.187060667551123, 7202659.728856343775988 ], [ 677589.187057776958682, 7202647.414228769019246 ], [ 677589.187055226997472, 7202636.54830561671406 ], [ 677593.533294607419521, 7202628.580046284943819 ], [ 677610.194418545812368, 7202624.958025323227048 ], [ 677630.477302676765248, 7202617.714114459231496 ], [ 677649.311482729157433, 7202611.919036358594894 ], [ 677665.972605476854369, 7202603.226293925195932 ], [ 677681.184767808066681, 7202594.533551832661033 ], [ 677690.601857664529234, 7202590.911660570651293 ], [ 677700.743428069050424, 7202588.738473558798432 ], [ 677710.884868092369288, 7202576.423715602606535 ], [ 677715.231233939062804, 7202561.935902379453182 ], [ 677715.2312305374071, 7202547.448090177960694 ], [ 677711.609209754038602, 7202531.51144640520215 ], [ 677710.160502275452018, 7202518.472338961437345 ], [ 677707.987314249621704, 7202503.984527270309627 ], [ 677699.294573541148566, 7202494.567438580095768 ], [ 677692.050664738635533, 7202482.977164918556809 ], [ 677685.531108144670725, 7202471.386891089379787 ], [ 677681.909088894026354, 7202461.969801209867001 ], [ 677681.909085321705788, 7202446.757636796683073 ], [ 677685.53109947044868, 7202434.442880376242101 ], [ 677685.531096239690669, 7202420.679420385509729 ], [ 677681.184724100632593, 7202408.36479383520782 ], [ 677672.491983223124407, 7202398.223352937027812 ], [ 677671.043277956545353, 7202394.601336227729917 ], [ 677669.956684454577044, 7202389.530615013092756 ], [ 677676.476236966089346, 7202383.735411800444126 ], [ 677688.790863651549444, 7202380.113519860431552 ], [ 677705.451858734013513, 7202372.869609847664833 ], [ 677716.317782023223117, 7202373.593959506601095 ], [ 677743.120224100886844, 7202383.735396152362227 ], [ 677762.678886567358859, 7202387.357408608309925 ], [ 677777.166698726592585, 7202387.357405204325914 ], [ 677799.622899047215469, 7202395.325658241286874 ], [ 677819.181436067679897, 7202409.813593844883144 ], [ 677833.669252482824959, 7202427.923291690647602 ], [ 677845.259531045448966, 7202441.686748959124088 ], [ 677853.227918865974061, 7202448.206300977617502 ], [ 677867.715731708449312, 7202451.103834411129355 ], [ 677880.754712474532425, 7202455.450200608000159 ], [ 677897.415837600361556, 7202456.899029112420976 ], [ 677911.903648740146309, 7202452.552656445652246 ], [ 677928.564645695500076, 7202453.277004740200937 ], [ 677942.328105648048222, 7202453.277001504786313 ], [ 677961.162288079503924, 7202457.623366335406899 ], [ 677981.445303778978996, 7202465.591747876256704 ], [ 678001.003837909782305, 7202467.764927906915545 ], [ 678013.3184662979329, 7202471.386814061552286 ], [ 678027.081926933140494, 7202474.284347663633525 ], [ 678037.223496312624775, 7202467.764919388107955 ], [ 678042.294215723755769, 7202459.072179674170911 ], [ 678042.294212997425348, 7202447.481904311105609 ], [ 678035.774655204964802, 7202430.820909015834332 ], [ 678030.703929829411209, 7202414.159785378724337 ], [ 678024.908725097891875, 7202401.120806960389018 ], [ 678020.562480612192303, 7202387.357347991317511 ], [ 678018.389287127298303, 7202349.688985586166382 ], [ 678018.389282868127339, 7202331.579156335443258 ], [ 678018.389278949471191, 7202314.918159509077668 ], [ 678024.184349545044824, 7202301.879050365649164 ], [ 678031.066140112350695, 7202287.391236549243331 ], [ 678041.207578421686776, 7202267.832572497427464 ], [ 678046.278295445721596, 7202248.998389847576618 ], [ 678047.727120362455025, 7202217.125228272750974 ], [ 678054.246669971966185, 7202199.015397492796183 ], [ 678065.112463725497946, 7202193.220193259418011 ], [ 678084.6711255061673, 7202193.944668866693974 ], [ 678107.851675815880299, 7202192.495830992236733 ], [ 678121.615134570281953, 7202187.425106284208596 ], [ 678128.859039285453036, 7202181.629902901127934 ], [ 678137.551646709558554, 7202168.590921077877283 ], [ 678144.795549888513051, 7202156.276163806207478 ], [ 678152.039580725948326, 7202142.51283011585474 ], [ 678157.834651659824885, 7202130.922553395852447 ], [ 678169.424924426944926, 7202120.056627521291375 ], [ 678182.464024830493145, 7202088.907687433995306 ], [ 678197.67618646309711, 7202077.317408496513963 ], [ 678212.888475754996762, 7202064.278425141237676 ], [ 678231.360410056309775, 7202034.578316193073988 ], [ 678249.470237029134296, 7202025.161221204325557 ], [ 678269.028768247924745, 7202015.019773661158979 ], [ 678279.170336422510445, 7202003.429495917633176 ], [ 678284.241054804762825, 7201990.390386950224638 ], [ 678288.58742183202412, 7201980.973295200616121 ], [ 678302.350879046833143, 7201969.383016604930162 ], [ 678315.389854856184684, 7201952.722016712650657 ], [ 678331.326497375499457, 7201944.029274443164468 ], [ 678352.333863223902881, 7201943.304917281493545 ], [ 678377.68759763520211, 7201939.682894257828593 ], [ 678398.694962288718671, 7201933.887815630063415 ], [ 678407.387698559090495, 7201924.470722857862711 ], [ 678426.221875856630504, 7201907.085241388529539 ], [ 678445.056055373628624, 7201899.116978643462062 ], [ 678465.339068329194561, 7201895.494956811890006 ], [ 678490.692804960068315, 7201901.290152510628104 ], [ 678510.975691796746105, 7201905.6365169826895 ], [ 678535.967313930625096, 7201901.290141831152141 ], [ 678549.00629110308364, 7201890.424215611070395 ], [ 678562.769750704290345, 7201888.975379945710301 ], [ 678586.674782407470047, 7201892.597391352057457 ], [ 678603.335778497625142, 7201889.699850581586361 ], [ 678617.099235362024046, 7201876.660739561542869 ], [ 678625.067489541368559, 7201859.275388654321432 ], [ 678641.728482551290654, 7201843.338740112259984 ], [ 678654.767587377922609, 7201831.023981474339962 ], [ 678716.340851986431517, 7201826.677725678309798 ], [ 678731.55314400116913, 7201825.228889666497707 ], [ 678750.387325395829976, 7201825.228885218501091 ], [ 678774.292227900004946, 7201823.780047153122723 ], [ 678796.024076005560346, 7201831.748428323306143 ], [ 678814.133778390008956, 7201836.819145509973168 ], [ 678838.038809921708889, 7201839.716676698997617 ], [ 678853.250978387426585, 7201857.102150133810937 ], [ 678870.6364596481435, 7201875.211847262457013 ], [ 678885.848624861333519, 7201878.833860713988543 ], [ 678896.714547974639572, 7201878.833858145400882 ], [ 678908.304822096135467, 7201873.763133939355612 ], [ 678916.27307849493809, 7201865.794745750725269 ], [ 678917.721905771875754, 7201844.063027122989297 ], [ 678930.761007511173375, 7201818.70928870793432 ], [ 678936.556076889159158, 7201800.59945810213685 ], [ 678936.55607192160096, 7201779.592092028819025 ], [ 678936.556067982921377, 7201762.931095212697983 ], [ 678935.107231286354363, 7201744.82126632053405 ], [ 678937.280412311316468, 7201729.609101409092546 ], [ 678938.729240272892639, 7201710.774919623509049 ], [ 678935.46945922775194, 7201693.389443369582295 ], [ 678935.469456315971911, 7201681.07481581158936 ], [ 678939.815823504701257, 7201672.382076271809638 ], [ 678955.027984775020741, 7201659.343092907220125 ], [ 678964.445200386806391, 7201646.30398291349411 ], [ 678977.484177548438311, 7201635.438056689687073 ], [ 678985.452559716301039, 7201618.052705781534314 ], [ 678985.452555947238579, 7201602.116061178967357 ], [ 678984.003719934611581, 7201586.903769128024578 ], [ 678988.35008300980553, 7201560.825680566951632 ], [ 678993.420802746666595, 7201553.581773276440799 ], [ 678999.940354213817045, 7201543.440328804776073 ], [ 679006.459904479212128, 7201528.228034870699048 ], [ 679023.845247625140473, 7201503.598647646605968 ], [ 679056.442886033561081, 7201491.284012379124761 ], [ 679065.859975526458584, 7201486.213288687169552 ], [ 679080.34778269729577, 7201465.205919194966555 ], [ 679086.867333133937791, 7201450.718105468899012 ], [ 679097.008901632740162, 7201440.576532140374184 ], [ 679107.874695538775995, 7201435.505808103829622 ], [ 679140.472334971418604, 7201427.537542089819908 ], [ 679159.306512410985306, 7201410.876540822908282 ], [ 679174.51879927131813, 7201387.695986530743539 ], [ 679191.179789514979348, 7201360.169062643311918 ], [ 679213.635979869402945, 7201326.122583502903581 ], [ 679220.155529443407431, 7201308.012752735055983 ], [ 679216.533509320579469, 7201294.973773831501603 ], [ 679202.770048187230714, 7201289.902927626855671 ], [ 679175.967606815276667, 7201282.659027883782983 ], [ 679154.23575974907726, 7201279.037143983878195 ], [ 679121.638118093716912, 7201277.588319282978773 ], [ 679062.60014785756357, 7201271.793259583413601 ], [ 679040.86842965008691, 7201271.793264724314213 ], [ 679015.514693893492222, 7201269.620086096227169 ], [ 678977.846329076448455, 7201260.92735649831593 ], [ 678953.21694484166801, 7201255.856640860438347 ], [ 678935.107114640763029, 7201251.510275889188051 ], [ 678923.516838644864038, 7201248.612741793505847 ], [ 678916.272930864128284, 7201241.368837416172028 ], [ 678910.477853955235332, 7201227.605378818698227 ], [ 678906.85583229677286, 7201208.046718034893274 ], [ 678896.714385289582424, 7201190.661371420137584 ], [ 678889.470476824091747, 7201180.519802208989859 ], [ 678878.604550638701767, 7201167.480825018137693 ], [ 678863.392385096871294, 7201162.410107152536511 ], [ 678848.180090870591812, 7201154.441724451258779 ], [ 678844.5580707549816, 7201141.402745548635721 ], [ 678838.038639929378405, 7201120.395381033420563 ], [ 678830.070247833500616, 7201095.765999818220735 ], [ 678830.070243040332571, 7201075.482985972426832 ], [ 678830.070238418760709, 7201055.924452338367701 ], [ 678828.259291162830777, 7201044.334177425131202 ], [ 678834.7788381743012, 7201015.358423537574708 ], [ 678844.195923897437751, 7200994.351055260747671 ], [ 678852.888657584087923, 7200974.068167364224792 ], [ 678858.683727641473524, 7200958.855873612686992 ], [ 678860.856908665271476, 7200943.643580718897283 ], [ 678860.856904384447262, 7200925.53387950360775 ], [ 678863.754436930525117, 7200907.424049602821469 ], [ 678867.376450881129131, 7200894.3849409930408 ], [ 678878.966719508403912, 7200866.13366612046957 ], [ 678880.41542118228972, 7200854.543390440754592 ], [ 678876.069176345597953, 7200839.331227090209723 ], [ 678876.069172236951999, 7200821.945750084705651 ], [ 678873.895985220675357, 7200811.804307678714395 ], [ 678873.533742035040632, 7200798.765200013294816 ], [ 678884.39965931000188, 7200774.13581435661763 ], [ 678895.265448070014827, 7200747.333372076041996 ], [ 678901.060642871656455, 7200718.357618369162083 ], [ 678906.131356779718772, 7200686.484456000849605 ], [ 678917.721620778203942, 7200638.674519510939717 ], [ 678918.445961679564789, 7200590.864713592454791 ], [ 678920.619140646420419, 7200566.959682205691934 ], [ 678935.831426640041173, 7200540.157238903455436 ], [ 678943.799681481556036, 7200525.66929685510695 ], [ 678943.07532499358058, 7200507.559595821425319 ], [ 678940.177783886902034, 7200489.449767300859094 ], [ 678919.170406603021547, 7200441.639838529750705 ], [ 678906.855645788949914, 7200419.183770989999175 ], [ 678896.714200848946348, 7200410.491034890525043 ], [ 678890.918994061183184, 7200388.759318016469479 ], [ 678892.367821336025372, 7200367.027471432462335 ], [ 678900.698315081885085, 7200347.468935846351087 ], [ 678915.186124290572479, 7200335.154176884330809 ], [ 678917.359305654768832, 7200321.390844419598579 ], [ 678911.564228581497446, 7200306.902905628085136 ], [ 678897.800764556159265, 7200289.517559889703989 ], [ 678879.690932667348534, 7200277.92728884331882 ], [ 678872.447022496489808, 7200260.541813565418124 ], [ 678865.203111985581927, 7200241.707633869722486 ], [ 678852.888482429902069, 7200233.014898285269737 ], [ 678838.400541112758219, 7200227.944180253893137 ], [ 678826.448150633368641, 7200214.905203336849809 ], [ 678826.44814738095738, 7200201.141743386164308 ], [ 678830.070032644318417, 7200185.205097956582904 ], [ 678836.589583243010566, 7200171.441636467352509 ], [ 678844.557838769163936, 7200159.851359257474542 ], [ 678861.218960935715586, 7200148.985432201996446 ], [ 678876.431122860638425, 7200138.843985695391893 ], [ 678896.714135769521818, 7200135.221963861957192 ], [ 678904.682391635375097, 7200125.080519068986177 ], [ 678905.406868757680058, 7200112.041411157697439 ], [ 678893.092108292737976, 7200091.034048041328788 ], [ 678882.950661986717023, 7200076.546238283626735 ], [ 678869.187196767190471, 7200054.090043096803129 ], [ 678849.628659102832898, 7200036.704698732122779 ], [ 678846.006639506667852, 7200025.838776472955942 ], [ 678847.45546883624047, 7200012.799796391278505 ], [ 678852.526188220712356, 7200004.107056699693203 ], [ 678864.840813320828602, 7199993.965610882267356 ], [ 678875.706734352279454, 7199985.272869821637869 ], [ 678885.848174491431564, 7199973.682592100463808 ], [ 678910.47754720877856, 7199930.219021817669272 ], [ 678918.083690627361648, 7199918.628744697198272 ], [ 678918.083688571467064, 7199909.936006206087768 ], [ 678920.256867707357742, 7199886.755455048754811 ], [ 678918.808028615545481, 7199858.504183295182884 ], [ 678920.981211176142097, 7199849.811572290025651 ], [ 678926.776283965096809, 7199846.189553882926702 ], [ 678942.712926431791857, 7199837.496811624616385 ], [ 678951.405662328470498, 7199826.631014455109835 ], [ 678962.995929735596292, 7199793.308890167623758 ], [ 678963.720274574123323, 7199762.160081073641777 ], [ 678963.720271319383755, 7199748.396621133200824 ], [ 678960.822728158556856, 7199721.594054142013192 ], [ 678947.783616690780036, 7199705.657412661239505 ], [ 678933.295802527107298, 7199696.964805599302053 ], [ 678923.878705861512572, 7199671.611072566360235 ], [ 678924.603054469218478, 7199656.398780041374266 ], [ 678926.776235831552185, 7199642.635319586843252 ], [ 678941.264171827118844, 7199625.249967183917761 ], [ 678955.751980678644031, 7199611.486503819003701 ], [ 678965.893420640612021, 7199599.171873895451427 ], [ 678997.766704363049939, 7199576.715667931362987 ], [ 679011.530161007889546, 7199562.952204735018313 ], [ 679020.947250818833709, 7199559.330185471102595 ], [ 679034.710709520266391, 7199554.25946076400578 ], [ 679057.529014158528298, 7199529.630200317129493 ], [ 679061.875376704614609, 7199501.378927206620574 ], [ 679063.324205172131769, 7199484.717802097089589 ], [ 679067.670441432506777, 7199463.710435059852898 ], [ 679072.74128623935394, 7199444.151900265365839 ], [ 679077.812001160345972, 7199416.624979194253683 ], [ 679079.260700084036216, 7199393.444428222253919 ], [ 679077.811990873422474, 7199373.161414765752852 ], [ 679076.363153491402045, 7199352.154049102216959 ], [ 679064.048521547345445, 7199333.319870633073151 ], [ 679052.458244037814438, 7199323.902782684192061 ], [ 679051.733889776165597, 7199315.21004437096417 ], [ 679057.528961188159883, 7199305.792952308431268 ], [ 679066.946049111429602, 7199294.202674767002463 ], [ 679079.622911555576138, 7199272.470953556708992 ], [ 679082.520441860426217, 7199244.94403300434351 ], [ 679083.969268612330779, 7199221.0391298327595 ], [ 679086.8667958304286, 7199180.473101558163762 ], [ 679083.244897889555432, 7199142.804739655926824 ], [ 679085.418075475725345, 7199113.104634661227465 ], [ 679089.039954898413271, 7199072.538734219968319 ], [ 679091.937482116278261, 7199031.972705953754485 ], [ 679091.937477829051204, 7199013.86300478503108 ], [ 679099.181380275636911, 7198998.650710728019476 ], [ 679106.425411750911735, 7198987.784785913303494 ], [ 679112.582720690523274, 7198967.501898666843772 ], [ 679110.409533502999693, 7198956.635976079851389 ], [ 679108.96069612132851, 7198935.628610428422689 ], [ 679103.165617510676384, 7198914.62124580796808 ], [ 679090.126505883061327, 7198897.96025213971734 ], [ 679083.606945182313211, 7198868.984501419588923 ], [ 679079.260570640093647, 7198846.528432042337954 ], [ 679074.18983754934743, 7198797.269667195156217 ], [ 679073.465481744380668, 7198782.057503029704094 ], [ 679078.536196660948917, 7198754.530581982806325 ], [ 679082.882559030083939, 7198725.554956693202257 ], [ 679091.575293196598068, 7198707.445125473663211 ], [ 679100.992379053728655, 7198687.162109464406967 ], [ 679118.015609513968229, 7198660.359537796117365 ], [ 679121.637496477458626, 7198651.666926462203264 ], [ 679131.778935223352164, 7198634.281447106972337 ], [ 679140.471670074039139, 7198619.069280715659261 ], [ 679151.337588680908084, 7198600.235096776857972 ], [ 679156.408307024277747, 7198587.195987861603498 ], [ 679159.305839039036073, 7198566.912973398342729 ], [ 679152.7864097696729, 7198552.425162815488875 ], [ 679144.093666685977951, 7198532.866631304845214 ], [ 679142.644830846576951, 7198518.378691520541906 ], [ 679138.298459390643984, 7198508.961601868271828 ], [ 679138.298454417614266, 7198487.954235887154937 ], [ 679136.125267060124315, 7198476.363961101509631 ], [ 679134.676559222163633, 7198461.876149319112301 ], [ 679141.196109801996499, 7198448.112687857821584 ], [ 679147.715532895294018, 7198436.522411015816033 ], [ 679153.510731612099335, 7198424.207782138139009 ], [ 679158.581449954537675, 7198411.168673225678504 ], [ 679161.478981454274617, 7198388.712474148720503 ], [ 679159.305793410399929, 7198374.224662540480494 ], [ 679161.478976135607809, 7198366.25640375725925 ], [ 679169.809471395914443, 7198353.217294074594975 ], [ 679177.053373491158709, 7198336.556295618414879 ], [ 679182.124220003490336, 7198324.241666913963854 ], [ 679187.194937144173309, 7198306.131836560554802 ], [ 679186.470580306835473, 7198286.573303168639541 ], [ 679185.746094955829903, 7198264.841457160189748 ], [ 679185.746091352892108, 7198249.629292831756175 ], [ 679178.502178622758947, 7198221.377894513309002 ], [ 679178.502173818647861, 7198201.095008744858205 ], [ 679171.258260744973086, 7198171.39490601606667 ], [ 679163.289996326318942, 7198145.316820489242673 ], [ 679158.943624186562374, 7198133.00206601805985 ], [ 679158.943619897589087, 7198114.892364871688187 ], [ 679151.69970836979337, 7198091.711815997958183 ], [ 679144.455671415431425, 7198079.39706221409142 ], [ 679132.503276161383837, 7198046.075071574188769 ], [ 679129.605735401855782, 7198029.414075525477529 ], [ 679134.676450139377266, 7198001.162802299484611 ], [ 679147.715424146736041, 7197977.257768422365189 ], [ 679149.164251237409189, 7197954.801697700284421 ], [ 679143.3690473777242, 7197945.384608398191631 ], [ 679136.849618628388271, 7197933.069854445755482 ], [ 679130.330061535700224, 7197919.306396080181003 ], [ 679130.330058448016644, 7197906.267416378483176 ], [ 679130.330054332036525, 7197888.881939440965652 ], [ 679129.60569766885601, 7197870.04775826446712 ], [ 679123.810490550938994, 7197846.867209057323635 ], [ 679118.739765181788243, 7197830.206213527359068 ], [ 679115.842221849015914, 7197802.679294400848448 ], [ 679112.944554290850647, 7197791.089019795879722 ], [ 679098.456736387917772, 7197766.459768237546086 ], [ 679092.661660702666268, 7197757.767031142488122 ], [ 679082.157973978901282, 7197741.830389108508825 ], [ 679079.260306764976121, 7197731.688946916721761 ], [ 679073.465227477136068, 7197707.783917505294085 ], [ 679069.118851226288825, 7197678.083942108787596 ], [ 679061.150585616007447, 7197646.935007160529494 ], [ 679049.560305388644338, 7197625.927643947303295 ], [ 679043.040745385689661, 7197599.849558092653751 ], [ 679043.040736300055869, 7197561.456715209409595 ], [ 679043.765085760038346, 7197549.86643975134939 ], [ 679046.662618116475642, 7197531.032257728278637 ], [ 679044.489431791706011, 7197523.788352189585567 ], [ 679039.418709168327041, 7197518.717631950974464 ], [ 679028.552914117928594, 7197518.717634523287416 ], [ 679024.206544898450375, 7197518.717635551467538 ], [ 679016.238157633575611, 7197514.371268205344677 ], [ 679014.789450140902773, 7197501.332160851918161 ], [ 679014.789446199079975, 7197484.671164130792022 ], [ 679016.238146491814405, 7197467.285814860835671 ], [ 679018.411327673471533, 7197452.798002241179347 ], [ 679022.757695007370785, 7197444.829614954069257 ], [ 679028.552895947941579, 7197441.932076763361692 ], [ 679037.245506387436762, 7197441.932074706070125 ], [ 679057.528519564541057, 7197439.7588852904737 ], [ 679067.669960866449401, 7197433.239329041913152 ], [ 679070.567624135990627, 7197426.719774510711432 ], [ 679077.811528454883955, 7197419.475866742432117 ], [ 679086.504267236101441, 7197420.924697095528245 ], [ 679098.818895891890861, 7197425.995415616780519 ], [ 679103.889617315260693, 7197425.995414415374398 ], [ 679109.684689569287002, 7197420.200339403003454 ], [ 679121.274960533017293, 7197402.090507527813315 ], [ 679128.518991478020325, 7197389.051398120820522 ], [ 679140.833618074888363, 7197385.429506178945303 ], [ 679150.250709917396307, 7197390.500225385650992 ], [ 679161.116636225255206, 7197404.263682710006833 ], [ 679174.155620343401097, 7197423.097860958427191 ], [ 679193.714283547829837, 7197430.341762376949191 ], [ 679221.965555474627763, 7197430.341755686327815 ], [ 679258.18508392048534, 7197423.097841052338481 ], [ 679283.538819893146865, 7197426.719724072143435 ], [ 679310.703502261196263, 7197438.309992917813361 ], [ 679324.466961952741258, 7197437.585637450218201 ], [ 679333.159700905904174, 7197439.758820006623864 ], [ 679348.371995063032955, 7197447.727074658498168 ], [ 679367.206176177598536, 7197447.002717986702919 ], [ 679382.418338728370145, 7197439.758808327838778 ], [ 679397.630628936109133, 7197431.066066257655621 ], [ 679415.740456472150981, 7197424.546508116647601 ], [ 679435.298986694193445, 7197410.783043578267097 ], [ 679449.786794806597754, 7197394.122043423354626 ], [ 679466.447788559831679, 7197381.807411982677877 ], [ 679479.486895186360925, 7197377.461039657704532 ], [ 679488.903983765398152, 7197368.768298961222172 ], [ 679499.045422829687595, 7197352.831780040636659 ], [ 679504.116268814192154, 7197338.343838734552264 ], [ 679505.564969955012202, 7197324.580378495156765 ], [ 679505.564967377111316, 7197313.714583417400718 ], [ 679495.423521782155149, 7197302.124310541898012 ], [ 679493.974688172806054, 7197297.053589448332787 ], [ 679495.423515767208301, 7197276.770575363188982 ], [ 679501.218587501905859, 7197268.802187731489539 ], [ 679515.70652515720576, 7197258.660741424188018 ], [ 679537.438239296432585, 7197241.999739550985396 ], [ 679564.240674339351244, 7197223.165551858022809 ], [ 679574.382240884006023, 7197205.055720325559378 ], [ 679585.972513552522287, 7197194.18979449942708 ], [ 679595.389603332732804, 7197190.567903238348663 ], [ 679603.357861565425992, 7197190.567901346832514 ], [ 679609.877415565308183, 7197191.292252004146576 ], [ 679622.192043876508251, 7197194.914266103878617 ], [ 679635.231153424130753, 7197202.882521265186369 ], [ 679648.270263141486794, 7197211.575256628915668 ], [ 679662.03372420440428, 7197216.645974794402719 ], [ 679681.592257858486846, 7197217.370322354137897 ], [ 679693.182532935636118, 7197216.645967397838831 ], [ 679705.859398080152459, 7197206.504521515220404 ], [ 679713.827653732150793, 7197195.638596548698843 ], [ 679721.071556149167009, 7197180.426302521489561 ], [ 679723.969217175501399, 7197164.489657323807478 ], [ 679726.866750545566902, 7197150.00184453651309 ], [ 679729.039930851664394, 7197131.892014895565808 ], [ 679732.661818662425503, 7197126.821292600594461 ], [ 679744.976572391227819, 7197119.577383626252413 ], [ 679755.842366230441257, 7197114.506659608334303 ], [ 679771.779008630197495, 7197105.813917364925146 ], [ 679780.471744311391376, 7197094.223640019074082 ], [ 679787.715646553318948, 7197078.28699379041791 ], [ 679792.06201112200506, 7197058.728459224104881 ], [ 679795.684024178190157, 7197042.067461650818586 ], [ 679798.581556856632233, 7197024.681984046474099 ], [ 679805.101106895366684, 7197008.745337990112603 ], [ 679805.101104140514508, 7196997.155062712728977 ], [ 679818.864426524960436, 7196957.313512178137898 ], [ 679818.140069500776008, 7196937.030626615509391 ], [ 679823.935266817454249, 7196918.920796119607985 ], [ 679829.005987205309793, 7196914.574425686150789 ], [ 679839.871908524190076, 7196907.330517055466771 ], [ 679853.273126896936446, 7196901.535312231630087 ], [ 679862.690216671675444, 7196897.913420969620347 ], [ 679885.146414095768705, 7196894.291398607194424 ], [ 679903.980593989486806, 7196888.496320489794016 ], [ 679939.475770372431725, 7196881.976758206263185 ], [ 679952.514749159803614, 7196878.354738081805408 ], [ 679963.380671511869878, 7196875.457198678515851 ], [ 679990.90759018168319, 7196871.110822901129723 ], [ 680011.914954854059033, 7196866.040096471086144 ], [ 680027.85159862425644, 7196863.142555860802531 ], [ 680039.441873006639071, 7196859.520536077208817 ], [ 680066.244304575375281, 7196826.198536282405257 ], [ 680074.937039041775279, 7196809.537537506781518 ], [ 680082.905420787865296, 7196790.703354289755225 ], [ 680089.424842989537865, 7196775.491060441359878 ], [ 680103.912774764117785, 7196740.720231173560023 ], [ 680115.50304707349278, 7196728.405600935220718 ], [ 680122.746950340340845, 7196716.815323937684298 ], [ 680140.13229471759405, 7196697.981138478964567 ], [ 680152.446919227950275, 7196685.666380069218576 ], [ 680163.31283640069887, 7196661.037122528068721 ], [ 680177.076292626094073, 7196645.824826955795288 ], [ 680185.044545677374117, 7196624.093106923624873 ], [ 680194.461761376820505, 7196611.778477204032242 ], [ 680205.689791165525094, 7196589.322276191785932 ], [ 680226.697154621127993, 7196579.18070032633841 ], [ 680244.082501580589451, 7196571.212437935173512 ], [ 680254.948422200977802, 7196561.070992484688759 ], [ 680260.01913861266803, 7196540.063625348731875 ], [ 680258.570429201237857, 7196519.056259767152369 ], [ 680255.672759386710823, 7196498.04889453202486 ], [ 680254.948401660658419, 7196474.868344165384769 ], [ 680260.743598274071701, 7196453.860976859927177 ], [ 680266.538667577551678, 7196435.751146369613707 ], [ 680278.128935218905099, 7196403.877854620106518 ], [ 680278.128930038772523, 7196382.146136494353414 ], [ 680275.955739735858515, 7196358.241106270812452 ], [ 680272.333845718880184, 7196337.233741212636232 ], [ 680260.38132244173903, 7196303.911750668659806 ], [ 680247.342211523093283, 7196290.14829389564693 ], [ 680241.547134453663602, 7196275.660483195446432 ], [ 680237.20076109864749, 7196258.275007331743836 ], [ 680235.751924379379489, 7196240.165306572802365 ], [ 680229.232362104346976, 7196204.670002127066255 ], [ 680229.232355545274913, 7196177.143082371912897 ], [ 680228.507998166373, 7196155.411364424973726 ], [ 680221.264088521013036, 7196140.199073866009712 ], [ 680199.532362522790208, 7196106.877085659652948 ], [ 680190.115268963971175, 7196094.562460434623063 ], [ 680179.973696582950652, 7196088.042909014970064 ], [ 680167.659067769418471, 7196082.247838316485286 ], [ 680158.966327793081291, 7196075.72828655038029 ], [ 680157.517622009268962, 7196069.933085263706744 ], [ 680157.517620800994337, 7196064.862363836728036 ], [ 680158.241971623036079, 7196059.067290033213794 ], [ 680171.281076498213224, 7196047.477011663839221 ], [ 680181.422517771366984, 7196040.957455414347351 ], [ 680195.185976401204243, 7196035.886730708181858 ], [ 680213.295804931316525, 7196033.713541783392429 ], [ 680236.476352975820191, 7196023.571965406648815 ], [ 680265.089732290711254, 7196004.013425083830953 ], [ 680275.231301391730085, 7195996.769516626372933 ], [ 680289.719111357699148, 7195988.076774729415774 ], [ 680300.585032313363627, 7195979.384033693000674 ], [ 680319.419210626627319, 7195967.069401739165187 ], [ 680337.529038119479083, 7195960.549843586049974 ], [ 680348.394833664176986, 7195962.723025608807802 ], [ 680373.024219119572081, 7195973.588942794129252 ], [ 680394.031583590898663, 7195967.793736153282225 ], [ 680409.968225440243259, 7195956.927937295287848 ], [ 680425.180385187966749, 7195938.093624369241297 ], [ 680444.014561597723514, 7195917.810734169557691 ], [ 680466.470755360554904, 7195898.976547515019774 ], [ 680486.753766417386942, 7195888.110619619488716 ], [ 680509.93431462883018, 7195878.693523438647389 ], [ 680529.492848767433316, 7195881.59105558693409 ], [ 680546.153847137698904, 7195888.834957648999989 ], [ 680569.334401053143665, 7195903.322892190888524 ], [ 680593.963784605963156, 7195906.220423128455877 ], [ 680617.144334717537276, 7195904.771585185080767 ], [ 680631.632145716692321, 7195900.425212504342198 ], [ 680649.741970263887197, 7195881.591026881709695 ], [ 680646.844425498275086, 7195848.26903420034796 ], [ 680643.946753253112547, 7195817.120098134502769 ], [ 680644.671230341191404, 7195804.081118293106556 ], [ 680657.348093545529991, 7195785.971286173909903 ], [ 680664.591996967908926, 7195775.105361390858889 ], [ 680676.906622319947928, 7195766.41274800337851 ], [ 680690.670078864670359, 7195752.649284848943353 ], [ 680702.984703524271026, 7195741.059006648138165 ], [ 680716.748161625466309, 7195733.815097324550152 ], [ 680724.716547670774162, 7195733.090615214779973 ], [ 680739.20435953035485, 7195732.366259551607072 ], [ 680750.794634583522566, 7195731.641904578544199 ], [ 680766.006795873865485, 7195719.327145483344793 ], [ 680783.392271329066716, 7195713.532067699357867 ], [ 680801.50209690653719, 7195699.04425129853189 ], [ 680814.541073592263274, 7195686.729492722079158 ], [ 680828.304528747336008, 7195667.170955935493112 ], [ 680837.721614517387934, 7195646.887939985841513 ], [ 680847.863181356340647, 7195630.22694087959826 ], [ 680858.728972049546428, 7195612.117109194397926 ], [ 680874.665609208401293, 7195581.692648837342858 ], [ 680885.531528420047835, 7195565.756001763045788 ], [ 680899.294983052182943, 7195544.024280368350446 ], [ 680908.7120677807834, 7195519.394895201548934 ], [ 680915.955969982896931, 7195503.458248991519213 ], [ 680935.876740403007716, 7195490.419264566153288 ], [ 680947.467013892834075, 7195483.175355760380626 ], [ 680969.923208844615147, 7195469.411890524439514 ], [ 680981.513480426510796, 7195454.199595481157303 ], [ 680990.20608564291615, 7195432.467875300906599 ], [ 680997.449984376435168, 7195402.043417029082775 ], [ 680997.449979523895308, 7195381.760403336957097 ], [ 680989.481715069385245, 7195355.682317925617099 ], [ 680972.820714626810513, 7195339.745677441358566 ], [ 680953.98653096833732, 7195329.604239100590348 ], [ 680936.601053618709557, 7195327.431058650836349 ], [ 680917.766871172352694, 7195322.360213732346892 ], [ 680905.45224167231936, 7195313.667606237344444 ], [ 680899.657037637429312, 7195303.526036778464913 ], [ 680899.657034519128501, 7195290.487057120539248 ], [ 680900.381512468680739, 7195281.069966306909919 ], [ 680901.830214271205477, 7195270.204042912460864 ], [ 680901.105859818984754, 7195260.786952443420887 ], [ 680898.932673829142004, 7195254.991751339286566 ], [ 680885.169210715335794, 7195241.228294771164656 ], [ 680866.335028618690558, 7195237.606410258449614 ], [ 680856.193585629458539, 7195236.88206047937274 ], [ 680837.359403706155717, 7195233.984400169923902 ], [ 680824.32029504631646, 7195229.638034068048 ], [ 680806.21046515123453, 7195226.016149381175637 ], [ 680795.344540229998529, 7195218.047765742987394 ], [ 680790.27381726342719, 7195211.528341127559543 ], [ 680788.825110437581316, 7195201.386770630255342 ], [ 680788.825107320211828, 7195188.347790973260999 ], [ 680791.72264083661139, 7195174.584330423735082 ], [ 680797.51771306048613, 7195168.789127413183451 ], [ 680806.934803327778354, 7195167.340420758351684 ], [ 680825.769113075220957, 7195169.513600865378976 ], [ 680844.603294304572046, 7195169.513596361503005 ], [ 680861.988641571835615, 7195162.994038376957178 ], [ 680891.326505542267114, 7195162.269551158882678 ], [ 680903.641256457776763, 7195143.435366933234036 ], [ 680912.333861326449551, 7195120.254814358428121 ], [ 680925.372965306392871, 7195105.042646976187825 ], [ 680942.758304081391543, 7195063.027911042794585 ], [ 680950.002206971868873, 7195049.988801658153534 ], [ 680968.112033051322214, 7195037.6741698756814 ], [ 680980.426785000716336, 7195023.18635486997664 ], [ 680988.395040265284479, 7195010.871597514487803 ], [ 680997.812124290387146, 7194983.344675550237298 ], [ 681002.882842057384551, 7194968.132510076276958 ], [ 681002.882836855831556, 7194946.400791989639401 ], [ 681013.748755188891664, 7194926.842127911746502 ], [ 681020.992659291136079, 7194918.873867948539555 ], [ 681037.653655216563493, 7194915.976199148222804 ], [ 681049.968282979214564, 7194917.42502860724926 ], [ 681057.936670402064919, 7194922.495748120360076 ], [ 681065.904933639918454, 7194943.503112095408142 ], [ 681089.085488751064986, 7194963.061768024228513 ], [ 681115.163706411491148, 7194973.203204620629549 ], [ 681130.375871325028129, 7194976.100737791508436 ], [ 681146.31251661258284, 7194979.722750988788903 ], [ 681162.973514274228364, 7194984.069116214290261 ], [ 681178.910161298699677, 7194994.934907441958785 ], [ 681196.295513764722273, 7195010.147195540368557 ], [ 681208.610272304853424, 7195023.186300242319703 ], [ 681222.373734552646056, 7195033.327739786356688 ], [ 681231.066348434891552, 7195047.815549762919545 ], [ 681244.105458656908013, 7195058.681469682604074 ], [ 681262.577402211725712, 7195068.822908098809421 ], [ 681276.340863594086841, 7195075.342458628118038 ], [ 681305.316619801917113, 7195092.727928555570543 ], [ 681337.91426657885313, 7195116.632823441177607 ], [ 681372.685093445703387, 7195121.703536527231336 ], [ 681401.660717834834941, 7195123.152361985296011 ], [ 681432.085174975218251, 7195126.04989149980247 ], [ 681458.163390387315303, 7195126.77423744648695 ], [ 681494.38291991839651, 7195124.601044150069356 ], [ 681516.114636560901999, 7195118.80596530996263 ], [ 681538.570832184515893, 7195107.940036876127124 ], [ 681553.058641944895498, 7195098.522942760959268 ], [ 681576.239188031409867, 7195080.413108121603727 ], [ 681588.553939101984724, 7195062.303276090882719 ], [ 681602.317395094782114, 7195046.36675632186234 ], [ 681621.151573363225907, 7195034.051996348425746 ], [ 681664.977243955712765, 7195010.871435329318047 ], [ 681672.221148051205091, 7195002.903175358660519 ], [ 681679.465050754719414, 7194989.139713763259351 ], [ 681688.882138234563172, 7194976.100603848695755 ], [ 681701.196891214465722, 7194965.959158049896359 ], [ 681721.479774751351215, 7194957.266414742916822 ], [ 681733.794528774684295, 7194951.471338162198663 ], [ 681746.109155667596497, 7194949.298150593414903 ], [ 681759.872614614199847, 7194945.676130272448063 ], [ 681777.25796239124611, 7194941.329756876453757 ], [ 681794.643436949932948, 7194931.91266206279397 ], [ 681808.406896069645882, 7194929.015121943317354 ], [ 681824.343538051471114, 7194918.873675273731351 ], [ 681850.421624586335383, 7194915.976004192605615 ], [ 681861.287419425090775, 7194915.251649377867579 ], [ 681875.050879242015071, 7194915.251646069809794 ], [ 681883.743616606341675, 7194910.905274761840701 ], [ 681898.955905340844765, 7194896.417459046468139 ], [ 681916.341250153840519, 7194879.756458201445639 ], [ 681925.758338674320839, 7194871.063717503100634 ], [ 681943.868166997330263, 7194868.166176335886121 ], [ 681960.529162919498049, 7194865.268635516986251 ], [ 681978.638991243205965, 7194862.370966348797083 ], [ 682001.095188422943465, 7194858.024591729044914 ], [ 682014.134165945462883, 7194849.331978159956634 ], [ 682022.1025483191479, 7194833.395331781357527 ], [ 682025.000081112375483, 7194816.734334420412779 ], [ 682022.102539951796643, 7194798.624506049789488 ], [ 682014.858502284274437, 7194783.412215534597635 ], [ 682003.992704483447596, 7194771.821942904964089 ], [ 681998.197500785929151, 7194763.129333867691457 ], [ 681982.985333781922236, 7194751.539062283933163 ], [ 681978.638961441349238, 7194738.499955682083964 ], [ 681979.363310504937544, 7194725.460847859270871 ], [ 681979.725546423112974, 7194708.075498908758163 ], [ 681979.001184462569654, 7194667.509471734985709 ], [ 681979.001174877630547, 7194627.667924594134092 ], [ 681980.449870913522318, 7194592.897098522633314 ], [ 681988.418253458919935, 7194577.684932352975011 ], [ 682002.181704379385337, 7194540.740918714553118 ], [ 682024.637769714347087, 7194520.457899639382958 ], [ 682035.503689234727062, 7194505.970084976404905 ], [ 682051.440331727731973, 7194498.001822914928198 ], [ 682063.754958787001669, 7194496.552987543866038 ], [ 682071.723215073579922, 7194488.584599399939179 ], [ 682076.794062558677979, 7194480.616339953616261 ], [ 682074.620876213652082, 7194473.372434452176094 ], [ 682065.203781772172078, 7194457.435792265459895 ], [ 682062.306113656959496, 7194443.672333117574453 ], [ 682060.132925220183097, 7194427.735689187422395 ], [ 682059.770808412693441, 7194408.177155811339617 ], [ 682061.943990223109722, 7194396.586880051530898 ], [ 682072.80977651104331, 7194360.367219319567084 ], [ 682073.534250956377946, 7194336.46231646835804 ], [ 682069.912229595938697, 7194318.352488283067942 ], [ 682059.77078225731384, 7194299.518309466540813 ], [ 682050.3536883413326, 7194285.754851889796555 ], [ 682037.314575507305562, 7194264.023136960342526 ], [ 682030.795017520431429, 7194246.637661675922573 ], [ 682022.102402934571728, 7194229.252314915880561 ], [ 682017.756028851959854, 7194208.969302300363779 ], [ 682022.826744152233005, 7194183.615566005930305 ], [ 682022.826738574309275, 7194160.43501553684473 ], [ 682022.102381666889414, 7194140.87648225389421 ], [ 682014.85834504943341, 7194130.010560967028141 ], [ 682002.543716602143832, 7194125.664194716140628 ], [ 681992.402272057603113, 7194118.420291136950254 ], [ 681974.654678275343031, 7194098.137281747534871 ], [ 681968.135119768907316, 7194078.578749862499535 ], [ 681962.339909281698056, 7194041.634740951471031 ], [ 681956.544828884419985, 7194013.383470469154418 ], [ 681952.922809444949962, 7194003.242028513923287 ], [ 681962.339895165059716, 7193982.959012594074011 ], [ 681964.513076976174489, 7193971.368736838921905 ], [ 681972.481461781659164, 7193965.573533305898309 ], [ 681984.07173610967584, 7193961.951641508378088 ], [ 682001.457084211171605, 7193959.053972518071532 ], [ 682016.669375364785083, 7193954.707727645523846 ], [ 682025.36211149697192, 7193945.290634928271174 ], [ 682033.330365861300379, 7193929.353988569229841 ], [ 682033.33036254835315, 7193915.590528734028339 ], [ 682033.330357841216028, 7193896.0318672824651 ], [ 682031.157170452643186, 7193884.441592575982213 ], [ 682036.227889584493823, 7193875.024500731378794 ], [ 682045.644977916497737, 7193865.607407841831446 ], [ 682055.062066073878668, 7193855.465962748974562 ], [ 682059.408434226759709, 7193851.119592491537333 ], [ 682065.203633035765961, 7193839.529315868392587 ], [ 682068.825519768055528, 7193830.112224373966455 ], [ 682074.620719447499141, 7193822.143964758142829 ], [ 682084.037808650871739, 7193816.34876087680459 ], [ 682093.454898550291546, 7193813.451221803203225 ], [ 682113.013431421713904, 7193811.27803248912096 ], [ 682143.075771527248435, 7193793.892548406496644 ], [ 682185.090502767707221, 7193792.443833884783089 ], [ 682209.719757386017591, 7193791.719347750768065 ], [ 682225.656403176952153, 7193797.51454552449286 ], [ 682237.971032144618221, 7193804.03409637324512 ], [ 682251.734492464805953, 7193806.207277663052082 ], [ 682261.151583410217427, 7193807.655979797244072 ], [ 682273.466340553713962, 7193814.899882847443223 ], [ 682283.607785446452908, 7193823.592618826776743 ], [ 682302.441970307612792, 7193838.804906524717808 ], [ 682312.583541106665507, 7193838.804904080927372 ], [ 682324.173815604299307, 7193835.907236479222775 ], [ 682337.212793630198576, 7193829.387807519175112 ], [ 682348.07871610368602, 7193827.214620294980705 ], [ 682361.842175899771973, 7193827.214616976678371 ], [ 682379.952004896476865, 7193827.214612609706819 ], [ 682396.613002364756539, 7193830.836497601121664 ], [ 682437.178902778425254, 7193835.907209232449532 ], [ 682469.776543420972303, 7193834.458496963605285 ], [ 682489.335203943541273, 7193830.836475236341357 ], [ 682505.996197219006717, 7193817.073011382482946 ], [ 682526.279077219078317, 7193793.892456031404436 ], [ 682544.388902717269957, 7193779.404639624990523 ], [ 682552.357286642771214, 7193769.987547079101205 ], [ 682558.152358142659068, 7193761.29480725992471 ], [ 682559.601186694810167, 7193745.35816247202456 ], [ 682570.466974348528311, 7193714.933703377842903 ], [ 682595.096352766500786, 7193696.823996390216053 ], [ 682605.962272613076493, 7193683.784886136651039 ], [ 682613.930526787531562, 7193667.123887575231493 ], [ 682613.930524339200929, 7193656.982316752895713 ], [ 682602.340245297062211, 7193641.045803114771843 ], [ 682597.26951900171116, 7193620.762790692970157 ], [ 682587.852425783290528, 7193609.896869942545891 ], [ 682580.608514192164876, 7193586.716321240179241 ], [ 682582.057212995830923, 7193563.535770442336798 ], [ 682581.332857998437248, 7193551.945495390333235 ], [ 682578.435318575822748, 7193541.079701066948473 ], [ 682568.293870012275875, 7193517.174672864377499 ], [ 682557.427941948873922, 7193496.167309643700719 ], [ 682550.546140709659085, 7193465.742854842916131 ], [ 682542.577877795207314, 7193446.184323327615857 ], [ 682541.129040151135996, 7193424.452477634884417 ], [ 682544.026693585095927, 7193377.367023844271898 ], [ 682548.372930760728195, 7193360.706026163883507 ], [ 682548.372925689443946, 7193339.698660326190293 ], [ 682542.577847898355685, 7193322.313184892758727 ], [ 682538.231475380947813, 7193308.54972611553967 ], [ 682537.507120558992028, 7193297.683931272476912 ], [ 682536.782638086355291, 7193288.26684083044529 ], [ 682534.609580090385862, 7193282.471639743074775 ], [ 682534.247337193228304, 7193270.881364611908793 ], [ 682529.176613526418805, 7193261.464275218546391 ], [ 682525.554594081826508, 7193251.322833275422454 ], [ 682518.31068406929262, 7193234.6618383936584 ], [ 682511.791128002572805, 7193225.24474935233593 ], [ 682509.61794183193706, 7193218.725196064449847 ], [ 682512.515605579712428, 7193214.378826159983873 ], [ 682519.759510697680525, 7193210.756807405501604 ], [ 682532.79848906013649, 7193205.686082849279046 ], [ 682545.837595422752202, 7193200.615358293056488 ], [ 682559.601052060723305, 7193187.576247351244092 ], [ 682571.915676299715415, 7193174.537264756858349 ], [ 682588.576669209869578, 7193159.324968509376049 ], [ 682594.371867479523644, 7193145.561507289297879 ], [ 682598.71823212725576, 7193126.727325011044741 ], [ 682600.16693232790567, 7193109.341975834220648 ], [ 682611.75719981896691, 7193077.468684187158942 ], [ 682619.001102486159652, 7193063.705222617834806 ], [ 682621.898764485027641, 7193052.114946702495217 ], [ 682631.315849824575707, 7193030.383226396515965 ], [ 682641.457291036844254, 7193023.863670138642192 ], [ 682653.047565173357725, 7193019.51729813311249 ], [ 682665.362191156949848, 7193013.722221551463008 ], [ 682674.054927095538005, 7193003.580648636445403 ], [ 682679.84999788866844, 7192991.99037202168256 ], [ 682681.661069161724299, 7192986.919650175608695 ], [ 682678.763530614553019, 7192979.6757448669523 ], [ 682670.070789602934383, 7192968.809823951683939 ], [ 682662.102401839219965, 7192962.290272068232298 ], [ 682654.858493749750778, 7192953.597663406282663 ], [ 682649.787769733229652, 7192942.731741615571082 ], [ 682643.992693691747263, 7192932.590300201438367 ], [ 682628.056046865996905, 7192922.448733235709369 ], [ 682615.016938234679401, 7192918.102367179468274 ], [ 682587.490016051800922, 7192907.236578810960054 ], [ 682568.655833653989248, 7192902.165733952075243 ], [ 682544.02657486917451, 7192885.504743276163936 ], [ 682520.121543605346233, 7192882.607212240807712 ], [ 682509.980100121349096, 7192879.709677884355187 ], [ 682496.940991492476314, 7192875.363311825320125 ], [ 682486.799546785186976, 7192867.395056061446667 ], [ 682476.658101203851402, 7192855.804783296771348 ], [ 682471.587247615330853, 7192838.419307699427009 ], [ 682462.170155109139159, 7192830.451051761396229 ], [ 682452.028711624909192, 7192827.553389403969049 ], [ 682447.68234155792743, 7192823.931501448154449 ], [ 682449.131172383436933, 7192817.411947292275727 ], [ 682451.304353834828362, 7192804.372839152812958 ], [ 682452.753055435605347, 7192792.782563589513302 ], [ 682455.65071813412942, 7192784.089952481910586 ], [ 682459.272604681318626, 7192773.948380797170103 ], [ 682460.721433758502826, 7192760.184920633211732 ], [ 682460.721429564990103, 7192742.799571814015508 ], [ 682461.445778443245217, 7192729.036111825145781 ], [ 682467.965328561374918, 7192713.823818037286401 ], [ 682474.484880252624862, 7192705.131206055171788 ], [ 682482.815374518511817, 7192688.470079429447651 ], [ 682482.815372420824133, 7192679.777469020336866 ], [ 682482.815366826835088, 7192656.596918599680066 ], [ 682479.917826362187043, 7192641.384627083316445 ], [ 682476.29580657184124, 7192629.79435274656862 ], [ 682474.122618481749669, 7192615.306541259400547 ], [ 682471.225074695656076, 7192586.330917932093143 ], [ 682464.705509897321463, 7192540.69417086802423 ], [ 682461.807961217826232, 7192491.435533931478858 ], [ 682456.737234236672521, 7192468.254984738305211 ], [ 682452.390860675484873, 7192450.145156775601208 ], [ 682450.942021812777966, 7192423.342589707113802 ], [ 682450.94201779330615, 7192406.681593097746372 ], [ 682451.666365972603671, 7192390.020596312358975 ], [ 682457.099324140581302, 7192376.257135194726288 ], [ 682462.894522581831552, 7192363.218026189133525 ], [ 682467.965241348487325, 7192352.35222995840013 ], [ 682474.48479164019227, 7192337.864416379481554 ], [ 682479.555511280195788, 7192330.620381152257323 ], [ 682491.145783832645975, 7192319.754583349451423 ], [ 682505.633592653437518, 7192306.715472248382866 ], [ 682521.570234745042399, 7192297.298377797007561 ], [ 682543.301948499167338, 7192279.913023745641112 ], [ 682565.033788329688832, 7192254.55928348749876 ], [ 682580.245946374139749, 7192229.20554480701685 ], [ 682592.560569021734409, 7192209.646880427375436 ], [ 682602.702136125415564, 7192194.434713774360716 ], [ 682610.670390632818453, 7192179.222419645637274 ], [ 682610.670388359110802, 7192169.805329042486846 ], [ 682609.221681862836704, 7192161.112590989097953 ], [ 682602.702125630574301, 7192150.971149761229753 ], [ 682602.702121782582253, 7192135.034505356103182 ], [ 682599.804581840871833, 7192121.995526454411447 ], [ 682601.977635637973435, 7192110.405250726267695 ], [ 682607.048483275691979, 7192103.16134350001812 ], [ 682617.91427615028806, 7192094.468602474778891 ], [ 682628.055845700204372, 7192089.397878625430167 ], [ 682643.630245411302894, 7192070.563565660268068 ], [ 682657.39370132680051, 7192054.627045935019851 ], [ 682672.605860938550904, 7192035.792861057445407 ], [ 682680.574242568109185, 7192016.958549932576716 ], [ 682681.298589691868983, 7191995.951183956116438 ], [ 682673.330327488249168, 7191979.290189278312027 ], [ 682671.88149264222011, 7191969.148746829479933 ], [ 682665.361937110545114, 7191961.904842402786016 ], [ 682654.496140215662308, 7191953.936458827927709 ], [ 682650.149768927833065, 7191945.243849476799369 ], [ 682648.700934257474728, 7191935.826631227508187 ], [ 682648.700933032552712, 7191930.755909827537835 ], [ 682649.425282957148738, 7191921.338819053024054 ], [ 682650.87411220325157, 7191908.299839103594422 ], [ 682650.874110102653503, 7191899.607100702822208 ], [ 682654.49612534372136, 7191892.363193829543889 ], [ 682658.118013283703476, 7191888.016823757439852 ], [ 682665.361918739043176, 7191885.843637408688664 ], [ 682672.605824367143214, 7191884.394803257659078 ], [ 682690.715652443002909, 7191880.772909882478416 ], [ 682707.376647770870477, 7191875.702184460125864 ], [ 682724.762122596614063, 7191867.733794059604406 ], [ 682732.006028225878254, 7191866.285087909549475 ], [ 682737.801101109944284, 7191863.387421708554029 ], [ 682749.391374350292608, 7191855.419160710647702 ], [ 682763.154833411914296, 7191852.521620583720505 ], [ 682781.264655356178991, 7191823.545864212326705 ], [ 682794.303760992828757, 7191815.577602861449122 ], [ 682829.798934837570414, 7191799.640949884429574 ], [ 682828.350101565825753, 7191796.018933235667646 ], [ 682826.176914520561695, 7191785.877490961924195 ], [ 682820.019596460275352, 7191767.767663455568254 ], [ 682819.295242336462252, 7191759.799405433237553 ], [ 682806.256130923051387, 7191743.862764189019799 ], [ 682799.012219691416249, 7191722.130919946357608 ], [ 682798.287861540098675, 7191697.501665329560637 ], [ 682781.626859037787654, 7191672.872286565601826 ], [ 682759.895011353539303, 7191665.628385820426047 ], [ 682742.509658407303505, 7191648.243041228502989 ], [ 682725.124176235171035, 7191625.786847238428891 ], [ 682720.777923496905714, 7191577.97691510990262 ], [ 682712.085178124252707, 7191549.00129322707653 ], [ 682696.872875647852197, 7191506.262213124893606 ], [ 682692.526502437423915, 7191489.601089586503804 ], [ 682695.786271977238357, 7191459.176632417365909 ], [ 682697.235102621954866, 7191451.932726072147489 ], [ 682697.235097546712495, 7191430.925360286608338 ], [ 682696.510733275092207, 7191380.942370696924627 ], [ 682695.786248526535928, 7191362.10806168615818 ], [ 682701.581448531476781, 7191355.588634491898119 ], [ 682710.274184974841774, 7191347.620246199890971 ], [ 682711.722886568983085, 7191336.029970658011734 ], [ 682709.549699877155945, 7191327.337360789999366 ], [ 682702.305790927959606, 7191315.022607151418924 ], [ 682697.235067271161824, 7191305.605517784133554 ], [ 682692.164342213189229, 7191290.393354821950197 ], [ 682692.888690211577341, 7191273.007877863943577 ], [ 682695.786224375944585, 7191262.141954174265265 ], [ 682701.581421929528005, 7191245.480956187471747 ], [ 682706.652140685357153, 7191234.615159973502159 ], [ 682715.344875902752392, 7191221.576050287112594 ], [ 682721.864427053602412, 7191210.71012572105974 ], [ 682731.281513767549768, 7191194.77347906306386 ], [ 682744.320489817997441, 7191180.285663925111294 ], [ 682760.619367955252528, 7191154.207572815008461 ], [ 682761.343717176117934, 7191141.892945252358913 ], [ 682762.792546243406832, 7191128.12948511634022 ], [ 682770.760798461502418, 7191103.500100418925285 ], [ 682770.036443288321607, 7191091.185473207384348 ], [ 682767.863255369127728, 7191077.42201394867152 ], [ 682769.311957138357684, 7191066.556090611033142 ], [ 682774.38280424149707, 7191057.138998797163367 ], [ 682780.90222826518584, 7191049.895091230981052 ], [ 682790.319316202774644, 7191039.029165966436267 ], [ 682798.287695366656408, 7191010.053540077060461 ], [ 682804.08276193914935, 7190981.077786711975932 ], [ 682822.917063007131219, 7190947.755789002403617 ], [ 682827.263300862279721, 7190933.992328172549605 ], [ 682827.263297535129823, 7190920.228868389502168 ], [ 682832.334142711129971, 7190902.843518387526274 ], [ 682830.160955317202024, 7190891.253243730403483 ], [ 682822.192566172569059, 7190878.938490273430943 ], [ 682817.121842867229134, 7190870.970233311876655 ], [ 682810.602286117500626, 7190858.65560750477016 ], [ 682803.358376820804551, 7190844.892149476334453 ], [ 682802.634021822130308, 7190833.301874468103051 ], [ 682804.082723938859999, 7190823.884783533401787 ], [ 682815.672993661253713, 7190801.428582564927638 ], [ 682822.917025704169646, 7190793.460322625935078 ], [ 682829.43645077617839, 7190790.562656253576279 ], [ 682846.821927151526324, 7190789.113947652280331 ], [ 682854.065831019543111, 7190780.421207513660192 ], [ 682854.790181640302762, 7190773.90165354963392 ], [ 682854.065827690297738, 7190766.65774773620069 ], [ 682852.616991443908773, 7190750.721103711985052 ], [ 682854.065819984301925, 7190734.784458987414837 ], [ 682859.860891456715763, 7190726.091847201809287 ], [ 682870.002462037024088, 7190725.367364548146725 ], [ 682881.592736485879868, 7190722.469824952073395 ], [ 682889.560994651517831, 7190722.469823024235666 ], [ 682897.529379064915702, 7190715.225915108807385 ], [ 682906.946468046982773, 7190708.706359041854739 ], [ 682915.639077707892284, 7190705.808820143342018 ], [ 682925.056165988440625, 7190696.391727280803025 ], [ 682936.646437809802592, 7190682.628264700993896 ], [ 682937.370916078565642, 7190674.660006338730454 ], [ 682935.922081582364626, 7190665.967268304899335 ], [ 682926.504988744854927, 7190656.550179997459054 ], [ 682917.087895557750016, 7190645.684259294532239 ], [ 682913.465876471367665, 7190636.991521785967052 ], [ 682902.424971848260611, 7190613.739934077486396 ], [ 682898.363143600756302, 7190600.742043495178223 ], [ 682899.987968576140702, 7190569.87201863527298 ], [ 682891.864179760683328, 7190526.004232570528984 ], [ 682891.86417308007367, 7190498.383744997903705 ], [ 682880.49111084965989, 7190485.385856185108423 ], [ 682865.868511343491264, 7190470.763263711705804 ], [ 682849.621079397154972, 7190456.140671632252634 ], [ 682843.122130885021761, 7190444.767486087977886 ], [ 682834.998474786640145, 7190420.396409371867776 ], [ 682830.124228357337415, 7190399.274868762120605 ], [ 682831.749054513406008, 7190373.27921324595809 ], [ 682831.749050191603601, 7190355.407080348581076 ], [ 682833.373747169505805, 7190324.537055499851704 ], [ 682830.124203608720563, 7190296.916568720713258 ], [ 682833.373738132650033, 7190287.168213264085352 ], [ 682852.870572668733075, 7190275.795021435245872 ], [ 682880.491057015839033, 7190262.79712319560349 ], [ 682893.488945396267809, 7190249.799356494098902 ], [ 682901.612590491422452, 7190228.677684742957354 ], [ 682906.486822379985824, 7190189.684136890806258 ], [ 682904.861984044313431, 7190165.31305861286819 ], [ 682898.363034746609628, 7190150.690464181825519 ], [ 682890.239379042992368, 7190127.944219920784235 ], [ 682890.23937354166992, 7190105.197845697402954 ], [ 682879.6785952138016, 7190074.327951805666089 ], [ 682879.678580281557515, 7190012.58803091570735 ], [ 682879.678568493225612, 7189963.846001585014164 ], [ 682882.928100265096873, 7189942.724459024146199 ], [ 682897.55069268704392, 7189928.101859489455819 ], [ 682904.049634122173302, 7189910.229725032113492 ], [ 682902.42479853820987, 7189897.231833871454 ], [ 682889.427030696999282, 7189879.359832129441202 ], [ 682871.554890002822503, 7189846.865107569843531 ], [ 682863.431231159716845, 7189811.120971767231822 ], [ 682848.808615952963009, 7189731.50892155431211 ], [ 682842.309660764993168, 7189692.515248476527631 ], [ 682837.435410018777475, 7189653.521703006699681 ], [ 682824.437511826632544, 7189625.901218608021736 ], [ 682824.437506719725206, 7189604.779548842459917 ], [ 682817.938553106971085, 7189572.284949544817209 ], [ 682817.938544071163051, 7189534.915979346260428 ], [ 682808.190183151978999, 7189508.920326610095799 ], [ 682811.439584959181957, 7189479.675005847588181 ], [ 682811.439577104174532, 7189447.180404981598258 ], [ 682811.439568460453302, 7189411.436139232479036 ], [ 682802.503495371551253, 7189383.815653862431645 ], [ 682796.004672902519815, 7189364.318818116560578 ], [ 682779.757223700871691, 7189278.207950569689274 ], [ 682783.006749579217285, 7189232.715329388156533 ], [ 682784.631448911968619, 7189211.593787241727114 ], [ 682802.503450984251685, 7189200.220595822669566 ], [ 682823.625115181086585, 7189177.47434451803565 ], [ 682836.622875151108019, 7189162.85174539219588 ], [ 682838.247702874243259, 7189143.354907691478729 ], [ 682826.874511879286729, 7189127.107610014267266 ], [ 682813.876617624191567, 7189115.734426060691476 ], [ 682789.505664696916938, 7189105.986077298410237 ], [ 682776.507772406563163, 7189102.73654355481267 ], [ 682768.383991074748337, 7189089.738653980195522 ], [ 682758.635629770695232, 7189062.118168815039098 ], [ 682750.511971726547927, 7189029.623569932766259 ], [ 682735.889374606544152, 7189024.74933214019984 ], [ 682714.767832523211837, 7189023.124632801860571 ], [ 682701.769939450197853, 7189016.625690174289048 ], [ 682700.145231478381902, 7189002.003094587475061 ], [ 682700.145227552158758, 7188985.755666164681315 ], [ 682708.268872636603191, 7188964.634122453629971 ], [ 682711.518275622627698, 7188940.263171036727726 ], [ 682701.769915500888601, 7188917.516799204982817 ], [ 682688.772019288619049, 7188898.019965041428804 ], [ 682688.772013008012436, 7188872.024309969507158 ], [ 682698.520359388436191, 7188837.90487433411181 ], [ 682696.895641995361075, 7188784.288604149594903 ], [ 682677.398794933222234, 7188743.670229816809297 ], [ 682656.27724657591898, 7188716.049747413024306 ], [ 682651.403002517297864, 7188704.676561499014497 ], [ 682656.277239903574809, 7188688.429259905591607 ], [ 682669.275130222784355, 7188683.555015441030264 ], [ 682693.646208781283349, 7188683.555009553208947 ], [ 682731.015052012284286, 7188688.429241847246885 ], [ 682761.885077104321681, 7188691.678643269464374 ], [ 682792.754971446702257, 7188683.554985600523651 ], [ 682817.126050003804266, 7188683.554979708977044 ], [ 682831.748648294480518, 7188693.303458821959794 ], [ 682839.872298481175676, 7188693.303456856869161 ], [ 682855.307308277115226, 7188683.554970474913716 ], [ 682855.307301989523694, 7188657.55918741133064 ], [ 682855.307296488434076, 7188634.81294123083353 ], [ 682850.4330524278339, 7188623.439755320549011 ], [ 682840.684565875446424, 7188607.192457263357937 ], [ 682821.187852310482413, 7188589.320329124107957 ], [ 682804.940418834332377, 7188568.19879131577909 ], [ 682793.567355454899371, 7188550.32678921148181 ], [ 682785.443560773506761, 7188482.087924646213651 ], [ 682778.944734386401251, 7188446.343788513913751 ], [ 682769.196249016677029, 7188434.970603785477579 ], [ 682746.449997405987233, 7188412.224363109096885 ], [ 682735.076807208824903, 7188399.226474331691861 ], [ 682723.703613870893605, 7188373.230694025754929 ], [ 682710.705845666932873, 7188353.7338598780334 ], [ 682712.330545392120257, 7188334.2370221959427 ], [ 682715.579950338811614, 7188317.989721002057195 ], [ 682722.078893728088588, 7188308.241236786358058 ], [ 682723.70359423768241, 7188291.993935987353325 ], [ 682728.577833190793172, 7188282.245580167509615 ], [ 682731.827368885511532, 7188277.371338059194386 ], [ 682744.82526076794602, 7188278.996039358898997 ], [ 682767.571506876032799, 7188278.996033860370517 ], [ 682811.439293870003894, 7188275.746614374220371 ], [ 682827.686720267636701, 7188267.622832240536809 ], [ 682843.934018665924668, 7188259.499178109690547 ], [ 682856.931908190250397, 7188251.375524763017893 ], [ 682868.305092493770644, 7188240.002334930002689 ], [ 682892.67603753414005, 7188217.256082867272198 ], [ 682907.298630313831381, 7188204.258187806233764 ], [ 682918.671813829452731, 7188189.635589090175927 ], [ 682920.296511975931935, 7188163.639805650338531 ], [ 682928.420157832326367, 7188145.767798839136958 ], [ 682944.667581867659464, 7188127.895662065595388 ], [ 682959.290174252702855, 7188113.273062564432621 ], [ 682973.912764670676552, 7188090.526812862604856 ], [ 682978.786999294534326, 7188062.906324199400842 ], [ 682982.036404233425856, 7188046.65889501105994 ], [ 682993.409585385699756, 7188022.287941657006741 ], [ 682989.347754397429526, 7187997.916864039376378 ], [ 682973.100319356191903, 7187970.296380491927266 ], [ 682966.601364569389261, 7187932.927539945580065 ], [ 682969.850892791873775, 7187897.183273482136428 ], [ 682979.599238752387464, 7187861.439133448526263 ], [ 682989.347715859068558, 7187838.692884931340814 ], [ 683013.718660096870735, 7187812.697095999494195 ], [ 683034.840202148538083, 7187814.321795326657593 ], [ 683054.337040159152821, 7187817.571327485144138 ], [ 683078.708119475631975, 7187820.820730462670326 ], [ 683099.829663101700135, 7187828.944503545761108 ], [ 683109.578017319669016, 7187827.319668747484684 ], [ 683117.7016643488314, 7187814.321775261312723 ], [ 683117.701658838428557, 7187791.575529105961323 ], [ 683107.953297537635081, 7187763.955043995752931 ], [ 683090.081156488624401, 7187729.835615093819797 ], [ 683088.456446150434203, 7187705.464664896018803 ], [ 683080.332791254506446, 7187685.967829590663314 ], [ 683060.835949314525351, 7187666.470997039228678 ], [ 683047.838054293533787, 7187651.848404234275222 ], [ 683044.588640309986658, 7187630.72686330974102 ], [ 683044.588633622508496, 7187603.106375843286514 ], [ 683051.08757424831856, 7187581.984832558780909 ], [ 683055.961681258515455, 7187555.989048354327679 ], [ 683054.33697288937401, 7187539.741620356217027 ], [ 683052.712265701731667, 7187528.368561677634716 ], [ 683034.840130559401587, 7187518.620083369314671 ], [ 683005.594936769455671, 7187510.496440255083144 ], [ 682997.471283450606279, 7187497.498550707474351 ], [ 682986.098092475556768, 7187481.251253071241081 ], [ 682992.59703034919221, 7187448.756522720679641 ], [ 683000.720675408840179, 7187427.634979048743844 ], [ 683007.219616426969878, 7187408.138140212744474 ], [ 683026.716450099018402, 7187393.515539543703198 ], [ 683024.279327088501304, 7187383.767185501754284 ], [ 683017.780378597555682, 7187372.394000003114343 ], [ 683003.157780328998342, 7187362.645648911595345 ], [ 682988.535180094535463, 7187344.77351962402463 ], [ 682985.285766113433056, 7187323.651978710666299 ], [ 682975.537273676949553, 7187283.03360210545361 ], [ 682973.912557838484645, 7187235.916277785785496 ], [ 682983.660904578864574, 7187203.421546656638384 ], [ 682986.910435548867099, 7187179.050595297478139 ], [ 682990.159839696483687, 7187159.553757251240313 ], [ 682999.908316401182674, 7187135.182676320895553 ], [ 682999.908313254243694, 7187122.184784814715385 ], [ 682998.283474921481684, 7187097.813834635540843 ], [ 682985.285705945687369, 7187075.067591648548841 ], [ 682975.537217051023617, 7187049.071810999885201 ], [ 682977.161916373763233, 7187027.950268914923072 ], [ 682988.535095543367788, 7186995.455537403002381 ], [ 683006.407225165516138, 7186982.457641573622823 ], [ 683024.279226393206045, 7186967.835041306912899 ], [ 683030.778167407610454, 7186948.338202480226755 ], [ 683022.654511732980609, 7186925.591958317905664 ], [ 683008.031911899684928, 7186909.344533480703831 ], [ 682998.283424974535592, 7186891.472531026229262 ], [ 682982.036109303124249, 7186828.107909892685711 ], [ 682972.287746054469608, 7186792.363646628335118 ], [ 682951.166195773286745, 7186756.619514117948711 ], [ 682928.419814242050052, 7186725.749623312614858 ], [ 682912.172507622744888, 7186699.753844246268272 ], [ 682897.54990661656484, 7186678.632306102663279 ], [ 682873.178823407855816, 7186659.135474751703441 ], [ 682852.057280602282844, 7186654.261238548904657 ], [ 682842.308926005032845, 7186654.261240907013416 ], [ 682829.311038472689688, 7186670.50867242179811 ], [ 682814.68844257784076, 7186670.508675958961248 ], [ 682813.063608180498704, 7186662.384898165240884 ], [ 682813.063605430419557, 7186651.011839104816318 ], [ 682814.68843471922446, 7186638.013947213999927 ], [ 682816.313136795535684, 7186628.265464199706912 ], [ 682821.999658843502402, 7186597.395566521212459 ], [ 682818.75024133361876, 7186561.651429692283273 ], [ 682818.750235440791585, 7186537.280351139605045 ], [ 682823.624469666974619, 7186508.035158098675311 ], [ 682815.500687574734911, 7186491.787859693169594 ], [ 682791.129730410175398, 7186464.167250163853168 ], [ 682787.880187651724555, 7186439.796300398185849 ], [ 682786.255478505045176, 7186420.299463551491499 ], [ 682791.129713909002021, 7186395.928511824458838 ], [ 682794.379118844866753, 7186379.681082673370838 ], [ 682805.752302334178239, 7186365.058483993634582 ], [ 682821.99960108473897, 7186358.559534318745136 ], [ 682843.121139165596105, 7186343.936933282762766 ], [ 682852.86961861513555, 7186330.939039433375001 ], [ 682852.869614291703328, 7186313.066906633786857 ], [ 682844.745958629762754, 7186290.320662489160895 ], [ 682836.622176147298887, 7186272.448659654706717 ], [ 682830.123225310468115, 7186251.326991554349661 ], [ 682831.748050669441, 7186222.081799309700727 ], [ 682836.622156892088242, 7186192.836606279015541 ], [ 682826.873797193053178, 7186171.715066967532039 ], [ 682807.376955690444447, 7186153.84293888695538 ], [ 682768.383276616223156, 7186134.346111082471907 ], [ 682744.012319463421591, 7186106.725629560649395 ], [ 682732.639129300718196, 7186093.727740824222565 ], [ 682719.641232742229477, 7186072.606202298775315 ], [ 682701.769223675713874, 7186054.734201824292541 ], [ 682690.396033121738583, 7186040.111608651466668 ], [ 682685.521788294427097, 7186025.489013906568289 ], [ 682690.396021343185566, 7185991.369579577818513 ], [ 682687.146607375354506, 7185970.247910698875785 ], [ 682670.89917003212031, 7185932.879072606563568 ], [ 682670.899165713926777, 7185915.006939815357327 ], [ 682682.272348412545398, 7185897.134932277724147 ], [ 682690.395992285455577, 7185871.139147346839309 ], [ 682718.016472938703373, 7185843.518653269857168 ], [ 682731.014363208552822, 7185838.644408822059631 ], [ 682766.758499120711349, 7185832.145454440265894 ], [ 682805.75217267870903, 7185828.896036140620708 ], [ 682849.619960708543658, 7185830.520729966461658 ], [ 682885.364098191843368, 7185830.520721320062876 ], [ 682909.735174690023996, 7185822.397065246477723 ], [ 682934.106248437426984, 7185802.90022212639451 ], [ 682942.229896233067848, 7185793.151865549385548 ], [ 682963.351437048753724, 7185789.902323566377163 ], [ 682986.09768111538142, 7185781.778667884878814 ], [ 683003.969808741821907, 7185760.657121900469065 ], [ 683033.21499577711802, 7185741.160277597606182 ], [ 683055.961238267249428, 7185726.537676174193621 ], [ 683094.954907490871847, 7185705.416125073097646 ], [ 683120.950687627890147, 7185694.042931732721627 ], [ 683150.195873082848266, 7185668.047141686081886 ], [ 683169.692704738350585, 7185645.300890872254968 ], [ 683181.065758240758441, 7185622.554642027243972 ], [ 683190.814236887730658, 7185606.307211317121983 ], [ 683190.81423098128289, 7185581.936260795220733 ], [ 683203.812112973770127, 7185542.942583210766315 ], [ 683213.56045928678941, 7185508.823147717863321 ], [ 683228.183042557328008, 7185456.831706266850233 ], [ 683246.055164262303151, 7185411.339081768877804 ], [ 683263.92728635808453, 7185367.471289708279073 ], [ 683278.549873167881742, 7185330.102316172793508 ], [ 683289.922926267609, 7185305.731362901628017 ], [ 683301.29610697273165, 7185279.735577195882797 ], [ 683312.669286101474427, 7185247.24084575753659 ], [ 683312.669266796787269, 7185167.628792489878833 ], [ 683319.168205421650782, 7185138.383599104359746 ], [ 683332.165966099710204, 7185127.010536914691329 ], [ 683340.289740305393934, 7185110.763106606900692 ], [ 683341.914441976114176, 7185099.389919175766408 ], [ 683351.6627867014613, 7185058.771665968932211 ], [ 683354.912321195355617, 7185049.023182574659586 ], [ 683379.283269270206802, 7185039.274822063744068 ], [ 683406.903753415681422, 7185026.276923893019557 ], [ 683439.398478058516048, 7185010.029487673193216 ], [ 683468.643667417694815, 7185000.281125972047448 ], [ 683491.390041033737361, 7184998.656416019424796 ], [ 683485.854797498672269, 7184957.162006292492151 ], [ 683466.283190119778737, 7184882.137223030440509 ], [ 683420.615949567290954, 7184764.707314802333713 ], [ 683384.734439609455876, 7184647.277276217937469 ], [ 683374.948677374282852, 7184516.799547845497727 ], [ 683366.004524170886725, 7184422.624036950990558 ], [ 683363.449123997357674, 7184391.703325344249606 ], [ 683352.114972540643066, 7184373.274011190980673 ], [ 683342.329109216574579, 7184353.702424358576536 ], [ 683332.543377849273384, 7184350.440473864786327 ], [ 683293.399943541153334, 7184350.44048335775733 ], [ 683221.637242969940417, 7184376.535995695739985 ], [ 683166.184177109156735, 7184396.107726342976093 ], [ 683117.255015381611884, 7184409.155421668663621 ], [ 683084.635616370826028, 7184415.679335305467248 ], [ 683045.492310059722513, 7184415.679344786331058 ], [ 683025.920592114096507, 7184412.417396658100188 ], [ 683012.872902358416468, 7184386.321904873475432 ], [ 683009.61094081227202, 7184350.440552119165659 ], [ 683038.968368795118295, 7184268.89185132458806 ], [ 683065.063851023209281, 7184216.700855130329728 ], [ 683104.207270310376771, 7184154.723869177512825 ], [ 683143.350553686264902, 7184060.12748256418854 ], [ 683156.39822367974557, 7184004.67440867703408 ], [ 683166.184068813570775, 7183949.221335582435131 ], [ 683175.969910784624517, 7183880.720579031854868 ], [ 683195.541613695328124, 7183822.005550710484385 ], [ 683195.541597091825679, 7183753.504668541252613 ], [ 683156.398150958470069, 7183704.575641052797437 ], [ 683081.373472303152084, 7183626.288918477483094 ], [ 683052.01600564213004, 7183548.002312844619155 ], [ 683042.230134434765205, 7183495.811197390779853 ], [ 683022.658410195494071, 7183466.453754354268312 ], [ 683019.396454970003106, 7183456.667896552011371 ], [ 683016.134625376667827, 7183437.096180161461234 ], [ 683016.134620636934415, 7183417.524590980261564 ], [ 683000.024008316337131, 7183351.038049282506108 ], [ 682999.997634911444038, 7183328.742747386917472 ], [ 683003.005250576185063, 7183324.105945433489978 ], [ 683026.941382206277922, 7183313.203024751506746 ], [ 683083.962062768288888, 7183286.885819979012012 ], [ 683095.10395247512497, 7183281.882295955903828 ], [ 683109.064786404953338, 7183274.753458688035607 ], [ 683111.144017941667698, 7183270.594865083694458 ], [ 683109.064782878383994, 7183260.198574835434556 ], [ 683091.539521725848317, 7183224.851113733835518 ], [ 683079.878840898978524, 7183201.014438253827393 ], [ 683065.994285150081851, 7183167.522848760709167 ], [ 683057.677223232691176, 7183152.076830690726638 ], [ 683049.06307395582553, 7183139.601181480102241 ], [ 683046.998046767665073, 7183128.664219087921083 ], [ 683039.557911268086173, 7183105.73890282958746 ], [ 683022.658313037129119, 7183065.234576217830181 ], [ 683013.118595964740962, 7183054.593039715662599 ], [ 683006.484865553793497, 7183051.799952583387494 ], [ 682996.56281505106017, 7183052.186899088323116 ], [ 682982.125308584654704, 7183057.600920014083385 ], [ 682975.23647659085691, 7183065.067419654689729 ], [ 682972.967037349008024, 7183070.653597679920495 ], [ 682968.602748757228255, 7183072.923039337620139 ], [ 682961.537786480272189, 7183071.156896580941975 ], [ 682957.142649065237492, 7183070.05827335268259 ], [ 682952.36760669213254, 7183065.41648128349334 ], [ 682952.716789473313838, 7183060.004767768085003 ], [ 682950.796532125910744, 7183056.513311309739947 ], [ 682947.130482448497787, 7183053.545631412416697 ], [ 682941.893360824207775, 7183052.498208405449986 ], [ 682938.401903868769296, 7183052.32361720316112 ], [ 682930.895342370029539, 7183054.243875527754426 ], [ 682923.563373677432537, 7183059.306534640491009 ], [ 682913.612780340947211, 7183064.543658431619406 ], [ 682905.228394315694459, 7183065.234604643657804 ], [ 682892.180578955099918, 7183048.924971492029727 ], [ 682885.656667722738348, 7183026.091303035616875 ], [ 682885.656659039901569, 7182990.209949558600783 ], [ 682915.014204719103873, 7182866.256117718294263 ], [ 682934.585786728770472, 7182836.898537231609225 ], [ 682963.943359241704457, 7182823.850718680769205 ], [ 683006.348611212917604, 7182794.493260665796697 ], [ 683006.348607264109887, 7182778.183496362529695 ], [ 683006.348603314370848, 7182761.873860059306026 ], [ 682999.824691292596981, 7182735.778238752856851 ], [ 682973.729062948026694, 7182712.944703047163785 ], [ 682954.157469888566993, 7182696.634943481534719 ], [ 682941.109656112734228, 7182686.849088058806956 ], [ 682918.276103886542842, 7182644.443834401667118 ], [ 682918.276098360307515, 7182621.610292379744351 ], [ 682923.363071323488839, 7182603.573038393631577 ], [ 682899.458805331261829, 7182588.067760091274977 ], [ 682888.810096526634879, 7182579.700912463478744 ], [ 682877.400937869446352, 7182564.488623212091625 ], [ 682869.034083820530213, 7182548.51562902610749 ], [ 682860.667357589001767, 7182531.782058641314507 ], [ 682858.385498601477593, 7182521.894056587480009 ], [ 682862.188503911718726, 7182506.681763658300042 ], [ 682869.794774767942727, 7182493.751198409125209 ], [ 682872.837204616633244, 7182481.581338467076421 ], [ 682872.837201120215468, 7182467.129622659645975 ], [ 682868.273484064848162, 7182451.156627554446459 ], [ 682862.949191179359332, 7182436.704913035966456 ], [ 682850.779324644943699, 7182406.280203967355192 ], [ 682844.694323881180026, 7182376.616197626106441 ], [ 682837.088172010611743, 7182352.276481056585908 ], [ 682831.003170695272274, 7182320.3304901169613 ], [ 682821.115161678055301, 7182293.70891750138253 ], [ 682816.551443521631882, 7182273.172337198629975 ], [ 682811.987727019470185, 7182259.481198699213564 ], [ 682804.381578831234947, 7182250.353774136863649 ], [ 682796.775431744288653, 7182245.790062774904072 ], [ 682783.844996375497431, 7182245.7900659032166 ], [ 682766.350721290102229, 7182251.875063734129071 ], [ 682750.377855887170881, 7182263.284350601956248 ], [ 682742.771584847825579, 7182275.454211642965674 ], [ 682736.686721284175292, 7182283.820935316383839 ], [ 682731.362432265770622, 7182285.342217003926635 ], [ 682726.038015797268599, 7182289.145227291621268 ], [ 682711.586300215683877, 7182289.905934987589717 ], [ 682694.852727671153843, 7182289.145234832540154 ], [ 682678.119153839536011, 7182283.060373274609447 ], [ 682646.173287676763721, 7182275.454234993085265 ], [ 682636.285285467864014, 7182276.975389783270657 ], [ 682621.072866238770075, 7182280.017954261042178 ], [ 682609.663713104440831, 7182287.624103019014001 ], [ 682598.254431968438439, 7182295.230251777917147 ], [ 682594.451297917403281, 7182307.400111900642514 ], [ 682594.451301409630105, 7182321.851827705278993 ], [ 682586.084583821822889, 7182340.867258733138442 ], [ 682581.520876329741441, 7182364.446402044035494 ], [ 682575.43588568281848, 7182376.616262719035149 ], [ 682567.829740802175365, 7182381.17997775785625 ], [ 682559.463018620968796, 7182381.179979779757559 ], [ 682545.771879235515371, 7182381.940559286624193 ], [ 682534.36259717901703, 7182385.743699042126536 ], [ 682501.275744042475708, 7182400.195422840304673 ], [ 682436.623319080797955, 7182432.90200706385076 ], [ 682428.256598000298254, 7182437.465722285211086 ], [ 682419.129171987180598, 7182438.986876890063286 ], [ 682411.523026003967971, 7182438.986878724768758 ], [ 682406.198608798207715, 7182439.747456211596727 ], [ 682400.874319960363209, 7182442.029314098879695 ], [ 682395.550030939280987, 7182443.550595783628523 ], [ 682390.225741550326347, 7182443.550597067922354 ], [ 682386.42260382429231, 7182440.508165184408426 ], [ 682379.577031652675942, 7182430.620164230465889 ], [ 682370.449603070970625, 7182421.492740029469132 ], [ 682365.886016045464203, 7182413.886595126241446 ], [ 682349.152438175631687, 7182391.068033154122531 ], [ 682340.025007391348481, 7182372.813182549551129 ], [ 682328.615721115493216, 7182359.122173694893718 ], [ 682313.403427314595319, 7182351.516031363978982 ], [ 682298.191006797365844, 7182349.234178431332111 ], [ 682289.824283699737862, 7182345.431043447926641 ], [ 682281.457431501359679, 7182337.064195263199508 ], [ 682268.526993378647603, 7182325.655043378472328 ], [ 682259.399564249208197, 7182314.245762575417757 ], [ 682241.905414588982239, 7182309.682053592987359 ], [ 682230.496131616062485, 7182309.682056343182921 ], [ 682209.198847165564075, 7182314.245774679817259 ], [ 682195.507707964046858, 7182315.767058381810784 ], [ 682181.816695844987407, 7182313.485205080360174 ], [ 682162.04056140803732, 7182308.160792445763946 ], [ 682130.855270530912094, 7182296.751644959673285 ], [ 682110.31868734699674, 7182289.145375906489789 ], [ 682094.345689718145877, 7182283.060514153912663 ], [ 682065.513425401411951, 7182279.72560822032392 ], [ 682057.075401226989925, 7182254.917667724192142 ], [ 682050.229829428019002, 7182246.550947169773281 ], [ 682035.3978242817102, 7182241.226533343084157 ], [ 682029.312959246104583, 7182243.508391407318413 ], [ 682018.664253021939658, 7182245.790250573307276 ], [ 682005.733817835571244, 7182246.550957887433469 ], [ 681998.127671120455489, 7182243.508398918434978 ], [ 681991.282100788201205, 7182241.226543967612088 ], [ 681980.633394013508223, 7182241.226546531543136 ], [ 681970.745390705298632, 7182238.18411611020565 ], [ 681967.702955714892596, 7182229.056690441444516 ], [ 681969.224233181215823, 7182216.886830873787403 ], [ 681974.548519087955356, 7182202.435113787651062 ], [ 681994.324520026450045, 7182184.940960423089564 ], [ 681996.606375704985112, 7182181.137822874821723 ], [ 682002.691366908606142, 7182171.249818807467818 ], [ 682003.451939808903262, 7182157.558679021894932 ], [ 682004.212513809558004, 7182148.431252439506352 ], [ 682004.212512160185724, 7182141.585810637101531 ], [ 682014.100510705262423, 7182124.852235855534673 ], [ 682019.42492699297145, 7182120.288521373644471 ], [ 682027.031068575917743, 7182102.033666740171611 ], [ 682033.876636527245864, 7182094.427519091404974 ], [ 682042.243357422179542, 7182089.103227676823735 ], [ 682046.046493494766764, 7182085.300089759752154 ], [ 682058.976924830465578, 7182068.56651424523443 ], [ 682069.625629587681033, 7182060.199661480262876 ], [ 682075.710493888705969, 7182054.875370614230633 ], [ 682089.401629786239937, 7182039.663075316697359 ], [ 682105.37462044460699, 7182016.844505469314754 ], [ 682116.783772113849409, 7182003.153491120785475 ], [ 682129.714332913048565, 7181992.504781208001077 ], [ 682135.03862138139084, 7181988.701770924963057 ], [ 682137.320475592277944, 7181978.813639775849879 ], [ 682143.40533824195154, 7181966.643779112026095 ], [ 682152.532762784161605, 7181959.037630911916494 ], [ 682161.660186958150007, 7181949.910202315077186 ], [ 682170.027034017955884, 7181936.979764900170267 ], [ 682183.718042278313078, 7181923.288622001186013 ], [ 682192.845465168706141, 7181908.836904005147517 ], [ 682197.409176887944341, 7181902.751909306272864 ], [ 682211.860889896866865, 7181891.342750823125243 ], [ 682224.791451424709521, 7181883.736601709388196 ], [ 682230.876316640875302, 7181882.215319842100143 ], [ 682236.961309489794075, 7181879.172885575331748 ], [ 682244.567453817697242, 7181872.327313942834735 ], [ 682247.609884222387336, 7181862.43931061308831 ], [ 682252.173593925312161, 7181847.987593716010451 ], [ 682260.160023598466069, 7181829.732738995924592 ], [ 682269.2874461193569, 7181813.75974060036242 ], [ 682290.584726151777431, 7181790.941297472454607 ], [ 682308.839573208242655, 7181767.362150876782835 ], [ 682345.589271484990604, 7181737.214550098404288 ], [ 682341.543571261339821, 7181724.066259624436498 ], [ 682361.322131431195885, 7181703.470281445421278 ], [ 682375.77384259714745, 7181684.45484896749258 ], [ 682387.943698087357916, 7181669.242554038763046 ], [ 682395.549840759835206, 7181655.551412610337138 ], [ 682397.831694965483621, 7181645.663409464992583 ], [ 682396.310412917635404, 7181638.817840036936104 ], [ 682392.507401910610497, 7181630.450990758836269 ], [ 682384.901253915624693, 7181622.084270400926471 ], [ 682375.013122430536896, 7181618.281135788187385 ], [ 682360.561406861292198, 7181619.041843474842608 ], [ 682355.997696978622116, 7181632.732856168411672 ], [ 682348.3915539404843, 7181644.902717197313905 ], [ 682340.024833602132276, 7181652.508993211202323 ], [ 682331.657987099722959, 7181667.721287220716476 ], [ 682317.96697866206523, 7181680.651725916191936 ], [ 682312.642563297180459, 7181689.018577396869659 ], [ 682294.943490947131068, 7181706.628186287358403 ], [ 682285.296640569809824, 7181707.164124755188823 ], [ 682279.175428143003955, 7181728.570723850280046 ], [ 682272.329859098186716, 7181731.61315830051899 ], [ 682265.484417685889639, 7181733.134312350302935 ], [ 682256.356991314794868, 7181733.134314550086856 ], [ 682241.642744615091942, 7181721.207786968909204 ], [ 682243.150584688177332, 7181719.888490259647369 ], [ 682255.821177306585014, 7181708.801636292599142 ], [ 682227.453551733400673, 7181699.667176738381386 ], [ 682214.522987823933363, 7181697.385323256254196 ], [ 682200.831847899244167, 7181695.864174157381058 ], [ 682182.577120956964791, 7181686.736752161756158 ], [ 682162.040410704910755, 7181682.933620115742087 ], [ 682150.631127741187811, 7181682.933622866868973 ], [ 682142.264405384194106, 7181682.173048682510853 ], [ 682133.136978280264884, 7181679.130618084222078 ], [ 682124.770255923038349, 7181678.369915900751948 ], [ 682111.839693480520509, 7181682.17305601388216 ], [ 682104.233550253557041, 7181693.582340841181576 ], [ 682085.978708140086383, 7181737.698068819008768 ], [ 682078.37256747786887, 7181759.756060441024601 ], [ 682073.808858690434135, 7181778.010786333121359 ], [ 682073.808861805009656, 7181790.941349728032947 ], [ 682074.569568752660416, 7181802.350504540838301 ], [ 682075.330155578441918, 7181846.466355942189693 ], [ 682069.655795230530202, 7181884.354751260951161 ], [ 682061.01157113420777, 7181893.287235690280795 ], [ 682052.305907038040459, 7181902.283080149441957 ], [ 682043.600370940868743, 7181911.278796611353755 ], [ 682055.934457592084073, 7181925.57050939463079 ], [ 682058.976891665020958, 7181930.894798060879111 ], [ 682062.019326655659825, 7181940.022223725914955 ], [ 682062.780033968156204, 7181952.952786940149963 ], [ 682062.780036901007406, 7181965.122646138072014 ], [ 682062.780041663907468, 7181984.898651333525777 ], [ 682052.13133654370904, 7181991.744223698973656 ], [ 682040.722056139376946, 7182002.392805246636271 ], [ 682032.355337443295866, 7182016.844523061066866 ], [ 682027.791626453632489, 7182025.971950558945537 ], [ 682025.509772241930477, 7182035.859953708946705 ], [ 682018.664203559979796, 7182040.423668555915356 ], [ 682007.254923154134303, 7182051.072378103621304 ], [ 681990.52135372988414, 7182063.242241332307458 ], [ 681968.46349711669609, 7182084.539532244205475 ], [ 681950.969354605884291, 7182109.639831057749689 ], [ 681940.320654791779816, 7182138.543265221640468 ], [ 681934.996371081797406, 7182162.122408706694841 ], [ 681934.235798911191523, 7182178.855981291271746 ], [ 681925.868952577118762, 7182194.828979507088661 ], [ 681916.74165676382836, 7182205.477560505270958 ], [ 681900.768661701702513, 7182210.04127755202353 ], [ 681885.556370287784375, 7182212.323137814179063 ], [ 681874.147087499499321, 7182213.083844758570194 ], [ 681867.30151735059917, 7182211.562566006556153 ], [ 681862.737802513875067, 7182204.716997303068638 ], [ 681855.892230717698112, 7182196.350276748649776 ], [ 681846.004226128221489, 7182187.983428926207125 ], [ 681810.255220792489126, 7182171.249865124933422 ], [ 681789.718507235171273, 7182153.755721464753151 ], [ 681770.703076637233607, 7182146.910156236030161 ], [ 681757.772640722570941, 7182144.628302745521069 ], [ 681747.884637232637033, 7182140.825168123468757 ], [ 681737.235928447218612, 7182132.458448483608663 ], [ 681732.006741896970198, 7182127.514448441565037 ], [ 681724.400593402446248, 7182117.055951518937945 ], [ 681717.745228011277504, 7182101.843533119186759 ], [ 681710.138950373977423, 7182086.631242946721613 ], [ 681702.73734415601939, 7182068.780744032934308 ], [ 681695.866046166513115, 7182067.947849466465414 ], [ 681688.511932037770748, 7182067.056459000334144 ], [ 681666.403504932532087, 7182044.797386462800205 ], [ 681638.831144613912329, 7182040.043471840210259 ], [ 681599.849499956239015, 7182029.584982458502054 ], [ 681529.560200696345419, 7182025.556198285892606 ], [ 681476.886391194537282, 7182009.75396678224206 ], [ 681341.79490108799655, 7182014.111888354644179 ], [ 681315.21236207021866, 7181997.021202240139246 ], [ 681284.31238574476447, 7181995.832729340530932 ], [ 681248.658359328634106, 7181991.078816642053425 ], [ 681228.454577785683796, 7181989.890341175720096 ], [ 681210.627500577364117, 7181987.513512825593352 ], [ 681193.989032247918658, 7181987.513516816310585 ], [ 681185.669798083836213, 7181987.513518810272217 ], [ 681176.162084465264343, 7181991.078834025189281 ], [ 681174.018602633150294, 7182019.132857912220061 ], [ 681172.478506239131093, 7182019.16140228882432 ], [ 681172.596784644527361, 7182045.748161249794066 ], [ 681172.596788346534595, 7182061.198277312330902 ], [ 681171.40831031720154, 7182070.705992095172405 ], [ 681171.408315161475912, 7182090.909901407547295 ], [ 681171.408319434151053, 7182108.736850096844137 ], [ 681167.842879360774532, 7182112.302163887768984 ], [ 681164.277439002413303, 7182114.679125367663801 ], [ 681146.450491500436328, 7182119.433050891384482 ], [ 681107.231281289015897, 7182119.433060290291905 ], [ 681068.01194307859987, 7182119.433069687336683 ], [ 681027.604121997253969, 7182108.736884554848075 ], [ 680988.384782362729311, 7182102.794492384418845 ], [ 680958.673156920587644, 7182095.663745624944568 ], [ 680923.019256793661043, 7182083.779079036787152 ], [ 680836.855647805845365, 7182073.082904846407473 ], [ 680788.128593986155465, 7182068.329123253934085 ], [ 680725.140034159063362, 7182070.706098942086101 ], [ 680615.801381415920332, 7182069.517644770443439 ], [ 680573.016602279967628, 7182069.517654992640018 ], [ 680529.043466008501127, 7182049.313756186515093 ], [ 680493.389565038960427, 7182033.863776640966535 ], [ 680443.474025523057207, 7182006.529125375673175 ], [ 680418.516320191440172, 7181994.644456210546196 ], [ 680360.281547934981063, 7181973.252080488950014 ], [ 680293.727540666353889, 7181948.294393811374903 ], [ 680259.262116331607103, 7181917.394297914579511 ], [ 680236.087069736560807, 7181915.017342815175653 ], [ 680200.433171613723971, 7181911.452038383111358 ], [ 680154.083076726878062, 7181899.567374310456216 ], [ 680092.282866956666112, 7181892.436635166406631 ], [ 680035.236707838485017, 7181891.2481684461236 ], [ 679996.01737077254802, 7181896.001971037127078 ], [ 679936.594126149197109, 7181907.886660307645798 ], [ 679902.128710883436725, 7181915.017422385513783 ], [ 679877.171010372461751, 7181923.336662514135242 ], [ 679849.836219829623587, 7181925.713629642501473 ], [ 679830.820917752571404, 7181920.959840917959809 ], [ 679802.297772072721273, 7181911.452133206650615 ], [ 679763.07843189383857, 7181903.132908353582025 ], [ 679736.932246268028393, 7181891.248239450156689 ], [ 679720.293645419180393, 7181872.232814412564039 ], [ 679710.785926142008975, 7181852.028907367959619 ], [ 679712.568704388802871, 7181825.882724078372121 ], [ 679713.757177350111306, 7181794.982619682326913 ], [ 679716.134000358288176, 7181754.574928510934114 ], [ 679719.699436762486584, 7181735.55949867144227 ], [ 679723.26487260137219, 7181714.167108208872378 ], [ 679730.395623061805964, 7181699.905470771715045 ], [ 679730.395621366798878, 7181692.774716900661588 ], [ 679728.018658487941138, 7181683.26700296998024 ], [ 679714.945502809248865, 7181682.078525767661631 ], [ 679699.49551507900469, 7181683.267009753733873 ], [ 679686.422489095944911, 7181689.209414420649409 ], [ 679663.841621772618964, 7181699.905486596748233 ], [ 679637.695437285583466, 7181692.774738941341639 ], [ 679610.360771925072186, 7181683.267030943185091 ], [ 679592.533821034012362, 7181673.759320685639977 ], [ 679579.460662814439274, 7181661.874648673459888 ], [ 679555.691435841144994, 7181641.670873021706939 ], [ 679537.864355257712305, 7181625.032280892133713 ], [ 679528.356635991018265, 7181604.828501851297915 ], [ 679515.283604361000471, 7181587.001428280025721 ], [ 679489.137416491284966, 7181565.609172881580889 ], [ 679468.933503858977929, 7181551.347541941329837 ], [ 679439.221878171898425, 7181543.028314814902842 ], [ 679419.017969209118746, 7181544.216799923218787 ], [ 679388.117996573331766, 7181558.478314997628331 ], [ 679334.637028049211949, 7181581.059197610244155 ], [ 679312.056287878425792, 7181588.189956838265061 ], [ 679276.183639848604798, 7181595.662059308961034 ], [ 679262.626244996208698, 7181594.34982243180275 ], [ 679245.747904092422687, 7181604.150154784321785 ], [ 679228.869563704589382, 7181616.128337886184454 ], [ 679199.468623081571423, 7181640.629165297374129 ], [ 679169.523142659105361, 7181637.906867682933807 ], [ 679156.455997973913327, 7181615.583920926786959 ], [ 679124.637748945620842, 7181612.353975621052086 ], [ 679078.23313063243404, 7181619.681092541664839 ], [ 679020.837919489131309, 7181635.55631030164659 ], [ 678957.847316089668311, 7181656.499690715223551 ], [ 678922.476557918940671, 7181669.233270429074764 ], [ 678888.520719146355987, 7181711.678089605644345 ], [ 678857.394452118431218, 7181766.856351451948285 ], [ 678829.098012835951522, 7181834.768183977343142 ], [ 678813.53487848083023, 7181858.820289975963533 ], [ 678800.801445212215185, 7181901.265104134567082 ], [ 678792.31249070353806, 7181933.80617069080472 ], [ 678769.6751811823342, 7181969.176809338852763 ], [ 678756.941746571334079, 7182005.962358016520739 ], [ 678744.208306604530662, 7182020.1107167461887 ], [ 678732.889656359795481, 7182056.896265092305839 ], [ 678714.496959950891323, 7182109.244827203452587 ], [ 678710.252488214755431, 7182148.860070625320077 ], [ 678710.252495239721611, 7182178.571438438259065 ], [ 678718.741465479601175, 7182212.527285363525152 ], [ 678724.400736308190972, 7182235.164601979777217 ], [ 678727.230435721110553, 7182246.483260288834572 ], [ 678718.741479533025995, 7182271.950148997828364 ], [ 678707.42282593564596, 7182294.587341631762683 ], [ 678676.296683526132256, 7182335.617375788278878 ], [ 678653.659373653586954, 7182369.57335807941854 ], [ 678621.118316862732172, 7182402.114302339963615 ], [ 678574.429036056273617, 7182450.218518039211631 ], [ 678568.769776597735472, 7182475.685406086966395 ], [ 678575.843829785939306, 7182489.833760141395032 ], [ 678587.162491746596061, 7182502.567200820893049 ], [ 678622.533254309440963, 7182508.226457953453064 ], [ 678652.244623398641124, 7182513.885844420641661 ], [ 678670.637333868420683, 7182520.959889937192202 ], [ 678696.10422151547391, 7182525.204365035519004 ], [ 678717.326756390277296, 7182530.863753506913781 ], [ 678739.256495798472315, 7182554.915850659832358 ], [ 678760.479039710597135, 7182598.775441199541092 ], [ 678785.945939074037597, 7182652.538905350491405 ], [ 678800.094174800440669, 7182686.494878955185413 ], [ 678800.094179821433499, 7182707.717284552752972 ], [ 678797.264486764091998, 7182723.280297325924039 ], [ 678787.360742186428979, 7182731.769389908760786 ], [ 678773.212516499683261, 7182740.258355494588614 ], [ 678761.893860555486754, 7182752.991801530122757 ], [ 678699.641437998041511, 7182794.021843075752258 ], [ 678669.930077594937757, 7182825.148002313449979 ], [ 678660.026209697243758, 7182853.444588121026754 ], [ 678650.122471469687298, 7182888.815351798199117 ], [ 678626.070377877564169, 7182925.600903193466365 ], [ 678563.817958307685331, 7182979.364388100802898 ], [ 678542.595563453389332, 7183024.638901071622968 ], [ 678541.180664452956989, 7183081.231940357014537 ], [ 678534.106627970584668, 7183137.825108982622623 ], [ 678529.862154880887829, 7183171.78095896076411 ], [ 678512.176780935144052, 7183200.077546617016196 ], [ 678498.028428906807676, 7183215.640690074302256 ], [ 678492.369169774348848, 7183242.522490519098938 ], [ 678483.880215904442593, 7183277.893125876784325 ], [ 678475.391261365264654, 7183310.43419248983264 ], [ 678475.391270052059554, 7183347.219738218933344 ], [ 678444.265014282311313, 7183450.502204902470112 ], [ 678415.96856721653603, 7183485.872972946614027 ], [ 678355.130937297595665, 7183562.273647535592318 ], [ 678321.175099073676392, 7183607.548163539730012 ], [ 678298.537792150396854, 7183654.237461250275373 ], [ 678298.537806834909134, 7183716.49002174846828 ], [ 678297.123027804191224, 7183739.127212082967162 ], [ 678278.730194646748714, 7183754.690356547012925 ], [ 678237.700175217585638, 7183785.816518476232886 ], [ 678207.988815423334017, 7183819.772502485662699 ], [ 678176.86267258937005, 7183859.387624330818653 ], [ 678135.832655817270279, 7183901.832573260180652 ], [ 678100.461898860521615, 7183920.225290476344526 ], [ 678069.335750348865986, 7183935.788437939248979 ], [ 678049.528134810738266, 7183959.840544989332557 ], [ 678025.476038489490747, 7183985.307437413372099 ], [ 678014.157384846243076, 7184007.944630087353289 ], [ 678028.305751895299181, 7184056.04883152525872 ], [ 678033.965025380370207, 7184090.004679208621383 ], [ 678024.061285441275686, 7184118.301265055313706 ], [ 678007.083239639992826, 7184146.597852570936084 ], [ 677971.712615665514022, 7184186.213103422895074 ], [ 677950.490218742750585, 7184222.998654194176197 ], [ 677923.608428662177175, 7184261.198990672826767 ], [ 677874.089459607377648, 7184346.088624896481633 ], [ 677852.867060345248319, 7184372.970429036766291 ], [ 677838.718836948042735, 7184391.363141257315874 ], [ 677817.496309017762542, 7184415.415248647332191 ], [ 677816.081528638722375, 7184432.393173495307565 ], [ 677817.496318336692639, 7184455.030491186305881 ], [ 677824.570499861496501, 7184470.593629660084844 ], [ 677840.133643956622109, 7184487.571550516411662 ], [ 677857.11157375597395, 7184510.208736546337605 ], [ 677867.015326357912272, 7184535.675620993599296 ], [ 677868.430242060450837, 7184549.823976425454021 ], [ 677878.333995328983292, 7184578.120557627640665 ], [ 677862.770866213133559, 7184624.809853719547391 ], [ 677858.526392750907689, 7184657.35091938264668 ], [ 677858.526399741880596, 7184687.062287296168506 ], [ 677845.792964705848135, 7184722.433051713742316 ], [ 677824.570565432310104, 7184749.314727868884802 ], [ 677799.103685369598679, 7184777.611317398957908 ], [ 677777.881285094539635, 7184800.248640422709286 ], [ 677734.021569505566731, 7184834.20449978671968 ], [ 677681.673018009169027, 7184861.086183258332312 ], [ 677656.206003287574276, 7184861.086189243011177 ], [ 677629.324332524091005, 7184862.501107938587666 ], [ 677619.420460237306543, 7184872.404856905341148 ], [ 677618.005679853027686, 7184889.382781766355038 ], [ 677618.005686169257388, 7184916.264580933377147 ], [ 677618.005691156256944, 7184937.486986592411995 ], [ 677616.590914430096745, 7184970.028051602654159 ], [ 677609.516739886137657, 7184984.176281038671732 ], [ 677588.29433826985769, 7185001.154210552573204 ], [ 677565.657027934095822, 7185033.695280552841723 ], [ 677557.592517592245713, 7185049.824310750700533 ], [ 677553.065160650061443, 7185067.934140646830201 ], [ 677532.69166429201141, 7185123.395408232696354 ], [ 677506.658771512564272, 7185166.40624182857573 ], [ 677483.455579994362779, 7185228.658679898828268 ], [ 677477.796321939677, 7185260.350849693641067 ], [ 677440.444896562607028, 7185296.570516135543585 ], [ 677400.829657005378976, 7185309.020960761234164 ], [ 677358.950735254446045, 7185314.680236099287868 ], [ 677324.994888396118768, 7185323.735222484916449 ], [ 677318.203720988240093, 7185333.921978797763586 ], [ 677320.467403447488323, 7185341.845052385702729 ], [ 677332.917968333465979, 7185348.636219279840589 ], [ 677361.214427008060738, 7185362.218552270904183 ], [ 677391.774822812760249, 7185378.06456533446908 ], [ 677427.994356648530811, 7185396.17438567429781 ], [ 677441.576700228150003, 7185413.152307024225593 ], [ 677454.027270165621303, 7185441.448887666687369 ], [ 677455.159055234515108, 7185478.800321387127042 ], [ 677454.027289031073451, 7185521.811149153858423 ], [ 677448.367906161001883, 7185567.08565859310329 ], [ 677439.313063732581213, 7185601.04150980245322 ], [ 677431.389994415920228, 7185621.415021114051342 ], [ 677417.807661458500661, 7185649.711607873439789 ], [ 677411.582385121379048, 7185672.348927392624319 ], [ 677393.472688572015613, 7185690.458632491528988 ], [ 677384.417714952607639, 7185710.832272067666054 ], [ 677375.36286827060394, 7185726.678294435143471 ], [ 677362.912308422964998, 7185741.392541296780109 ], [ 677348.198196770506911, 7185759.502373596653342 ], [ 677326.692786519299261, 7185774.216494582593441 ], [ 677302.92369513749145, 7185786.667063491418958 ], [ 677272.363306484767236, 7185801.381314598955214 ], [ 677251.989797878428362, 7185804.776904285885394 ], [ 677235.011873374693096, 7185804.776908266358078 ], [ 677220.297628676984459, 7185801.3813268058002 ], [ 677212.374683106318116, 7185803.645009269937873 ], [ 677206.715295178000815, 7185827.41410496365279 ], [ 677206.715299423551187, 7185845.523933813907206 ], [ 677202.187944059725851, 7185870.424933547154069 ], [ 677193.132972290040925, 7185898.721519250422716 ], [ 677169.363884881138802, 7185928.149884708225727 ], [ 677158.045228795381263, 7185940.60045069642365 ], [ 677130.88055701344274, 7185972.292497556656599 ], [ 677115.034544232068583, 7186003.984669765457511 ], [ 677103.715890530264005, 7186026.621990484185517 ], [ 677085.606066230684519, 7186045.863599887117743 ], [ 677058.441390729160048, 7186061.709754500538111 ], [ 677030.1448106613243, 7186076.423877071589231 ], [ 677014.298792308894917, 7186084.346954907290637 ], [ 676997.320869654649869, 7186092.270033007487655 ], [ 676984.304421113920398, 7186104.720471395179629 ], [ 676985.436330448486842, 7186126.225884897634387 ], [ 676985.436341048567556, 7186171.500393042340875 ], [ 676983.172543577267788, 7186219.038710329681635 ], [ 676979.776963709155098, 7186240.543996896594763 ], [ 676963.930947472341359, 7186257.521925162523985 ], [ 676954.875969065120444, 7186257.521927282214165 ], [ 676928.843198913731612, 7186277.895570845343173 ], [ 676909.601471626549028, 7186302.796446032822132 ], [ 676893.755458829342388, 7186334.48861825093627 ], [ 676858.667711060959846, 7186358.257848843932152 ], [ 676832.634945405530743, 7186397.872969572432339 ], [ 676822.448069049860351, 7186425.037651252001524 ], [ 676831.503061491064727, 7186485.026401252485812 ], [ 676831.503072345396504, 7186531.432813723571599 ], [ 676834.332777042174712, 7186565.388662189245224 ], [ 676830.937070755870081, 7186593.685246591456234 ], [ 676817.354739611851983, 7186629.904779508709908 ], [ 676806.036214686348103, 7186655.937685155309737 ], [ 676798.113145341980271, 7186676.311196487396955 ], [ 676798.113151428406127, 7186702.344099489971995 ], [ 676790.190085523878224, 7186737.431854783557355 ], [ 676777.739662646781653, 7186790.629312008619308 ], [ 676777.739673763047904, 7186838.167628805153072 ], [ 676780.003364688018337, 7186882.310232160612941 ], [ 676787.926446475437842, 7186915.134175145998597 ], [ 676809.431869211606681, 7186953.617508482187986 ], [ 676833.200967522105202, 7186970.59555549453944 ], [ 676853.574481457239017, 7186989.837155912071466 ], [ 676868.28873041307088, 7187011.342566262930632 ], [ 676886.398566129850224, 7187040.770921955816448 ], [ 676899.980909462668933, 7187056.617067048326135 ], [ 676945.255426286021248, 7187093.968490519560874 ], [ 676982.606864759582095, 7187113.210214963182807 ], [ 677001.282587574445643, 7187138.11108130402863 ], [ 677018.260519526898861, 7187169.803245874121785 ], [ 677021.052715821773745, 7187184.961009306833148 ], [ 676999.795505205518566, 7187232.199427023530006 ], [ 676983.17278788681142, 7187262.616079119965434 ], [ 676979.777204834274016, 7187270.539026052691042 ], [ 676982.041018472984433, 7187292.044439323246479 ], [ 676991.095872336765751, 7187306.758681173436344 ], [ 677002.414537986274809, 7187335.055262160487473 ], [ 677015.996886890381575, 7187374.670373670756817 ], [ 677022.788063066778705, 7187401.835179414600134 ], [ 677028.447338120429777, 7187442.582197088748217 ], [ 677028.447342096595094, 7187459.560121673159301 ], [ 677026.183665732038207, 7187477.669951093383133 ], [ 677005.81015946296975, 7187491.252295532263815 ], [ 676992.227820890722796, 7187495.779787933453918 ], [ 676975.249769409652799, 7187500.307153131812811 ], [ 676935.634659319301136, 7187519.548895601183176 ], [ 676903.942496403702535, 7187543.317997436970472 ], [ 676876.777824817574583, 7187576.142076659947634 ], [ 676863.195495510473847, 7187620.284683764912188 ], [ 676860.931695641367696, 7187657.636118388734758 ], [ 676863.195513251936063, 7187696.119456261396408 ], [ 676863.195523577858694, 7187740.262060197070241 ], [ 676857.536145683843642, 7187807.041983580216765 ], [ 676858.668060048134066, 7187850.05281095020473 ], [ 676867.722922918503173, 7187903.250391225330532 ], [ 676888.096571234869771, 7187949.656671019271016 ], [ 676933.371100030839443, 7188037.941996326670051 ], [ 676951.480819430435076, 7188117.172349547035992 ], [ 676951.480830557411537, 7188164.710538426414132 ], [ 676945.821575899375603, 7188211.116952328011394 ], [ 676936.200721501605585, 7188263.182632690295577 ], [ 676936.200730771292001, 7188302.797875431366265 ], [ 676935.068964798003435, 7188346.940479665994644 ], [ 676930.541485117399134, 7188387.687499776482582 ], [ 676919.22284911875613, 7188486.159593142569065 ], [ 676913.563592073973268, 7188522.37925229780376 ], [ 676905.64053330454044, 7188588.02727197483182 ], [ 676899.659487620461732, 7188638.992535213008523 ], [ 676892.332392506068572, 7188685.397157533094287 ], [ 676859.360749633517116, 7188745.234621502459049 ], [ 676796.415852604899555, 7188813.267934712581336 ], [ 676755.668844750383869, 7188860.806133162230253 ], [ 676690.020841887802817, 7188924.190485741943121 ], [ 676650.405610324814916, 7188971.728811929002404 ], [ 676639.086958679370582, 7189003.420855194330215 ], [ 676614.185971868108027, 7189054.354762868955731 ], [ 676554.197368846391328, 7189144.903793526813388 ], [ 676533.823741658474319, 7189189.046402303501964 ], [ 676528.164482739870436, 7189217.342987329699099 ], [ 676534.955657592741773, 7189238.848399601876736 ], [ 676545.142417625291273, 7189261.485587390139699 ], [ 676562.12034934211988, 7189292.045975752174854 ], [ 676608.526778781902976, 7189364.485152652487159 ], [ 676623.241031742305495, 7189402.968487706035376 ], [ 676631.163984490907751, 7189431.26506957039237 ], [ 676624.372822589357384, 7189465.220920414663851 ], [ 676600.603732929448597, 7189485.594435522332788 ], [ 676575.702743719797581, 7189526.341460449621081 ], [ 676525.900886423303746, 7189578.407150282524526 ], [ 676482.890065142535605, 7189605.571839733049273 ], [ 676435.351882899645716, 7189633.868434548377991 ], [ 676390.077383376890793, 7189671.220007305964828 ], [ 676338.011712167179212, 7189700.648379482328892 ], [ 676282.550456034950912, 7189730.076880448497832 ], [ 676244.067122379085049, 7189750.45039898250252 ], [ 676179.550888845813461, 7189784.406263289041817 ], [ 676144.46326625556685, 7189796.856706864200532 ], [ 676098.056855548871681, 7189804.779791838489473 ], [ 676038.068103060359135, 7189803.648029495961964 ], [ 676009.77151888050139, 7189801.384227464906871 ], [ 675974.117876710486598, 7189799.120555143803358 ], [ 675943.557609812007286, 7189787.80190316401422 ], [ 675918.656606600736268, 7189768.560303702019155 ], [ 675891.491922515095212, 7189748.186672460287809 ], [ 675860.931656145839952, 7189739.131829095073044 ], [ 675834.898751527769491, 7189732.340665294788778 ], [ 675809.997751479386352, 7189726.681405540555716 ], [ 675794.151729089673609, 7189717.626430752687156 ], [ 675776.041896510636434, 7189701.780414635315537 ], [ 675754.536477960995398, 7189681.406910073012114 ], [ 675747.74530365364626, 7189662.165178399533033 ], [ 675733.031055730301887, 7189645.187257185578346 ], [ 675718.316936333430931, 7189630.473016590811312 ], [ 675696.811521206749603, 7189624.813756042160094 ], [ 675671.910523792495951, 7189630.473027372732759 ], [ 675650.405110770603642, 7189633.868617295287549 ], [ 675613.053676413488574, 7189632.736849661916494 ], [ 675585.888997072353959, 7189632.736855970695615 ], [ 675558.724319308064878, 7189639.528032133355737 ], [ 675537.218906810041517, 7189645.1873026676476 ], [ 675511.186007715761662, 7189662.165233344770968 ], [ 675479.493845716351643, 7189690.461824423633516 ], [ 675451.197394794784486, 7189710.835340551100671 ], [ 675421.768914453801699, 7189743.659420341253281 ], [ 675403.659092383808456, 7189773.087784577161074 ], [ 675369.137370536453091, 7189839.867714822292328 ], [ 675375.928554286365397, 7189899.856465637683868 ], [ 675380.455921024316922, 7189923.625559081323445 ], [ 675399.697659482946619, 7189946.26287280395627 ], [ 675409.884417128749192, 7189958.713305845856667 ], [ 675425.730446082772687, 7189996.064736378379166 ], [ 675424.598681855597533, 7190048.130414876155555 ], [ 675431.389865874778479, 7190109.251070016995072 ], [ 675416.67562766536139, 7190134.152072241529822 ], [ 675382.719783717766404, 7190156.789270309731364 ], [ 675348.76381045463495, 7190173.767202829942107 ], [ 675303.489434648421593, 7190193.008946591988206 ], [ 675265.006102253682911, 7190219.04173063673079 ], [ 675231.050131083000451, 7190245.074641630984843 ], [ 675187.473424712894484, 7190285.821670880541205 ], [ 675167.099920170847327, 7190307.327089488506317 ], [ 675152.3858112602029, 7190337.887357262894511 ], [ 675134.275988377863541, 7190363.920264586806297 ], [ 675110.506897864630446, 7190380.898194740526378 ], [ 675072.023563618771732, 7190399.007904612459242 ], [ 675034.672006203327328, 7190419.381550839170814 ], [ 675016.562311839545146, 7190447.67801078222692 ], [ 675014.29850977496244, 7190475.974595058709383 ], [ 675014.29851606185548, 7190503.139402503147721 ], [ 675019.957916409242898, 7190532.56776125729084 ], [ 675032.408358599990606, 7190561.996246442198753 ], [ 675050.518193018389866, 7190585.765336764976382 ], [ 675075.419195185648277, 7190600.479575036093593 ], [ 675099.188292260863818, 7190611.798100636340678 ], [ 675116.166219753213227, 7190624.248660118319094 ], [ 675112.770639287191443, 7190643.490266181528568 ], [ 675101.451982309576124, 7190652.545247285626829 ], [ 675067.496135970926844, 7190664.995690561830997 ], [ 675047.1226293197833, 7190677.446130691096187 ], [ 675010.902977244346403, 7190702.347137906588614 ], [ 674982.040515095228329, 7190744.226068073883653 ], [ 674970.721869376022369, 7190801.951142532750964 ], [ 674969.590104068163782, 7190849.489331842400134 ], [ 674966.194530666456558, 7190899.291330300271511 ], [ 674962.798954124678858, 7190935.510861030779779 ], [ 674948.084718239144422, 7190970.598618072457612 ], [ 674916.392554855905473, 7190993.235943621955812 ], [ 674886.964069992071018, 7191006.818290157243609 ], [ 674866.590565944905393, 7191030.587389398366213 ], [ 674867.7224741789978, 7191047.565313801169395 ], [ 674873.381743645528331, 7191064.543237159028649 ], [ 674881.304823036305606, 7191087.180553546175361 ], [ 674888.095997595926747, 7191107.55406157579273 ], [ 674888.096004139864817, 7191135.85064535215497 ], [ 674889.227913683862425, 7191158.487835314124823 ], [ 674889.227918918360956, 7191181.125153537839651 ], [ 674890.35969993902836, 7191201.498662877827883 ], [ 674891.491609482327476, 7191224.135852839797735 ], [ 674888.096032148925588, 7191256.959926653653383 ], [ 674883.568545533227734, 7191268.278586813248694 ], [ 674871.118113021366298, 7191280.729025116190314 ], [ 674868.288419390446506, 7191294.311365507543087 ], [ 674870.552231148467399, 7191307.89370471984148 ], [ 674879.60708527895622, 7191323.739850986748934 ], [ 674888.66194124345202, 7191347.508943432942033 ], [ 674888.661944908322766, 7191363.354963792487979 ], [ 674880.739003722323105, 7191384.860379543155432 ], [ 674876.211520508397371, 7191410.893283754587173 ], [ 674873.94784931326285, 7191451.640303494408727 ], [ 674877.343443400459364, 7191491.255545618012547 ], [ 674884.134622151846997, 7191529.738882644101977 ], [ 674896.585065400460735, 7191563.694729115813971 ], [ 674915.826811215723865, 7191618.024083634838462 ], [ 674920.354188420926221, 7191687.067685612477362 ], [ 674919.222421536454931, 7191727.814833104610443 ], [ 674913.563033227808774, 7191750.452024655416608 ], [ 674895.45321213582065, 7191784.407878206111491 ], [ 674859.233691143570468, 7191822.891225194558501 ], [ 674832.069019049871713, 7191854.583400214090943 ], [ 674794.717466526781209, 7191896.462332403287292 ], [ 674793.585699635674246, 7191937.209351904690266 ], [ 674794.717481438536197, 7191960.978574203327298 ], [ 674798.113072905922309, 7191989.275157228112221 ], [ 674815.091134181013331, 7192026.626587615348399 ], [ 674825.277894722647034, 7192051.527584134601057 ], [ 674835.464653433300555, 7192068.505506467074156 ], [ 674841.123930232599378, 7192117.175598599947989 ], [ 674847.915111865848303, 7192168.109371097758412 ], [ 674860.365686787059531, 7192217.911365978419781 ], [ 674864.893063466413878, 7192284.691287387162447 ], [ 674863.761294485069811, 7192316.383456409908831 ], [ 674854.706323333550245, 7192348.07549926545471 ], [ 674838.860310058225878, 7192378.635895377956331 ], [ 674800.376977797946893, 7192405.800583786331117 ], [ 674791.322004288434982, 7192427.305999827571213 ], [ 674792.45391226070933, 7192443.15201994869858 ], [ 674782.143772164010443, 7192472.259742384776473 ], [ 674762.60508501867298, 7192499.125546332448721 ], [ 674754.056864037294872, 7192522.327858727425337 ], [ 674762.605094612343237, 7192540.645429821684957 ], [ 674793.134388624224812, 7192565.068981525488198 ], [ 674821.882433812599629, 7192588.030389236286283 ], [ 674835.464780077105388, 7192616.326969930902123 ], [ 674855.838294373825192, 7192636.700474860146642 ], [ 674883.568871923256665, 7192679.711296359077096 ], [ 674898.283120671054348, 7192700.084802599623799 ], [ 674911.865465631242841, 7192722.722117728553712 ], [ 674911.865471391007304, 7192747.623116625472903 ], [ 674907.338115383055992, 7192770.260307942517102 ], [ 674905.074313829885796, 7192800.820572934113443 ], [ 674905.074318541446701, 7192821.194082580506802 ], [ 674920.920472387690097, 7192844.963301503099501 ], [ 674937.898402284248732, 7192867.600487850606441 ], [ 674949.216934176161885, 7192870.996070174500346 ], [ 674960.535593282897025, 7192870.996067555621266 ], [ 674977.513517421088181, 7192868.73238299973309 ], [ 674999.018935777014121, 7192887.973983358591795 ], [ 675004.67833142564632, 7192897.028960559517145 ], [ 674996.755261702113785, 7192916.270567727275193 ], [ 674983.172926425584592, 7192935.512304205447435 ], [ 674976.381762320990674, 7192960.413176680915058 ], [ 674958.271938322810456, 7192981.91859483346343 ], [ 674936.766528866253793, 7193001.160333143547177 ], [ 674920.920512178214267, 7193017.006357205100358 ], [ 674912.99744323734194, 7193039.643677316606045 ], [ 674916.39303235814441, 7193057.75350555498153 ], [ 674928.843472752720118, 7193079.258788643404841 ], [ 674946.953305919189006, 7193097.368613479658961 ], [ 674970.72240385459736, 7193112.082852063700557 ], [ 674993.359724695328623, 7193123.401505967602134 ], [ 675026.183671550941654, 7193131.324444571509957 ], [ 675073.155976129928604, 7193147.170582097955048 ], [ 675086.738318222691305, 7193157.35733378212899 ], [ 675110.507541541708633, 7193160.752913220785558 ], [ 675130.881051404168829, 7193161.884812816977501 ], [ 675158.045731658348814, 7193165.280391470529139 ], [ 675177.287339307134971, 7193175.467141842469573 ], [ 675188.60600077919662, 7193185.653894047252834 ], [ 675201.056568659027107, 7193204.895496505312622 ], [ 675203.32025059289299, 7193210.554889552295208 ], [ 675206.715838936041109, 7193225.269004851579666 ], [ 675206.715840771561489, 7193233.192079050466418 ], [ 675184.078527526929975, 7193254.697498266585171 ], [ 675138.238143238122575, 7193307.895091658458114 ], [ 675120.128318448550999, 7193326.004796881228685 ], [ 675115.600959823699668, 7193337.323457075282931 ], [ 675112.205380132189021, 7193359.960776148363948 ], [ 675125.787724848021753, 7193381.466186979785562 ], [ 675151.820508661796339, 7193418.817615332081914 ], [ 675168.798442771891132, 7193459.564630726352334 ], [ 675171.062254802789539, 7193474.278874291107059 ], [ 675158.61169373372104, 7193484.465632006525993 ], [ 675147.293035666807555, 7193488.993123885244131 ], [ 675128.051431940519251, 7193495.784298229962587 ], [ 675104.282338968478143, 7193502.575473621487617 ], [ 675074.853851127903908, 7193503.707256749272346 ], [ 675046.557268121512607, 7193507.102848241105676 ], [ 675010.3377402437618, 7193516.157835142686963 ], [ 674967.326916065183468, 7193532.003865499049425 ], [ 674935.634750740719028, 7193546.718116921372712 ], [ 674906.206394300679676, 7193562.564144132658839 ], [ 674869.986739725805819, 7193577.278396599926054 ], [ 674845.085744268144481, 7193591.992646450176835 ], [ 674815.657392010092735, 7193625.948502697050571 ], [ 674788.492721680435352, 7193665.56375199649483 ], [ 674765.855412595556118, 7193705.178872251883149 ], [ 674748.877491840044968, 7193722.156928898766637 ], [ 674731.899573174421676, 7193748.18970806710422 ], [ 674718.883127860142849, 7193775.354390635155141 ], [ 674724.54252560401801, 7193793.464218370616436 ], [ 674734.729285904322751, 7193817.233310635201633 ], [ 674739.256652644020505, 7193841.00240420922637 ], [ 674742.652244379976764, 7193870.430891619995236 ], [ 674747.179740166175179, 7193898.727474453859031 ], [ 674750.575330594205298, 7193922.496568290516734 ], [ 674766.421492043184116, 7193979.089732399210334 ], [ 674774.34444738435559, 7194018.704845607280731 ], [ 674773.212676301947795, 7194041.342164177447557 ], [ 674773.212682055542246, 7194066.2431631218642 ], [ 674760.762125940877013, 7194097.935334831476212 ], [ 674761.894041760358959, 7194147.737204456701875 ], [ 674764.157734677544795, 7194200.934786772355437 ], [ 674761.894060065969825, 7194226.96769055724144 ], [ 674755.10289725009352, 7194257.527956653386354 ], [ 674744.916147927520797, 7194281.297053638845682 ], [ 674731.333811310934834, 7194294.879396567121148 ], [ 674714.355892108636908, 7194318.648495122790337 ], [ 674691.718578033614904, 7194336.758329406380653 ], [ 674673.269169428851455, 7194356.226371102035046 ], [ 674655.159475530963391, 7194387.01307187974453 ], [ 674655.159482011920772, 7194415.083223715424538 ], [ 674661.497921829111874, 7194441.342429585754871 ], [ 674677.796683355118148, 7194463.07427189219743 ], [ 674702.244950510095805, 7194482.089439556933939 ], [ 674728.504161958000623, 7194500.199262551032007 ], [ 674752.046958747669123, 7194527.363936699926853 ], [ 674779.211644541705027, 7194554.52873801253736 ], [ 674801.848839409882203, 7194574.449506347998977 ], [ 674814.978445973945782, 7194587.12637085840106 ], [ 674817.69499407405965, 7194601.614182280376554 ], [ 674814.978455390431918, 7194627.87339024618268 ], [ 674809.5455014196923, 7194660.471032613888383 ], [ 674800.490658027119935, 7194691.257731314748526 ], [ 674793.246760392095894, 7194727.477263117209077 ], [ 674786.002858988009393, 7194747.398038361221552 ], [ 674772.420522992033511, 7194763.69692605920136 ], [ 674747.972263566800393, 7194778.184743760153651 ], [ 674722.618531052954495, 7194789.050672655925155 ], [ 674689.115416724351235, 7194784.523191127926111 ], [ 674670.100113783148117, 7194777.279289493337274 ], [ 674657.423246271908283, 7194777.27929241862148 ], [ 674643.840910689788871, 7194795.389124621637166 ], [ 674642.029970579082146, 7194814.404426358640194 ], [ 674639.313429589034058, 7194830.703183546662331 ], [ 674639.313432933646254, 7194845.191123600117862 ], [ 674636.597019944339991, 7194861.489880787208676 ], [ 674632.975007958360948, 7194883.221599705517292 ], [ 674625.731105921906419, 7194900.425958192907274 ], [ 674612.148769710212946, 7194915.819245636463165 ], [ 674603.546661596279591, 7194942.984055226668715 ], [ 674590.869800351094455, 7194970.148737756535411 ], [ 674580.909352724906057, 7194983.731079859659076 ], [ 674565.516072634956799, 7195001.840912483632565 ], [ 674554.650151919922791, 7195011.801237778738141 ], [ 674530.201894362806343, 7195034.438561759889126 ], [ 674512.997671021614224, 7195057.981228322722018 ], [ 674506.659239770262502, 7195068.847152827307582 ], [ 674501.226282231509686, 7195086.051510900259018 ], [ 674500.320813113590702, 7195099.633850915357471 ], [ 674502.131762003758922, 7195118.649151823483407 ], [ 674502.131766807753593, 7195139.475397659465671 ], [ 674502.131769732106477, 7195152.152265211567283 ], [ 674502.131770777632482, 7195156.679754479788244 ], [ 674493.982395648024976, 7195170.262096166610718 ], [ 674474.061627966817468, 7195195.615835865959525 ], [ 674462.290238338871859, 7195220.063973434269428 ], [ 674459.573826387524605, 7195240.890347898006439 ], [ 674461.384774440666661, 7195256.283631797879934 ], [ 674465.006665534805506, 7195265.338481498882174 ], [ 674474.061645510490052, 7195271.676913187839091 ], [ 674482.663765747100115, 7195297.030646312981844 ], [ 674489.907672803616151, 7195301.558133911341429 ], [ 674508.922981397015974, 7195333.250298414379358 ], [ 674514.355949172284454, 7195360.4149767793715 ], [ 674517.977975789108314, 7195402.067595628090203 ], [ 674517.072380551020615, 7195423.799313933588564 ], [ 674515.261440225178376, 7195441.909143432974815 ], [ 674511.639555814210325, 7195461.82991785928607 ], [ 674507.112069480353966, 7195474.506786460056901 ], [ 674494.435205716872588, 7195490.805545957759023 ], [ 674488.096775297308341, 7195505.293359488248825 ], [ 674483.569290215615183, 7195523.403189614415169 ], [ 674481.758349888725206, 7195541.513019116595387 ], [ 674474.514447634341195, 7195557.811905363574624 ], [ 674469.986963388277218, 7195579.543624509125948 ], [ 674468.176025566877797, 7195608.519249062985182 ], [ 674457.310107974684797, 7195632.062042180448771 ], [ 674448.255262466846034, 7195653.793762372806668 ], [ 674439.200285827275366, 7195661.9432707503438 ], [ 674439.653153085382655, 7195675.52561046089977 ], [ 674439.653154965257272, 7195683.674988748505712 ], [ 674434.220200552372262, 7195714.46168665215373 ], [ 674430.598195237922482, 7195765.169157735072076 ], [ 674414.299444755422883, 7195791.428368873894215 ], [ 674388.945713246008381, 7195806.82165904622525 ], [ 674371.741360421990976, 7195824.026019847020507 ], [ 674353.631534301908687, 7195836.702891584485769 ], [ 674345.482161667780019, 7195861.151028336025774 ], [ 674341.860146536841057, 7195869.300535462796688 ], [ 674339.143733744858764, 7195886.504764925688505 ], [ 674328.277815726934932, 7195908.236613539978862 ], [ 674311.979063361533917, 7195926.346318390220404 ], [ 674287.530804514652118, 7195943.550680860877037 ], [ 674268.51550926710479, 7195969.809892629273236 ], [ 674247.689270347240381, 7195999.691121831536293 ], [ 674241.350842212792486, 7196024.13938617054373 ], [ 674228.221245644730516, 7196054.925957858562469 ], [ 674220.071872169151902, 7196075.752333596348763 ], [ 674196.529089112766087, 7196108.349980192258954 ], [ 674176.608320771483704, 7196130.987175150774419 ], [ 674161.215040649054572, 7196149.097007794305682 ], [ 674143.105214934097603, 7196163.584824042394757 ], [ 674124.089914882322773, 7196169.017789948731661 ], [ 674112.318520640954375, 7196173.545281933620572 ], [ 674096.019766388693824, 7196183.505608488805592 ], [ 674085.153847316629253, 7196200.709967833012342 ], [ 674080.626364513067529, 7196228.780120778828859 ], [ 674069.760574483429082, 7196250.511969402432442 ], [ 674057.083711321465671, 7196269.527145676314831 ], [ 674038.068411473766901, 7196275.865583835169673 ], [ 674029.918906034086831, 7196279.487602729350328 ], [ 674028.10796298715286, 7196285.826036931946874 ], [ 674029.013437739340588, 7196296.69195978436619 ], [ 674029.013440864393488, 7196310.274299612268806 ], [ 674028.107971944380552, 7196324.762111902236938 ], [ 674023.580483513185754, 7196328.384129963815212 ], [ 673997.321277435170487, 7196333.816969535313547 ], [ 673971.967545482330024, 7196347.399315193295479 ], [ 673962.007226034416817, 7196361.887257568538189 ], [ 673961.101757113472559, 7196376.375069858506322 ], [ 673963.818176579079591, 7196388.146464551798999 ], [ 673985.550025560427457, 7196400.82332712598145 ], [ 674017.694937199354172, 7196429.798943901434541 ], [ 674031.277279908768833, 7196442.475808350369334 ], [ 674046.670568581903353, 7196461.491106170229614 ], [ 674053.914478563237935, 7196478.695461353287101 ], [ 674060.252916501020081, 7196496.805289002135396 ], [ 674064.780409515369684, 7196513.104044556617737 ], [ 674083.795715618762188, 7196533.930286057293415 ], [ 674118.204307900043204, 7196562.906030310317874 ], [ 674138.125088761677034, 7196594.598194666206837 ], [ 674149.896490720217116, 7196623.573816131800413 ], [ 674157.140402374323457, 7196648.022077362984419 ], [ 674159.856824970222078, 7196673.375811892561615 ], [ 674167.100866290740669, 7196705.067979168146849 ], [ 674164.384326743311249, 7196727.705170185305178 ], [ 674158.045896723633632, 7196744.0040562460199 ], [ 674142.652618046384305, 7196768.452322691679001 ], [ 674135.408716397476383, 7196787.467497728765011 ], [ 674131.333968050894327, 7196808.293872549198568 ], [ 674131.333971387008205, 7196822.781684640794992 ], [ 674133.144926523324102, 7196868.961665267124772 ], [ 674134.956002989318222, 7196886.166021710261703 ], [ 674134.050405445275828, 7196897.937417244538665 ], [ 674114.129636039026082, 7196916.04712294600904 ], [ 674102.358371453476138, 7196927.818520981818438 ], [ 674093.303399796364829, 7196957.699747509323061 ], [ 674078.815593992127106, 7196984.864430519752204 ], [ 674071.571689838776365, 7196993.013810491189361 ], [ 674058.894823747454211, 7196999.352247199043632 ], [ 674049.839845420792699, 7197000.25772153865546 ], [ 674034.446563194738701, 7197009.312703638337553 ], [ 674013.620319238398224, 7197017.462086733430624 ], [ 674000.037979642860591, 7197018.367562113329768 ], [ 673984.64456608472392, 7197012.934604117646813 ], [ 673969.251279275864363, 7197002.06881258636713 ], [ 673957.479881897335872, 7196993.013836733996868 ], [ 673950.23597628553398, 7196994.824782911688089 ], [ 673944.80301809636876, 7197009.312724255025387 ], [ 673944.803022260428406, 7197027.42255337536335 ], [ 673947.519571809330955, 7197048.248798636719584 ], [ 673948.425048850709572, 7197069.075044319033623 ], [ 673947.519580344669521, 7197085.373801135458052 ], [ 673946.614110173657537, 7197094.428779903799295 ], [ 673930.315230396576226, 7197115.255029540508986 ], [ 673913.110876283259131, 7197127.026428825221956 ], [ 673901.339613148709759, 7197145.136260652914643 ], [ 673889.568222845671698, 7197166.867981506511569 ], [ 673883.229793856851757, 7197187.694228854030371 ], [ 673873.26934660365805, 7197203.087643498554826 ], [ 673867.836388826719485, 7197219.386401358991861 ], [ 673859.687012623995543, 7197228.441381793469191 ], [ 673839.200355810229667, 7197249.890096571296453 ], [ 673815.148262170376256, 7197289.505345310084522 ], [ 673801.000041029648855, 7197319.216716970317066 ], [ 673782.60720874753315, 7197340.439127203077078 ], [ 673774.118252541753463, 7197367.320928765460849 ], [ 673762.79960376652889, 7197412.595440186560154 ], [ 673761.384824893320911, 7197436.64754332229495 ], [ 673759.970048619434237, 7197472.018177665770054 ], [ 673742.992001055041328, 7197494.655499978922307 ], [ 673710.451069120666943, 7197517.292697865515947 ], [ 673706.206595725612715, 7197551.248548462055624 ], [ 673697.717640489339828, 7197582.374831233173609 ], [ 673689.228555303066969, 7197605.012023597024381 ], [ 673683.569296535337344, 7197634.723521318286657 ], [ 673665.176592567469925, 7197657.360715959221125 ], [ 673658.102418152615428, 7197672.923857996240258 ], [ 673657.3949661757797, 7197691.316567373462021 ], [ 673670.128414624370635, 7197712.539098469540477 ], [ 673674.372901013004594, 7197735.176287915557623 ], [ 673670.128421443747357, 7197742.250466896221042 ], [ 673646.076318686944433, 7197742.250472418032587 ], [ 673619.194645510986447, 7197735.176300579681993 ], [ 673588.068364441976883, 7197733.761523321270943 ], [ 673555.527427299763076, 7197733.761530786752701 ], [ 673538.549374530790374, 7197733.761534680612385 ], [ 673522.986363131552935, 7197738.006019454449415 ], [ 673513.082488673971966, 7197739.420806126669049 ], [ 673491.860082710511051, 7197739.420810993760824 ], [ 673462.148714039940387, 7197738.00603340473026 ], [ 673423.948382984497584, 7197736.591129761189222 ], [ 673397.066585052874871, 7197743.665313929319382 ], [ 673373.014483592123725, 7197749.324585046619177 ], [ 673363.110738755203784, 7197757.813677723519504 ], [ 673354.621780260466039, 7197774.791604485362768 ], [ 673347.547607783111744, 7197798.843580929562449 ], [ 673344.71791228512302, 7197804.502975184470415 ], [ 673339.058650584309362, 7197821.480901298113167 ], [ 673330.569692735793069, 7197841.288524863310158 ], [ 673313.59177347435616, 7197865.340631578117609 ], [ 673309.347297466709279, 7197887.977822976186872 ], [ 673302.273123042425141, 7197903.540965012274683 ], [ 673288.12489862984512, 7197919.104108671657741 ], [ 673268.317279004491866, 7197927.59307561814785 ], [ 673256.9986201452557, 7197929.007862611673772 ], [ 673245.679964203503914, 7197943.156221220269799 ], [ 673251.339362005586736, 7197961.548929145559669 ], [ 673255.583849031710997, 7197987.01581540517509 ], [ 673247.094888912630267, 7197996.919692161493003 ], [ 673227.287271551322192, 7198015.312405921518803 ], [ 673203.235170081723481, 7198020.971677033230662 ], [ 673190.501729738316499, 7198035.120035966858268 ], [ 673190.50173330004327, 7198050.683176388964057 ], [ 673215.261299068457447, 7198080.394539158791304 ], [ 673244.972677797428332, 7198125.669041220098734 ], [ 673260.535824657417834, 7198153.965621698647738 ], [ 673264.78030941542238, 7198169.528633149340749 ], [ 673280.343327630311251, 7198194.995644822716713 ], [ 673290.247207278385758, 7198216.218048587441444 ], [ 673290.247210519388318, 7198230.366276609711349 ], [ 673283.173035443061963, 7198243.099721848964691 ], [ 673276.098861663485877, 7198261.492560698650777 ], [ 673267.609907049569301, 7198295.448412298224866 ], [ 673263.365437193773687, 7198344.967403354123235 ], [ 673250.632004297804087, 7198391.656699551269412 ], [ 673250.63200883299578, 7198411.464321188628674 ], [ 673267.609941718867049, 7198446.835079364478588 ], [ 673277.513821694534272, 7198469.472267538309097 ], [ 673276.098913831985556, 7198489.279889500699937 ], [ 673261.950690704048611, 7198510.502298780716956 ], [ 673260.535912137012929, 7198535.96918635442853 ], [ 673257.706221494125202, 7198562.850986656732857 ], [ 673259.121016909484752, 7198610.955192030407488 ], [ 673264.780416337074712, 7198636.422077989205718 ], [ 673267.60998902306892, 7198653.400002175942063 ], [ 673269.024907578714192, 7198680.281673509627581 ], [ 673278.928657289594412, 7198693.015242869965732 ], [ 673287.417622601613402, 7198705.748684554360807 ], [ 673288.832410889677703, 7198722.726609067991376 ], [ 673310.054952009581029, 7198753.852757075801492 ], [ 673332.692151474300772, 7198793.467995180748403 ], [ 673363.818442960968241, 7198840.157281359657645 ], [ 673377.966677440097556, 7198868.453862184658647 ], [ 673390.700128818163648, 7198902.409708950668573 ], [ 673390.700137247913517, 7198939.195255443453789 ], [ 673383.625966057996266, 7198968.906753538176417 ], [ 673359.573998393490911, 7199000.03291193023324 ], [ 673362.403570434311405, 7199014.181267319247127 ], [ 673372.307447178987786, 7199022.670227471739054 ], [ 673402.018815576564521, 7199022.670220663771033 ], [ 673437.389449897804298, 7199024.084996959194541 ], [ 673462.856465419870801, 7199025.499775527045131 ], [ 673499.642012140830047, 7199026.914679494686425 ], [ 673520.86441846517846, 7199028.329459032043815 ], [ 673551.99057191121392, 7199031.159148700535297 ], [ 673571.798193184891716, 7199029.744231753051281 ], [ 673585.946423131972551, 7199038.23319092951715 ], [ 673629.806154022342525, 7199066.529764942824841 ], [ 673672.250967970350757, 7199075.018717624247074 ], [ 673711.866214093402959, 7199087.752152164466679 ], [ 673727.429359365603887, 7199108.974682649597526 ], [ 673733.088629839359783, 7199130.197087408974767 ], [ 673730.258942135842517, 7199169.812203370034695 ], [ 673727.429380481364205, 7199200.938484907150269 ], [ 673723.184907726710662, 7199237.724032388068736 ], [ 673714.695951496600173, 7199264.605706017464399 ], [ 673731.673884422518313, 7199299.976464223116636 ], [ 673758.555562852881849, 7199329.687826540321112 ], [ 673769.166769105708227, 7199343.83618014678359 ], [ 673769.166774304118007, 7199366.473370615392923 ], [ 673753.603770670597441, 7199404.673705108463764 ], [ 673735.210947432671674, 7199465.511358726769686 ], [ 673706.914377384702675, 7199526.34901462122798 ], [ 673668.714065071777441, 7199606.994166458025575 ], [ 673657.395423074252903, 7199681.980174515396357 ], [ 673664.469613093999214, 7199734.328731877729297 ], [ 673692.766212057787925, 7199799.410856017842889 ], [ 673716.81832300091628, 7199834.781612627208233 ], [ 673760.677925943164155, 7199863.078186662867665 ], [ 673807.367350116139278, 7199875.811619587242603 ], [ 673834.249023044947535, 7199881.470879033207893 ], [ 673852.641861889744177, 7199888.545052833855152 ], [ 673880.938319870852865, 7199897.034008763730526 ], [ 673917.723872813978232, 7199925.330584419891238 ], [ 673947.435369897051714, 7199928.160146400332451 ], [ 674022.421245228732005, 7199919.67116672731936 ], [ 674069.110544990980998, 7199947.967740096151829 ], [ 674071.940247001009993, 7199970.605057932436466 ], [ 674059.206809570081532, 7199997.486732567660511 ], [ 674025.25084103923291, 7200037.101983735337853 ], [ 673979.976337061962113, 7200058.324400229379535 ], [ 673917.723907608538866, 7200076.717123814858496 ], [ 673836.371311102178879, 7200088.035801753401756 ], [ 673806.65994883782696, 7200114.917608289048076 ], [ 673789.682033762568608, 7200157.362424362450838 ], [ 673767.044728326611221, 7200213.955597798340023 ], [ 673741.577845961553976, 7200235.178009734489024 ], [ 673694.888555613579229, 7200247.911464107222855 ], [ 673638.295387526159175, 7200247.911477094516158 ], [ 673604.339537873398513, 7200247.911484885960817 ], [ 673600.095058614970185, 7200256.40044829621911 ], [ 673604.339542418369092, 7200267.71910657081753 ], [ 673628.391648826655, 7200283.282241518609226 ], [ 673660.932718949392438, 7200304.504640143364668 ], [ 673682.155130179016851, 7200327.141825770959258 ], [ 673714.69620355265215, 7200362.512580457143486 ], [ 673731.674134878441691, 7200390.809160685166717 ], [ 673738.748188464203849, 7200406.372299529612064 ], [ 673738.040868708281778, 7200443.157718256115913 ], [ 673729.55191278969869, 7200471.454304335638881 ], [ 673704.08503918396309, 7200530.877175252884626 ], [ 673688.521909145638347, 7200576.151687837205827 ], [ 673660.225331908790395, 7200605.863062871620059 ], [ 673606.461865793447942, 7200628.500265716575086 ], [ 673585.239462022436783, 7200638.404145430773497 ], [ 673558.357665611547418, 7200652.552379664964974 ], [ 673530.061088367248885, 7200682.263754695653915 ], [ 673530.061092909192666, 7200702.071376393549144 ], [ 673532.890794257167727, 7200721.878997441381216 ], [ 673558.357695141807199, 7200781.301856692880392 ], [ 673559.772618578746915, 7200829.405934207141399 ], [ 673572.506069671711884, 7200861.946996652521193 ], [ 673595.143266291357577, 7200888.828791197389364 ], [ 673614.950895080226474, 7200919.954939612187445 ], [ 673616.365689221653156, 7200962.39987950772047 ], [ 673617.780606494634412, 7200983.622285293415189 ], [ 673635.465863433666527, 7201000.600206124596298 ], [ 673659.517971165827475, 7201021.822606716305017 ], [ 673700.548001470044255, 7201033.141256561502814 ], [ 673737.333547964110039, 7201033.141248116269708 ], [ 673776.948789642425254, 7201026.067060982808471 ], [ 673867.497802598052658, 7201004.844634072855115 ], [ 673919.846362181240693, 7201007.674190858379006 ], [ 673973.60983774671331, 7201026.067015796899796 ], [ 674037.277189117390662, 7201048.704191676340997 ], [ 674134.900260226684622, 7201062.852525295689702 ], [ 674207.056573050329462, 7201081.245217986404896 ], [ 674253.745873540989123, 7201112.371488206088543 ], [ 674274.968287092400715, 7201144.912548694759607 ], [ 674277.797990742139518, 7201174.623916605487466 ], [ 674273.553514743456617, 7201197.261236108839512 ], [ 674256.57559673814103, 7201226.972608583047986 ], [ 674236.767982248566113, 7201258.098766116425395 ], [ 674211.301102792611346, 7201292.054749771952629 ], [ 674191.493485042592511, 7201309.032679227180779 ], [ 674161.782121764146723, 7201331.669876595027745 ], [ 674149.048680406413041, 7201341.573754381388426 ], [ 674116.507619991200045, 7201362.796167992055416 ], [ 674103.774183840258047, 7201395.337236307561398 ], [ 674106.603885205928236, 7201415.144729372113943 ], [ 674117.922418068163097, 7201422.218904810026288 ], [ 674133.485561121255159, 7201433.537560494616628 ], [ 674156.122884801123291, 7201456.174745816737413 ], [ 674163.196939381887205, 7201475.982365906238556 ], [ 674163.196943289251067, 7201492.960290808230639 ], [ 674154.707984118489549, 7201507.108648844994605 ], [ 674124.996622784994543, 7201538.234808666631579 ], [ 674101.651983921183273, 7201572.190791841596365 ], [ 674067.696144623681903, 7201617.465308725833893 ], [ 674042.229264822090045, 7201650.006251982413232 ], [ 674008.273291660007089, 7201669.813881512731314 ], [ 673992.71028245985508, 7201683.962241178378463 ], [ 673992.710286363959312, 7201700.940166083164513 ], [ 673994.125071744201705, 7201705.184646983630955 ], [ 674006.858515388797969, 7201705.184644055552781 ], [ 674025.25122335087508, 7201699.525246191769838 ], [ 674056.377501331153326, 7201686.7917953543365 ], [ 674111.555755166802555, 7201678.302820210345089 ], [ 674152.58578095480334, 7201669.813848315738142 ], [ 674193.615809346316382, 7201672.643535691313446 ], [ 674226.156877263681963, 7201683.962187469005585 ], [ 674254.453464944730513, 7201699.525193452835083 ], [ 674299.727974879438989, 7201703.769664250314236 ], [ 674346.417268893332221, 7201706.599350314587355 ], [ 674388.862212301813997, 7201720.747696622274816 ], [ 674400.180745497345924, 7201729.236656466498971 ], [ 674432.721815376426093, 7201749.044142691418529 ], [ 674453.944225692306645, 7201767.436975115910172 ], [ 674479.4111168961972, 7201784.414894150570035 ], [ 674523.270842758822255, 7201790.074149672873318 ], [ 674564.300872137770057, 7201797.148318255320191 ], [ 674598.256724798120558, 7201809.881754103116691 ], [ 674615.234651617356576, 7201818.370712639763951 ], [ 674615.234654882457107, 7201832.519068729132414 ], [ 674586.938204327831045, 7201856.571178212761879 ], [ 674537.419222630094737, 7201893.356736270710826 ], [ 674511.952217775862664, 7201938.63125123642385 ], [ 674487.90024875535164, 7201964.098144149407744 ], [ 674453.944279832066968, 7202002.298483029007912 ], [ 674451.114715587347746, 7202022.106105411425233 ], [ 674456.773986101499759, 7202043.328510248102248 ], [ 674470.922217419021763, 7202057.476735081523657 ], [ 674472.337134065106511, 7202075.869572076946497 ], [ 674452.529515321715735, 7202088.603020329028368 ], [ 674419.988455209415406, 7202111.240218380466104 ], [ 674385.325155464117415, 7202138.122026152908802 ], [ 674358.443489297758788, 7202162.174135310575366 ], [ 674320.24303620820865, 7202187.641031483188272 ], [ 674273.553747377125546, 7202207.448663972318172 ], [ 674229.694029635982588, 7202237.160042675212026 ], [ 674187.249224623315968, 7202268.286333460360765 ], [ 674147.634116418194026, 7202299.412495596334338 ], [ 674122.167107621440664, 7202327.709085652604699 ], [ 674089.626176139805466, 7202353.175980518572032 ], [ 674054.255419843597338, 7202378.642876034602523 ], [ 673970.780597116099671, 7202453.628900961950421 ], [ 673932.580146275926381, 7202488.999543998390436 ], [ 673909.942961625522003, 7202514.466436585411429 ], [ 673901.454001788282767, 7202525.785097818821669 ], [ 673905.69848593394272, 7202538.518540535122156 ], [ 673919.846716599306092, 7202549.837196567095816 ], [ 673943.898821786511689, 7202559.740937912836671 ], [ 673970.780626386986114, 7202580.963337889872491 ], [ 673979.26959305559285, 7202599.356173273175955 ], [ 673983.514079479617067, 7202621.993362864479423 ], [ 674017.469939649221487, 7202667.267864195629954 ], [ 674047.181316974922083, 7202705.468316450715065 ], [ 674075.477905339677818, 7202723.861019281670451 ], [ 674108.018972650170326, 7202732.349974259734154 ], [ 674150.463787134271115, 7202742.253839369863272 ], [ 674216.960704861325212, 7202753.572355352342129 ], [ 674274.968656891607679, 7202750.742773175239563 ], [ 674327.317340687266551, 7202736.594405010342598 ], [ 674408.669934863224626, 7202713.95719569735229 ], [ 674451.114874741411768, 7202712.542273504659534 ], [ 674520.441357042873278, 7202705.468207469210029 ], [ 674594.012445952743292, 7202687.075353162363172 ], [ 674691.635642671724781, 7202689.905027456581593 ], [ 674732.665670468006283, 7202689.905017984099686 ], [ 674775.110483977594413, 7202695.564273826777935 ], [ 674816.140512100886554, 7202696.979176761582494 ], [ 674848.681577783543617, 7202698.393953654915094 ], [ 674882.637428526883014, 7202702.638427041471004 ], [ 674902.445055126212537, 7202723.860828624106944 ], [ 674910.934022144647315, 7202743.668448412790895 ], [ 674912.348811784759164, 7202766.30563865788281 ], [ 674909.519246566807851, 7202781.868779830634594 ], [ 674899.615380873787217, 7202821.484025623649359 ], [ 674891.126432489603758, 7202882.321677255444229 ], [ 674862.829861423233524, 7202938.914724237285554 ], [ 674847.266860710340552, 7202989.848630635067821 ], [ 674834.533425215631723, 7203025.219267856329679 ], [ 674834.533430118812248, 7203046.441674025729299 ], [ 674847.266880321549252, 7203074.738255310803652 ], [ 674858.585416484973393, 7203095.960658865980804 ], [ 674875.563345624599606, 7203114.353492293506861 ], [ 674898.200667415047064, 7203128.501715176738799 ], [ 674929.326951652416028, 7203142.650064097717404 ], [ 674973.186546325217932, 7203134.161091490648687 ], [ 675019.875837813480757, 7203125.672118226997554 ], [ 675052.416901878779754, 7203120.012717055156827 ], [ 675096.276621931116097, 7203100.205213150009513 ], [ 675133.062168199568987, 7203098.790292225778103 ], [ 675176.214434009045362, 7203087.471622949466109 ], [ 675204.511018159217201, 7203087.471616400405765 ], [ 675259.689274051925167, 7203087.471603624522686 ], [ 675314.867529945680872, 7203087.471590844914317 ], [ 675362.971738095511682, 7203097.375454580411315 ], [ 675435.128056390094571, 7203138.405465791001916 ], [ 675484.64704599941615, 7203135.575757490471005 ], [ 675531.336341419257224, 7203144.064709130674601 ], [ 675576.610854073427618, 7203159.627839157357812 ], [ 675627.544628749368712, 7203159.627827339805663 ], [ 675661.50047820515465, 7203158.213035047054291 ], [ 675709.604680122807622, 7203141.234970942139626 ], [ 675744.97544001461938, 7203131.331215850077569 ], [ 675790.249947742093354, 7203125.671939689666033 ], [ 675856.746859282953665, 7203110.108783714473248 ], [ 675894.947190287290141, 7203110.108774838969111 ], [ 675953.662599529605359, 7203111.523545602336526 ], [ 675996.107410111930221, 7203104.449485676363111 ], [ 676021.574297447456047, 7203104.449479755014181 ], [ 676045.626397084444761, 7203090.301118046045303 ], [ 676071.093278495594859, 7203064.834224715828896 ], [ 676102.219555180054158, 7203046.441380128264427 ], [ 676139.005101115326397, 7203043.611802745610476 ], [ 676187.109177980222739, 7203039.367310313507915 ], [ 676232.383684052503668, 7203026.633856071159244 ], [ 676277.658186829648912, 7202999.752045713365078 ], [ 676331.421651386423036, 7202970.040664553642273 ], [ 676352.644060133257881, 7202981.359318898059428 ], [ 676371.036902045016177, 7203001.16680836956948 ], [ 676389.42962024291046, 7203039.367263188585639 ], [ 676417.726209668209776, 7203062.004447176121175 ], [ 676440.363529177615419, 7203066.248923134058714 ], [ 676475.734161384752952, 7203057.759952417574823 ], [ 676504.03074223571457, 7203043.611717706546187 ], [ 676528.082845162251033, 7203043.611712096258998 ], [ 676587.505586235551164, 7203060.589623169973493 ], [ 676638.439491876168177, 7203073.323054987937212 ], [ 676678.054608938284218, 7203080.397223798558116 ], [ 676719.084639729117043, 7203093.13065792247653 ], [ 676758.671602695249021, 7203125.513250095769763 ], [ 676763.017978206975386, 7203152.315688876435161 ], [ 676763.742336845723912, 7203179.842608714476228 ], [ 676763.017991404281929, 7203208.8183613140136 ], [ 676759.395994662074372, 7203295.745363458991051 ], [ 676749.978913589613512, 7203337.035745677538216 ], [ 676728.247206486063078, 7203384.845556672662497 ], [ 676723.176491281716153, 7203411.648125661537051 ], [ 676717.381294514867477, 7203432.655493132770061 ], [ 676695.649585715727881, 7203473.221398023888469 ], [ 676680.437299752607942, 7203500.748321594670415 ], [ 676661.6031237274874, 7203523.928876744583249 ], [ 676644.217778090853244, 7203538.416693024337292 ], [ 676612.344495484023355, 7203566.668100694194436 ], [ 676584.817583481781185, 7203600.714453041553497 ], [ 676558.739503387128934, 7203632.587748415768147 ], [ 676543.136434597312473, 7203665.666289698332548 ], [ 676569.490749179967679, 7203678.399087263271213 ], [ 676637.680721343378536, 7203680.409055938944221 ], [ 676741.970799466012977, 7203680.40903159417212 ], [ 676804.150787766790017, 7203690.43897199537605 ], [ 676888.390819599037059, 7203722.528945671394467 ], [ 676948.560826137079857, 7203744.588970042765141 ], [ 677044.830811581923626, 7203768.658970549702644 ], [ 677107.010805057594553, 7203800.748949363827705 ], [ 677139.994243156863376, 7203820.264723339118063 ], [ 677170.80897206265945, 7203820.264716127887368 ], [ 677211.105045766104013, 7203811.968512274324894 ], [ 677251.401115029118955, 7203784.709358885884285 ], [ 677276.289814561023377, 7203734.931802535429597 ], [ 677290.51201306656003, 7203676.858054269105196 ], [ 677319.610885855741799, 7203610.208812020719051 ], [ 677387.80084767320659, 7203568.088847765699029 ], [ 677419.696527928579599, 7203529.895805158652365 ], [ 677448.140816636150703, 7203497.895917166955769 ], [ 677454.256018162472174, 7203496.876779437065125 ], [ 677451.914896526257508, 7203492.77988279145211 ], [ 677448.292875064304098, 7203473.945702152326703 ], [ 677449.017352556344122, 7203462.355426607653499 ], [ 677449.017347800312564, 7203442.072412698529661 ], [ 677445.757563727209345, 7203411.647956602275372 ], [ 677433.442933456972241, 7203400.057684112340212 ], [ 677410.262377846287563, 7203379.050323428586125 ], [ 677380.56226852722466, 7203358.767316484823823 ], [ 677365.349965953384526, 7203315.303755394183099 ], [ 677364.625607972731814, 7203290.674500394612551 ], [ 677363.901251520379446, 7203272.564671292901039 ], [ 677374.7670442762319, 7203262.423225795850158 ], [ 677389.979334284551442, 7203252.281651278957725 ], [ 677408.813512997236103, 7203240.69137149117887 ], [ 677429.820875825942494, 7203226.927906561642885 ], [ 677451.552590522449464, 7203211.715737040154636 ], [ 677485.599057370098308, 7203182.015624415129423 ], [ 677519.645528633031063, 7203171.149693269282579 ], [ 677535.582043865695596, 7203165.35461584571749 ], [ 677548.621149922953919, 7203158.110706681385636 ], [ 677559.849183799698949, 7203152.31550235953182 ], [ 677562.746843705419451, 7203131.308135569095612 ], [ 677554.778450612677261, 7203102.332513010129333 ], [ 677535.219912730157375, 7203084.222688333131373 ], [ 677508.417339402716607, 7203060.317791666835546 ] ] ] ] } }
]
}
