{
"type": "FeatureCollection",
"name": "rio_itaqui_campo_largo",
"crs": { "type": "name", "properties": { "name": "urn:ogc:def:crs:EPSG::31982" } },
"features": [
{ "type": "Feature", "properties": { "AREA": 185900822.79405001, "PERIMETER": 94001.41624000001, "BACIAS1_": 16, "BACIAS1_ID": 0, "NOME_BACIA": "RIO ITAQUI_CAMPO_LARGO", "SUB_AREA": 185.9, "SUBCODIGO": 15, "BACCODIGO": 2, "SUBNOME": "RIO ITAQUI", "SUBBAC_DAT": "2002-01-03", "SUBBAC_POP": 32101, "SUBBAC_P_1": 2300, "SUBBAC_DEN": 12.37, "SUBBAC_D_1": 172.68 }, "geometry": { "type": "MultiPolygon", "coordinates": [ [ [ [ 641519.846688046702184, 7184302.201088138855994 ], [ 641531.627679735189304, 7184306.913482518866658 ], [ 641547.335669389925897, 7184317.123672171495855 ], [ 641557.545864370418712, 7184332.831658859737217 ], [ 641563.043664209661074, 7184354.822841866873205 ], [ 641566.608049797592685, 7184381.079860823228955 ], [ 641574.039265805156901, 7184409.015400468371809 ], [ 641579.537067858851515, 7184442.787574926391244 ], [ 641595.245063272188418, 7184483.628342345356941 ], [ 641623.519453161978163, 7184547.245690889656544 ], [ 641667.050188701134175, 7184579.275465361773968 ], [ 641709.913395936135203, 7184601.438235415145755 ], [ 641743.685572540038265, 7184617.146217700093985 ], [ 641766.462155803688802, 7184622.644009452313185 ], [ 641789.238736554398201, 7184614.790010892786086 ], [ 641801.805124533595517, 7184603.009017089381814 ], [ 641815.942309808335267, 7184583.374028695747256 ], [ 641822.225500176427886, 7184558.24124576151371 ], [ 641827.723290861118585, 7184531.537664113566279 ], [ 641842.645876408205368, 7184516.615072151646018 ], [ 641854.426870318944566, 7184533.108457976952195 ], [ 641872.491059622727334, 7184551.172641484998167 ], [ 641886.628252140828408, 7184570.022225159220397 ], [ 641894.48225103947334, 7184596.725804310292006 ], [ 641898.409252116107382, 7184618.716987615451217 ], [ 641901.550856318790466, 7184654.059961380437016 ], [ 641906.263257818063721, 7184681.548940552398562 ], [ 641914.117259233491495, 7184721.604310017079115 ], [ 641930.25747070775833, 7184759.725012648850679 ], [ 641949.002295262296684, 7184827.206335462629795 ], [ 641949.002310088719241, 7184905.934549516066909 ], [ 641975.245062918402255, 7184992.160683814436197 ], [ 642023.98158503358718, 7185052.144075881689787 ], [ 642053.97329671564512, 7185119.625396613031626 ], [ 642068.197224530391395, 7185145.582747644744813 ], [ 642091.462929611210711, 7185168.361903067678213 ], [ 642128.952559683239087, 7185202.102559220045805 ], [ 642173.940114501630887, 7185235.843213967047632 ], [ 642226.425599018577486, 7185295.826605338603258 ], [ 642238.293160168104805, 7185325.912176858633757 ], [ 642235.79390305490233, 7185359.652236147783697 ], [ 642223.297594026662409, 7185404.014167683199048 ], [ 642207.052388714742847, 7185442.752756787464023 ], [ 642195.180894137709402, 7185479.616897359490395 ], [ 642196.430533539969474, 7185520.229930899105966 ], [ 642207.680833843303844, 7185543.258138922974467 ], [ 642232.669863557093777, 7185570.840012343600392 ], [ 642265.160288098617457, 7185567.091110822744668 ], [ 642307.647764911409467, 7185554.594784762710333 ], [ 642345.136715586180799, 7185546.472170969471335 ], [ 642395.128951070364565, 7185535.76017858274281 ], [ 642455.112348327063955, 7185532.011204735375941 ], [ 642530.09159649151843, 7185535.760153220966458 ], [ 642567.581220220308751, 7185535.760146171785891 ], [ 642592.157273319200613, 7185551.59149968624115 ], [ 642614.209483859478496, 7185551.591495538130403 ], [ 642617.884851356036961, 7185546.69100334867835 ], [ 642628.910952452803031, 7185524.638789530843496 ], [ 642628.91094967070967, 7185509.937315035611391 ], [ 642628.910946888849139, 7185495.235840542241931 ], [ 642630.136068537714891, 7185489.110225938260555 ], [ 642633.811436034389772, 7185484.209733746945858 ], [ 642647.287787149311043, 7185485.43485408835113 ], [ 642666.889753928175196, 7185495.235833395272493 ], [ 642675.465613580541685, 7185495.235831782221794 ], [ 642703.643438389059156, 7185496.460949352011085 ], [ 642726.920773591846228, 7185506.261927967891097 ], [ 642745.29761640354991, 7185509.937293129973114 ], [ 642768.57494998164475, 7185511.162411622703075 ], [ 642778.37593290861696, 7185513.612655526027083 ], [ 642799.203019247157499, 7185506.261914355680346 ], [ 642829.831088741309941, 7185502.586539963260293 ], [ 642842.08231705147773, 7185503.811660528182983 ], [ 642867.809896941762418, 7185508.712147179059684 ], [ 642883.73649367550388, 7185509.937267052941024 ], [ 642903.338459991733544, 7185517.288000606000423 ], [ 642929.066041045472957, 7185528.314101625233889 ], [ 642949.893132029101253, 7185545.465817944146693 ], [ 642964.59460944077, 7185565.067781166173518 ], [ 642982.971456669969484, 7185592.020480941049755 ], [ 642997.672932688263245, 7185604.27170691639185 ], [ 643020.950270455796272, 7185627.549037147313356 ], [ 643039.327114201150835, 7185636.124893803149462 ], [ 643058.929081917973235, 7185650.826364601030946 ], [ 643073.630557705881074, 7185661.852467700839043 ], [ 643078.531054286635481, 7185690.030292897485197 ], [ 643087.106918826932088, 7185715.757871649228036 ], [ 643098.133027123752981, 7185731.684466943144798 ], [ 643103.033522309036925, 7185752.511554893106222 ], [ 643117.735001356340945, 7185780.689378241077065 ], [ 643127.633969366084784, 7185797.77940371632576 ], [ 643132.784324985230342, 7185820.097593277692795 ], [ 643137.362416838179342, 7185829.253773145377636 ], [ 643150.813329741475172, 7185846.846007249318063 ], [ 643152.038456272915937, 7185866.44797301851213 ], [ 643149.588216239935718, 7185895.850922485813498 ], [ 643142.237483576638624, 7185917.903135627508163 ], [ 643144.687733149155974, 7185938.73022404499352 ], [ 643143.462613598094322, 7185955.881944531574845 ], [ 643143.462617786601186, 7185977.934156285598874 ], [ 643144.687743852147833, 7185995.085876310244203 ], [ 643149.5882418329129, 7186030.614438768476248 ], [ 643163.064599243691191, 7186064.917876739054918 ], [ 643201.043411430437118, 7186091.870572826825082 ], [ 643235.346851701848209, 7186100.446426475420594 ], [ 643250.048326804535463, 7186107.79716094955802 ], [ 643265.974926111171953, 7186122.49863244779408 ], [ 643274.55079019581899, 7186145.775965463370085 ], [ 643294.152764218742959, 7186193.555753909982741 ], [ 643316.204987823031843, 7186262.162630782462656 ], [ 643328.456225462839939, 7186312.392666377127171 ], [ 643337.032092580804601, 7186351.596596784889698 ], [ 643352.958692594547756, 7186369.97343691252172 ], [ 643361.534559481893666, 7186407.952244447544217 ], [ 643376.236040648189373, 7186447.156173702329397 ], [ 643407.348975758068264, 7186502.992333389818668 ], [ 643478.579268070403486, 7186540.481945736333728 ], [ 643557.307488714461215, 7186596.716369574889541 ], [ 643606.044003202114254, 7186615.461173257790506 ], [ 643666.027404112159275, 7186630.457012224942446 ], [ 643744.755615485366434, 7186637.954922469332814 ], [ 643793.492129979305901, 7186656.699726141989231 ], [ 643868.471376118483022, 7186649.201786752790213 ], [ 643920.956849414971657, 7186649.201776791363955 ], [ 643954.697512252139859, 7186656.69969555363059 ], [ 643999.685061510419473, 7186660.448649593628943 ], [ 644070.915345267974772, 7186652.950710894539952 ], [ 644112.15393143077381, 7186652.950703057460487 ], [ 644142.302327758166939, 7186664.818895347416401 ], [ 644161.87342133698985, 7186691.506741002202034 ], [ 644168.100590956280939, 7186718.194589195773005 ], [ 644160.983835423830897, 7186738.655275072902441 ], [ 644123.620853265398182, 7186764.453536577522755 ], [ 644085.91122201224789, 7186795.411286215297878 ], [ 644055.919533726759255, 7186851.64573067240417 ], [ 644067.166427312418818, 7186885.38639179430902 ], [ 644099.60181632230524, 7186901.451167972758412 ], [ 644149.643605399411172, 7186915.378076792694628 ], [ 644194.631157541647553, 7186934.122881159186363 ], [ 644269.610405138228089, 7186934.122866896912456 ], [ 644329.593803215655498, 7186934.122855482622981 ], [ 644362.032327252090909, 7186934.366132293827832 ], [ 644403.843292587203905, 7186953.047618901357055 ], [ 644430.531145290122367, 7186977.956273248419166 ], [ 644437.647907806443982, 7186993.968981523998082 ], [ 644442.985480801435187, 7187011.760880100540817 ], [ 644435.868726126733236, 7187036.669540885835886 ], [ 644419.568924033199437, 7187057.838603645563126 ], [ 644393.326202450669371, 7187136.566822937689722 ], [ 644340.840750654111616, 7187249.035710502415895 ], [ 644295.853228629915975, 7187387.747334765270352 ], [ 644288.355316064204089, 7187451.479700168594718 ], [ 644280.857409237651154, 7187545.203766280785203 ], [ 644262.112610954791307, 7187616.434059014543891 ], [ 644228.371962416917086, 7187683.915392016991973 ], [ 644198.380270519177429, 7187721.405023606494069 ], [ 644198.380274822120555, 7187743.898799136281013 ], [ 644243.367827014881186, 7187762.643603523261845 ], [ 644269.610570158809423, 7187796.384261829778552 ], [ 644318.347091918578371, 7187852.618691390380263 ], [ 644322.09606004471425, 7187882.610391389578581 ], [ 644322.096067222533748, 7187920.100017283111811 ], [ 644329.593999886419624, 7187961.338604340329766 ], [ 644348.338821861660108, 7188013.824077030643821 ], [ 644393.326379818608984, 7188062.56058213673532 ], [ 644423.318090393790044, 7188122.543977867811918 ], [ 644464.556688849697821, 7188186.276334054768085 ], [ 644498.297361821401864, 7188246.259729081764817 ], [ 644520.791140452958643, 7188268.753500340506434 ], [ 644577.025579124921933, 7188283.749339984729886 ], [ 644629.511053975089453, 7188291.247255159541965 ], [ 644708.239264813950285, 7188294.996202730573714 ], [ 644760.724743265425786, 7188321.238930851221085 ], [ 644805.712297666119412, 7188351.230622993782163 ], [ 644850.699852071353234, 7188381.222315138205886 ], [ 644895.687409363454208, 7188426.209857644513249 ], [ 644929.428085982683115, 7188504.938065635040402 ], [ 644970.666682340204716, 7188557.423534045927227 ], [ 644981.913582481211051, 7188624.904858567751944 ], [ 644966.917747346335091, 7188699.88411329779774 ], [ 644970.666718385647982, 7188744.871663704514503 ], [ 644981.913609157199971, 7188763.616474522277713 ], [ 645011.905308989807963, 7188767.365431381389499 ], [ 645060.641820767312311, 7188771.114384653046727 ], [ 645158.114845768548548, 7188786.110216377303004 ], [ 645191.855512324022129, 7188812.352948073297739 ], [ 645240.592029162216932, 7188842.344639495015144 ], [ 645251.838924997253343, 7188887.332188470289111 ], [ 645251.838933663442731, 7188932.319739604368806 ], [ 645266.83479189092759, 7188977.307287868112326 ], [ 645311.82235068839509, 7189029.792755575850606 ], [ 645353.060937704634853, 7189033.541710269637406 ], [ 645416.793296893476509, 7189026.043772861361504 ], [ 645473.027736364980228, 7189044.788575049489737 ], [ 645544.258024676353671, 7189059.784411761909723 ], [ 645600.492470668395981, 7189112.269877303391695 ], [ 645622.986251530935988, 7189146.010536344721913 ], [ 645652.97796007245779, 7189194.747044330462813 ], [ 645694.216555793071166, 7189243.483550157397985 ], [ 645731.706190576544032, 7189299.717981899157166 ], [ 645765.446861522854306, 7189348.454489169642329 ], [ 645765.446872395346873, 7189404.688928123563528 ], [ 645731.706222461070865, 7189464.672336161136627 ], [ 645694.216607231763192, 7189509.659894533455372 ], [ 645682.969728745287284, 7189554.647447865456343 ], [ 645690.467660775408149, 7189592.137072402983904 ], [ 645735.455216013710015, 7189625.877727141603827 ], [ 645787.940694593824446, 7189652.120455240830779 ], [ 645870.417871600831859, 7189674.614214971661568 ], [ 645960.39298138266895, 7189738.34656183514744 ], [ 646076.610822128481232, 7189772.087202845141292 ], [ 646159.087996250134893, 7189779.585112150758505 ], [ 646211.573475582525134, 7189809.576802825555205 ], [ 646249.063103886554018, 7189832.070571191608906 ], [ 646256.56103594833985, 7189869.56019573751837 ], [ 646256.561046129325405, 7189922.045672131702304 ], [ 646249.063131521223113, 7189974.531149974092841 ], [ 646264.058986192219891, 7190000.77388528175652 ], [ 646297.799654295551591, 7190034.514542173594236 ], [ 646331.540315853664652, 7190034.51453566364944 ], [ 646410.268532705958933, 7190068.255183870904148 ], [ 646432.762314359773882, 7190105.744805533438921 ], [ 646444.009213197627105, 7190165.728204973042011 ], [ 646444.009223391069099, 7190218.213681386783719 ], [ 646459.005087540484965, 7190293.192930517718196 ], [ 646485.24783305672463, 7190338.180476669222116 ], [ 646503.99265596747864, 7190394.414912074804306 ], [ 646533.984361701994203, 7190428.155569700524211 ], [ 646560.227105041965842, 7190461.896228048950434 ], [ 646567.725043683080003, 7190533.126516049727798 ], [ 646597.716750883380882, 7190574.365098881535232 ], [ 646620.21052745776251, 7190585.611982344649732 ], [ 646695.189779795240611, 7190608.105743462219834 ], [ 646736.42836836387869, 7190619.352623295038939 ], [ 646766.420075576752424, 7190660.591206125915051 ], [ 646796.411775492946617, 7190664.340162925422192 ], [ 646837.650360416271724, 7190656.842229736968875 ], [ 646890.135830342886038, 7190638.097406554967165 ], [ 646916.378567130304873, 7190638.097401471808553 ], [ 646938.872344444156624, 7190653.093247527256608 ], [ 646957.61716374126263, 7190690.582869930192828 ], [ 646976.361984504270367, 7190735.570417540147901 ], [ 646983.859917341731489, 7190776.809004730544984 ], [ 647006.353699774830602, 7190818.04758901335299 ], [ 647025.098516888450831, 7190844.290323611348867 ], [ 647066.337104010977782, 7190848.039278218522668 ], [ 647137.567388868308626, 7190844.290301798842847 ], [ 647231.29144592420198, 7190829.294433193281293 ], [ 647306.270693910308182, 7190829.294418632984161 ], [ 647366.254092298797332, 7190829.294406980276108 ], [ 647396.245791491819546, 7190829.294401152990758 ], [ 647414.990607152925804, 7190848.03921053186059 ], [ 647418.739581279573031, 7190908.022611472755671 ], [ 647444.982341537019238, 7191027.989409731701016 ], [ 647471.225093003362417, 7191102.968656737357378 ], [ 647501.216801008791663, 7191147.956202174536884 ], [ 647516.212662348523736, 7191207.939600953832269 ], [ 647525.810752070858143, 7191244.689110834151506 ], [ 647535.68440686375834, 7191263.339339868165553 ], [ 647546.204374760389328, 7191275.420922031626105 ], [ 647565.305364160682075, 7191283.0866374745965 ], [ 647587.442962645785883, 7191282.918839220888913 ], [ 647621.450928770005703, 7191282.91883260384202 ], [ 647647.815824195859022, 7191289.373132761567831 ], [ 647684.915991692920215, 7191316.659483708441257 ], [ 647737.40147413185332, 7191361.64702476747334 ], [ 647782.38902662822511, 7191380.39182903803885 ], [ 647819.878653588937595, 7191395.38767216168344 ], [ 647819.878656529588625, 7191410.383522589690983 ], [ 647812.380737603525631, 7191440.375224908813834 ], [ 647786.138013278134167, 7191504.107594349421561 ], [ 647756.146327280672267, 7191571.588927134871483 ], [ 647752.397370019927621, 7191597.831666121259332 ], [ 647780.684040702646598, 7191633.544387274421751 ], [ 647825.666854241862893, 7191659.248841915279627 ], [ 647853.619375486392528, 7191702.802599430084229 ], [ 647868.615229512215592, 7191725.296372159384191 ], [ 647889.928027070593089, 7191750.132467866875231 ], [ 647920.650270661339164, 7191755.181264044716954 ], [ 648000.090000421623699, 7191716.165834016166627 ], [ 648034.056608222424984, 7191702.395579133182764 ], [ 648096.481724639423192, 7191673.937053889036179 ], [ 648197.463536398136057, 7191657.412736259400845 ], [ 648238.774277276359499, 7191649.150579233653843 ], [ 648275.494928071508184, 7191602.331727994605899 ], [ 648337.235496791894548, 7191556.592963275499642 ], [ 648397.218882696935907, 7191492.86058720946312 ], [ 648457.202270067180507, 7191436.626136358827353 ], [ 648513.436696502496488, 7191387.889611455611885 ], [ 648569.671126624685712, 7191357.897899586707354 ], [ 648595.913856050465256, 7191320.408268375322223 ], [ 648640.901393046136945, 7191260.424857852980494 ], [ 648711.218847351847216, 7191190.841791899874806 ], [ 648755.653757717693225, 7191143.910517197102308 ], [ 648809.07550013565924, 7191068.520919871516526 ], [ 648854.592200343031436, 7191009.244321350008249 ], [ 648888.332858984358609, 7190994.248464306816459 ], [ 648926.403647135128267, 7191010.106448760256171 ], [ 648948.870744083775207, 7191024.08597038500011 ], [ 648979.326144146732986, 7191053.043554049916565 ], [ 648997.052796739852056, 7191136.709021966904402 ], [ 648997.05280933319591, 7191200.441386270336807 ], [ 649012.048666345071979, 7191237.931009384803474 ], [ 649027.044518915819936, 7191252.926856864243746 ], [ 649098.274803801905364, 7191249.177880259230733 ], [ 649177.003011263906956, 7191234.182014351710677 ], [ 649240.735366892302409, 7191207.939263569191098 ], [ 649300.718760116258636, 7191181.696513520553708 ], [ 649315.714609720045701, 7191181.696510567329824 ], [ 649345.706308928551152, 7191181.696504663676023 ], [ 649379.446976479957812, 7191211.688198870047927 ], [ 649390.693870368064381, 7191245.428860110230744 ], [ 649360.702187494141981, 7191327.90604336373508 ], [ 649300.718806138611399, 7191414.132195137441158 ], [ 649274.476085650618188, 7191496.609377666376531 ], [ 649281.974020847235806, 7191549.094852698966861 ], [ 649308.9706078954041, 7191592.910939980298281 ], [ 649330.710543964873068, 7191609.078244836069643 ], [ 649361.040582480141893, 7191628.15440664626658 ], [ 649390.669703968102112, 7191639.868239261209965 ], [ 649433.390760467271321, 7191644.691576092503965 ], [ 649472.666569459950551, 7191644.002519031986594 ], [ 649511.94237339834217, 7191617.818637105636299 ], [ 649564.310106874443591, 7191557.182286567986012 ], [ 649675.256905034068041, 7191482.52887218259275 ], [ 649702.373913693241775, 7191457.142724959179759 ], [ 649724.351559824310243, 7191425.378999447450042 ], [ 649765.590130612836219, 7191346.650776554830372 ], [ 649818.075584874022752, 7191249.177738414146006 ], [ 649833.07143000967335, 7191226.683959813788533 ], [ 649859.314166818046942, 7191226.683954628184438 ], [ 649893.054834392038174, 7191256.675648813135922 ], [ 649917.459745295462199, 7191285.098422979936004 ], [ 649951.557099702535197, 7191308.887266153469682 ], [ 649986.778910088352859, 7191335.403845023363829 ], [ 650020.519577672355808, 7191365.39553920738399 ], [ 650046.762322693597525, 7191406.634122693911195 ], [ 650035.61106223531533, 7191463.514773986302316 ], [ 650032.439223641296849, 7191503.162857814691961 ], [ 650043.013384161517024, 7191526.600926879793406 ], [ 650064.950663343537599, 7191569.771631161682308 ], [ 650083.981748553458601, 7191601.490093959495425 ], [ 650110.942448867717758, 7191627.657823540270329 ], [ 650141.074995350558311, 7191652.239629165269434 ], [ 650171.207540889270604, 7191672.063664804212749 ], [ 650201.340085637872107, 7191687.922892120666802 ], [ 650235.437436913140118, 7191695.852502010762691 ], [ 650260.019244314869866, 7191681.57918718457222 ], [ 650283.015126737533137, 7191658.583294367417693 ], [ 650303.632125397911295, 7191641.13813367113471 ], [ 650321.077277419855818, 7191622.900011937133968 ], [ 650340.901314460672438, 7191605.454851396381855 ], [ 650360.725353872519918, 7191599.904115818440914 ], [ 650388.479009490692988, 7191594.353378668427467 ], [ 650405.131204159464687, 7191597.525222022086382 ], [ 650434.470785707933828, 7191605.454832844436169 ], [ 650470.395116038154811, 7191616.575944806449115 ], [ 650511.633707713335752, 7191642.818674882873893 ], [ 650545.374383565038443, 7191714.048957750201225 ], [ 650555.188571600592695, 7191791.878959285095334 ], [ 650575.379263521870598, 7191858.129623364657164 ], [ 650589.260366464499384, 7191914.915907543152571 ], [ 650607.131026947987266, 7191963.130802082829177 ], [ 650635.349542665295303, 7192021.463873876258731 ], [ 650675.70173736626748, 7192053.726814014837146 ], [ 650731.22610227658879, 7192046.155298056080937 ], [ 650793.691011977149174, 7192033.536110762506723 ], [ 650840.381951420335099, 7192008.297751724720001 ], [ 650901.525862939073704, 7191968.978344423696399 ], [ 650950.262362196110189, 7191908.994932963512838 ], [ 650984.003016332979314, 7191871.505300151184201 ], [ 651021.492638125782833, 7191860.258404858410358 ], [ 651058.982264423044398, 7191871.505285223945975 ], [ 651092.722930572112091, 7191893.999054159969091 ], [ 651148.957364387111738, 7191882.752155127003789 ], [ 651182.698020767071284, 7191856.509410135447979 ], [ 651207.662411524681374, 7191827.99979648552835 ], [ 651258.434692518552765, 7191827.999786361120641 ], [ 651307.456206607166678, 7191835.002850208431482 ], [ 651401.122307684039697, 7191817.495147458277643 ], [ 651490.112931156880222, 7191822.768685311079025 ], [ 651572.590113095007837, 7191867.756220147944987 ], [ 651622.594509646878578, 7191870.893539599142969 ], [ 651673.366788530605845, 7191860.3889190107584 ], [ 651692.556905515608378, 7191845.262420506216586 ], [ 651704.164382392191328, 7191799.143282365053892 ], [ 651723.854828195646405, 7191732.687975076958537 ], [ 651755.851812464883551, 7191673.616587925702333 ], [ 651800.155339161632583, 7191641.619581153616309 ], [ 651846.920178700354882, 7191636.696956729516387 ], [ 651878.917173862922937, 7191631.774335262365639 ], [ 651937.988544928957708, 7191599.777325527742505 ], [ 651969.985534631181508, 7191567.780321216210723 ], [ 652016.750363746425137, 7191511.170238638296723 ], [ 652053.669964759144932, 7191461.944080623798072 ], [ 652083.205646558431908, 7191427.485769277438521 ], [ 652105.357400211854838, 7191363.491769047454 ], [ 652158.801299577695318, 7191266.110268916934729 ], [ 652309.011317772674374, 7191158.810204424895346 ], [ 652358.968320186482742, 7191154.466282926499844 ], [ 652355.712610042188317, 7191119.320374131202698 ], [ 652352.595562717877328, 7191100.618112463504076 ], [ 652351.556542954174802, 7191074.642748376354575 ], [ 652341.166392556275241, 7191048.667386170476675 ], [ 652329.737226804718375, 7191018.535965885967016 ], [ 652311.034957773168571, 7190980.092430491000414 ], [ 652306.878897614777088, 7190969.702285608276725 ], [ 652297.527762993355282, 7190949.961010625585914 ], [ 652292.332680767285638, 7190902.166341377422214 ], [ 652292.332675520912744, 7190876.190977087244391 ], [ 652292.332670484436676, 7190851.254627372138202 ], [ 652291.293650932842866, 7190826.318277866579592 ], [ 652290.254630122333765, 7190795.147840932942927 ], [ 652285.059548525605351, 7190750.47021540813148 ], [ 652281.942497847601771, 7190715.143720608204603 ], [ 652278.825449688592926, 7190692.28540066536516 ], [ 652268.435299298260361, 7190666.310038471594453 ], [ 652252.850074239308015, 7190629.944531609304249 ], [ 652215.445545850438066, 7190600.852131124585867 ], [ 652178.041017883340828, 7190573.83775978256017 ], [ 652140.636489920201711, 7190546.82338843960315 ], [ 652111.544078491395339, 7190521.887044569477439 ], [ 652083.490680111804977, 7190489.677598495036364 ], [ 652061.671367142233066, 7190449.156034604646266 ], [ 652052.320229811011814, 7190415.907570211216807 ], [ 652051.281209639506415, 7190387.854177007451653 ], [ 652048.164160440210253, 7190359.800784218125045 ], [ 652040.891055909218267, 7190345.25458168797195 ], [ 652026.864358295104466, 7190336.942467933520675 ], [ 652013.357167729060166, 7190327.591339502483606 ], [ 651992.576877031824552, 7190325.513314528390765 ], [ 651956.211370091885328, 7190330.708394668065012 ], [ 651933.353051204700023, 7190332.786428390070796 ], [ 651907.377688147360459, 7190331.747419023886323 ], [ 651892.831483696470968, 7190325.513334510847926 ], [ 651872.05119027919136, 7190309.928120112046599 ], [ 651855.426951988134533, 7190279.796700891107321 ], [ 651842.958769244025461, 7190237.197105991654098 ], [ 651834.646642461768351, 7190184.207364557310939 ], [ 651833.607621043222025, 7190149.919883935712278 ], [ 651828.412543871789239, 7190127.061564426869154 ], [ 651815.944365315139294, 7190105.242260942235589 ], [ 651802.95668159390334, 7190093.813103269785643 ], [ 651781.137371788150631, 7190068.876757945865393 ], [ 651754.12299046269618, 7190049.135486517101526 ], [ 651721.913533643935807, 7190014.848012140952051 ], [ 651692.821120159467682, 7189979.521522571332753 ], [ 651680.352942654397339, 7189962.897291941568255 ], [ 651660.611664390657097, 7189950.429121047258377 ], [ 651631.519258434535004, 7189952.507156003266573 ], [ 651616.97305629204493, 7189957.702231762930751 ], [ 651596.192767694825307, 7189966.014352479949594 ], [ 651593.075724572408944, 7189968.092382242903113 ], [ 651567.100364243728109, 7189980.560562278144062 ], [ 651538.007961209164932, 7189997.184801215305924 ], [ 651506.837527892552316, 7190007.574953146278858 ], [ 651480.862165056518279, 7190007.574958335608244 ], [ 651468.393989224568941, 7189999.262844262644649 ], [ 651445.535665337461978, 7189976.404528283514082 ], [ 651422.677343539660797, 7189963.936358004808426 ], [ 651392.545923066674732, 7189966.014393160119653 ], [ 651364.492533707991242, 7189978.482573602348566 ], [ 651339.556186845293269, 7189985.755680571310222 ], [ 651319.814910882618278, 7189984.71666993945837 ], [ 651306.307719913427718, 7189973.287512362003326 ], [ 651295.917570818564855, 7189953.546237602829933 ], [ 651291.76150838600006, 7189931.726932456716895 ], [ 651308.385734552633949, 7189901.595506604760885 ], [ 651322.931932526873425, 7189875.620139450766146 ], [ 651330.205029114033096, 7189850.683788316324353 ], [ 651333.322067440138198, 7189824.708423445001245 ], [ 651332.283048756071366, 7189803.928132250905037 ], [ 651348.907272415584885, 7189761.328531565144658 ], [ 651352.024311573710293, 7189739.509224975481629 ], [ 651348.907263237284496, 7189715.611890488304198 ], [ 651338.517114561400376, 7189697.948644874617457 ], [ 651304.229629792855121, 7189668.856243761256337 ], [ 651272.539686104399152, 7189663.661177232861519 ], [ 651247.603339043678716, 7189669.895269626751542 ], [ 651205.003746720030904, 7189683.402467530220747 ], [ 651172.794298691209406, 7189692.753605079837143 ], [ 651134.350763374939561, 7189701.065729300491512 ], [ 651114.609487836016342, 7189702.104747803881764 ], [ 651087.595110496273264, 7189702.104753185994923 ], [ 651068.892848012270406, 7189695.870669493451715 ], [ 651059.541715313913301, 7189685.480525657534599 ], [ 651057.463682749308646, 7189667.817278384231031 ], [ 651057.463678169064224, 7189644.958957850001752 ], [ 651063.697760042152368, 7189618.983592363074422 ], [ 651068.89282552828081, 7189583.657095959410071 ], [ 651069.931830880581401, 7189537.940454687923193 ], [ 651081.360978237586096, 7189476.638592805713415 ], [ 651077.20491123420652, 7189431.960967142134905 ], [ 651064.736729378113523, 7189393.517430558800697 ], [ 651060.580664666602388, 7189360.268965166062117 ], [ 651060.580657380516641, 7189323.903455236926675 ], [ 651061.619664814672433, 7189288.576959674246609 ], [ 651067.853744602762163, 7189252.211448509246111 ], [ 651078.763387197395787, 7189203.377761583775282 ], [ 651080.841413306654431, 7189188.83155720308423 ], [ 651084.99746927479282, 7189178.441410683095455 ], [ 651089.153524616267532, 7189164.93422045558691 ], [ 651098.504652937175706, 7189153.505058334209025 ], [ 651116.167897979030386, 7189145.192938260734081 ], [ 651148.3773468186846, 7189139.997858997434378 ], [ 651178.508766632410698, 7189134.802780145779252 ], [ 651207.601172350579873, 7189131.685730637982488 ], [ 651219.030330525827594, 7189124.412626375444233 ], [ 651230.459488284308463, 7189115.061492974869907 ], [ 651238.77160042244941, 7189095.320214504376054 ], [ 651251.239769566105679, 7189070.383862363174558 ], [ 651251.239764980273321, 7189047.525541846640408 ], [ 651249.161733038607053, 7189032.979338293895125 ], [ 651236.693554933415726, 7189013.238063972443342 ], [ 651219.030306142987683, 7189002.847921805456281 ], [ 651206.042620573774911, 7188982.067633017897606 ], [ 651188.379371160641313, 7188968.56044714525342 ], [ 651182.145280754310079, 7188951.936215287074447 ], [ 651182.145275962539017, 7188928.03888020478189 ], [ 651182.14527137845289, 7188905.180559691973031 ], [ 651180.067239854484797, 7188892.71238528098911 ], [ 651169.677090777899139, 7188872.971110546030104 ], [ 651162.403985860524699, 7188856.346878898330033 ], [ 651157.208907884312794, 7188829.3325011478737 ], [ 651159.286931909155101, 7188804.396151087246835 ], [ 651176.950173191260546, 7188777.381768782623112 ], [ 651187.34031497570686, 7188760.757533615455031 ], [ 651188.379325529560447, 7188741.016256606206298 ], [ 651188.379320319974795, 7188715.040892394259572 ], [ 651183.184242344228551, 7188688.026514648459852 ], [ 651180.067188807879575, 7188638.153815988451242 ], [ 651172.794082018081099, 7188612.178453229367733 ], [ 651168.638020430575125, 7188594.515206394717097 ], [ 651162.403930029366165, 7188577.890974544920027 ], [ 651154.091811228310689, 7188564.383786814287305 ], [ 651128.116444483632222, 7188544.642515195533633 ], [ 651109.414182652253658, 7188541.525475217029452 ], [ 651087.594878329895437, 7188543.603508700616658 ], [ 651048.112330224364996, 7188560.22774965967983 ], [ 651025.254012846271507, 7188569.578885324299335 ], [ 651000.317663529189304, 7188564.383817451074719 ], [ 650952.522995586274192, 7188562.305797829292715 ], [ 650906.806358746136539, 7188570.61792347766459 ], [ 650876.674937912728637, 7188570.617929472588003 ], [ 650857.972675250377506, 7188563.344831214286387 ], [ 650829.919278452754952, 7188538.408487159758806 ], [ 650801.865882278769277, 7188516.589186805300415 ], [ 650771.734457915648818, 7188498.925945137627423 ], [ 650744.720080203609541, 7188496.847921371459961 ], [ 650714.588660621084273, 7188503.08201476931572 ], [ 650685.496257416903973, 7188518.667239075526595 ], [ 650654.325822906452231, 7188522.823303540237248 ], [ 650636.662576211965643, 7188522.823307050392032 ], [ 650607.050662221619859, 7188520.745283795520663 ], [ 650576.919236824032851, 7188497.886969277635217 ], [ 650547.826825941330753, 7188475.028654556721449 ], [ 650524.968501713359728, 7188450.092309459112585 ], [ 650487.563969765556976, 7188402.297646751627326 ], [ 650464.705643467023037, 7188366.971155976876616 ], [ 650443.925345571362413, 7188328.527621084824204 ], [ 650442.886322558973916, 7188285.92802400700748 ], [ 650449.120401331223547, 7188244.367440056987107 ], [ 650450.159407340921462, 7188201.767842572182417 ], [ 650438.730240877950564, 7188167.480364102870226 ], [ 650421.066986521007493, 7188129.036828603595495 ], [ 650410.676837474340573, 7188109.29555387981236 ], [ 650356.128566537518054, 7188063.578923723660409 ], [ 650335.348273213487118, 7188047.993709330447018 ], [ 650318.724038140848279, 7188033.447508681565523 ], [ 650302.099804311408661, 7188025.135395435616374 ], [ 650280.280495858401991, 7188006.433137546293437 ], [ 650254.305126670515165, 7187974.2236911021173 ], [ 650247.032018469530158, 7187940.975226386450231 ], [ 650245.992995054228231, 7187896.297600198537111 ], [ 650249.110028853174299, 7187847.463914917781949 ], [ 650252.227061407756992, 7187792.396142238751054 ], [ 650257.422123606549576, 7187740.44541285187006 ], [ 650272.487824271433055, 7187691.611725211143494 ], [ 650280.799931447254494, 7187646.934097184799612 ], [ 650287.034008773276582, 7187598.100411301478744 ], [ 650297.424140409566462, 7187530.56446239631623 ], [ 650309.892301891930401, 7187467.184571350924671 ], [ 650316.12637631315738, 7187403.804681549780071 ], [ 650321.840933119412512, 7187288.474063528701663 ], [ 650323.918943698168732, 7187196.001766704022884 ], [ 650317.684841930633411, 7187122.231733734719455 ], [ 650302.09960750839673, 7187038.071556963026524 ], [ 650274.046199598349631, 7186957.028426370583475 ], [ 650233.524618622148409, 7186881.180371083319187 ], [ 650211.185803361819126, 7186864.556142456829548 ], [ 650203.912699521053582, 7186853.126983672380447 ], [ 650177.937329961452633, 7186818.83950814511627 ], [ 650176.89830862171948, 7186784.552027679979801 ], [ 650168.586183648672886, 7186739.874402998015285 ], [ 650156.118004159769043, 7186712.860026760026813 ], [ 650138.454752127523534, 7186685.845651552081108 ], [ 650107.284312516334467, 7186664.026351844891906 ], [ 650084.425986495567486, 7186629.738875705748796 ], [ 650081.308936968911439, 7186599.607453921809793 ], [ 650083.906466621207073, 7186566.358987314626575 ], [ 650084.945477614179254, 7186548.695739493705332 ], [ 650094.296604260685854, 7186528.954460900276899 ], [ 650104.686744382372126, 7186504.018109274096787 ], [ 650128.584068353055045, 7186455.184419970959425 ], [ 650164.949570358963683, 7186426.092004941776395 ], [ 650202.354088317137212, 7186404.27269166149199 ], [ 650228.329448751290329, 7186392.843526298180223 ], [ 650249.109734778874554, 7186372.063230874016881 ], [ 650271.968048370908946, 7186344.00983308441937 ], [ 650277.163116355892271, 7186321.151511622592807 ], [ 650279.241141230333596, 7186300.371219908818603 ], [ 650277.163103927508928, 7186258.810637719929218 ], [ 650268.331475636456162, 7186233.874289908446372 ], [ 650263.136398744420148, 7186212.054985072463751 ], [ 650260.01935024978593, 7186187.118636129423976 ], [ 650260.019344036001712, 7186155.94819918461144 ], [ 650255.86327999655623, 7186125.816777625121176 ], [ 650251.70721740659792, 7186102.958458023145795 ], [ 650247.551154612447135, 7186079.061123857274652 ], [ 650240.278047878062353, 7186053.085761178284883 ], [ 650234.043956688372418, 7186032.305471117608249 ], [ 650224.69282239023596, 7186013.603210805915296 ], [ 650213.26366073184181, 7186003.213067423552275 ], [ 650155.078847873257473, 7186001.135049820877612 ], [ 650149.883775745867752, 7186003.213079979643226 ], [ 650133.25954527547583, 7186011.525199787691236 ], [ 650120.79137304215692, 7186020.876333339139819 ], [ 650090.659954381058924, 7186031.266484951600432 ], [ 650071.957694479147904, 7186037.500576043501496 ], [ 650055.333464005962014, 7186045.812695851549506 ], [ 650034.553175913402811, 7186056.202845612540841 ], [ 650001.304713931982405, 7186067.632012402638793 ], [ 649979.485410297522321, 7186072.827089544385672 ], [ 649957.666107695433311, 7186083.217239506542683 ], [ 649941.041878255084157, 7186096.72443213686347 ], [ 649927.534693162306212, 7186114.387682409957051 ], [ 649907.793421228067018, 7186133.089948480948806 ], [ 649881.298553337110206, 7186143.480099366977811 ], [ 649858.440238496405073, 7186165.299409750849009 ], [ 649842.855023559764959, 7186178.806602174416184 ], [ 649831.425865827593952, 7186188.157735517248511 ], [ 649818.957694622222334, 7186202.70394189003855 ], [ 649798.177406934904866, 7186215.172120776027441 ], [ 649788.826277393265627, 7186220.367195448838174 ], [ 649764.928944735554978, 7186225.56227299477905 ], [ 649746.22668565204367, 7186235.952422339469194 ], [ 649704.666108624427579, 7186252.57666358537972 ], [ 649681.807790266000666, 7186256.732726356945932 ], [ 649670.378630468738265, 7186255.693714050576091 ], [ 649658.949470259482041, 7186252.576672609895468 ], [ 649646.481295541394502, 7186249.459631375968456 ], [ 649622.583961233031005, 7186246.34259239770472 ], [ 649604.920713974279352, 7186243.225552190095186 ], [ 649600.764656146639027, 7186244.264567574486136 ], [ 649592.452541524078697, 7186251.537671169266105 ], [ 649579.984369899844751, 7186264.005848410539329 ], [ 649562.321124495472759, 7186270.239939284510911 ], [ 649542.579847600427456, 7186264.005855787545443 ], [ 649529.07265610806644, 7186249.459654541686177 ], [ 649516.604477267712355, 7186225.562322006560862 ], [ 649501.019255729392171, 7186205.821048347279429 ], [ 649481.277976775774732, 7186189.196819197386503 ], [ 649456.341624870896339, 7186170.494561944156885 ], [ 649424.132173059042543, 7186160.104422645643353 ], [ 649396.078780926065519, 7186158.02639904525131 ], [ 649370.103415752295405, 7186145.558229382149875 ], [ 649343.608546207426116, 7186147.636263732798398 ], [ 649330.101356160826981, 7186140.363164438866079 ], [ 649317.633180209901184, 7186131.012035811319947 ], [ 649298.930917417746969, 7186122.699922974221408 ], [ 649283.345700826263055, 7186127.894998869858682 ], [ 649265.682456245529465, 7186138.285147994756699 ], [ 649255.292311576078646, 7186140.363179170526564 ], [ 649238.668079239781946, 7186139.324167879298329 ], [ 649223.082859150948934, 7186126.85599616728723 ], [ 649211.653697916539386, 7186118.543881897814572 ], [ 649207.497639060369693, 7186114.387824456207454 ], [ 649193.990447782212868, 7186100.880637772381306 ], [ 649188.795374419423752, 7186096.724580535665154 ], [ 649173.21015412453562, 7186083.217394257895648 ], [ 649169.054093831102364, 7186071.788234864361584 ], [ 649164.898033126373775, 7186058.281046340242028 ], [ 649158.663945049745962, 7186053.085974741727114 ], [ 649148.273799971095286, 7186053.085976788774133 ], [ 649135.805626902380027, 7186058.281052064150572 ], [ 649103.596179415122606, 7186069.710218612104654 ], [ 649072.425746024004184, 7186079.061355823650956 ], [ 649053.723484879359603, 7186079.061359501443803 ], [ 649037.099252751446329, 7186079.061362769454718 ], [ 649019.436007758369669, 7186087.373482758179307 ], [ 649002.811777271796018, 7186095.685602543875575 ], [ 648988.26557600707747, 7186105.036736487410963 ], [ 648957.095142818405293, 7186115.426888259127736 ], [ 648932.158795651746914, 7186120.621965982019901 ], [ 648914.495549219660461, 7186121.660984016954899 ], [ 648906.183433360420167, 7186122.700000213459134 ], [ 648899.949345696368255, 7186119.582957744598389 ], [ 648894.754271718556993, 7186112.309856809675694 ], [ 648893.71525495313108, 7186100.880696803331375 ], [ 648893.715250643203035, 7186079.061390940099955 ], [ 648893.715247563901357, 7186063.476172469556332 ], [ 648895.793263239902444, 7185995.940225355327129 ], [ 648895.793258518446237, 7185972.042890370823443 ], [ 648898.91030040034093, 7185963.730773240327835 ], [ 648908.261429944890551, 7185958.53569858148694 ], [ 648918.651575022144243, 7185958.535696539096534 ], [ 648931.119748707744293, 7185956.457664962857962 ], [ 648946.704965504235588, 7185952.301603640429676 ], [ 648967.485253607505001, 7185941.911453912034631 ], [ 648980.992441183421761, 7185936.716378435492516 ], [ 648987.226526380749419, 7185927.365246128290892 ], [ 648989.304552932153456, 7185914.89707094617188 ], [ 648996.577651201165281, 7185898.272836485877633 ], [ 649002.811736397910863, 7185888.921704178676009 ], [ 649015.279909054050222, 7185881.648599777370691 ], [ 649043.333298709243536, 7185871.258448617532849 ], [ 649057.879501817282289, 7185871.258445758372545 ], [ 649075.54274721594993, 7185865.02435489743948 ], [ 649084.89387552626431, 7185853.595192849636078 ], [ 649085.932886127266102, 7185833.853915920481086 ], [ 649086.9718957033474, 7185808.917566172778606 ], [ 649086.971888716565445, 7185773.591070981696248 ], [ 649092.166955294786021, 7185743.459647595882416 ], [ 649084.374332923907787, 7185674.884687887504697 ], [ 649085.413338388549164, 7185629.168046860024333 ], [ 649088.530375745496713, 7185597.997609322890639 ], [ 649087.4913575387327, 7185579.295347372069955 ], [ 649075.023178107105196, 7185552.28097115829587 ], [ 649060.476970895542763, 7185531.500682739540935 ], [ 649004.370175590389408, 7185471.237849057652056 ], [ 648984.62889276444912, 7185434.872343201190233 ], [ 648971.121699448442087, 7185410.975010887719691 ], [ 648956.575493269832805, 7185395.38979528658092 ], [ 648933.197658031713217, 7185350.712173637934029 ], [ 648907.222291251178831, 7185329.931887466460466 ], [ 648889.559044221998192, 7185327.85386180691421 ], [ 648888.520029098028317, 7185324.736818321049213 ], [ 648892.676082816440612, 7185302.917511666193604 ], [ 648909.300311848171987, 7185287.332289946265519 ], [ 648930.08059890777804, 7185271.747067409567535 ], [ 648943.587783391471021, 7185250.966773482970893 ], [ 648950.860882065491751, 7185236.420568163506687 ], [ 648955.016936191357672, 7185216.679290639236569 ], [ 648955.016933111706749, 7185201.094072186388075 ], [ 648955.01693105744198, 7185190.703926550224423 ], [ 648950.860870155273005, 7185176.157723477110267 ], [ 648944.626783115672879, 7185176.157724701799452 ], [ 648935.275651937350631, 7185173.040682850405574 ], [ 648916.573390815639868, 7185173.040686523541808 ], [ 648903.066202228190377, 7185173.040689175948501 ], [ 648880.207881232025102, 7185163.68956259265542 ], [ 648862.544631744152866, 7185149.143362172879279 ], [ 648818.906018972978927, 7185131.480123162269592 ], [ 648793.969668144825846, 7185117.972938731312752 ], [ 648776.306419275235385, 7185106.543782000429928 ], [ 648761.760214130859822, 7185096.153639222495258 ], [ 648729.550762578030117, 7185086.802514471113682 ], [ 648711.887514324160293, 7185078.490401428192854 ], [ 648694.224266276694834, 7185071.217302950099111 ], [ 648678.639046627795324, 7185060.827160372398794 ], [ 648672.404956717975438, 7185046.280957709997892 ], [ 648672.404954669415019, 7185035.890812074765563 ], [ 648674.48298204166349, 7185027.578695161268115 ], [ 648674.482978558400646, 7185009.915447586216033 ], [ 648674.482976303319447, 7184998.486287388950586 ], [ 648666.170857177814469, 7184982.901070569641888 ], [ 648657.339228953351267, 7184957.964722786098719 ], [ 648655.261197276529856, 7184944.457533872686327 ], [ 648653.183164985268377, 7184927.833301268517971 ], [ 648650.066115316818468, 7184896.662864984944463 ], [ 648646.949069955153391, 7184887.311734527349472 ], [ 648639.675965746399015, 7184873.804546635597944 ], [ 648624.090748354094103, 7184874.843564252369106 ], [ 648609.544547110097483, 7184884.194698173552752 ], [ 648590.842289273161441, 7184900.818934848532081 ], [ 648566.944958698120899, 7184916.404157979413867 ], [ 648548.24270003917627, 7184928.872336401604116 ], [ 648520.189310617279261, 7184940.301502093672752 ], [ 648513.955223373603076, 7184939.262488750740886 ], [ 648506.682120804209262, 7184934.067417358979583 ], [ 648503.565075238118879, 7184923.677272338420153 ], [ 648501.487042541382834, 7184904.975010611116886 ], [ 648501.487038651132025, 7184885.233733910135925 ], [ 648501.487035785336047, 7184870.687530025839806 ], [ 648500.448019026545808, 7184859.258370036259294 ], [ 648498.36998776299879, 7184847.829210249707103 ], [ 648492.13589806354139, 7184834.322022152133286 ], [ 648481.745751976501197, 7184829.126951370388269 ], [ 648469.277575649437495, 7184817.697793619707227 ], [ 648458.887427721172571, 7184803.151591774076223 ], [ 648449.536294912919402, 7184791.722433409653604 ], [ 648442.263191528385505, 7184782.371303768828511 ], [ 648433.951071590185165, 7184762.630028700456023 ], [ 648426.677966568735428, 7184744.966782554984093 ], [ 648426.677962270798162, 7184723.147476734593511 ], [ 648420.443870119284838, 7184697.172113884240389 ], [ 648409.014705642475747, 7184672.235766611993313 ], [ 648389.273424706654623, 7184645.221391845494509 ], [ 648367.454116398934275, 7184626.519133986905217 ], [ 648344.595795833854936, 7184619.24603652022779 ], [ 648310.308315500151366, 7184610.933926727622747 ], [ 648301.996199451969005, 7184610.933928354643285 ], [ 648282.254923224798404, 7184607.816888527944684 ], [ 648266.669702774146572, 7184593.270687697455287 ], [ 648246.928423481876962, 7184574.568429429084063 ], [ 648232.382219989318401, 7184572.490403149276972 ], [ 648217.836016498389654, 7184570.412376869469881 ], [ 648203.28981280233711, 7184567.295336024835706 ], [ 648187.704595212126151, 7184567.295339070260525 ], [ 648165.885290791629814, 7184568.334357898682356 ], [ 648161.729232972953469, 7184569.37337327376008 ], [ 648130.558800244354643, 7184581.841554116457701 ], [ 648112.895554460352287, 7184585.997615817934275 ], [ 648090.037235329393297, 7184585.99762028362602 ], [ 648066.139901079121046, 7184582.880581263452768 ], [ 648044.320593188283965, 7184566.256352523341775 ], [ 648026.137836682028137, 7184552.749166762456298 ], [ 648019.903746382100508, 7184536.12493497505784 ], [ 648020.942757623153739, 7184519.500701770186424 ], [ 648024.059797057649121, 7184498.720409912057221 ], [ 648025.098809320596047, 7184487.291249519214034 ], [ 648025.098807278787717, 7184476.901103894226253 ], [ 648021.981761721544899, 7184466.510958878323436 ], [ 648014.708658139687032, 7184456.120814673602581 ], [ 648004.318510633776896, 7184443.652641951106489 ], [ 647966.913983734557405, 7184419.755314316600561 ], [ 647904.573109312681481, 7184398.975035233423114 ], [ 647876.519713988061994, 7184380.272778583690524 ], [ 647858.856465353979729, 7184369.882636405527592 ], [ 647807.944750297116116, 7184348.063340524211526 ], [ 647771.579239544225857, 7184332.478129178285599 ], [ 647739.369785796268843, 7184311.697844211012125 ], [ 647703.004276064806618, 7184301.307705674320459 ], [ 647660.40468093007803, 7184299.229684848338366 ], [ 647620.922129310551099, 7184297.151663413271308 ], [ 647597.024795886012726, 7184298.19068262912333 ], [ 647573.127461852156557, 7184296.112658156082034 ], [ 647561.698301883181557, 7184294.034631256014109 ], [ 647522.215749247465283, 7184286.761537007987499 ], [ 647498.318415621411987, 7184286.761541656218469 ], [ 647472.343054405180737, 7184294.034648645669222 ], [ 647451.562764497590251, 7184295.073667250573635 ], [ 647437.01656162342988, 7184296.112684641033411 ], [ 647430.262966523994692, 7184291.956627706997097 ], [ 647416.755775918951258, 7184281.566484709270298 ], [ 647405.326616154750809, 7184280.527472369372845 ], [ 647370.000125201768242, 7184291.956639423966408 ], [ 647349.219837122480385, 7184302.34678908623755 ], [ 647336.751664070063271, 7184307.541864320635796 ], [ 647313.893347384990193, 7184320.010043510235846 ], [ 647287.917987385299057, 7184333.517237866297364 ], [ 647278.566860285936855, 7184351.180487243458629 ], [ 647268.176718883914873, 7184369.882751386612654 ], [ 647260.903619780903682, 7184382.350927545689046 ], [ 647237.006290615419857, 7184405.209252560511231 ], [ 647208.952900990378112, 7184415.599403632804751 ], [ 647175.704436808009632, 7184415.599410088732839 ], [ 647154.924143244279549, 7184397.936166562139988 ], [ 647127.90976001159288, 7184366.76573493424803 ], [ 647107.129465031786822, 7184341.829389469698071 ], [ 647085.31015635759104, 7184321.049102457240224 ], [ 647067.646908545633778, 7184314.815018510445952 ], [ 647058.295777590712532, 7184312.736991200596094 ], [ 647045.827603118377738, 7184310.658964494243264 ], [ 647027.125342625076883, 7184313.776011809706688 ], [ 647009.462097650859505, 7184322.088131732307374 ], [ 646996.993925610091537, 7184332.478279775008559 ], [ 646973.096593602909707, 7184340.790400905534625 ], [ 646955.433347818092443, 7184344.946462578140199 ], [ 646926.340942268026993, 7184348.063511906191707 ], [ 646898.807058273116127, 7184350.141546366736293 ], [ 646880.104795755585656, 7184342.868448052555323 ], [ 646865.558591866516508, 7184338.712392621673644 ], [ 646855.168446608120576, 7184337.673380072228611 ], [ 646835.427171001443639, 7184337.673383897170424 ], [ 646815.685896203038283, 7184341.829445972107351 ], [ 646788.671520271454938, 7184348.063538573682308 ], [ 646765.813201147713698, 7184348.063542999327183 ], [ 646741.91586853004992, 7184353.258620438165963 ], [ 646715.940506293904036, 7184355.336654591374099 ], [ 646681.65302255237475, 7184329.361297168768942 ], [ 646663.989775956957601, 7184329.361300585791469 ], [ 646648.404557361965999, 7184324.166230792179704 ], [ 646627.624267249484546, 7184324.166234810836613 ], [ 646612.039050069521181, 7184326.244266947731376 ], [ 646590.219747473835014, 7184336.634416790679097 ], [ 646569.43945837195497, 7184341.829493621364236 ], [ 646560.088327619130723, 7184340.790480865165591 ], [ 646553.854239373118617, 7184334.556394699029624 ], [ 646552.815221837023273, 7184318.971176464110613 ], [ 646556.971275616553612, 7184297.151869853027165 ], [ 646572.556488754111342, 7184274.293546469882131 ], [ 646591.258745408733375, 7184251.435222486965358 ], [ 646602.687900925986469, 7184230.654929032549262 ], [ 646605.804941006703302, 7184212.991680873557925 ], [ 646609.960995187750086, 7184193.250403387472034 ], [ 646609.960992561420426, 7184179.743214081041515 ], [ 646604.765917607815936, 7184167.275040339678526 ], [ 646590.219711703830399, 7184152.728839284740388 ], [ 646562.166319251060486, 7184148.572786462493241 ], [ 646544.503070033737458, 7184135.065600570291281 ], [ 646516.449676369316876, 7184124.675460372120142 ], [ 646492.552339515998028, 7184108.051231997087598 ], [ 646482.162190626142547, 7184088.309957329183817 ], [ 646475.928101171273738, 7184075.841783788986504 ], [ 646455.667320338427089, 7184086.231933322735131 ], [ 646434.88703083852306, 7184089.348981024697423 ], [ 646406.833639801247045, 7184092.466030129231513 ], [ 646390.209407516522333, 7184091.427018776535988 ], [ 646367.351087188813835, 7184085.192935818806291 ], [ 646359.038970138179138, 7184079.997864615172148 ], [ 646356.960939714685082, 7184072.724763081409037 ], [ 646355.92192278848961, 7184060.256588540971279 ], [ 646367.351079924846999, 7184047.788411589339375 ], [ 646390.209397222613916, 7184038.437276119366288 ], [ 646402.677569468156435, 7184029.086142654530704 ], [ 646415.1457403015811, 7184012.461907256394625 ], [ 646433.847997155156918, 7183990.642597845755517 ], [ 646433.847995135234669, 7183980.252452227286994 ], [ 646428.65291978395544, 7183965.706249363720417 ], [ 646413.067696555750445, 7183936.613844646140933 ], [ 646401.638532154960558, 7183911.677497372031212 ], [ 646389.170353454188444, 7183887.780164861120284 ], [ 646387.092320408322848, 7183866.999874029308558 ], [ 646393.326402795617469, 7183843.102537907660007 ], [ 646402.677530514076352, 7183828.55633223708719 ], [ 646407.872600010829046, 7183812.971112811006606 ], [ 646419.301756536937319, 7183797.385892180725932 ], [ 646433.847955364966765, 7183775.566583577543497 ], [ 646438.004010962555185, 7183763.098408037796617 ], [ 646440.082037347601727, 7183749.591218335554004 ], [ 646439.043020217912272, 7183736.084029238671064 ], [ 646421.379770003259182, 7183717.381770543754101 ], [ 646400.59947849472519, 7183710.10867262724787 ], [ 646386.053275428595953, 7183710.108675436116755 ], [ 646367.351016563014127, 7183721.537839224562049 ], [ 646346.570727072423324, 7183724.654886919073761 ], [ 646334.102552006486803, 7183719.459816521033645 ], [ 646325.790433547226712, 7183706.991643385961652 ], [ 646314.361270162975416, 7183687.250368926674128 ], [ 646296.698018137016334, 7183659.196979179047048 ], [ 646274.878710312768817, 7183642.572750406339765 ], [ 646245.786300352890976, 7183622.831479355692863 ], [ 646217.732903484720737, 7183595.817106172442436 ], [ 646198.511130111641251, 7183569.841745851561427 ], [ 646178.769849284784868, 7183542.827371067367494 ], [ 646168.379700411343947, 7183523.086096407845616 ], [ 646155.91152353619691, 7183508.539894955232739 ], [ 646132.014187112916261, 7183493.993695706129074 ], [ 646090.453603309812024, 7183475.291441618464887 ], [ 646059.283166566863656, 7183466.979331135749817 ], [ 646030.190758026205003, 7183454.51116200722754 ], [ 645995.903276563971303, 7183439.96496475674212 ], [ 645969.92791274737101, 7183433.730882393196225 ], [ 645951.225650864420459, 7183429.574827749282122 ], [ 645921.09423003566917, 7183428.53581899125129 ], [ 645908.626056386274286, 7183430.613850513473153 ], [ 645886.806753806304187, 7183441.004000322893262 ], [ 645869.143508439185098, 7183447.238091088831425 ], [ 645849.402233660337515, 7183451.394153131172061 ], [ 645832.778002996812575, 7183458.667258255183697 ], [ 645815.114755617454648, 7183454.511203410103917 ], [ 645798.490521135972813, 7183442.04303187597543 ], [ 645781.866288662189618, 7183439.96500595100224 ], [ 645756.929939755122177, 7183435.808952501043677 ], [ 645740.305705675506033, 7183425.418810087256134 ], [ 645722.642453877720982, 7183398.404434897005558 ], [ 645711.213287299964577, 7183362.038927461020648 ], [ 645706.018210359849036, 7183339.180608119815588 ], [ 645703.940178538789041, 7183324.634404664859176 ], [ 645704.979192239232361, 7183320.478346223942935 ], [ 645715.369335875613615, 7183313.205242300406098 ], [ 645740.305683775572106, 7183312.16622294485569 ], [ 645759.007943241973408, 7183303.854102861136198 ], [ 645765.242027655127458, 7183290.34691237192601 ], [ 645775.63216787262354, 7183265.410560913383961 ], [ 645786.022310300846584, 7183251.903369626030326 ], [ 645798.490481536253355, 7183237.357163378037512 ], [ 645825.504855827544816, 7183222.810954328626394 ], [ 645856.675288535887375, 7183210.342773603275418 ], [ 645877.455574394669384, 7183188.523463828489184 ], [ 645906.547971454216167, 7183141.767803002148867 ], [ 645933.04283587296959, 7183113.714404763653874 ], [ 645945.511009919340722, 7183113.714402360841632 ], [ 645964.213269984698854, 7183108.519325958564878 ], [ 645979.798487140331417, 7183106.441293837502599 ], [ 645987.071586857084185, 7183097.090161390602589 ], [ 645994.34468717535492, 7183090.856072627007961 ], [ 646023.437092277919874, 7183085.660994220525026 ], [ 646041.100337435025722, 7183078.387888893485069 ], [ 646052.529495164868422, 7183069.036755646578968 ], [ 646064.997666190844029, 7183053.451534835621715 ], [ 646081.621894627111033, 7183034.74926954228431 ], [ 646094.09006343584042, 7183007.734888567589223 ], [ 646103.441191752906889, 7182996.305726601742208 ], [ 646114.870348072028719, 7182979.681491431780159 ], [ 646114.870346661424264, 7182972.408389506861567 ], [ 646104.480200415360741, 7182966.174304148182273 ], [ 646092.012025363743305, 7182960.979233749210835 ], [ 646075.387792298104614, 7182955.784164153039455 ], [ 646063.958629936911166, 7182941.237962510436773 ], [ 646059.8025674931705, 7182918.379642982035875 ], [ 646050.451433938811533, 7182902.79442638065666 ], [ 646042.139315292006359, 7182889.287238698452711 ], [ 646042.139312071027234, 7182872.663005733862519 ], [ 646047.3343827764038, 7182863.311873691156507 ], [ 646048.373394461465068, 7182848.765669645741582 ], [ 646045.256347930058837, 7182833.180451843887568 ], [ 646040.061271788086742, 7182814.478190762922168 ], [ 646025.515066121704876, 7182800.971004281193018 ], [ 646009.929847360472195, 7182794.736919922754169 ], [ 646008.890831649536267, 7182788.502832762897015 ], [ 646007.851815938600339, 7182782.268745600245893 ], [ 646007.851814730209298, 7182776.034658240154386 ], [ 646018.241958154481836, 7182767.722539758309722 ], [ 646028.632101981085725, 7182761.488450396806002 ], [ 646034.866187592968345, 7182754.215347274206579 ], [ 646034.866186586790718, 7182749.02027447335422 ], [ 646033.827169867814519, 7182737.591114513576031 ], [ 646027.593080028775148, 7182723.044911873526871 ], [ 646001.617712008184753, 7182694.991523755714297 ], [ 645990.188548848964274, 7182676.289263878017664 ], [ 645978.239877431071363, 7182652.391931300982833 ], [ 645977.200859104748815, 7182632.65065485984087 ], [ 645977.20085427374579, 7182607.714305425062776 ], [ 645975.122822651290335, 7182594.207116545177996 ], [ 645969.927747317007743, 7182579.660913707688451 ], [ 645962.654643179383129, 7182566.153725830838084 ], [ 645941.874347480246797, 7182537.061322156339884 ], [ 645930.445184123935178, 7182517.320047721266747 ], [ 645921.094048969796859, 7182493.422714648768306 ], [ 645909.664886015001684, 7182475.759469332173467 ], [ 645900.313754078699276, 7182468.486369214951992 ], [ 645885.767550835502334, 7182467.44735745433718 ], [ 645874.338391704950482, 7182469.525388773530722 ], [ 645846.285001731128432, 7182477.837510649114847 ], [ 645821.348654061672278, 7182479.915544567629695 ], [ 645807.841463712276891, 7182470.564416127279401 ], [ 645787.061170635744929, 7182454.979201730340719 ], [ 645777.710038098855875, 7182444.589057931676507 ], [ 645767.319890254875645, 7182430.042856094427407 ], [ 645765.241857431596145, 7182410.301579860970378 ], [ 645760.046778284362517, 7182376.014100393280387 ], [ 645760.0467746660579, 7182357.311838323250413 ], [ 645763.163814557250589, 7182338.609575651586056 ], [ 645772.51494126371108, 7182318.868297223001719 ], [ 645786.022126986761577, 7182304.32209079246968 ], [ 645796.412269401014782, 7182290.814899521879852 ], [ 645804.724381603999063, 7182271.073621293529868 ], [ 645817.192551415180787, 7182249.254313146695495 ], [ 645835.375300387269817, 7182224.317960225045681 ], [ 645847.843471604166552, 7182209.771753993816674 ], [ 645850.960512698511593, 7182197.303578682243824 ], [ 645850.960510687436908, 7182186.913433089852333 ], [ 645850.960507269250229, 7182169.250185582786798 ], [ 645847.843461951008067, 7182159.89905514754355 ], [ 645846.804444432025775, 7182144.313836959190667 ], [ 645848.882471025572158, 7182131.845661848783493 ], [ 645855.11655542475637, 7182118.338471380062401 ], [ 645856.15556731284596, 7182104.831281910650432 ], [ 645856.155564496992156, 7182090.285078082233667 ], [ 645857.194573369110003, 7182061.192670226097107 ], [ 645859.27259774855338, 7182037.295334964990616 ], [ 645860.31160661962349, 7182008.202927112579346 ], [ 645861.350618307013065, 7181993.65672308485955 ], [ 645859.272586486535147, 7181979.110519658774137 ], [ 645860.311597972759046, 7181963.52530107460916 ], [ 645864.467653366969898, 7181950.018111008219421 ], [ 645871.74075186625123, 7181934.432891222648323 ], [ 645876.935822768253274, 7181926.120773751288652 ], [ 645877.974835259839892, 7181915.730627965182066 ], [ 645877.974832241889089, 7181900.145409579388797 ], [ 645874.857785115018487, 7181881.443148118443787 ], [ 645871.74073859048076, 7181865.857930337078869 ], [ 645871.740730948164128, 7181826.375377101823688 ], [ 645870.701714434544556, 7181815.985231712460518 ], [ 645863.948117153835483, 7181800.400014629587531 ], [ 645851.479939307202585, 7181780.658740414306521 ], [ 645845.245849077007733, 7181764.034508674405515 ], [ 645836.93372823484242, 7181739.098160866647959 ], [ 645826.543577986536548, 7181712.083784339949489 ], [ 645811.997368727461435, 7181679.874335820786655 ], [ 645791.21707285719458, 7181649.742917619645596 ], [ 645761.085647678701207, 7181625.845588568598032 ], [ 645741.344366718898527, 7181597.792199285700917 ], [ 645721.603085156064481, 7181566.621766328811646 ], [ 645713.290965123102069, 7181545.841476757079363 ], [ 645708.095890806405805, 7181536.490346731618047 ], [ 645696.666730282711796, 7181531.295276136137545 ], [ 645686.276585265644826, 7181531.295278133824468 ], [ 645676.925455553457141, 7181535.451338164508343 ], [ 645667.574326243251562, 7181541.685427311807871 ], [ 645650.950094817089848, 7181544.802474182099104 ], [ 645638.481920595164411, 7181543.763462020084262 ], [ 645627.052761075901799, 7181543.763464216142893 ], [ 645620.818674466572702, 7181545.841494530439377 ], [ 645609.389516553143039, 7181554.15361319296062 ], [ 645601.077400940586813, 7181556.231643907725811 ], [ 645592.765285528963432, 7181559.348689179867506 ], [ 645575.102039801771753, 7181563.504750804975629 ], [ 645553.282736066612415, 7181567.660813231021166 ], [ 645547.048649659380317, 7181570.777858102694154 ], [ 645526.268360626068898, 7181575.972934884019196 ], [ 645513.800186002859846, 7181572.855893604457378 ], [ 645491.98088066233322, 7181568.699839558452368 ], [ 645481.590734642115422, 7181563.504768759943545 ], [ 645464.96650261443574, 7181563.504771951586008 ], [ 645452.498328592162579, 7181563.504774344153702 ], [ 645428.60099605389405, 7181568.699851721525192 ], [ 645411.976763823768124, 7181567.660840354859829 ], [ 645394.313515490619466, 7181558.309712716378272 ], [ 645352.752933415118605, 7181547.919575102627277 ], [ 645326.777570470352657, 7181545.841550968587399 ], [ 645295.6071358169429, 7181547.91958606056869 ], [ 645260.800148407462984, 7181539.607476266101003 ], [ 645229.629715557559393, 7181551.036642380990088 ], [ 645199.498297007521614, 7181561.426793737336993 ], [ 645181.835053680697456, 7181578.051030058413744 ], [ 645157.937722341623157, 7181589.48019477725029 ], [ 645133.001374097075313, 7181588.441184993833303 ], [ 645123.650240779621527, 7181573.894982965663075 ], [ 645122.611221875995398, 7181551.036662879399955 ], [ 645124.689245877205394, 7181525.061298521235585 ], [ 645140.274459800450131, 7181506.359033486805856 ], [ 645148.58656981040258, 7181475.188595147803426 ], [ 645148.586564205470495, 7181446.096187513321638 ], [ 645164.171774524147622, 7181408.691660432145 ], [ 645170.405856928904541, 7181384.794324400834739 ], [ 645171.44486582535319, 7181355.701916573569179 ], [ 645175.600917826639488, 7181324.53147903457284 ], [ 645175.600911621702835, 7181292.322027733549476 ], [ 645170.405833909288049, 7181265.307650221511722 ], [ 645157.937654489767738, 7181237.25425954349339 ], [ 645131.962285952176899, 7181206.083827780559659 ], [ 645107.02593411935959, 7181186.342555953189731 ], [ 645099.752829208155163, 7181168.679309861734509 ], [ 645099.752824607887305, 7181144.781975030899048 ], [ 645113.260008721495979, 7181121.923652173951268 ], [ 645156.379104516352527, 7181090.753207182511687 ], [ 645178.198405234143138, 7181071.011926405131817 ], [ 645212.485877564526163, 7181038.802468549460173 ], [ 645236.383206281927414, 7181013.866114586591721 ], [ 645249.890389186446555, 7180984.773704380728304 ], [ 645263.39757088990882, 7180949.4472068361938 ], [ 645271.709679085179232, 7180908.925637499429286 ], [ 645273.787701475084759, 7180874.638156702741981 ], [ 645272.748678761534393, 7180832.038560047745705 ], [ 645277.943741448689252, 7180781.126845742575824 ], [ 645288.333879643585533, 7180745.800348801538348 ], [ 645307.036136249429546, 7180722.942024956457317 ], [ 645319.504307250725105, 7180707.356804206967354 ], [ 645329.374945406336337, 7180709.43483142927289 ], [ 645344.960162514471449, 7180707.356799324974418 ], [ 645374.052566325059161, 7180695.927633617073298 ], [ 645396.910883733653463, 7180687.615512774325907 ], [ 645422.886243842658587, 7180675.147333105094731 ], [ 645439.510474447743036, 7180667.874228013679385 ], [ 645482.110062951571308, 7180636.703783123753965 ], [ 645482.110058739199303, 7180614.88447742164135 ], [ 645482.110055127646774, 7180596.182215394452214 ], [ 645478.993007213342935, 7180573.323895737528801 ], [ 645460.290740990196355, 7180546.309520845301449 ], [ 645455.095663273823448, 7180519.29514336027205 ], [ 645446.783539047697559, 7180476.695548120886087 ], [ 645423.925214225891978, 7180446.564130359329283 ], [ 645376.13054320611991, 7180425.7838483909145 ], [ 645329.374890696257353, 7180425.783857358619571 ], [ 645271.190079686348327, 7180430.978941297158599 ], [ 645235.863587078172714, 7180433.056977184489369 ], [ 645210.927239875076339, 7180437.213040187954903 ], [ 645183.912863269099034, 7180439.291074478067458 ], [ 645157.937502965331078, 7180450.720239579677582 ], [ 645119.49396925792098, 7180465.266450735740364 ], [ 645083.128463549073786, 7180474.617588710039854 ], [ 645029.099710133625194, 7180477.734642723575234 ], [ 644988.578143824124709, 7180473.57859225012362 ], [ 644954.290664115687832, 7180467.344511466100812 ], [ 644925.19825590972323, 7180455.91535690613091 ], [ 644898.183874108362943, 7180430.97901270724833 ], [ 644876.364564610295929, 7180405.003652956336737 ], [ 644849.350183010217734, 7180381.106323314830661 ], [ 644812.984671312267892, 7180359.287024572491646 ], [ 644797.399453011341393, 7180355.130969323217869 ], [ 644780.775219810777344, 7180348.896885158494115 ], [ 644764.150986013468355, 7180339.545757323503494 ], [ 644755.838866618927568, 7180321.88251144811511 ], [ 644736.617089188075624, 7180274.087845515459776 ], [ 644726.226939397049136, 7180249.151498139835894 ], [ 644710.641713915276341, 7180207.590918852947652 ], [ 644687.783389929682016, 7180181.615559305995703 ], [ 644664.925065746065229, 7180154.601185200735927 ], [ 644646.222799962153658, 7180129.664839416742325 ], [ 644626.481521474779584, 7180114.079624837264419 ], [ 644596.350100582232699, 7180112.001601476222277 ], [ 644585.9599521944765, 7180094.338355996645987 ], [ 644578.686846310039982, 7180071.480037145316601 ], [ 644571.413738033501431, 7180036.153543620370328 ], [ 644565.179645454278216, 7180007.061137232929468 ], [ 644562.062594179995358, 7179966.539570135995746 ], [ 644563.101603894727305, 7179941.603220589458942 ], [ 644580.764841214637272, 7179893.808547638356686 ], [ 644604.142658878932707, 7179849.130917268805206 ], [ 644622.84491568012163, 7179827.311608022078872 ], [ 644657.132385581266135, 7179782.633975572884083 ], [ 644686.224781985976733, 7179732.761271337047219 ], [ 644701.809991493122652, 7179691.200686128810048 ], [ 644702.84899960597977, 7179657.952220144681633 ], [ 644702.848996014567092, 7179639.249958140775561 ], [ 644695.575891527463682, 7179623.66474119387567 ], [ 644685.185742546105757, 7179602.884452062658966 ], [ 644672.717564566060901, 7179582.104163330048323 ], [ 644663.366428887005895, 7179555.089786669239402 ], [ 644659.210365704842843, 7179528.075409015640616 ], [ 644657.132330123684369, 7179493.787929080426693 ], [ 644648.300703890970908, 7179478.202712433412671 ], [ 644633.754497116431594, 7179458.461438654921949 ], [ 644612.974202553275973, 7179434.564107844606042 ], [ 644599.467009281972423, 7179409.627761093899608 ], [ 644580.764743120642379, 7179382.61338622123003 ], [ 644561.023465448990464, 7179371.184229879640043 ], [ 644524.657957993331365, 7179371.184236816130579 ], [ 644508.033727806294337, 7179380.535370983183384 ], [ 644465.434135748771951, 7179393.003553768619895 ], [ 644430.107642789836973, 7179393.003560502082109 ], [ 644396.859178431099281, 7179390.92553772777319 ], [ 644341.791407805867493, 7179379.496388109400868 ], [ 644312.699002239271067, 7179381.574422761797905 ], [ 644299.191816342063248, 7179395.08161455206573 ], [ 644268.021385158295743, 7179414.822897041216493 ], [ 644238.928979987278581, 7179418.978960800915956 ], [ 644218.148686232278123, 7179399.237688203342259 ], [ 644199.446418492589146, 7179363.911196880973876 ], [ 644177.627107656910084, 7179330.662735261023045 ], [ 644164.11991440213751, 7179305.726388504728675 ], [ 644149.573702674126253, 7179260.009750841185451 ], [ 644135.027493333560415, 7179226.761287843808532 ], [ 644122.559316170634702, 7179210.137057332322001 ], [ 644113.208184094168246, 7179201.824942668899894 ], [ 644088.271834738785401, 7179194.551845526322722 ], [ 644077.881689753616229, 7179194.551847499795258 ], [ 644024.372442881809548, 7179193.512843118980527 ], [ 644008.787222624174319, 7179178.966642308048904 ], [ 643995.280031960224733, 7179167.537484768778086 ], [ 643988.006926896050572, 7179148.835224159061909 ], [ 643988.006923123379238, 7179129.093947615474463 ], [ 643998.397062745410949, 7179101.040552655234933 ], [ 644010.865233548684046, 7179084.416317407041788 ], [ 644034.762561249081045, 7179054.284890774637461 ], [ 644080.479193015722558, 7179022.075430879369378 ], [ 644097.103420217405073, 7178997.1390784047544 ], [ 644105.415530639933422, 7178968.046669288538396 ], [ 644106.454540368402377, 7178943.110319778323174 ], [ 644106.454535597469658, 7178918.173970462754369 ], [ 644084.635225771926343, 7178890.120581635273993 ], [ 644055.542816647910513, 7178873.496354291215539 ], [ 644037.879568392876536, 7178864.145226656459272 ], [ 644024.372376144165173, 7178844.403952686116099 ], [ 644025.411387464264408, 7178827.779719614423811 ], [ 644043.074631348252296, 7178814.272527048364282 ], [ 644073.206050199572928, 7178805.960404885001481 ], [ 644099.181412648642436, 7178805.960399944335222 ], [ 644127.234802105696872, 7178795.570249065756798 ], [ 644142.82001719030086, 7178783.102071444503963 ], [ 644157.366218371316791, 7178773.75093768723309 ], [ 644174.50995380920358, 7178754.009657891467214 ], [ 644185.939110105042346, 7178737.385422844439745 ], [ 644192.173192518996075, 7178713.48808690533042 ], [ 644198.407275130972266, 7178690.629765523597598 ], [ 644200.485300546162762, 7178671.92750314809382 ], [ 644202.563324570306577, 7178645.952138892374933 ], [ 644215.031493968563154, 7178622.05480177141726 ], [ 644232.694737645681016, 7178607.508594650775194 ], [ 644250.35798291163519, 7178601.274503962136805 ], [ 644268.021226984914392, 7178588.806325947865844 ], [ 644292.957571744918823, 7178572.182088330388069 ], [ 644310.620815418544225, 7178557.635881209746003 ], [ 644336.596174276201054, 7178538.933614286594093 ], [ 644368.805620913626626, 7178524.387404391542077 ], [ 644399.976055046543479, 7178520.231340236961842 ], [ 644422.834373992751352, 7178520.231335880234838 ], [ 644457.121852610376664, 7178521.270343897864223 ], [ 644492.448348119505681, 7178534.777526367455721 ], [ 644527.774842033046298, 7178539.972592401318252 ], [ 644548.555130988941528, 7178534.777515665628016 ], [ 644559.984287671395577, 7178520.231309728696942 ], [ 644564.140341674443334, 7178499.45101785287261 ], [ 644564.140338285826147, 7178481.787770433351398 ], [ 644558.945261610555463, 7178459.968465787358582 ], [ 644553.750182344694622, 7178424.641971941106021 ], [ 644556.867220852756873, 7178398.666607495397329 ], [ 644558.945246657822281, 7178382.042374234646559 ], [ 644554.789184082532302, 7178358.145040286704898 ], [ 644552.711152097326703, 7178342.559822373092175 ], [ 644535.567403323482722, 7178292.687127059325576 ], [ 644531.411342743085697, 7178279.179938650690019 ], [ 644526.216267666779459, 7178265.672750443220139 ], [ 644515.826121497084387, 7178259.438665103167295 ], [ 644500.240903242491186, 7178255.282609857618809 ], [ 644459.719337850459851, 7178255.282617583870888 ], [ 644436.861019310192205, 7178257.360651049762964 ], [ 644392.183396926615387, 7178262.55573233217001 ], [ 644355.817889921599999, 7178264.633768370375037 ], [ 644325.686469899956137, 7178266.711803216487169 ], [ 644293.477021083701402, 7178269.828853012062609 ], [ 644268.540674542658962, 7178277.101959638297558 ], [ 644229.058125437819399, 7178286.45309813786298 ], [ 644204.121777105960064, 7178284.375073776580393 ], [ 644182.302471272647381, 7178277.10197605099529 ], [ 644162.561191848828457, 7178256.321688728407025 ], [ 644158.405130678554997, 7178239.69745665974915 ], [ 644161.522168800933287, 7178211.644063116982579 ], [ 644169.834280403912999, 7178188.785741353407502 ], [ 644182.302449994487688, 7178165.927418800070882 ], [ 644195.809634877135977, 7178147.225154262967408 ], [ 644198.926677373587154, 7178142.030080902390182 ], [ 644202.043718478642404, 7178129.561905665323138 ], [ 644202.043716489803046, 7178119.171760128811002 ], [ 644196.848642016993836, 7178108.781615582294762 ], [ 644186.458494858816266, 7178097.352457469329238 ], [ 644172.951302023255266, 7178074.494139861315489 ], [ 644169.834253759705462, 7178049.557791170664132 ], [ 644169.834247198421508, 7178015.270310904830694 ], [ 644178.14635820267722, 7177989.294945486821234 ], [ 644201.004664005013183, 7177920.719980615191162 ], [ 644207.238747207913548, 7177900.9787029158324 ], [ 644231.655579525511712, 7177857.340087031945586 ], [ 644250.357835690141656, 7177832.403734194114804 ], [ 644259.708963374840096, 7177817.857528669759631 ], [ 644259.708960789139383, 7177804.350339479744434 ], [ 644259.708957406226546, 7177786.687092075124383 ], [ 644254.513882933184505, 7177776.296947533264756 ], [ 644238.928662500809878, 7177760.711732203140855 ], [ 644226.460486752795987, 7177751.360603597015142 ], [ 644204.641178745427169, 7177732.658345795236528 ], [ 644190.094971619197167, 7177710.839042948558927 ], [ 644181.78285067435354, 7177684.863680705428123 ], [ 644174.50974721100647, 7177674.473536560311913 ], [ 644168.27565725077875, 7177658.888319450430572 ], [ 644170.353684056317434, 7177647.459158975630999 ], [ 644174.509741246234626, 7177643.303099969401956 ], [ 644199.446086971089244, 7177631.873935144394636 ], [ 644228.538489288999699, 7177613.1716676549986 ], [ 644246.201731946785003, 7177593.43038778565824 ], [ 644265.943003198015504, 7177571.611078418791294 ], [ 644280.489202164579183, 7177550.830784590914845 ], [ 644298.152444222359918, 7177527.972461067140102 ], [ 644306.46455601323396, 7177506.15315387584269 ], [ 644311.659624313935637, 7177484.333847279660404 ], [ 644332.959413920063525, 7177444.851290221326053 ], [ 644335.037437138147652, 7177414.719867799431086 ], [ 644335.037434153491631, 7177399.13464950863272 ], [ 644327.764326709089801, 7177367.964214315637946 ], [ 644304.905997447785921, 7177313.93546194024384 ], [ 644303.866978970589116, 7177293.155171089805663 ], [ 644300.749928118544631, 7177254.711633242666721 ], [ 644302.827950342791155, 7177219.385138066485524 ], [ 644303.866954688215628, 7177166.395395699888468 ], [ 644303.866947722272016, 7177130.029886374250054 ], [ 644294.515812485129572, 7177105.093538900837302 ], [ 644263.345373238436878, 7177082.23522468842566 ], [ 644224.901836105855182, 7177078.079173797741532 ], [ 644177.107170700328425, 7177085.352284760214388 ], [ 644153.209838097915053, 7177089.508347514085472 ], [ 644133.468562481575646, 7177088.469336718320847 ], [ 644100.220098026329651, 7177085.3522993857041 ], [ 644075.283748940331861, 7177079.118216814473271 ], [ 644047.230355374282226, 7177067.689062074758112 ], [ 644019.176962801837362, 7177061.454980093985796 ], [ 644003.591743581229821, 7177052.103852087631822 ], [ 643976.057850512559526, 7177005.348202476277947 ], [ 643965.667701784754172, 7176985.606927962973714 ], [ 643952.160507387132384, 7176954.436493968591094 ], [ 643949.043459930224344, 7176933.656203522346914 ], [ 643951.121483957744204, 7176907.680839328095317 ], [ 643973.979800670640543, 7176896.251674916595221 ], [ 643992.682059997110628, 7176887.93955494556576 ], [ 644014.501360624912195, 7176868.198274314403534 ], [ 644019.696428135270253, 7176842.222909532487392 ], [ 644026.969523244304582, 7176808.974442491307855 ], [ 644031.125577054568566, 7176787.155136113986373 ], [ 644028.00852999300696, 7176768.452874775975943 ], [ 644021.774440042558126, 7176752.867657684721053 ], [ 644021.774437459534965, 7176739.360468512400985 ], [ 644025.930492857587524, 7176725.853278551250696 ], [ 644039.437678513000719, 7176711.307072260417044 ], [ 644055.022893355577253, 7176697.799880126491189 ], [ 644070.608103825361468, 7176661.43436785787344 ], [ 644080.998243609326892, 7176634.419987540692091 ], [ 644093.985921218176372, 7176615.717723144218326 ], [ 644097.102961721597239, 7176600.132504279725254 ], [ 644098.141972044017166, 7176578.313198501244187 ], [ 644100.219997455249541, 7176559.610936181619763 ], [ 644113.727180123329163, 7176529.479511620476842 ], [ 644139.702538716141135, 7176509.73823020234704 ], [ 644167.755927889258601, 7176498.30906480178237 ], [ 644176.068042057333514, 7176488.957932258956134 ], [ 644178.146068064728752, 7176473.372713592834771 ], [ 644176.068036687443964, 7176460.904539370909333 ], [ 644167.755917945993133, 7176446.358337233774364 ], [ 644160.482812306843698, 7176424.539033043198287 ], [ 644156.326750550651923, 7176404.797757361084223 ], [ 644149.053643719758838, 7176376.744365863502026 ], [ 644138.663494002423249, 7176351.808018609881401 ], [ 644127.234330982435495, 7176333.105758864432573 ], [ 644111.649109987542033, 7176314.403499908745289 ], [ 644098.141917581902817, 7176293.623211458325386 ], [ 644097.102900305413641, 7176279.077007940039039 ], [ 644103.336984688183293, 7176265.569817591458559 ], [ 644125.15628569223918, 7176247.906566075980663 ], [ 644139.702486029127613, 7176234.399374144151807 ], [ 644143.858541820431128, 7176222.970213294029236 ], [ 644143.858537645544857, 7176201.150907723233104 ], [ 644140.221982342074625, 7176177.25357374548912 ], [ 644131.909862610511482, 7176157.512298859655857 ], [ 644118.402671002899297, 7176140.888068615458906 ], [ 644113.207595549989492, 7176125.302851339802146 ], [ 644113.207593362894841, 7176113.873691281303763 ], [ 644112.168574098264799, 7176088.937342261895537 ], [ 644111.129556820029393, 7176074.39113874733448 ], [ 644100.739406313281506, 7176045.298733303323388 ], [ 644087.232216100324877, 7176035.947604915127158 ], [ 644059.178822572226636, 7176024.518450193107128 ], [ 644025.930356375989504, 7176012.050281906500459 ], [ 643979.174701362033375, 7175997.504087084904313 ], [ 643938.653134701191448, 7175990.230992930009961 ], [ 643910.59974117774982, 7175978.801838202401996 ], [ 643870.597678790101781, 7175955.943525684997439 ], [ 643860.207532658590935, 7175949.709440355189145 ], [ 643826.959068452939391, 7175947.631417566910386 ], [ 643807.21779247187078, 7175944.514377661980689 ], [ 643795.78863283933606, 7175943.475365282036364 ], [ 643763.5791833269177, 7175942.436356844380498 ], [ 643735.525793969864026, 7175952.826507673598826 ], [ 643723.057623611413874, 7175971.528771947138011 ], [ 643699.160294805653393, 7175995.426111144945025 ], [ 643664.872818681644276, 7176006.855277703143656 ], [ 643649.287600675597787, 7176003.73823700658977 ], [ 643638.897453159443103, 7175990.231049818918109 ], [ 643627.468289960175753, 7175970.489775523543358 ], [ 643626.429272098001093, 7175952.826528360135853 ], [ 643628.507298311567865, 7175938.280324259772897 ], [ 643647.209555240697227, 7175917.500029702670872 ], [ 643689.809140178607777, 7175868.666337750852108 ], [ 643704.355339129338972, 7175847.886043985374272 ], [ 643716.823507703375071, 7175819.832648759707808 ], [ 643733.447733259759843, 7175786.584179993718863 ], [ 643733.447728501283564, 7175761.647830784320831 ], [ 643732.408709646086209, 7175738.789510875940323 ], [ 643716.823488869820721, 7175721.126266477629542 ], [ 643699.160241089179181, 7175713.853167979046702 ], [ 643672.145863857702352, 7175711.775143998675048 ], [ 643643.053459221846424, 7175718.009236817248166 ], [ 643623.312187605770305, 7175737.750517012551427 ], [ 643596.297812353703193, 7175746.062638536095619 ], [ 643571.361464305780828, 7175745.023628713563085 ], [ 643543.308072973974049, 7175745.023634028621018 ], [ 643524.605812087189406, 7175745.023637573234737 ], [ 643496.552420360967517, 7175742.945613786578178 ], [ 643459.147898387396708, 7175741.906606318429112 ], [ 643436.289578733732924, 7175737.750552445650101 ], [ 643421.743373052333482, 7175723.204351495951414 ], [ 643410.314206895651296, 7175687.877858951687813 ], [ 643398.885036585619673, 7175630.732060855254531 ], [ 643383.299809292890131, 7175578.781336302869022 ], [ 643363.558524027466774, 7175526.830612537451088 ], [ 643343.817243116209283, 7175497.738208874128759 ], [ 643321.997934405459091, 7175474.879892904311419 ], [ 643282.51538128615357, 7175462.411725774407387 ], [ 643264.85213351494167, 7175455.138627266511321 ], [ 643248.227898461511359, 7175438.514397610910237 ], [ 643243.032823029905558, 7175422.929180345498025 ], [ 643243.032819275744259, 7175403.18790389969945 ], [ 643243.03281374310609, 7175374.095496503636241 ], [ 643233.162164004635997, 7175310.715610839426517 ], [ 643225.889059194130823, 7175293.052364871837199 ], [ 643223.811027638614178, 7175279.545176118612289 ], [ 643222.772010379703715, 7175264.998972618952394 ], [ 643225.889049117220566, 7175240.062622839584947 ], [ 643237.318201823276468, 7175204.736125996336341 ], [ 643254.981438718736172, 7175154.863424278795719 ], [ 643266.410593990469351, 7175133.044116580858827 ], [ 643284.07383364951238, 7175097.717618558555841 ], [ 643295.502987142419443, 7175066.547179918736219 ], [ 643307.971153146005236, 7175024.986595585942268 ], [ 643318.361293724039569, 7175002.128273537382483 ], [ 643325.634389834944159, 7174974.074879332445562 ], [ 643325.634386277408339, 7174955.37261744774878 ], [ 643339.661076193209738, 7174925.24119286891073 ], [ 643344.856144107528962, 7174901.343857256695628 ], [ 643344.856140548596159, 7174882.641595373861492 ], [ 643344.856136989081278, 7174863.93933348916471 ], [ 643342.778104246011935, 7174844.198057451285422 ], [ 643329.270912285661325, 7174825.49579812400043 ], [ 643315.763722696574405, 7174819.26171338558197 ], [ 643307.451606361661106, 7174817.18368586152792 ], [ 643288.749346486292779, 7174822.378762140870094 ], [ 643269.008075279416516, 7174844.198071405291557 ], [ 643247.18877429550048, 7174861.861322865821421 ], [ 643226.408485631574877, 7174868.095414088107646 ], [ 643206.667211262509227, 7174873.290490565821528 ], [ 643194.199039720464498, 7174885.758667511865497 ], [ 643175.496783792972565, 7174911.734034774824977 ], [ 643143.287336892564781, 7174924.202215449884534 ], [ 643129.780147500452586, 7174919.007145257666707 ], [ 643111.077881500823423, 7174891.992770513519645 ], [ 643107.960830719675869, 7174853.54923278465867 ], [ 643092.375607014982961, 7174820.300770161673427 ], [ 643047.697975156479515, 7174774.584138445556164 ], [ 643022.761619250988588, 7174731.984546650201082 ], [ 643008.215412016259506, 7174709.12622931972146 ], [ 642987.435118027264252, 7174687.306927718222141 ], [ 642969.77186850272119, 7174670.682698272168636 ], [ 642951.069603107869625, 7174646.785367179661989 ], [ 642947.95255667262245, 7174631.200149536132812 ], [ 642940.679450494353659, 7174606.26380174048245 ], [ 642936.523387004737742, 7174577.171395161189139 ], [ 642935.484368568984792, 7174556.391104385256767 ], [ 642931.328306657960638, 7174535.610814198851585 ], [ 642923.016188157838769, 7174522.103626633062959 ], [ 642910.028502866625786, 7174500.284323565661907 ], [ 642898.599339707638137, 7174480.543049298226833 ], [ 642884.053134456393309, 7174468.074877459555864 ], [ 642873.662988747702911, 7174463.918821226805449 ], [ 642855.999742977437563, 7174467.035868203267455 ], [ 642835.219456289662048, 7174483.660104895010591 ], [ 642810.283109662588686, 7174489.894196890294552 ], [ 642775.995631229598075, 7174488.855188803747296 ], [ 642755.215338436188176, 7174473.269974490627646 ], [ 642728.200955933774821, 7174443.138557678088546 ], [ 642710.537702483823523, 7174405.734037259593606 ], [ 642692.874448837246746, 7174367.290502298623323 ], [ 642692.874443129636347, 7174337.159080397337675 ], [ 642703.26458194386214, 7174304.949627442285419 ], [ 642728.200920491362922, 7174256.115938978269696 ], [ 642739.630074583226815, 7174228.062544025480747 ], [ 642739.630069266771898, 7174200.009151224046946 ], [ 642740.669079229235649, 7174176.111816422082484 ], [ 642741.708089389139786, 7174153.253496170043945 ], [ 642746.903158498811536, 7174135.590247875079513 ], [ 642756.254285180126317, 7174115.848969701677561 ], [ 642765.085906979627907, 7174108.57586620002985 ], [ 642782.749152546050027, 7174104.419804679229856 ], [ 642803.529440405545756, 7174094.029655285179615 ], [ 642814.958597644930705, 7174082.600493099540472 ], [ 642821.192682031891309, 7174069.093302800320089 ], [ 642822.231693961424753, 7174055.586113482713699 ], [ 642822.231690414715558, 7174036.883851621299982 ], [ 642815.997598935151473, 7174012.986518194898963 ], [ 642804.568435196066275, 7173990.128200296312571 ], [ 642779.632081495597959, 7173958.957768564112484 ], [ 642754.69572523701936, 7173914.280147708952427 ], [ 642743.266559334471822, 7173879.992669790051877 ], [ 642730.798381108208559, 7173857.134352089837193 ], [ 642716.252175477333367, 7173842.588151164352894 ], [ 642705.862029581679963, 7173837.3930803835392 ], [ 642691.315827296464704, 7173840.510126767680049 ], [ 642668.457512035034597, 7173859.212392929941416 ], [ 642643.52116798539646, 7173878.95367403049022 ], [ 642617.545810231938958, 7173902.851013519801199 ], [ 642592.60946578765288, 7173920.514265523292124 ], [ 642570.790163636440411, 7173931.943429655395448 ], [ 642519.87845749896951, 7173952.723730191588402 ], [ 642503.254224458476529, 7173946.489646032452583 ], [ 642483.5129455862334, 7173927.787387885153294 ], [ 642444.030381360207684, 7173856.09539152123034 ], [ 642401.430778383277357, 7173809.339744888246059 ], [ 642338.050879504764453, 7173730.374651188962162 ], [ 642278.827045080135576, 7173685.697036777622998 ], [ 642242.461534955073148, 7173670.11182539537549 ], [ 642154.664803808671422, 7173634.785347267054021 ], [ 642109.987177761970088, 7173619.200137441046536 ], [ 642064.270538990851492, 7173612.966058732941747 ], [ 642027.905031029484235, 7173608.81000736169517 ], [ 642004.007697741617449, 7173608.810011841356754 ], [ 641985.305436907801777, 7173608.81001534871757 ], [ 641960.369088540668599, 7173605.692976378835738 ], [ 641940.627811062615365, 7173594.263820059597492 ], [ 641895.950184632325545, 7173576.60058112628758 ], [ 641849.194529612548649, 7173561.015371674671769 ], [ 641800.360846397816204, 7173549.586220799945295 ], [ 641771.787948685465381, 7173553.742284336127341 ], [ 641755.163716638926417, 7173552.703272899612784 ], [ 641739.57849693170283, 7173540.235101249068975 ], [ 641718.798202620819211, 7173516.3377705514431 ], [ 641712.564111180836335, 7173492.440437136217952 ], [ 641715.681150155607611, 7173468.543101968243718 ], [ 641714.642130190622993, 7173439.450694845989347 ], [ 641705.290996452327818, 7173421.787449295632541 ], [ 641692.822817483218387, 7173394.773073405958712 ], [ 641690.744782246765681, 7173361.524608291685581 ], [ 641684.510688657290302, 7173326.198114862665534 ], [ 641669.964479537447914, 7173292.949652083218098 ], [ 641656.457287058932707, 7173271.130349126644433 ], [ 641652.301226166309789, 7173255.545131703838706 ], [ 641642.950093799387105, 7173245.15498798340559 ], [ 641632.55994752922561, 7173237.881888099014759 ], [ 641627.364874882157892, 7173236.842874523252249 ], [ 641603.467541411169805, 7173235.803864445537329 ], [ 641583.726266095764004, 7173235.803868132643402 ], [ 641569.180062840459868, 7173233.725841760635376 ], [ 641550.477798891835846, 7173217.101612508296967 ], [ 641522.424400821095333, 7173180.736108614131808 ], [ 641520.346368327271193, 7173162.033847162500024 ], [ 641519.307348370552063, 7173132.941440050490201 ], [ 641518.268330560298637, 7173115.278192954137921 ], [ 641533.334035394596867, 7173087.224797382950783 ], [ 641555.153337537543848, 7173075.795633293688297 ], [ 641585.284754232619889, 7173057.093365822918713 ], [ 641601.908982947003096, 7173040.469129974022508 ], [ 641619.572225565090775, 7173020.727850288152695 ], [ 641625.806308596511371, 7172999.947558192536235 ], [ 641627.884333864203654, 7172980.206281422637403 ], [ 641627.884330542059615, 7172962.543034134432673 ], [ 641623.728267697850242, 7172936.567671253345907 ], [ 641612.299104011966847, 7172913.709353370591998 ], [ 641583.206692436011508, 7172882.538922421634197 ], [ 641550.997239542193711, 7172862.797652062959969 ], [ 641492.812423821771517, 7172839.939342917874455 ], [ 641453.32987067499198, 7172826.432161189615726 ], [ 641388.910970557597466, 7172817.08104230184108 ], [ 641307.867836268036626, 7172795.261751954443753 ], [ 641253.839079688186757, 7172778.637529295869172 ], [ 641225.785686713876203, 7172769.286403611302376 ], [ 641208.122438247664832, 7172757.857246898114681 ], [ 641177.991014932282269, 7172741.233019774779677 ], [ 641160.327767051523551, 7172732.920906699262559 ], [ 641117.208665928570554, 7172733.959929279983044 ], [ 641086.038231241283938, 7172733.959935085847974 ], [ 641030.970463099773042, 7172732.920930795371532 ], [ 641000.839041539584287, 7172725.647834583185613 ], [ 640985.253821668215096, 7172712.140648386441171 ], [ 640983.175789966597222, 7172697.594445127993822 ], [ 640988.370860663242638, 7172688.24331324826926 ], [ 641011.229175930959173, 7172669.541047165170312 ], [ 641051.75073732167948, 7172649.79976324737072 ], [ 641084.999197482597083, 7172631.097495228052139 ], [ 641122.403715595370159, 7172612.395226432010531 ], [ 641162.925275814370252, 7172586.419855237007141 ], [ 641178.510486532002687, 7172551.093357775360346 ], [ 641202.407809655880556, 7172497.064596941694617 ], [ 641205.524839095538482, 7172422.255549073219299 ], [ 641199.290738134179264, 7172347.446502956561744 ], [ 641199.290730730630457, 7172307.963950227946043 ], [ 641198.251714683952741, 7172299.65183405764401 ], [ 641217.473466947441921, 7172215.491652296856046 ], [ 641218.5124785132939, 7172199.906433923169971 ], [ 641223.70754647499416, 7172176.009098412469029 ], [ 641224.746557261561975, 7172156.26782186049968 ], [ 641220.590494631091133, 7172131.331473550759256 ], [ 641217.473447462543845, 7172111.590197771787643 ], [ 641214.356398541131057, 7172082.497791087254882 ], [ 641213.317383661982603, 7172080.419762190431356 ], [ 641207.083290691371076, 7172048.210312455892563 ], [ 641187.342010926222429, 7172024.31298159994185 ], [ 641175.912846682127565, 7171998.337620105594397 ], [ 641173.83481303055305, 7171973.401271411217749 ], [ 641174.354316573473625, 7171953.659994961693883 ], [ 641176.432340876199305, 7171928.723645493388176 ], [ 641176.432337954640388, 7171913.138427319005132 ], [ 641171.237263175076805, 7171900.670253748074174 ], [ 641150.456969900173135, 7171881.967995814047754 ], [ 641121.364561888854951, 7171869.49982669763267 ], [ 641062.140735466615297, 7171866.38279409520328 ], [ 641007.072968166554347, 7171869.499847983941436 ], [ 640941.615055788308382, 7171871.577889256179333 ], [ 640915.639693576958962, 7171871.577894089743495 ], [ 640892.781371528049931, 7171853.914651080965996 ], [ 640883.430237440392375, 7171834.173376468941569 ], [ 640874.079098104382865, 7171786.378709149546921 ], [ 640868.884013224276714, 7171719.881779257208109 ], [ 640848.103717047721148, 7171685.594303147867322 ], [ 640814.855249539949, 7171664.814018440432847 ], [ 640751.47535430919379, 7171603.512172094546258 ], [ 640718.226883119903505, 7171562.990611039102077 ], [ 640694.329545626300387, 7171540.132295502349734 ], [ 640688.614965554559603, 7171538.054267475381494 ], [ 640687.575949125108309, 7171527.664122223854065 ], [ 640686.536930949427187, 7171507.922846077010036 ], [ 640684.458898674114607, 7171490.259599210694432 ], [ 640687.57593786646612, 7171467.401278655976057 ], [ 640707.317209833767265, 7171449.738027736544609 ], [ 640723.941436980385333, 7171424.801675586029887 ], [ 640739.526649246457964, 7171397.787294540554285 ], [ 640759.267919657984748, 7171371.811927269212902 ], [ 640781.087218072032556, 7171340.641486888751388 ], [ 640786.282285848166794, 7171315.705136867240071 ], [ 640794.59439300687518, 7171268.949480838142335 ], [ 640806.023547123651952, 7171240.896086025983095 ], [ 640813.296643484500237, 7171213.881706533953547 ], [ 640820.569739067694172, 7171182.711268862709403 ], [ 640824.725793130462989, 7171161.930977214127779 ], [ 640833.037900674389675, 7171117.253350283019245 ], [ 640840.830503693316132, 7171087.121927067637444 ], [ 640865.766847112448886, 7171064.263602467253804 ], [ 640892.7812183375936, 7171035.171190218999982 ], [ 640935.380807841196656, 7171011.273847787640989 ], [ 640961.356166714453138, 7170993.610595712438226 ], [ 640991.487581395427696, 7170964.518182882107794 ], [ 641012.267867245944217, 7170943.73788814432919 ], [ 641037.204210071242414, 7170917.762519912794232 ], [ 641070.452668984537013, 7170892.826164674945176 ], [ 641110.974230280262418, 7170873.084880799986422 ], [ 641155.651849910384044, 7170855.421625236980617 ], [ 641175.393123409594409, 7170846.070490667596459 ], [ 641190.97833818057552, 7170832.563298697583377 ], [ 641199.290450959117152, 7170815.939064454287291 ], [ 641199.290447842329741, 7170799.314831758849323 ], [ 641193.056358192698099, 7170784.768629315309227 ], [ 641180.588182597304694, 7170775.41750075109303 ], [ 641130.715484500746243, 7170760.87130643799901 ], [ 641086.037863318808377, 7170770.222445651888847 ], [ 641034.087137029971927, 7170759.83230989612639 ], [ 640994.604585945606232, 7170756.715273616835475 ], [ 640964.473165826755576, 7170756.715279226191342 ], [ 640940.575831657275558, 7170751.520210957154632 ], [ 640929.146671524620615, 7170747.364154909737408 ], [ 640911.483424859703518, 7170745.286129110492766 ], [ 640906.288352425675839, 7170745.286130075342953 ], [ 640891.742151746992022, 7170756.715292759239674 ], [ 640881.352010767557658, 7170777.495585558004677 ], [ 640876.156944164657034, 7170808.666022824123502 ], [ 640867.844836822128855, 7170854.38266428001225 ], [ 640862.649770218878984, 7170885.553101548925042 ], [ 640846.025541535695083, 7170902.177337338216603 ], [ 640817.972152910893783, 7170915.684531619772315 ], [ 640797.191864140680991, 7170920.879608199000359 ], [ 640769.138472990482114, 7170920.879613413475454 ], [ 640733.811980623984709, 7170921.91863452270627 ], [ 640713.031691853189841, 7170927.113711101934314 ], [ 640676.666190242045559, 7170956.206125076860189 ], [ 640659.00294745399151, 7170974.908390140160918 ], [ 640624.715476752375253, 7171014.390949165448546 ], [ 640601.857160167652182, 7171025.820113388821483 ], [ 640561.335597106954083, 7171036.210266347974539 ], [ 640517.696989030460827, 7171038.288303532637656 ], [ 640485.487536050844938, 7171017.50801863335073 ], [ 640470.941328382003121, 7170991.532657742500305 ], [ 640435.614822836359963, 7170921.91868987493217 ], [ 640415.873539251624607, 7170877.241068164817989 ], [ 640380.547032164176926, 7170799.314983960241079 ], [ 640365.890164466924034, 7170777.582394573837519 ], [ 640359.090990836382844, 7170767.50086475815624 ], [ 640324.959750144276768, 7170761.9104707185179 ], [ 640280.282123532146215, 7170742.169202674180269 ], [ 640248.072672893060371, 7170733.85709229297936 ], [ 640227.292383543215692, 7170735.935125226154923 ], [ 640193.004908186849207, 7170750.481335180811584 ], [ 640169.1075775049394, 7170763.988528665155172 ], [ 640137.937146573211066, 7170783.729810757562518 ], [ 640099.493612491409294, 7170794.119963303208351 ], [ 640066.245152003830299, 7170810.744202144443989 ], [ 640032.996689389576204, 7170815.939281010068953 ], [ 640018.450486379559152, 7170814.900269158184528 ], [ 639970.65581862826366, 7170807.627176186069846 ], [ 639929.095236449851654, 7170793.080980261787772 ], [ 639866.754360867198557, 7170758.793511847965419 ], [ 639837.661955043207854, 7170757.754502677358687 ], [ 639807.53053531027399, 7170759.832537325099111 ], [ 639770.126015906222165, 7170771.261704207397997 ], [ 639743.111642332980409, 7170787.885941883549094 ], [ 639723.370369010372087, 7170798.276090959087014 ], [ 639719.21431144780945, 7170800.354120813310146 ], [ 639699.473038896685466, 7170814.900328061543405 ], [ 639673.497681155335158, 7170838.797667350620031 ], [ 639647.522324571036734, 7170868.929093897342682 ], [ 639629.859080603579059, 7170881.397271675989032 ], [ 639602.844706445932388, 7170894.904465720057487 ], [ 639577.908358757151291, 7170894.904470317065716 ], [ 639564.401169270044193, 7170888.670385545119643 ], [ 639550.893977857776918, 7170872.046155339106917 ], [ 639536.347769841901027, 7170843.992765346542001 ], [ 639520.762546376092359, 7170810.744302830658853 ], [ 639502.060283110826276, 7170797.23711721226573 ], [ 639466.733789592399262, 7170792.04205100145191 ], [ 639432.965818000375293, 7170787.885999046266079 ], [ 639404.912427623290569, 7170792.042062383145094 ], [ 639364.39086398226209, 7170799.315171645022929 ], [ 639341.53254411672242, 7170793.081088591367006 ], [ 639317.635210149805062, 7170788.925034813582897 ], [ 639293.737875797785819, 7170782.690951948054135 ], [ 639266.723497794242576, 7170775.417855113744736 ], [ 639231.397002935875207, 7170762.949687090702355 ], [ 639193.992481984896585, 7170766.066737595945597 ], [ 639156.587961995974183, 7170774.378860814496875 ], [ 639143.080773666268215, 7170774.378863296471536 ], [ 639112.949352780589834, 7170770.222810659557581 ], [ 639090.091033876407892, 7170769.183800314553082 ], [ 639059.959613566403277, 7170768.144791305065155 ], [ 639035.023267416516319, 7170776.456912227906287 ], [ 639014.242980941431597, 7170794.120163278654218 ], [ 638989.306636900175363, 7170813.861444178037345 ], [ 638962.292264074785635, 7170834.641740003600717 ], [ 638943.590005419449881, 7170846.070903411135077 ], [ 638921.770703108981252, 7170856.461052848026156 ], [ 638890.600271184230223, 7170871.007262172177434 ], [ 638854.234765863628127, 7170880.358399732038379 ], [ 638817.869260926148854, 7170891.787566376850009 ], [ 638793.971928108367138, 7170893.865599842742085 ], [ 638764.879521705908701, 7170889.709546998143196 ], [ 638744.099231391446665, 7170886.592507176101208 ], [ 638725.396968136541545, 7170873.085321538150311 ], [ 638717.084850901039317, 7170865.812221255153418 ], [ 638705.136183727299795, 7170862.695179814472795 ], [ 638690.589982630335726, 7170872.046313369646668 ], [ 638682.277868840610608, 7170883.475474868901074 ], [ 638673.965755048906431, 7170894.904636370018125 ], [ 638664.614626961760223, 7170907.372812601737678 ], [ 638652.146454647183418, 7170915.684931232593954 ], [ 638629.288137271883897, 7170922.958037221804261 ], [ 638607.46883304300718, 7170922.958041215315461 ], [ 638592.922627738211304, 7170909.450854810886085 ], [ 638563.830217130831443, 7170882.436482004821301 ], [ 638552.401054522721097, 7170864.773236859589815 ], [ 638552.401051655760966, 7170849.18801870662719 ], [ 638562.791191936586984, 7170824.251667764037848 ], [ 638563.830204702215269, 7170814.900536686182022 ], [ 638558.635129592265002, 7170800.354334029369056 ], [ 638551.362026461400092, 7170791.00320447050035 ], [ 638540.97187949041836, 7170779.574046394787729 ], [ 638531.620747196837328, 7170769.18390267342329 ], [ 638519.152570487931371, 7170753.598686803132296 ], [ 638506.684393779025413, 7170738.013470935635269 ], [ 638495.255232704104856, 7170728.662342136725783 ], [ 638479.670014255912974, 7170722.428257727995515 ], [ 638468.240853373543359, 7170714.11614347063005 ], [ 638456.811693063355051, 7170708.921072846278548 ], [ 638438.109432300901972, 7170708.921076263301075 ], [ 638424.602244928246364, 7170714.116151448339224 ], [ 638415.251117031555623, 7170727.623342219740152 ], [ 638395.509844263782725, 7170741.130534889176488 ], [ 638379.92462734435685, 7170743.208566823974252 ], [ 638366.417442643898539, 7170762.949845612980425 ], [ 638358.105330567457713, 7170783.730137996375561 ], [ 638348.754202093812637, 7170794.120285137556493 ], [ 638334.208002140745521, 7170809.705505944788456 ], [ 638315.505743476445787, 7170821.134669339284301 ], [ 638305.115600898279808, 7170833.602845755405724 ], [ 638295.764473567949608, 7170850.227080156095326 ], [ 638280.179258172400296, 7170860.617228435352445 ], [ 638261.47700122219976, 7170881.39752271771431 ], [ 638240.696713772020303, 7170893.865701033733785 ], [ 638232.384600927704014, 7170910.489935245364904 ], [ 638226.15051705588121, 7170927.114169080741704 ], [ 638219.396927276742645, 7170951.011504812166095 ], [ 638214.201856559258886, 7170960.362636652775109 ], [ 638195.49959750729613, 7170969.713770956732333 ], [ 638179.914383440278471, 7170987.377021042630076 ], [ 638170.563257060362957, 7171009.19632816221565 ], [ 638166.407203878741711, 7171035.171692511066794 ], [ 638161.212135255220346, 7171055.951984331943095 ], [ 638153.939036513562314, 7171070.498189270496368 ], [ 638145.62692214071285, 7171078.810307133942842 ], [ 638140.431852753506973, 7171095.434540781192482 ], [ 638141.47086933767423, 7171106.86370057426393 ], [ 638141.470871434314176, 7171118.292860556393862 ], [ 638141.470874483929947, 7171134.917093256488442 ], [ 638142.509892402216792, 7171153.619354853406549 ], [ 638134.197779171401635, 7171168.16555998288095 ], [ 638130.041723509784788, 7171180.633735267445445 ], [ 638126.924682142212987, 7171192.062895817682147 ], [ 638121.729611230548471, 7171200.375013114884496 ], [ 638114.456510963151231, 7171206.609101705253124 ], [ 638108.22242480062414, 7171210.765161016955972 ], [ 638097.832280879025348, 7171215.960235632956028 ], [ 638086.403122469200753, 7171221.155310436151922 ], [ 638076.012979118851945, 7171229.467428680509329 ], [ 638046.920575183932669, 7171238.818564880639315 ], [ 638031.335359014570713, 7171245.052654983475804 ], [ 638011.594085084740072, 7171252.325760386884212 ], [ 637991.85281191742979, 7171263.754923969507217 ], [ 637957.565335732069798, 7171274.145075656473637 ], [ 637929.511945710750297, 7171280.379168028011918 ], [ 637900.419541199691594, 7171286.613260589540005 ], [ 637878.600237533100881, 7171289.730308193713427 ], [ 637845.351774121634662, 7171290.769328791648149 ], [ 637804.830209487001412, 7171292.847365253604949 ], [ 637774.698789347312413, 7171292.8473707344383 ], [ 637749.762441265513189, 7171290.76934618037194 ], [ 637727.42362997320015, 7171291.808364789932966 ], [ 637709.760384064982645, 7171293.886397089809179 ], [ 637676.511921222903766, 7171298.042461309581995 ], [ 637646.380501083564013, 7171298.042466784827411 ], [ 637628.717254605260678, 7171297.003455452620983 ], [ 637601.70287811756134, 7171298.042474905028939 ], [ 637575.727515549515374, 7171295.964450534433126 ], [ 637561.181311205495149, 7171287.652336824685335 ], [ 637552.869193216436543, 7171276.223178352229297 ], [ 637552.869187522330321, 7171245.052742034196854 ], [ 637557.025241106864996, 7171221.155406766571105 ], [ 637562.220309558324516, 7171199.336100403219461 ], [ 637564.298334357328713, 7171176.477780060842633 ], [ 637561.181286528939381, 7171152.580446118488908 ], [ 637548.71310888545122, 7171131.800157508812845 ], [ 637535.205919221742079, 7171124.527058156207204 ], [ 637523.77675758372061, 7171112.058885705657303 ], [ 637517.542666484834626, 7171089.200566874817014 ], [ 637505.07448865310289, 7171067.381263721734285 ], [ 637504.035469612455927, 7171042.444914863444865 ], [ 637492.606306079193018, 7171019.586596978828311 ], [ 637486.372217258671299, 7171009.196452673524618 ], [ 637470.267487016972154, 7170978.026019290089607 ], [ 637454.68226515816059, 7170953.089673074893653 ], [ 637445.331127566983923, 7170913.607122119516134 ], [ 637441.175065068062395, 7170888.670773832127452 ], [ 637437.019002757966518, 7170864.773440089076757 ], [ 637433.901952470070682, 7170827.368917092680931 ], [ 637427.667854360304773, 7170766.067060169763863 ], [ 637421.433755872072652, 7170702.6871741656214 ], [ 637417.277692805742845, 7170674.633782252669334 ], [ 637408.965566862374544, 7170619.566012978553772 ], [ 637410.004576608887874, 7170593.590649213641882 ], [ 637406.88752613356337, 7170555.147111689671874 ], [ 637405.848509371746331, 7170542.678937364369631 ], [ 637400.653435611748137, 7170535.405836503952742 ], [ 637396.497376906103455, 7170531.249779087491333 ], [ 637378.834131206036545, 7170534.366825919598341 ], [ 637362.20990055880975, 7170540.600916192866862 ], [ 637349.741727478802204, 7170544.756976626813412 ], [ 637343.507641696720384, 7170550.991065014153719 ], [ 637337.273556862259284, 7170562.42022611759603 ], [ 637330.000457350863144, 7170572.810372867621481 ], [ 637323.766371189616621, 7170576.966432169079781 ], [ 637298.830023321788758, 7170575.92742214538157 ], [ 637275.971701397094876, 7170558.26417906023562 ], [ 637237.528161418391392, 7170536.444880624301732 ], [ 637223.501462821499445, 7170519.820650479756296 ], [ 637214.15032960253302, 7170504.235434031113982 ], [ 637199.604124520206824, 7170491.767262153327465 ], [ 637192.331022168393247, 7170486.572190755046904 ], [ 637188.174962329445407, 7170476.182046079076827 ], [ 637179.862841894850135, 7170451.245698557235301 ], [ 637170.5117060279008, 7170421.114278510212898 ], [ 637162.199585784226656, 7170397.21694553270936 ], [ 637159.082538350718096, 7170375.397640699520707 ], [ 637150.770416971761733, 7170345.266220469027758 ], [ 637140.380267188651487, 7170318.251844240352511 ], [ 637116.482930600293912, 7170299.549586800858378 ], [ 637080.117420935072005, 7170285.003389787860215 ], [ 637042.712898298515938, 7170278.769309302791953 ], [ 636992.840203530038707, 7170281.886361952871084 ], [ 636923.226231068139896, 7170271.49622911773622 ], [ 636873.353532899636775, 7170255.911019993014634 ], [ 636832.831961521529593, 7170220.584532869979739 ], [ 636815.168709973106161, 7170191.492128873243928 ], [ 636805.817574310931377, 7170162.399723375216126 ], [ 636795.427424543653615, 7170135.385347148403525 ], [ 636768.932547414442524, 7170092.785755698569119 ], [ 636747.659225527429953, 7170072.741053026169538 ], [ 636732.792613620636985, 7170058.550200579687953 ], [ 636713.871471160789952, 7170040.304818831384182 ], [ 636699.00485741510056, 7170015.97764129191637 ], [ 636692.923060115426779, 7170001.78678725939244 ], [ 636691.571546862833202, 7169983.541402338072658 ], [ 636686.841259255539626, 7169967.999038050882518 ], [ 636681.435218028258532, 7169959.88997895270586 ], [ 636667.244363056612201, 7169956.511206485331059 ], [ 636657.783793362556025, 7169955.835453186184168 ], [ 636649.674733974505216, 7169957.186964659951627 ], [ 636636.83538992353715, 7169959.21423199493438 ], [ 636633.456614094204269, 7169953.808192554861307 ], [ 636632.780857164645568, 7169942.996112579479814 ], [ 636635.48387532425113, 7169933.535542007535696 ], [ 636655.756520972936414, 7169914.614398178644478 ], [ 636703.059360854560509, 7169870.690314249135554 ], [ 636739.550122694810852, 7169834.875292344018817 ], [ 636783.474188948050141, 7169797.70875908061862 ], [ 636817.937688451260328, 7169776.084592666476965 ], [ 636827.398256916087121, 7169770.002795903943479 ], [ 636835.507314828457311, 7169760.542224355041981 ], [ 636842.264863291988149, 7169753.784673075191677 ], [ 636847.670901450095698, 7169744.999857020564377 ], [ 636848.346654945518821, 7169736.890796828083694 ], [ 636846.995143900741823, 7169730.80900201946497 ], [ 636840.237593472935259, 7169726.754473205655813 ], [ 636823.343720715260133, 7169734.863536328077316 ], [ 636788.204465875867754, 7169754.460437847301364 ], [ 636756.443985022022389, 7169769.327053714543581 ], [ 636716.574445271282457, 7169788.248201078735292 ], [ 636680.759435457410291, 7169807.845102718099952 ], [ 636647.647445028764196, 7169824.738983841612935 ], [ 636617.914229321409948, 7169840.957109350711107 ], [ 636578.720444656675681, 7169860.554011594504118 ], [ 636531.417600724147633, 7169882.17818031553179 ], [ 636499.657120103947818, 7169898.396306186914444 ], [ 636467.896639360580593, 7169913.938677048310637 ], [ 636442.89370757562574, 7169925.426516656763852 ], [ 636424.64832536119502, 7169936.238600043579936 ], [ 636411.13322634040378, 7169938.265867495909333 ], [ 636402.348411125363782, 7169934.887094048783183 ], [ 636390.18481996236369, 7169925.4265261515975 ], [ 636375.993964503868483, 7169919.344733652658761 ], [ 636366.533394442638382, 7169916.641715332865715 ], [ 636359.100087944185361, 7169906.505391580983996 ], [ 636359.775840710499324, 7169894.341801350004971 ], [ 636356.397063660435379, 7169882.178211850114167 ], [ 636344.233472376829013, 7169872.041888950392604 ], [ 636313.824496188433841, 7169857.851039296016097 ], [ 636273.279194724513218, 7169839.605661431327462 ], [ 636240.505079813767225, 7169845.687462381087244 ], [ 636224.286960183526389, 7169843.660200281068683 ], [ 636212.79912472772412, 7169838.254162299446762 ], [ 636203.338551978580654, 7169820.684533846564591 ], [ 636193.202224138658494, 7169802.43915050663054 ], [ 636170.902308685472235, 7169794.330094447359443 ], [ 636137.790313235484064, 7169783.518020305782557 ], [ 636106.029826626414433, 7169766.624150864779949 ], [ 636085.081417693872936, 7169739.593954393640161 ], [ 636070.214803607435897, 7169713.239511835388839 ], [ 636041.157328456058167, 7169649.718546506017447 ], [ 635990.47569283132907, 7169578.088524996303022 ], [ 635907.273342899163254, 7169470.812432775273919 ], [ 635876.019668419379741, 7169431.111831802874804 ], [ 635833.784977068658918, 7169399.013476613909006 ], [ 635792.394981262157671, 7169377.051446355879307 ], [ 635752.694373336387798, 7169357.623497063294053 ], [ 635723.130092991515994, 7169355.089421091601253 ], [ 635674.982551458408125, 7169355.089429720304906 ], [ 635640.350108846323565, 7169352.555354652926326 ], [ 635619.232765004155226, 7169346.642502138391137 ], [ 635602.338889109320007, 7169337.350873835384846 ], [ 635578.68746306898538, 7169325.525165474042296 ], [ 635557.886875643045641, 7169298.917315855622292 ], [ 635530.434329275041819, 7169294.693851984106004 ], [ 635514.596316681825556, 7169264.073706132359803 ], [ 635512.484573662863113, 7169215.503815495409071 ], [ 635507.205229036742821, 7169165.878058231435716 ], [ 635496.646551001351327, 7169128.922708263620734 ], [ 635479.752671464229934, 7169099.358429804444313 ], [ 635463.914660966373049, 7169080.352823112159967 ], [ 635444.909050764515996, 7169070.850021751597524 ], [ 635419.568236403167248, 7169053.956151150166988 ], [ 635394.227423561154865, 7169045.509218116290867 ], [ 635370.998344996012747, 7169037.062284703366458 ], [ 635346.713400054024532, 7169032.838820260949433 ], [ 635317.149120367481373, 7169033.894692741334438 ], [ 635291.808311512693763, 7169047.620970813557506 ], [ 635264.35577160352841, 7169079.296991588547826 ], [ 635244.294301662244834, 7169110.973011048510671 ], [ 635218.953499439870939, 7169161.654640972614288 ], [ 635171.439493937301449, 7169249.291626717895269 ], [ 635126.037225163774565, 7169350.654885645955801 ], [ 635088.026024078717455, 7169439.347736909985542 ], [ 635079.024771588621661, 7169522.233313426375389 ], [ 635077.704949741251767, 7169589.544847437180579 ], [ 635053.947962547303177, 7169720.208417249843478 ], [ 635006.433954291394912, 7169792.7992954980582 ], [ 634976.077787044807337, 7169865.390170693397522 ], [ 634978.717458679224364, 7169886.507514158263803 ], [ 634993.235635163029656, 7169904.985187517479062 ], [ 635015.672816611942835, 7169931.381863443180919 ], [ 635039.429834356182255, 7169970.976879092864692 ], [ 635047.348843585699797, 7170002.652893593534827 ], [ 635048.668686980381608, 7170055.446253214031458 ], [ 635047.348864654195495, 7170120.118119277060032 ], [ 635031.510871756821871, 7170199.308161899447441 ], [ 635015.672877672128379, 7170271.899034544825554 ], [ 634999.999861170421354, 7170335.251069188117981 ], [ 634975.252985125523992, 7170391.344018470495939 ], [ 634953.805691525456496, 7170434.238627197220922 ], [ 634947.206528698792681, 7170472.183855791576207 ], [ 634929.058817840064876, 7170503.529916460625827 ], [ 634915.860480653704144, 7170515.078466286882758 ], [ 634859.767541769775562, 7170531.576401242986321 ], [ 634838.320241363719106, 7170536.525782553479075 ], [ 634778.927719434606843, 7170562.922473071143031 ], [ 634747.581669012783095, 7170592.618743589147925 ], [ 634717.88540834095329, 7170607.466881344094872 ], [ 634676.64059963542968, 7170615.715851162560284 ], [ 634653.543505934765562, 7170615.715855268761516 ], [ 634613.948487866437063, 7170614.066069811582565 ], [ 634566.104508940363303, 7170619.015455804765224 ], [ 634526.509492935030721, 7170628.914217820391059 ], [ 634480.315305236726999, 7170627.264433525502682 ], [ 634440.720285988412797, 7170619.015478072687984 ], [ 634412.673812416149303, 7170604.167350579053164 ], [ 634363.180038138991222, 7170592.618811883963645 ], [ 634307.087092468747869, 7170571.171519376337528 ], [ 634279.040619782637805, 7170561.272769369184971 ], [ 634241.0953944188077, 7170561.27277609705925 ], [ 634186.652245278586634, 7170562.922578241676092 ], [ 634135.50868242001161, 7170572.821342281997204 ], [ 634053.84395973640494, 7170581.070319225080311 ], [ 633900.413271444616839, 7170612.416403805837035 ], [ 633783.27801639540121, 7170645.412274441681802 ], [ 633732.134453819249757, 7170656.960830952972174 ], [ 633674.391719856648706, 7170658.610633643344045 ], [ 633605.100434942403808, 7170637.163343411870301 ], [ 633539.108731337124482, 7170595.918542632833123 ], [ 633492.914538086159155, 7170562.922700841911137 ], [ 633423.623249679338187, 7170521.677900638431311 ], [ 633385.678015842684545, 7170473.833924923092127 ], [ 633359.281334409140982, 7170457.336004608310759 ], [ 633341.133617642219178, 7170455.686215305700898 ], [ 633329.585072837071493, 7170467.234764816239476 ], [ 633329.585076343850233, 7170487.032274773344398 ], [ 633329.585082478821278, 7170521.677917199209332 ], [ 633339.483844224829227, 7170562.92272787168622 ], [ 633351.032397795119323, 7170600.867953261360526 ], [ 633359.28136684326455, 7170640.462971731089056 ], [ 633359.28137443959713, 7170683.357576651498675 ], [ 633342.783458839869127, 7170731.201561967842281 ], [ 633327.935332137509249, 7170759.248037031851709 ], [ 633332.884721045731567, 7170825.239736046642065 ], [ 633329.585142364958301, 7170859.885379068553448 ], [ 633301.538675230112858, 7170881.332686471752822 ], [ 633270.19262094097212, 7170889.581654475070536 ], [ 633225.648224179400131, 7170879.682907328009605 ], [ 633173.679770044633187, 7170917.628143906593323 ], [ 633115.937040726421401, 7170945.67462651617825 ], [ 633071.392652709851973, 7170985.269654284231365 ], [ 633038.39680862869136, 7171008.366755046881735 ], [ 632985.603456523036584, 7171036.413236779160798 ], [ 632952.607608360704035, 7171036.413242571055889 ], [ 632903.113834951655008, 7171029.814081269316375 ], [ 632853.620060960762203, 7171019.91533496696502 ], [ 632814.025042875204235, 7171018.265549413859844 ], [ 632787.628364928648807, 7171021.565139037556946 ], [ 632752.982724358211271, 7171021.565145110711455 ], [ 632724.936254583182745, 7171028.164320018142462 ], [ 632691.940407873829827, 7171036.413288287818432 ], [ 632660.594353281077929, 7171043.012463769875467 ], [ 632622.649130218662322, 7171056.210810395888984 ], [ 632612.750376931857318, 7171062.809982120990753 ], [ 632588.003495747689158, 7171090.856458915397525 ], [ 632563.256618626881391, 7171142.000030680559576 ], [ 632561.606834641192108, 7171189.844013410620391 ], [ 632566.556233069044538, 7171310.278864910826087 ], [ 632573.155414032633416, 7171374.620771192014217 ], [ 632607.801069726585411, 7171460.409975048154593 ], [ 632622.649211577372625, 7171518.152709901332855 ], [ 632627.598596941563301, 7171564.346899002790451 ], [ 632631.72308319574222, 7171594.043163258582354 ], [ 632628.423506513587199, 7171640.237353809177876 ], [ 632628.423519007512368, 7171711.178431268781424 ], [ 632626.773735895636491, 7171763.971791535615921 ], [ 632623.474166475236416, 7171851.410794578492641 ], [ 632613.575419279513881, 7171892.655608803033829 ], [ 632583.879168389248662, 7171963.596691484563053 ], [ 632552.533118404797278, 7171996.592546967789531 ], [ 632532.735616449732333, 7172036.187570428475738 ], [ 632514.587909516412765, 7172090.630726100876927 ], [ 632496.440199096454307, 7172125.27637177798897 ], [ 632488.191242560162209, 7172156.622430723160505 ], [ 632483.241870262660086, 7172184.66890409309417 ], [ 632489.841045418637805, 7172216.014960441738367 ], [ 632512.938144394429401, 7172245.711221408098936 ], [ 632519.537317232228816, 7172263.858937759883702 ], [ 632523.661805807147175, 7172306.753542046993971 ], [ 632528.611190299270675, 7172347.998353696428239 ], [ 632545.109121087938547, 7172385.943578323349357 ], [ 632540.159748500795104, 7172412.340259201824665 ], [ 632507.163907825248316, 7172455.234869992360473 ], [ 632484.891715207137167, 7172483.281346404924989 ], [ 632470.043589600129053, 7172517.926991520449519 ], [ 632458.495051136123948, 7172565.770976070314646 ], [ 632483.241945724468678, 7172613.614954276010394 ], [ 632506.339042390463874, 7172630.112875244580209 ], [ 632540.984689422533847, 7172666.408304212614894 ], [ 632562.431997743435204, 7172706.003320490941405 ], [ 632557.482629802194424, 7172758.796681402251124 ], [ 632545.934091047849506, 7172804.990873469039798 ], [ 632550.883474382339045, 7172839.636515135876834 ], [ 632572.330783871468157, 7172885.830701429396868 ], [ 632583.879338598810136, 7172930.375096958130598 ], [ 632628.423758137505502, 7173068.95765933021903 ], [ 632644.921687203110196, 7173097.004128980450332 ], [ 632661.419617432169616, 7173131.649768638424575 ], [ 632666.369001355487853, 7173169.594995323568583 ], [ 632666.369009782327339, 7173217.438977895304561 ], [ 632674.617984636570327, 7173290.029846565797925 ], [ 632677.917582832742482, 7173365.920301113277674 ], [ 632677.917595620499924, 7173438.511171245016158 ], [ 632658.120093925041147, 7173479.755987286567688 ], [ 632636.672794002108276, 7173488.004953559488058 ], [ 632598.72756907180883, 7173491.30454520881176 ], [ 632550.883587918244302, 7173484.705383569933474 ], [ 632521.187323024030775, 7173476.456426249817014 ], [ 632496.440432467497885, 7173451.709543034434319 ], [ 632468.393956216052175, 7173422.013282884843647 ], [ 632455.195611396688037, 7173390.667227636091411 ], [ 632441.997266867780127, 7173360.97096489276737 ], [ 632413.950792941730469, 7173344.473044766113162 ], [ 632371.056190778734162, 7173347.772637270390987 ], [ 632306.714291010983288, 7173372.519536054693162 ], [ 632230.823845505015925, 7173403.865606861189008 ], [ 632191.228832218330353, 7173430.262293820269406 ], [ 632145.034651012625545, 7173466.557736944407225 ], [ 632092.241301015485078, 7173507.802558733150363 ], [ 632059.245455058757216, 7173521.000904509797692 ], [ 632022.950022538308986, 7173524.300495842471719 ], [ 631975.106043411535211, 7173529.249881688505411 ], [ 631956.95832830760628, 7173537.498847367241979 ], [ 631906.639662871020846, 7173555.646573666483164 ], [ 631895.091120886849239, 7173583.693048233166337 ], [ 631890.141747978981584, 7173608.439936646260321 ], [ 631883.542583525180817, 7173638.136202855035663 ], [ 631867.044665163848549, 7173671.132055799476802 ], [ 631843.947576568345539, 7173700.828324881382287 ], [ 631834.048825838370249, 7173722.275629150681198 ], [ 631837.348414710140787, 7173745.372723627835512 ], [ 631850.546755754970945, 7173755.271476352587342 ], [ 631885.192397607024759, 7173761.870640335604548 ], [ 631928.087003840715624, 7173781.668142911046743 ], [ 631961.082856460823677, 7173806.415024720132351 ], [ 631980.880375839304179, 7173865.8075514100492 ], [ 631977.580798238283023, 7173907.052364585921168 ], [ 631969.331841946463101, 7173940.048216103576124 ], [ 631966.032265791087411, 7173989.541991803795099 ], [ 631951.184141863021068, 7174034.086392004974186 ], [ 631939.635600162437186, 7174063.782659094780684 ], [ 631911.589134023757651, 7174091.829136554151773 ], [ 631876.943497646250762, 7174116.576030153781176 ], [ 631845.597447249689139, 7174147.922093195840716 ], [ 631812.601605592295527, 7174185.867326544597745 ], [ 631775.481287222588435, 7174248.559448181651533 ], [ 631752.384205242968164, 7174316.200944897718728 ], [ 631729.287119508255273, 7174362.395139054395258 ], [ 631704.540240199654363, 7174401.99016347900033 ], [ 631684.74273958010599, 7174449.834149569272995 ], [ 631684.742748233256862, 7174499.327924729324877 ], [ 631686.392547861090861, 7174540.572737079113722 ], [ 631706.190067812567577, 7174603.264848845079541 ], [ 631722.687996589345858, 7174629.661526064388454 ], [ 631742.485513372230344, 7174674.205920275300741 ], [ 631777.131163634941913, 7174728.649066939018667 ], [ 631808.477228783071041, 7174781.442421675659716 ], [ 631828.274745863862336, 7174827.636608400382102 ], [ 631828.274751350400038, 7174858.982666017487645 ], [ 631852.196760740713216, 7174969.518759771250188 ], [ 631871.99428793869447, 7175073.455684235319495 ], [ 631875.29388750391081, 7175157.595101503655314 ], [ 631881.89307999308221, 7175287.928708402439952 ], [ 631881.893093569553457, 7175365.468956240452826 ], [ 631881.893101946916431, 7175413.312938950955868 ], [ 631923.96281784621533, 7175466.106291864998639 ], [ 631961.908044900861569, 7175474.355247793719172 ], [ 631986.654933481710032, 7175487.553583541885018 ], [ 632014.701408633845858, 7175510.650673761963844 ], [ 632047.697265091352165, 7175556.844858223572373 ], [ 632082.342921780771576, 7175647.583440112881362 ], [ 632090.591893708682619, 7175703.676383947022259 ], [ 632080.69315048167482, 7175768.018293486908078 ], [ 632057.596065299818292, 7175817.512072760611773 ], [ 632001.503134342608973, 7175881.853990361094475 ], [ 632003.152932833298109, 7175916.499632751569152 ], [ 632024.600239193066955, 7175944.546101658605039 ], [ 632062.545473215635866, 7175992.390077793970704 ], [ 632105.440085080103017, 7176043.533638084307313 ], [ 632126.887397524202242, 7176106.225749680772424 ], [ 632136.786168246064335, 7176198.614128460176289 ], [ 632163.182857668492943, 7176259.656446693465114 ], [ 632187.929757279576734, 7176335.546897808089852 ], [ 632211.026859263773076, 7176381.741084040142596 ], [ 632220.925625366158783, 7176447.732782698236406 ], [ 632220.925634633051232, 7176500.526143006980419 ], [ 632209.377095800591633, 7176546.720335298217833 ], [ 632197.828555807936937, 7176586.315357552841306 ], [ 632201.128151650074869, 7176649.007472358644009 ], [ 632217.626085120253265, 7176701.800829803571105 ], [ 632267.119869615416974, 7176769.442314090207219 ], [ 632341.360535503365099, 7176809.03732137568295 ], [ 632402.402856521424837, 7176817.286273260600865 ], [ 632471.694139065686613, 7176822.235638681799173 ], [ 632555.833553397795185, 7176827.185001496225595 ], [ 632635.023593374527991, 7176848.632290275767446 ], [ 632682.867576775606722, 7176866.779999514110386 ], [ 632724.112391368020326, 7176889.877087438479066 ], [ 632783.504931609728374, 7176964.117740017361939 ], [ 632829.699129873537458, 7177023.510262310504913 ], [ 632842.897476807353087, 7177066.40486528351903 ], [ 632856.095828109188005, 7177134.04635592456907 ], [ 632872.593766, 7177211.586601061746478 ], [ 632900.640244153677486, 7177251.181616416200995 ], [ 632927.861830467358232, 7177315.523519591428339 ], [ 632934.461003648350015, 7177335.321028573438525 ], [ 632942.709967796341516, 7177346.86957470793277 ], [ 632960.475822048960254, 7177375.917541366070509 ], [ 633022.76711178093683, 7177414.721938271075487 ], [ 633077.834887960809283, 7177459.399554359726608 ], [ 633101.732225407729857, 7177482.257870318368077 ], [ 633150.565912049729377, 7177512.389283763244748 ], [ 633193.165514106163755, 7177556.027887485921383 ], [ 633236.804131398792379, 7177603.822549238801003 ], [ 633292.910930925048888, 7177698.372863676398993 ], [ 633303.301080484641716, 7177724.348225671797991 ], [ 633314.730253552552313, 7177801.23530058003962 ], [ 633312.652230994543061, 7177837.600810302421451 ], [ 633283.559835017775185, 7177893.707601288333535 ], [ 633266.416103358264081, 7177936.307200983166695 ], [ 633263.299067220534198, 7177977.867783661000431 ], [ 633253.947942447033711, 7178010.077236457727849 ], [ 633238.36273822421208, 7178084.886287039145827 ], [ 633238.362748148618266, 7178140.993072928860784 ], [ 633267.45516215194948, 7178186.709708165377378 ], [ 633315.249837840208784, 7178236.582398330792785 ], [ 633334.991119722137228, 7178272.947904233820736 ], [ 633362.005503454129212, 7178311.391437968239188 ], [ 633371.876145591842942, 7178336.327785521745682 ], [ 633387.461374273523688, 7178399.707670559175313 ], [ 633387.461379422456957, 7178428.800078069791198 ], [ 633379.149269883520901, 7178465.165588919073343 ], [ 633360.447014261619188, 7178495.297014275565743 ], [ 633350.056873885681853, 7178521.272379953414202 ], [ 633343.822793153696693, 7178556.598875888623297 ], [ 633347.978854086250067, 7178573.22310802154243 ], [ 633363.564078171271831, 7178610.627629229798913 ], [ 633364.603100209729746, 7178653.227225766517222 ], [ 633365.642124087433331, 7178706.216967850923538 ], [ 633372.915229066391475, 7178725.958243101835251 ], [ 633380.188333494588733, 7178742.582474689930677 ], [ 633421.748923159320839, 7178797.650238756090403 ], [ 633458.114433715702035, 7178815.313479779288173 ], [ 633510.065161924692802, 7178834.015732605010271 ], [ 633538.118554657557979, 7178841.288829542696476 ], [ 633582.796179727884009, 7178850.639952659606934 ], [ 633626.434791775303893, 7178868.303192391991615 ], [ 633662.800303260330111, 7178891.161506175994873 ], [ 633711.633989830734208, 7178920.253905089572072 ], [ 633753.194575102184899, 7178950.385319840162992 ], [ 633772.935853518312797, 7178967.009549228474498 ], [ 633789.560089177568443, 7178987.789837384596467 ], [ 633817.61348468856886, 7179010.648152636364102 ], [ 633832.159691907814704, 7179034.545484827831388 ], [ 633843.588856003247201, 7179060.520846676081419 ], [ 633840.471820445498452, 7179105.198473084717989 ], [ 633824.886612567002885, 7179159.227232689037919 ], [ 633802.028299876139499, 7179194.55373159609735 ], [ 633790.59914500603918, 7179220.529097486287355 ], [ 633789.560136042768136, 7179251.699534323066473 ], [ 633789.560141579248011, 7179282.869970973581076 ], [ 633785.404089857707731, 7179318.196466581895947 ], [ 633785.404098343336955, 7179365.991136120632291 ], [ 633772.935933214845136, 7179415.863836972042918 ], [ 633757.870226672966965, 7179436.644130738452077 ], [ 633735.011910096160136, 7179450.151323990896344 ], [ 633709.036549469805323, 7179460.541474128141999 ], [ 633685.139217288931832, 7179467.814580231904984 ], [ 633664.358928233268671, 7179473.009656674228609 ], [ 633629.032437854679301, 7179487.555866679176688 ], [ 633609.29116495535709, 7179502.10207393579185 ], [ 633597.862008968251757, 7179521.843352504074574 ], [ 633599.940041098394431, 7179539.506599579937756 ], [ 633612.408217664342374, 7179554.052801158279181 ], [ 633649.812744235270657, 7179580.028158448636532 ], [ 633677.86613976280205, 7179602.886473720893264 ], [ 633726.699825825635344, 7179628.861828995868564 ], [ 633782.806610618485138, 7179639.251964647322893 ], [ 633812.938033490208909, 7179652.759148551151156 ], [ 633846.186502075754106, 7179678.734506569802761 ], [ 633881.513001137296669, 7179713.021980667486787 ], [ 633908.527385687106289, 7179755.621572677046061 ], [ 633911.644435833091848, 7179793.026096137240529 ], [ 633910.605428534676321, 7179833.547663997858763 ], [ 633909.566421422408894, 7179875.1082464158535 ], [ 633905.929883232573047, 7179945.761236863210797 ], [ 633899.69580325006973, 7179985.243791095912457 ], [ 633895.539755776175298, 7180044.467621525749564 ], [ 633895.539761686464772, 7180077.716087324544787 ], [ 633895.53976833273191, 7180115.120611349120736 ], [ 633903.851889500860125, 7180144.213017458096147 ], [ 633927.749227427644655, 7180169.149362585507333 ], [ 633954.763607008033432, 7180183.695561598986387 ], [ 633989.05108901229687, 7180203.436832109466195 ], [ 634024.377586257178336, 7180227.334160659462214 ], [ 634051.391967690666206, 7180252.270505235530436 ], [ 634073.211279767681845, 7180294.870098190382123 ], [ 634078.406357075553387, 7180321.884475741535425 ], [ 634068.535722653381526, 7180340.58673950843513 ], [ 634057.106566109927371, 7180357.210974433459342 ], [ 634047.755438937223516, 7180375.913238106295466 ], [ 634047.755444298032671, 7180406.044660249724984 ], [ 634047.755447809584439, 7180425.785936826840043 ], [ 634051.911511171841994, 7180455.917358235456049 ], [ 634068.535749090602621, 7180489.165821110829711 ], [ 634088.277028663083911, 7180512.024137867614627 ], [ 634117.369439663132653, 7180540.07752575352788 ], [ 634125.681560659781098, 7180568.130917319096625 ], [ 634151.656935191247612, 7180635.666858922690153 ], [ 634162.047085746191442, 7180666.837293793447316 ], [ 634178.671321638626978, 7180688.65659654699266 ], [ 634217.6343709602952, 7180719.827026361599565 ], [ 634242.57072193454951, 7180736.451254857704043 ], [ 634288.287361256079748, 7180743.724348658695817 ], [ 634321.535825460916385, 7180744.763357322663069 ], [ 634358.940346184186637, 7180737.4902487937361 ], [ 634411.930085157509893, 7180734.373195726424456 ], [ 634453.490665736026131, 7180737.490232024341822 ], [ 634486.739129753899761, 7180737.490226125344634 ], [ 634528.29970718070399, 7180722.944014948792756 ], [ 634570.899298548814841, 7180705.280759915709496 ], [ 634605.186776323593222, 7180701.124695596285164 ], [ 634635.318196652689949, 7180700.085675689391792 ], [ 634660.254544665338472, 7180700.085671258158982 ], [ 634683.112865719711408, 7180711.514827323146164 ], [ 634717.400350182084367, 7180744.763287058100104 ], [ 634737.141630151774734, 7180769.699632922187448 ], [ 634751.687845982494764, 7180841.391634781844914 ], [ 634779.741251997533254, 7180922.434765267185867 ], [ 634809.872686462942511, 7181000.360851716250181 ], [ 634850.394267619471066, 7181087.638067342340946 ], [ 634867.01850558759179, 7181120.886530228890479 ], [ 634916.891207407228649, 7181153.095972641371191 ], [ 634943.905586855718866, 7181166.603157082572579 ], [ 634989.622226768638939, 7181176.993294517509639 ], [ 635066.509301904239692, 7181188.422440955415368 ], [ 635101.83579699404072, 7181199.851594793610275 ], [ 635138.201306959846988, 7181213.35877756215632 ], [ 635166.254702220670879, 7181234.139063715934753 ], [ 635176.644851519842632, 7181258.036396692506969 ], [ 635183.917960671009496, 7181300.635992270894349 ], [ 635193.269094726070762, 7181320.377267200499773 ], [ 635218.205446860054508, 7181343.235583029687405 ], [ 635253.531943825189956, 7181365.054882442578673 ], [ 635300.287601053947583, 7181391.030238047242165 ], [ 635339.770157709135674, 7181422.20066774263978 ], [ 635369.901582360151224, 7181445.058982638642192 ], [ 635384.44779154076241, 7181479.346460459753871 ], [ 635376.135680754785426, 7181508.43886957410723 ], [ 635352.238353189313784, 7181541.687339706346393 ], [ 635329.380040123243816, 7181574.935809653252363 ], [ 635314.833841391839087, 7181598.833147089928389 ], [ 635308.599758484982885, 7181621.691468488425016 ], [ 635308.599763148464262, 7181647.666832447052002 ], [ 635309.638781567453407, 7181669.486137989908457 ], [ 635309.638784740120173, 7181687.14938548207283 ], [ 635295.09258376667276, 7181698.578548222780228 ], [ 635280.546381112071685, 7181700.656579935923219 ], [ 635263.922148150159046, 7181695.461510110646486 ], [ 635244.180870561627671, 7181684.032353489659727 ], [ 635217.166490902891383, 7181669.486154491081834 ], [ 635201.58127169799991, 7181660.13502624630928 ], [ 635171.449850025353953, 7181653.900944270193577 ], [ 635142.357443974004127, 7181653.900949457660317 ], [ 635117.421097979182377, 7181665.330114047043025 ], [ 635110.147999446606264, 7181681.954348277300596 ], [ 635095.601799215190113, 7181697.539569249376655 ], [ 635078.977569047012366, 7181707.929717797785997 ], [ 635050.924180474597961, 7181724.553955731913447 ], [ 635012.480645206291229, 7181731.827064491808414 ], [ 634970.920065314043313, 7181732.866086449474096 ], [ 634921.047369220876135, 7181732.866095329634845 ], [ 634870.135658253799193, 7181730.788075275719166 ], [ 634847.277339210617356, 7181730.788079341873527 ], [ 634825.458035041345283, 7181732.866112342104316 ], [ 634749.60997807176318, 7181742.21725685801357 ], [ 634721.556587261380628, 7181746.373320078477263 ], [ 634689.34713900112547, 7181753.64642771333456 ], [ 634667.527836687862873, 7181766.114606292918324 ], [ 634658.176709141000174, 7181782.738840892910957 ], [ 634649.864600551547483, 7181824.299424714408815 ], [ 634643.630522265098989, 7181873.133110078051686 ], [ 634643.630532103939913, 7181928.200881693512201 ], [ 634643.6305400863057, 7181972.878507722169161 ], [ 634661.29379553720355, 7182022.751203410327435 ], [ 634689.347196015529335, 7182072.623897256329656 ], [ 634724.673703771084547, 7182154.706041142344475 ], [ 634746.49301538511645, 7182194.188590513542295 ], [ 634773.507395611493848, 7182211.851833214983344 ], [ 634800.521773980581202, 7182219.124930324964225 ], [ 634878.447865208960138, 7182238.866193087771535 ], [ 634914.813373918877915, 7182245.100273970514536 ], [ 634947.022825917927548, 7182258.607457506470382 ], [ 634977.154250033549033, 7182278.348728768527508 ], [ 634989.622429090784863, 7182306.402119647711515 ], [ 634991.700464052148163, 7182339.650585176423192 ], [ 634988.583426871453412, 7182374.977080753073096 ], [ 634983.388361243181862, 7182413.42062037717551 ], [ 634983.388367944047786, 7182450.82514451816678 ], [ 634995.337041613878682, 7182489.268681094050407 ], [ 635004.688174002454616, 7182499.658825025893748 ], [ 635013.000292259966955, 7182512.126998258754611 ], [ 635022.351424462511204, 7182521.478127629496157 ], [ 635035.858613560674712, 7182524.595168902538717 ], [ 635067.029048651107587, 7182524.595163349062204 ], [ 635108.589627841021866, 7182519.4000831451267 ], [ 635158.462321752216667, 7182506.931899536401033 ], [ 635195.866842554765753, 7182499.658790949732065 ], [ 635215.608116434654221, 7182490.307656390592456 ], [ 635241.583475653431378, 7182471.605389683507383 ], [ 635264.441790988203138, 7182450.825094414874911 ], [ 635291.456161722773686, 7182415.498594569042325 ], [ 635325.743634906713851, 7182385.367166224867105 ], [ 635360.03110995516181, 7182365.625883473083377 ], [ 635379.772383642150089, 7182355.235734352841973 ], [ 635405.747744531836361, 7182345.884598678909242 ], [ 635423.410991079290397, 7182345.884595520794392 ], [ 635447.308327632257715, 7182362.50882420130074 ], [ 635468.088620116468519, 7182376.016009760089219 ], [ 635486.790883222944103, 7182387.445166571065784 ], [ 635523.15639100887347, 7182388.484174630604684 ], [ 635568.873029134701937, 7182388.484166453592479 ], [ 635609.394592688651755, 7182377.054999051615596 ], [ 635643.68206941196695, 7182366.664847323670983 ], [ 635666.540386229520664, 7182354.196668518707156 ], [ 635700.827862764825113, 7182342.767502227798104 ], [ 635738.232384490664117, 7182340.689466409385204 ], [ 635798.49522396735847, 7182331.338324582204223 ], [ 635826.548612732789479, 7182315.753101164475083 ], [ 635852.523973616887815, 7182306.401965476572514 ], [ 635883.694406451308168, 7182293.933785175904632 ], [ 635907.591739638708532, 7182291.85575177334249 ], [ 635949.152318997308612, 7182287.699686082080007 ], [ 635979.283739576698281, 7182287.699680676683784 ], [ 636007.337131713749841, 7182290.816719320602715 ], [ 636029.156439645215869, 7182309.518977476283908 ], [ 636033.312502158572897, 7182334.455326152965426 ], [ 636025.000391574576497, 7182364.58674986846745 ], [ 636005.259122021845542, 7182397.835219311527908 ], [ 635989.673910665558651, 7182432.122702572494745 ], [ 635982.400815895409323, 7182469.527228018268943 ], [ 635969.932648233720101, 7182504.853725280612707 ], [ 635943.95728884509299, 7182522.516977453604341 ], [ 635914.864884633221664, 7182532.907128267921507 ], [ 635886.811496235663071, 7182550.570380814373493 ], [ 635859.797123839030974, 7182576.545749647542834 ], [ 635830.704721871181391, 7182599.404075175523758 ], [ 635806.807391481823288, 7182617.067326975986362 ], [ 635792.26119236915838, 7182638.886635335162282 ], [ 635775.636964999255724, 7182664.862002308480442 ], [ 635762.129785815952346, 7182716.81273272074759 ], [ 635762.129788997466676, 7182734.475980238988996 ], [ 635770.441914197173901, 7182785.38769219070673 ], [ 635770.441918876953423, 7182811.363056188449264 ], [ 635763.168822593055665, 7182840.45546517521143 ], [ 635761.090798452729359, 7182867.469844110310078 ], [ 635753.817701982799917, 7182895.523238535970449 ], [ 635734.076430345419794, 7182917.34254783578217 ], [ 635713.296142331557348, 7182928.771711718291044 ], [ 635693.554867511382326, 7182932.927773492410779 ], [ 635655.111330878105946, 7182932.927780374884605 ], [ 635642.643157020909712, 7182933.966797167435288 ], [ 635635.37005736597348, 7182944.356944070197642 ], [ 635622.901883135782555, 7182943.317931739613414 ], [ 635600.043561439146288, 7182928.771731989458203 ], [ 635583.419326577102765, 7182913.186516558751464 ], [ 635568.873122966033407, 7182910.069475479424 ], [ 635553.287905973265879, 7182913.186521947383881 ], [ 635539.780717426445335, 7182913.186524362303317 ], [ 635534.585645657032728, 7182917.342583533376455 ], [ 635530.42958932404872, 7182926.693715317174792 ], [ 635540.819737910293043, 7182946.434990102425218 ], [ 635575.107221576501615, 7182974.488377096131444 ], [ 635602.121600915212184, 7182986.956546988338232 ], [ 635617.187310844892636, 7182984.878515172749758 ], [ 635623.421398989157751, 7182991.112601418048143 ], [ 635633.811545708915219, 7183000.463730601593852 ], [ 635637.967606528080069, 7183016.04894826374948 ], [ 635643.162680729525164, 7183025.400078376755118 ], [ 635666.021002806257457, 7183042.024307250976562 ], [ 635704.464544308721088, 7183069.03867894038558 ], [ 635723.166808745358139, 7183087.740937679074705 ], [ 635733.556956215994433, 7183101.2481251033023 ], [ 635737.713017412344925, 7183118.911371887661517 ], [ 635737.713020781287923, 7183137.61363397538662 ], [ 635726.283868162427098, 7183176.057174760848284 ], [ 635726.283873402746394, 7183205.149582457728684 ], [ 635720.049791056313552, 7183231.124947590753436 ], [ 635710.698662391747348, 7183241.515094868838787 ], [ 635700.308518286095932, 7183246.710169533267617 ], [ 635683.684286783100106, 7183249.827216193079948 ], [ 635657.708924929378554, 7183253.983279081992805 ], [ 635647.318780450499617, 7183257.100324623286724 ], [ 635635.889622588758357, 7183266.451457716524601 ], [ 635622.382437587948516, 7183286.19273678585887 ], [ 635615.109340173075907, 7183309.051058422774076 ], [ 635615.109343165066093, 7183325.675291392952204 ], [ 635623.940970002673566, 7183345.416566470637918 ], [ 635635.370132353156805, 7183361.001782835461199 ], [ 635654.072397731360979, 7183384.899114386178553 ], [ 635680.047762768343091, 7183398.406299030408263 ], [ 635704.984114050865173, 7183416.069542100653052 ], [ 635719.530320105142891, 7183432.693772470578551 ], [ 635742.388643690384924, 7183457.63011784106493 ], [ 635765.246963347075507, 7183460.74715742841363 ], [ 635796.417396605131216, 7183450.357006235979497 ], [ 635828.626844554208219, 7183441.005869415588677 ], [ 635855.641223351936787, 7183450.35699562355876 ], [ 635897.201809707097709, 7183484.644468683749437 ], [ 635914.865061902441084, 7183515.814902346581221 ], [ 635936.684372492833063, 7183549.063364388421178 ], [ 635956.425650326302275, 7183561.531535582616925 ], [ 635985.518057576846331, 7183567.765617728233337 ], [ 636013.571456885663792, 7183610.365209702402353 ], [ 636044.74189914856106, 7183649.847757434472442 ], [ 636066.561206560116261, 7183665.432971935719252 ], [ 636093.575586306862533, 7183679.979170946404338 ], [ 636124.746025198954158, 7183700.759456571191549 ], [ 636142.409277408849448, 7183731.929890239611268 ], [ 636145.526324488921091, 7183751.671166345477104 ], [ 636156.95548779622186, 7183772.45145552046597 ], [ 636171.501693866099231, 7183789.075685888528824 ], [ 636194.360013347817585, 7183791.153710905462503 ], [ 636220.335375967551954, 7183791.153706237673759 ], [ 636249.42778304067906, 7183796.348773816600442 ], [ 636268.13004656904377, 7183809.85595975164324 ], [ 636278.520194435608573, 7183825.441176306456327 ], [ 636301.898031130782329, 7183882.586972985416651 ], [ 636316.444240023847669, 7183914.796421779319644 ], [ 636325.795374703011476, 7183937.654740450903773 ], [ 636338.26355252310168, 7183958.435029441490769 ], [ 636354.887788173859008, 7183978.176303123123944 ], [ 636366.316951867192984, 7184001.034621424973011 ], [ 636376.70710255834274, 7184032.205056407488883 ], [ 636394.370354973943904, 7184064.414504645392299 ], [ 636413.072620393126272, 7184088.311836200766265 ], [ 636440.087000913568772, 7184107.014093452133238 ], [ 636487.881672105984762, 7184128.833390646614134 ], [ 636511.779009302612394, 7184148.574663018807769 ], [ 636534.637331806356087, 7184167.276921018026769 ], [ 636560.612699899473228, 7184197.408338636159897 ], [ 636584.510036912048236, 7184216.110596446320415 ], [ 636616.719489968148991, 7184234.812852758914232 ], [ 636653.085001237690449, 7184254.554122881963849 ], [ 636685.294453167472966, 7184267.022291819564998 ], [ 636735.686659886268899, 7184284.685530286282301 ], [ 636767.896110310801305, 7184288.841582726687193 ], [ 636816.729793199105188, 7184295.075661284849048 ], [ 636874.914604375837371, 7184288.841563411056995 ], [ 636927.904341323301196, 7184273.256335407495499 ], [ 637004.791413026861846, 7184263.905190459452569 ], [ 637032.84480429708492, 7184261.827156262472272 ], [ 637079.600453640101478, 7184243.124885693192482 ], [ 637104.53680101421196, 7184238.968822933733463 ], [ 637132.590192282572389, 7184236.890788735821843 ], [ 637150.25343868532218, 7184235.851770978420973 ], [ 637177.267815637169406, 7184234.812751527875662 ], [ 637197.00909123942256, 7184234.812747955322266 ], [ 637222.984453874640167, 7184234.812743253074586 ], [ 637242.72572928853333, 7184233.773725118488073 ], [ 637269.740108888363466, 7184247.28090953361243 ], [ 637292.417144000064582, 7184270.05284396931529 ], [ 637342.016090863151476, 7184258.580887708812952 ], [ 637464.858738284674473, 7184227.441827141679823 ], [ 637489.04413539567031, 7184234.230648096650839 ], [ 637520.17888098815456, 7184224.261139194481075 ], [ 637548.589621767867357, 7184193.00931120570749 ], [ 637583.335502666770481, 7184175.298516508191824 ], [ 637625.298632598947734, 7184167.439624056220055 ], [ 637642.345079450169578, 7184161.757471356540918 ], [ 637659.391521629644558, 7184130.505645429715514 ], [ 637679.279040013905615, 7184107.777043396607041 ], [ 637707.689778705476783, 7184065.16091619618237 ], [ 637730.418368099723011, 7184022.544790027663112 ], [ 637731.229809157899581, 7183978.5579350059852 ], [ 637720.239288787008263, 7183947.729865017347038 ], [ 637700.29302995163016, 7183915.997191623784602 ], [ 637678.533477211021818, 7183894.237645622342825 ], [ 637653.147332511958666, 7183869.758156538009644 ], [ 637631.387780104065314, 7183849.811906367540359 ], [ 637634.107720222324133, 7183830.772299667820334 ], [ 637646.80078934179619, 7183825.332409874536097 ], [ 637671.280281866434962, 7183826.239053345285356 ], [ 637700.29301438073162, 7183830.772287646308541 ], [ 637733.838986552553251, 7183837.118816954083741 ], [ 637777.358086567372084, 7183850.7185277659446 ], [ 637808.18411564163398, 7183859.785001309588552 ], [ 637845.356680769007653, 7183874.29136118479073 ], [ 637877.089357876800932, 7183884.264482473954558 ], [ 637942.782091174973175, 7183922.171230901032686 ], [ 637987.700408558826894, 7183945.009872632101178 ], [ 638055.699004436377436, 7183977.649185181595385 ], [ 638126.185209618066438, 7184057.960033800452948 ], [ 638177.326463980716653, 7184096.756834855303168 ], [ 638260.210568267619237, 7184172.586949116550386 ], [ 638304.297858801437542, 7184218.437716976739466 ], [ 638369.547041521873325, 7184246.653567168861628 ], [ 638409.448048650403507, 7184294.155928771942854 ], [ 638434.796232022810727, 7184317.193210501223803 ], [ 638473.593044182052836, 7184338.355099990963936 ], [ 638510.128604885772802, 7184352.886231761425734 ], [ 638565.294599116314203, 7184382.442367769777775 ], [ 638602.327919026138261, 7184398.313783431425691 ], [ 638628.198031450621784, 7184428.818323234096169 ], [ 638642.403408353799023, 7184448.705844263546169 ], [ 638667.577112156432122, 7184482.961357811465859 ], [ 638746.934223900316283, 7184504.123239872045815 ], [ 638840.399266257649288, 7184527.048610722646117 ], [ 639039.807455912115984, 7184606.018082804977894 ], [ 639152.27632003382314, 7184568.528436444699764 ], [ 639290.987920026760548, 7184527.289822675287724 ], [ 639408.443299745209515, 7184522.491754704155028 ], [ 639474.54048819327727, 7184528.289741756394506 ], [ 639594.653867646935396, 7184504.795991385355592 ], [ 639654.637263445998542, 7184493.549092618748546 ], [ 639737.114436227362603, 7184497.298039993271232 ], [ 639755.859253626316786, 7184527.289737114682794 ], [ 639779.515238323132508, 7184573.514079410582781 ], [ 639809.664842460188083, 7184626.855666575953364 ], [ 639887.072960852645338, 7184658.503402951173484 ], [ 639973.299098807154223, 7184677.24819989874959 ], [ 640082.01901306619402, 7184707.23988040164113 ], [ 640123.257609577151015, 7184763.474311377853155 ], [ 640142.002429089508951, 7184804.712896222248673 ], [ 640194.487909231102094, 7184842.202512254007161 ], [ 640265.718198433984071, 7184864.69627452082932 ], [ 640336.948483454063535, 7184864.696261338889599 ], [ 640411.92772665200755, 7184842.202472012490034 ], [ 640505.651782391127199, 7184823.457641776651144 ], [ 640580.631030475720763, 7184827.206590450368822 ], [ 640629.367543373606168, 7184838.453469131141901 ], [ 640659.359242329141125, 7184838.453463568352163 ], [ 640668.50199112133123, 7184820.430522015318274 ], [ 640674.785995016107336, 7184800.435950039885938 ], [ 640687.925282514072023, 7184794.151939634233713 ], [ 640697.636930448934436, 7184793.009390929713845 ], [ 640716.488954285392538, 7184798.150848496705294 ], [ 640731.257066934253089, 7184797.874607983976603 ], [ 640745.585368421976455, 7184793.465896680951118 ], [ 640801.819801857811399, 7184782.218998515978456 ], [ 640869.301124500110745, 7184782.218985981307924 ], [ 640944.280376789043657, 7184808.461710058152676 ], [ 641006.147132324753329, 7184810.620386658236384 ], [ 641030.982319437433034, 7184800.460599739104509 ], [ 641098.715821736492217, 7184772.751609759405255 ], [ 641112.983669363311492, 7184733.482427205890417 ], [ 641135.477430939790793, 7184666.00109670124948 ], [ 641169.218072593677789, 7184561.03013838455081 ], [ 641195.460802146815695, 7184523.540507772937417 ], [ 641221.703530292259529, 7184478.552952021360397 ], [ 641236.699372736504301, 7184441.063323508948088 ], [ 641259.193142725504003, 7184418.569543888792396 ], [ 641326.674465334857814, 7184418.569531310349703 ], [ 641394.155780209111981, 7184377.330930437892675 ], [ 641439.143322282354347, 7184343.590258901938796 ], [ 641464.083334820345044, 7184319.479886002838612 ], [ 641485.289115908322856, 7184306.913491168059409 ], [ 641503.353301217081025, 7184303.771890079602599 ], [ 641519.846688046702184, 7184302.201088138855994 ] ] ] ] } }
]
}
