{
"type": "FeatureCollection",
"name": "rio_passauna",
"crs": { "type": "name", "properties": { "name": "urn:ogc:def:crs:EPSG::31982" } },
"features": [
{ "type": "Feature", "properties": { "AREA": 216683292.29947999, "PERIMETER": 109979.23984, "BACIAS1_": 11, "BACIAS1_ID": 0, "NOME_BACIA": "RIO PASSAUNA", "SUB_AREA": 216.68, "SUBCODIGO": 10, "BACCODIGO": 2, "SUBNOME": "RIO PASSAUNA", "SUBBAC_DAT": "2002-01-03", "SUBBAC_POP": 71171, "SUBBAC_P_1": 68294, "SUBBAC_DEN": 315.18, "SUBBAC_D_1": 328.46 }, "geometry": { "type": "MultiPolygon", "coordinates": [ [ [ [ 658301.163508013356477, 7194944.837523592635989 ], [ 658307.852789837284945, 7194949.615580188110471 ], [ 658344.772401980124414, 7194954.538187567144632 ], [ 658376.769400860765018, 7194966.844718597829342 ], [ 658418.611631439067423, 7194988.996477744542062 ], [ 658462.915169426589273, 7195011.148236372508109 ], [ 658499.834786230465397, 7195038.222611628472805 ], [ 658534.293093557702377, 7195055.451757224276662 ], [ 658568.751401922898367, 7195077.60351790767163 ], [ 658613.054938883986324, 7195094.832661444321275 ], [ 658647.513243630062789, 7195099.755269325338304 ], [ 658709.045925199985504, 7195082.526103656738997 ], [ 658748.426842688233592, 7195077.603480331599712 ], [ 658802.575607213540934, 7195084.98739162646234 ], [ 658846.879142107442021, 7195092.371304980479181 ], [ 658871.492217742023058, 7195099.755222452804446 ], [ 658913.334449897985905, 7195129.290904203429818 ], [ 658950.254066722700372, 7195156.365279441699386 ], [ 658987.173681994434446, 7195176.055732049047947 ], [ 659031.47721689438913, 7195183.439645391888916 ], [ 659080.703365577501245, 7195185.900942614302039 ], [ 659110.239054993493482, 7195188.362243964336812 ], [ 659142.236055973568, 7195210.5140051394701 ], [ 659169.310442657093517, 7195235.127074893563986 ], [ 659196.993049709941261, 7195254.553208872675896 ], [ 659220.878532910952345, 7195259.981722807511687 ], [ 659244.764015883207321, 7195264.324532951228321 ], [ 659269.735205107135698, 7195280.610084550455213 ], [ 659292.534988020081073, 7195302.324155548587441 ], [ 659306.649139717803337, 7195317.524005636572838 ], [ 659322.934697960037738, 7195328.38104011118412 ], [ 659344.64877393306233, 7195334.895258287899196 ], [ 659375.048478370648809, 7195334.895251901820302 ], [ 659413.048108457704075, 7195332.723836337216198 ], [ 659440.190701934043318, 7195333.80953442491591 ], [ 659449.962039863807149, 7195354.437904370948672 ], [ 659444.533527869964018, 7195385.92331540491432 ], [ 659445.61923642095644, 7195408.723094756715 ], [ 659456.476276016212068, 7195419.580130370333791 ], [ 659460.819094149512239, 7195434.779982510954142 ], [ 659453.21917148178909, 7195451.065540951676667 ], [ 659431.50509917573072, 7195461.922583408653736 ], [ 659389.894111167406663, 7195486.81014734134078 ], [ 659315.764095770078711, 7195509.050170158967376 ], [ 659289.727707780431956, 7195533.15256114397198 ], [ 659278.758401342201978, 7195570.279475346207619 ], [ 659286.114114867290482, 7195637.540218273177743 ], [ 659310.824127311469056, 7195664.720221951603889 ], [ 659344.160333602689207, 7195673.498133771121502 ], [ 659384.232603667420335, 7195696.004677603021264 ], [ 659412.134167855372652, 7195726.500220822170377 ], [ 659417.984356502769515, 7195774.477461595088243 ], [ 659412.134196056751534, 7195859.930264362134039 ], [ 659424.484206723747775, 7195894.53027306124568 ], [ 659444.2542152259266, 7195909.350273746997118 ], [ 659464.024220074294135, 7195906.880268784239888 ], [ 659530.734237149357796, 7195901.940253147855401 ], [ 659570.274249980226159, 7195911.820248057134449 ], [ 659609.814268565969542, 7195948.890251843258739 ], [ 659655.934136189869605, 7195959.268177689984441 ], [ 659705.717945565353148, 7195951.674026138149202 ], [ 659753.814170450554229, 7195955.049189822748303 ], [ 659796.003844171063974, 7195971.081256540492177 ], [ 659841.568698494695127, 7196020.021267207339406 ], [ 659881.62437227065675, 7196089.740240616723895 ], [ 659935.984397529624403, 7196139.16024530865252 ], [ 659990.3444233185146, 7196191.050250807777047 ], [ 660024.934457365889102, 7196307.180281480774283 ], [ 660064.47448595741298, 7196391.200300619006157 ], [ 660086.714504073373973, 7196448.030314519070089 ], [ 660086.71451456239447, 7196497.450330689549446 ], [ 660071.884523106738925, 7196556.75035322830081 ], [ 660042.234524988336489, 7196603.700374852865934 ], [ 660000.224525594385341, 7196660.540402325801551 ], [ 659982.934528741519898, 7196697.600418109446764 ], [ 660002.694548805360682, 7196766.790436608716846 ], [ 660010.114561837748624, 7196818.680452046915889 ], [ 660017.524574867100455, 7196870.570467490702868 ], [ 660019.104180367663503, 7196906.182769383303821 ], [ 660040.84668041835539, 7196924.301512631587684 ], [ 660095.202925038407557, 7196943.628165518864989 ], [ 660155.904635192244314, 7196976.820473127998412 ], [ 660171.30167895113118, 7197024.558556454256177 ], [ 660158.014605883159675, 7197062.003971453756094 ], [ 660148.351279619615525, 7197087.370220463722944 ], [ 660177.341279700165614, 7197111.52854479663074 ], [ 660242.38468925235793, 7197120.140501879155636 ], [ 660281.924701630836353, 7197127.550495957955718 ], [ 660343.69472166383639, 7197142.380487773567438 ], [ 660405.474743801401928, 7197167.090482823550701 ], [ 660455.162079543806612, 7197181.587644403800368 ], [ 660481.736238757730462, 7197168.300557035952806 ], [ 660493.815397410071455, 7197140.518474463373423 ], [ 660482.944139537750743, 7197094.617648907005787 ], [ 660482.9441331140697, 7197064.419735843315721 ], [ 660517.973707773024216, 7197052.340563209727407 ], [ 660567.624769770423882, 7197059.959376009181142 ], [ 660650.344374521635473, 7197079.422795002348721 ], [ 660754.960351402522065, 7197132.947223236784339 ], [ 660781.722580316709355, 7197157.276513200253248 ], [ 660825.544854925712571, 7197149.790388225577772 ], [ 660873.413798733032309, 7197125.696547800675035 ], [ 660939.803721946431324, 7197091.098962359130383 ], [ 660990.297471973462962, 7197091.098951648920774 ], [ 661057.814909436041489, 7197107.790325175970793 ], [ 661097.830461736302823, 7197107.930179757066071 ], [ 661163.285324482712895, 7197115.410721829161048 ], [ 661223.37495836999733, 7197125.080295687541366 ], [ 661277.734976394800469, 7197139.910289002582431 ], [ 661356.80500117666088, 7197154.740277055650949 ], [ 661445.765031307470053, 7197181.92026705481112 ], [ 661522.365057007176802, 7197204.160258051007986 ], [ 661628.615101935807616, 7197278.290259761735797 ], [ 661682.223326523788273, 7197299.619302218779922 ], [ 661743.028414381435141, 7197274.017143286764622 ], [ 661792.632560554193333, 7197232.413645509630442 ], [ 661843.595143550541252, 7197198.230187654495239 ], [ 661891.035154821816832, 7197190.320174939930439 ], [ 661911.042467487743124, 7197178.009060069918633 ], [ 661944.645275012822822, 7197144.406236317008734 ], [ 661973.447676649549976, 7197093.201938238926232 ], [ 662018.251423100125976, 7197062.799380339682102 ], [ 662061.455044104717672, 7197072.4001758499071 ], [ 662106.505190781084821, 7197083.570093903690577 ], [ 662157.905203975504264, 7197079.620081625878811 ], [ 662238.955222716671415, 7197063.800059109926224 ], [ 662296.674751373939216, 7197091.601735046133399 ], [ 662343.078638045233674, 7197090.001590995118022 ], [ 662436.635278425412253, 7197071.710019410587847 ], [ 662523.615302188554779, 7197071.710000783205032 ], [ 662578.96531944104936, 7197081.589992169290781 ], [ 662665.935345759382471, 7197093.449977418407798 ], [ 662713.385361710097641, 7197107.289971785619855 ], [ 662820.125394718023017, 7197125.079954725690186 ], [ 662895.24542037025094, 7197148.809946390800178 ], [ 662992.11545026267413, 7197164.61993077583611 ], [ 663063.579513711389154, 7197208.809263506904244 ], [ 663116.645500545040704, 7197239.739928673952818 ], [ 663130.4855094589293, 7197263.459933485835791 ], [ 663144.37635298888199, 7197292.240750908851624 ], [ 663128.568284775246866, 7197317.709318922832608 ], [ 663057.431961760739796, 7197358.107747053727508 ], [ 662969.609336229739711, 7197387.089236002415419 ], [ 662895.245480133453384, 7197425.560037266463041 ], [ 662828.03546301915776, 7197431.490053640678525 ], [ 662762.805444740690291, 7197429.510066984221339 ], [ 662715.355435591540299, 7197447.300083007663488 ], [ 662711.405440053087659, 7197473.00009229965508 ], [ 662743.03545724239666, 7197512.54009850975126 ], [ 662766.755469280062243, 7197538.230101866647601 ], [ 662792.45548442308791, 7197575.790108701214194 ], [ 662850.17061026324518, 7197633.8708705753088 ], [ 662891.295534116798081, 7197680.560121939517558 ], [ 662924.895555278169923, 7197735.910132932476699 ], [ 662974.315575657063164, 7197767.540132723748684 ], [ 663023.735597321065143, 7197805.100134467706084 ], [ 663035.605605277232826, 7197826.850139075890183 ], [ 663108.745630033779889, 7197848.590130511671305 ], [ 663158.165653422125615, 7197894.0601348541677 ], [ 663201.655679890885949, 7197961.270147629082203 ], [ 663265.421462298952974, 7198021.011021072044969 ], [ 663312.203828047262505, 7198051.562757423147559 ], [ 663356.121967108687386, 7198079.250268161296844 ], [ 663370.443102832417935, 7198104.073559044860303 ], [ 663394.311657342594117, 7198122.213653342798352 ], [ 663430.053559980005957, 7198099.788927728310227 ], [ 663454.460395912989043, 7198081.159731136634946 ], [ 663470.958231394179165, 7198061.952088200487196 ], [ 663491.41056942474097, 7198053.771147424355149 ], [ 663512.699654776602983, 7198060.155392924323678 ], [ 663521.066471894620918, 7198098.766291074454784 ], [ 663522.273055598372594, 7198123.300052646547556 ], [ 663524.134336389251985, 7198161.145930250175297 ], [ 663544.58668262581341, 7198190.801820190623403 ], [ 663573.803173656458966, 7198195.728754503652453 ], [ 663605.309657115139998, 7198180.452874501235783 ], [ 663631.087688224972226, 7198164.2222536560148 ], [ 663651.137266985489987, 7198147.036891965195537 ], [ 663691.236427614465356, 7198126.987299729138613 ], [ 663759.10586546594277, 7198111.510077016428113 ], [ 663802.595878695137799, 7198117.440069583244622 ], [ 663844.115896537201479, 7198147.090070389211178 ], [ 663871.785916158929467, 7198202.440082657150924 ], [ 663919.225941646960564, 7198259.760091306641698 ], [ 663946.905959564843215, 7198307.210100973024964 ], [ 663984.465985787799582, 7198380.350116977468133 ], [ 663994.345996669726446, 7198417.91012723185122 ], [ 663998.306005923310295, 7198455.470138769596815 ], [ 663994.346014716546051, 7198500.93015462718904 ], [ 663996.326029444346204, 7198566.170175729319453 ], [ 664010.166042276890948, 7198607.680186444893479 ], [ 664035.856053647003137, 7198627.450187416747212 ], [ 664097.146076109725982, 7198653.150182651355863 ], [ 664136.676086992723867, 7198653.15017410274595 ], [ 664206.497963933972642, 7198646.299724644050002 ], [ 664247.607348036952317, 7198659.006252495571971 ], [ 664269.283211625530384, 7198695.630971370264888 ], [ 664284.97952704958152, 7198724.033814821392298 ], [ 664287.969304469530471, 7198743.467340966686606 ], [ 664270.030668267048895, 7198756.921324936673045 ], [ 664225.636137733934447, 7198773.730194684118032 ], [ 664201.916133780847304, 7198785.590203735977411 ], [ 664110.976116898586042, 7198823.150235818699002 ], [ 664068.220998522476293, 7198851.099229212850332 ], [ 664004.236106825410388, 7198912.110288295894861 ], [ 663948.63009922998026, 7198981.154395928606391 ], [ 663873.766097483225167, 7199034.670357004739344 ], [ 663830.276095789391547, 7199082.110382088460028 ], [ 663791.481751714949496, 7199109.678919434547424 ], [ 663767.471221448970027, 7199140.965383712202311 ], [ 663756.557349180453457, 7199178.800173819065094 ], [ 663760.195313130388968, 7199196.262382762506604 ], [ 663776.929931766586378, 7199204.993484016507864 ], [ 663806.556115429615602, 7199202.700427105650306 ], [ 663823.495825617224909, 7199222.455683695152402 ], [ 663836.206133486353792, 7199248.160435754805803 ], [ 663875.736153419595212, 7199289.680440962314606 ], [ 663903.416168793221004, 7199325.260446764528751 ], [ 663925.156185535946861, 7199374.680458433926105 ], [ 663931.086191470501944, 7199394.450463701039553 ], [ 663980.506216294132173, 7199445.840470047667623 ], [ 664010.166227069566958, 7199457.700467566028237 ], [ 664031.90623651817441, 7199473.520468110218644 ], [ 664075.396251977188513, 7199489.330463946796954 ], [ 664138.65627462498378, 7199513.050458125770092 ], [ 664194.006300252745859, 7199560.500461877323687 ], [ 664259.236334214452654, 7199633.640472006984055 ], [ 664306.686362407635897, 7199702.830484677106142 ], [ 664314.586376649327576, 7199758.180501325055957 ], [ 664328.197558217449114, 7199818.684593133628368 ], [ 664351.133763350895606, 7199833.210850211791694 ], [ 664415.355130368843675, 7199840.09169727191329 ], [ 664439.05587007291615, 7199829.388130627572536 ], [ 664447.465807962464169, 7199816.390946977771819 ], [ 664455.875744518707506, 7199797.277442462742329 ], [ 664458.933900780975819, 7199778.928479216061532 ], [ 664463.521138674812391, 7199767.460376607254148 ], [ 664489.51550024037715, 7199764.402210542932153 ], [ 664579.476456434698775, 7199787.830453760921955 ], [ 664656.57647863891907, 7199791.780438346788287 ], [ 664749.486506086308509, 7199799.690420806407928 ], [ 664854.25653811567463, 7199813.530402647331357 ], [ 664909.606560352956876, 7199845.160401117056608 ], [ 664972.866585217649117, 7199878.760398518294096 ], [ 665051.936617494327947, 7199926.200397069565952 ], [ 665188.336669128271751, 7199989.460388397797942 ], [ 665204.146676107076928, 7200001.32038889080286 ], [ 665279.266704286448658, 7200034.930383695289493 ], [ 665346.476726812776178, 7200052.720374964177608 ], [ 665435.436764472862706, 7200112.020375275053084 ], [ 665522.41680246789474, 7200175.280377325601876 ], [ 665615.326836045947857, 7200210.860368879511952 ], [ 665698.346864287741482, 7200234.590358644723892 ], [ 665818.936906864750199, 7200276.10034610517323 ], [ 665890.096929653547704, 7200289.940335153602064 ], [ 665935.566943575860932, 7200295.870327185839415 ], [ 666014.636970737949014, 7200319.590317778289318 ], [ 666103.586999341845512, 7200337.380304234102368 ], [ 666163.896135133225471, 7200372.732828006148338 ], [ 666189.402645696536638, 7200409.03053961135447 ], [ 666203.136920418473892, 7200427.669904892332852 ], [ 666211.966098275617696, 7200445.328251863829792 ], [ 666212.602190467063338, 7200450.958099129609764 ], [ 666267.634267031098716, 7200445.663695647381246 ], [ 666288.856688937172294, 7200434.345064028166234 ], [ 666300.175309046870098, 7200406.048494126647711 ], [ 666304.419789872365072, 7200387.655724372714758 ], [ 666304.419783323886804, 7200357.944328581914306 ], [ 666304.419775839662179, 7200323.988447679206729 ], [ 666325.642189320758916, 7200274.469450049102306 ], [ 666366.672196716535836, 7200215.046649483963847 ], [ 666422.557899309671484, 7200147.134875439107418 ], [ 666480.565846827346832, 7200090.541727896779776 ], [ 666520.181031530490145, 7200056.585838315077126 ], [ 666569.700008966960013, 7199998.57786426320672 ], [ 666616.389332310529426, 7199951.888517796993256 ], [ 666661.663827982614748, 7199908.028828377835453 ], [ 666695.619692307664081, 7199841.531887527555227 ], [ 666735.234872921719216, 7199789.183229137212038 ], [ 666781.924193115206435, 7199728.345598975196481 ], [ 666834.272831160924397, 7199688.730393113568425 ], [ 666872.473189725074917, 7199664.678302433341742 ], [ 666920.577347267768346, 7199644.870694678276777 ], [ 666980.000128952786326, 7199615.159285843372345 ], [ 667016.785660155699588, 7199595.351680574938655 ], [ 667089.649308410705999, 7199555.736470190808177 ], [ 667132.094148700125515, 7199517.536094868555665 ], [ 667167.464848153642379, 7199482.165377842262387 ], [ 667200.005890708067454, 7199445.379833072423935 ], [ 667280.651092660380527, 7199397.275650745257735 ], [ 667308.947651900234632, 7199367.564248757436872 ], [ 667331.584896403946914, 7199330.778706168755889 ], [ 667364.125940198660828, 7199299.65247487463057 ], [ 667402.326298726489767, 7199275.60038417764008 ], [ 667430.622857328387909, 7199243.059325449168682 ], [ 667470.238040059106424, 7199200.614465642720461 ], [ 667494.290115039912052, 7199173.732721328735352 ], [ 667519.757017681607977, 7199144.021319964900613 ], [ 667542.394264051341452, 7199115.724747594445944 ], [ 667553.712881895247847, 7199077.52437914069742 ], [ 667577.764956554397941, 7199049.227806460112333 ], [ 667598.987376516335644, 7199029.42020461615175 ], [ 667604.646682135295123, 7198995.4643225222826 ], [ 667608.183746260474436, 7198965.75292600505054 ], [ 667596.865112077095546, 7198930.382219295948744 ], [ 667575.642678291769698, 7198887.93737293407321 ], [ 667536.027478617033921, 7198853.981500844471157 ], [ 667504.901252144249156, 7198835.588738929480314 ], [ 667490.752962329308502, 7198804.462517955340445 ], [ 667473.775013736449182, 7198763.432499030604959 ], [ 667452.552585928700864, 7198747.869391666725278 ], [ 667405.86325078108348, 7198740.79526012763381 ], [ 667354.929428566247225, 7198723.817330949008465 ], [ 667330.877343867672607, 7198706.839395837858319 ], [ 667325.21802599914372, 7198685.61697156727314 ], [ 667340.781134680495597, 7198674.298341193236411 ], [ 667369.077699854853563, 7198671.468678217381239 ], [ 667421.426347215427086, 7198674.298323405906558 ], [ 667459.626711361925118, 7198675.713143344968557 ], [ 667497.827076764544472, 7198682.78727675229311 ], [ 667545.93123674497474, 7198674.298295926302671 ], [ 667568.568490641890094, 7198679.957604398950934 ], [ 667601.109536285977811, 7198657.32034332677722 ], [ 667671.850938210263848, 7198600.727192990481853 ], [ 667714.295779044972733, 7198565.35647442098707 ], [ 667756.740622394252568, 7198541.304382788948715 ], [ 667789.281669913092628, 7198527.15609191916883 ], [ 667843.0451430385001, 7198518.667109824717045 ], [ 667882.660332948551513, 7198508.763302488252521 ], [ 667918.031035469495691, 7198487.540869150310755 ], [ 667950.572076683747582, 7198445.096010926179588 ], [ 667961.890691660926677, 7198394.162187199108303 ], [ 668000.091046972782351, 7198355.961812826804817 ], [ 668021.313463752856478, 7198322.005927314050496 ], [ 668019.898625695030205, 7198278.146248247474432 ], [ 668003.628087447374128, 7198220.138288805261254 ], [ 667978.161169419647194, 7198180.523100167512894 ], [ 667931.471826428896748, 7198138.078259496949613 ], [ 667880.538000780390576, 7198105.537218331359327 ], [ 667839.507976620225236, 7198088.55928700696677 ], [ 667760.27758960518986, 7198075.82584922760725 ], [ 667696.610314714140259, 7198067.336893100291491 ], [ 667655.580291504971683, 7198054.603446865454316 ], [ 667610.30578091472853, 7198030.551374634727836 ], [ 667577.764721784507856, 7197992.351015927270055 ], [ 667570.690572797437198, 7197958.395136693492532 ], [ 667570.690564311807975, 7197920.194770800881088 ], [ 667564.323815013747662, 7197821.156786566600204 ], [ 667557.249664457980543, 7197780.126765510067344 ], [ 667545.931030294857919, 7197744.756058858707547 ], [ 667510.56030894711148, 7197681.088790199719369 ], [ 667445.47819795331452, 7197637.229125220328569 ], [ 667414.351970589719713, 7197614.591878235340118 ], [ 667393.129539676010609, 7197584.880487237125635 ], [ 667386.055389445042238, 7197545.265294557437301 ], [ 667391.714693806134164, 7197505.650099072605371 ], [ 667400.203650346491486, 7197446.227305847220123 ], [ 667412.937098656548187, 7197417.930735729634762 ], [ 667449.722627855604514, 7197389.634160302579403 ], [ 667482.263673447305337, 7197366.99689927790314 ], [ 667503.486091164289974, 7197337.285498921759427 ], [ 667504.19349713891279, 7197300.499961268156767 ], [ 667495.704515162506141, 7197245.321656903252006 ], [ 667473.067255025031045, 7197211.36578113771975 ], [ 667444.77068488241639, 7197191.558190273120999 ], [ 667416.474109714385122, 7197149.113345568068326 ], [ 667403.740649791667238, 7197125.061266174539924 ], [ 667386.76270500686951, 7197101.009187718853354 ], [ 667386.762698101229034, 7197069.882963692769408 ], [ 667395.251663427916355, 7197050.075364714488387 ], [ 667430.622360554756597, 7197004.800849240273237 ], [ 667492.874796071206219, 7196963.77081292681396 ], [ 667532.489981189835817, 7196932.644580162130296 ], [ 667562.201363899279386, 7196881.710752479732037 ], [ 667611.72034073038958, 7196822.287950240075588 ], [ 667672.557941014878452, 7196750.131690222769976 ], [ 667727.028819978469983, 7196704.857170531526208 ], [ 667760.984691300545819, 7196670.901282289996743 ], [ 667796.355392163619399, 7196642.604707185178995 ], [ 667858.607829832704738, 7196611.478469410911202 ], [ 667896.808189467177726, 7196593.085692228749394 ], [ 667947.74200241570361, 7196569.033598770387471 ], [ 668005.749955845298246, 7196540.737018652260303 ], [ 668043.950318622635677, 7196536.492525102570653 ], [ 668121.765872149495408, 7196526.588709317147732 ], [ 668174.114512426196598, 7196498.292130441404879 ], [ 668230.707630613585934, 7196438.869326623156667 ], [ 668275.982122823130339, 7196380.861353676766157 ], [ 668329.745588525896892, 7196339.831319211050868 ], [ 668394.827678930014372, 7196291.727140415459871 ], [ 668442.931837165961042, 7196276.164017743431032 ], [ 668481.132197085535154, 7196259.186068900860846 ], [ 668494.573056316003203, 7196216.741215020418167 ], [ 668490.328565454110503, 7196189.859477064572275 ], [ 668477.595104882493615, 7196162.977740992791951 ], [ 668459.20233337872196, 7196145.999804720282555 ], [ 668430.905764828901738, 7196133.26635573618114 ], [ 668396.949882506625727, 7196117.703251279890537 ], [ 668381.386767577612773, 7196100.725314376875758 ], [ 668353.090195556287654, 7196072.428753399290144 ], [ 668320.549133945256472, 7196022.909767920151353 ], [ 668296.497042681556195, 7195976.220437284559011 ], [ 668252.637354167876765, 7195923.87179759517312 ], [ 668231.414926107041538, 7195906.893861949443817 ], [ 668204.533185538835824, 7195892.745584284886718 ], [ 668162.088335414184257, 7195885.671451881527901 ], [ 668111.154514636611566, 7195874.352836268953979 ], [ 668061.635524665703997, 7195874.352847239002585 ], [ 668029.094471278018318, 7195861.6193991843611 ], [ 667995.138586455374025, 7195834.737667817622423 ], [ 667966.842018868774176, 7195826.24870390817523 ], [ 667951.278905847109854, 7195817.759737178683281 ], [ 667928.641646360978484, 7195786.633518217131495 ], [ 667924.397155521670356, 7195759.751780271530151 ], [ 667924.39714890695177, 7195730.040384666994214 ], [ 667927.226798861171119, 7195700.328988433815539 ], [ 667927.226794135756791, 7195679.106563001871109 ], [ 667905.296947222901508, 7195640.906202077865601 ], [ 667879.8300308593316, 7195608.365155389532447 ], [ 667868.511400176561438, 7195588.557560824789107 ], [ 667860.022423228714615, 7195556.016510376706719 ], [ 667860.022410949226469, 7195500.838204266503453 ], [ 667862.852059015305713, 7195462.637837872840464 ], [ 667865.681707396404818, 7195425.852299844846129 ], [ 667877.000327685382217, 7195398.97055846825242 ], [ 667881.244804979301989, 7195365.014676851220429 ], [ 667867.096516786026768, 7195340.962597836740315 ], [ 667851.533397478051484, 7195304.177063882350922 ], [ 667851.533390235621482, 7195271.636011570692062 ], [ 667860.02235553029459, 7195251.828412632457912 ], [ 667884.074431313783862, 7195229.191153530031443 ], [ 667902.467194591532461, 7195209.383552404120564 ], [ 667913.785815820447169, 7195186.746296118013561 ], [ 667915.20063528418541, 7195147.131101693026721 ], [ 667915.200627093901858, 7195110.345564305782318 ], [ 667916.61544687312562, 7195072.145198244601488 ], [ 667911.663539061439224, 7195032.530005233362317 ], [ 667898.930081991711631, 7195021.211381163448095 ], [ 667863.559370817849413, 7195002.818620300851762 ], [ 667815.455206039827317, 7194988.670347334817052 ], [ 667771.595526430173777, 7194975.936901787295938 ], [ 667716.417217722628266, 7194950.470003493130207 ], [ 667668.313044774578884, 7194899.536193143576384 ], [ 667630.112666667904705, 7194834.454096997156739 ], [ 667582.008491215878166, 7194772.201659764163196 ], [ 667582.008482413599268, 7194732.586465673521161 ], [ 667603.230896278982982, 7194685.897125096991658 ], [ 667640.016421563690528, 7194640.622609442099929 ], [ 667675.387124223285355, 7194620.815004585310817 ], [ 667710.757826880901121, 7194601.007399722933769 ], [ 667736.224730930523947, 7194578.370140332728624 ], [ 667739.054383404320106, 7194559.977371027693152 ], [ 667710.757814295240678, 7194544.4142653234303 ], [ 667666.898134712595493, 7194531.680819778703153 ], [ 667632.942254049819894, 7194523.191857123747468 ], [ 667631.527419163030572, 7194493.480461878702044 ], [ 667640.01638571289368, 7194479.332176404073834 ], [ 667658.409149606944993, 7194462.354232019744813 ], [ 667682.461229460081086, 7194458.109741626307368 ], [ 667738.346941256895661, 7194434.057647153735161 ], [ 667772.302813734277152, 7194405.761072451248765 ], [ 667799.184545742697082, 7194381.708984390832484 ], [ 667831.725588673260063, 7194347.75309656187892 ], [ 667865.681460512103513, 7194316.626865138299763 ], [ 667888.318710188614205, 7194303.893404892645776 ], [ 667915.200441244174726, 7194275.596831751056015 ], [ 667933.593205127632245, 7194258.61888736858964 ], [ 667998.675296006724238, 7194213.344365458004177 ], [ 668036.875655828625895, 7194196.366416685283184 ], [ 668084.97980889340397, 7194158.166040327399969 ], [ 668128.839479000656866, 7194128.454635065980256 ], [ 668152.891554424888454, 7194104.402547627687454 ], [ 668159.965691415476613, 7194084.594949033111334 ], [ 668158.5508571396349, 7194057.713210524991155 ], [ 668150.061880511580966, 7194026.586988506838679 ], [ 668137.328420616919175, 7194002.534909226000309 ], [ 668133.083930095890537, 7193977.067999705672264 ], [ 668133.083925994462334, 7193958.675231042318046 ], [ 668157.136001098202541, 7193933.208315251395106 ], [ 668174.113938262918964, 7193923.304512973874807 ], [ 668186.84738869254943, 7193904.911741486750543 ], [ 668189.677040836890228, 7193885.104143839329481 ], [ 668188.969619439099915, 7193852.563091745600104 ], [ 668205.947548083146103, 7193804.458923787809908 ], [ 668222.925476723932661, 7193756.354755833745003 ], [ 668234.244090977706946, 7193702.591275702230632 ], [ 668231.414426525705494, 7193667.220567371696234 ], [ 668241.318215967854485, 7193629.020199500024319 ], [ 668251.222006673226133, 7193596.479145064949989 ], [ 668262.540621553431265, 7193545.54532166197896 ], [ 668262.540609557880089, 7193491.781844056211412 ], [ 668262.540603875066154, 7193466.314933614805341 ], [ 668273.859222542261705, 7193432.359050513245165 ], [ 668302.155779306427576, 7193392.743850216269493 ], [ 668312.059570634970441, 7193363.032452506944537 ], [ 668312.059564005001448, 7193333.321056993678212 ], [ 668315.596627124701627, 7193299.365175625309348 ], [ 668325.50041529617738, 7193255.505494343116879 ], [ 668328.330061750486493, 7193210.230986276641488 ], [ 668326.91522715264, 7193181.93441944103688 ], [ 668308.522453832672909, 7193156.467513089999557 ], [ 668285.885197568801232, 7193139.489577824249864 ], [ 668270.322084280778654, 7193129.585782775655389 ], [ 668251.929313489235938, 7193115.437503283843398 ], [ 668242.025508586200885, 7193084.311281619593501 ], [ 668210.899275705800392, 7193036.207124380394816 ], [ 668176.943382481811568, 7192971.125027483329177 ], [ 668154.306124017690308, 7192944.24329371843487 ], [ 668126.009554961230606, 7192928.680188065394759 ], [ 668103.372298075235449, 7192908.872596085071564 ], [ 668083.564694596687332, 7192874.916719911620021 ], [ 668041.119838654180057, 7192840.96084875240922 ], [ 668008.578779723029584, 7192802.760490329936147 ], [ 667967.548752381117083, 7192770.219447214156389 ], [ 667929.348382860887796, 7192743.337716897018254 ], [ 667901.051812871126458, 7192723.530126169323921 ], [ 667879.829383018892258, 7192698.063220450654626 ], [ 667864.266264076926745, 7192662.692514983005822 ], [ 667857.192115123732947, 7192628.736635996028781 ], [ 667848.703135374584235, 7192583.462130470201373 ], [ 667829.602942590950988, 7192533.943142231553793 ], [ 667781.498768528108485, 7192477.350018629804254 ], [ 667727.735286078299396, 7192441.979321619495749 ], [ 667644.260416080709547, 7192434.905198292806745 ], [ 667574.933825408341363, 7192412.267959915101528 ], [ 667543.807591968216002, 7192361.334145980887115 ], [ 667529.659298812970519, 7192314.644813367165625 ], [ 667532.488941852585413, 7192253.807193445973098 ], [ 667550.881688089808449, 7192157.598861208185554 ], [ 667557.955814074259251, 7192088.272270232439041 ], [ 667549.466833405662328, 7192038.75327967479825 ], [ 667526.829572475748137, 7192000.552919083274901 ], [ 667467.406771307112649, 7191939.715312937274575 ], [ 667430.621226982795633, 7191898.685298763215542 ], [ 667391.006028306437656, 7191867.559083698317409 ], [ 667351.390833087032661, 7191851.99598053842783 ], [ 667308.945979432202876, 7191827.943907869979739 ], [ 667259.426987531362101, 7191818.040120307356119 ], [ 667192.222639658139087, 7191796.817709801718593 ], [ 667155.437098177731968, 7191768.521150817163289 ], [ 667121.481214197352529, 7191744.469076270237565 ], [ 667105.918099699309096, 7191728.905967796221375 ], [ 667098.84395266964566, 7191703.439058972522616 ], [ 667088.940144698135555, 7191658.164553811773658 ], [ 667087.525307016563602, 7191615.719703488051891 ], [ 667104.503237559460104, 7191576.104505827650428 ], [ 667121.481173116597347, 7191559.126561835408211 ], [ 667137.044281652430072, 7191547.807931570336223 ], [ 667158.266702980268747, 7191535.074471705593169 ], [ 667179.48912587610539, 7191529.415153610520065 ], [ 667209.200517491088249, 7191519.511348582804203 ], [ 667233.25259756622836, 7191516.681686571799219 ], [ 667251.645364535506815, 7191513.852025806903839 ], [ 667265.79364573280327, 7191506.777880916371942 ], [ 667283.478996051941067, 7191492.629593473859131 ], [ 667293.382788652554154, 7191468.577509269118309 ], [ 667301.87175140529871, 7191437.451283605769277 ], [ 667291.967947191791609, 7191409.154718708246946 ], [ 667274.990001595695503, 7191380.858155375346541 ], [ 667269.330680016661063, 7191342.657791065052152 ], [ 667269.330669345567003, 7191294.553627036511898 ], [ 667256.597209209925495, 7191269.086719476617873 ], [ 667232.545120355905965, 7191232.30118758417666 ], [ 667211.322692762245424, 7191216.738080371171236 ], [ 667171.707495699869469, 7191192.686007094569504 ], [ 667149.070241400389932, 7191184.197041961364448 ], [ 667140.581268294597976, 7191168.633931944146752 ], [ 667146.24057387188077, 7191134.678050210699439 ], [ 667160.388850986375473, 7191109.211136730387807 ], [ 667171.707465585554019, 7191056.862485161051154 ], [ 667170.292632604250684, 7191035.640060173347592 ], [ 667163.218487148056738, 7191017.247293140739202 ], [ 667153.314687022590078, 7191007.343496847897768 ], [ 667130.67743084859103, 7190990.365561598911881 ], [ 667112.28465981525369, 7190974.802453767508268 ], [ 667107.332756460295059, 7190954.994857914745808 ], [ 667097.428952887654305, 7190929.527949740178883 ], [ 667074.791693267412484, 7190896.986902605742216 ], [ 667050.739609450567514, 7190882.838624376803637 ], [ 667028.102352968067862, 7190864.445860771462321 ], [ 667009.709583506453782, 7190855.9568947032094 ], [ 666961.605420890031382, 7190850.29759188182652 ], [ 666919.160575133515522, 7190861.616228049620986 ], [ 666886.619525111978874, 7190863.031063562259078 ], [ 666859.737785059842281, 7190850.297614302486181 ], [ 666834.270872034365311, 7190831.904851315543056 ], [ 666822.952240822371095, 7190809.267600160092115 ], [ 666801.729810744756833, 7190782.385866123251617 ], [ 666757.87011793977581, 7190708.814801424741745 ], [ 666738.062517708283849, 7190689.007208842784166 ], [ 666716.840085760457441, 7190653.636504692956805 ], [ 666711.180765153025277, 7190619.680625477805734 ], [ 666708.351097028353252, 7190567.331977058202028 ], [ 666694.202809587819502, 7190546.109554883092642 ], [ 666665.906239400734194, 7190524.887135815806687 ], [ 666595.164813467417844, 7190469.708845619112253 ], [ 666573.942384971654974, 7190449.901253351941705 ], [ 666554.134783189045265, 7190423.019519010558724 ], [ 666537.156839518225752, 7190403.211925810202956 ], [ 666519.471474524703808, 7190350.863280665129423 ], [ 666508.152834580512717, 7190288.610835666768253 ], [ 666495.419372926349752, 7190256.069786369800568 ], [ 666494.00453184125945, 7190198.061824260279536 ], [ 666482.685893153073266, 7190141.468692678026855 ], [ 666450.144831604324281, 7190090.534879164770246 ], [ 666428.922397500020452, 7190045.260376580059528 ], [ 666421.848247387562878, 7190005.645184291526675 ], [ 666399.210984076140448, 7189956.12619696278125 ], [ 666369.499585020821542, 7189932.07412151247263 ], [ 666332.7140480321832, 7189923.585159473121166 ], [ 666280.365400971379131, 7189919.340685899369419 ], [ 666242.165035710437223, 7189910.851724166423082 ], [ 666213.868466495187022, 7189893.87379015609622 ], [ 666195.475691141560674, 7189858.503085410222411 ], [ 666178.497744686668739, 7189825.962037056684494 ], [ 666155.860479528200813, 7189767.954079629853368 ], [ 666148.78633348364383, 7189746.731655916199088 ], [ 666133.223220917861909, 7189739.657517571933568 ], [ 666126.14907736890018, 7189729.753720665350556 ], [ 666126.149074563989416, 7189717.020265507511795 ], [ 666136.052869047154672, 7189701.457151481881738 ], [ 666153.030804272042587, 7189683.064379202201962 ], [ 666182.034769527730532, 7189617.982268716208637 ], [ 666187.69407482421957, 7189582.611558713950217 ], [ 666180.619925350300036, 7189545.82602315209806 ], [ 666156.567838162533008, 7189516.114633062854409 ], [ 666116.952639662311412, 7189484.988418033346534 ], [ 666094.315381999476813, 7189460.936341036111116 ], [ 666078.752266011782922, 7189438.299090841785073 ], [ 666066.018804388353601, 7189405.758041575551033 ], [ 666044.796375001315027, 7189381.705964268185198 ], [ 666021.451700090314262, 7189343.505603925324976 ], [ 665981.83650160592515, 7189312.379388897679746 ], [ 665943.636135757551529, 7189301.060770457610488 ], [ 665912.509910026099533, 7189284.082837069407105 ], [ 665887.042993338778615, 7189248.712133891880512 ], [ 665874.309525190736167, 7189186.459689284674823 ], [ 665867.235372934723273, 7189136.940698593854904 ], [ 665858.746393652516417, 7189093.081021611578763 ], [ 665850.257412504288368, 7189040.732374534010887 ], [ 665819.131184607511386, 7189013.850642701610923 ], [ 665785.175294569111429, 7188961.502001198008657 ], [ 665707.35973246616777, 7188928.960966171696782 ], [ 665642.277627922361717, 7188910.568211849778891 ], [ 665587.099324391456321, 7188906.323738854378462 ], [ 665544.654474685201421, 7188899.249606376513839 ], [ 665512.113425678806379, 7188904.908926875330508 ], [ 665459.764785213395953, 7188930.375848585739732 ], [ 665434.297876010183245, 7188928.961025790311396 ], [ 665417.31993116135709, 7188903.494119210168719 ], [ 665415.90509606024716, 7188872.367895836010575 ], [ 665435.712683791411109, 7188835.582354435697198 ], [ 665459.764756335294805, 7188798.796812115237117 ], [ 665483.816829807590693, 7188766.255754839628935 ], [ 665503.624416910926811, 7188726.640556748025119 ], [ 665509.283725959714502, 7188708.247786978259683 ], [ 665510.698549882275984, 7188688.440189784392715 ], [ 665524.846826382912695, 7188660.143619720824063 ], [ 665557.387868233723566, 7188621.943247200921178 ], [ 665580.02511249249801, 7188585.157705193385482 ], [ 665589.928904798463918, 7188559.690792758017778 ], [ 665589.928900446975604, 7188539.88319587893784 ], [ 665588.514067514799535, 7188518.660770958289504 ], [ 665592.051131355110556, 7188487.53454652056098 ], [ 665607.614239539136179, 7188474.80108798481524 ], [ 665623.177349585108459, 7188470.556599544361234 ], [ 665651.473913450958207, 7188463.482451618649065 ], [ 665668.451851456891745, 7188457.823134516365826 ], [ 665685.429778269375674, 7188401.229996873065829 ], [ 665682.600114265456796, 7188367.274117135442793 ], [ 665682.600104314042255, 7188321.999609993770719 ], [ 665682.600093120825477, 7188271.065789463929832 ], [ 665681.185256765573286, 7188234.280252724885941 ], [ 665665.622138950391673, 7188203.154032472521067 ], [ 665652.88867985305842, 7188181.931610034778714 ], [ 665630.251420999295078, 7188152.220219675451517 ], [ 665624.592102322727442, 7188126.753310652449727 ], [ 665627.421754201175645, 7188105.530884817242622 ], [ 665644.399690645514056, 7188092.797425979748368 ], [ 665678.355565400561318, 7188075.819478390738368 ], [ 665705.237300356384367, 7188065.915674084797502 ], [ 665746.267316769110039, 7188050.352553291246295 ], [ 665804.275270242942497, 7188024.885630356147885 ], [ 665852.379426445928402, 7188002.248366274870932 ], [ 665880.675986554240808, 7187978.196278177201748 ], [ 665891.994606487220153, 7187949.89970875158906 ], [ 665910.38736185268499, 7187894.721399180591106 ], [ 665917.461494794348255, 7187856.521032257936895 ], [ 665931.609773754491471, 7187839.543088993057609 ], [ 665974.054618732072413, 7187825.394796235486865 ], [ 666000.936354922130704, 7187821.150305307470262 ], [ 666021.451353616081178, 7187770.216480320319533 ], [ 666051.162737926933914, 7187727.771623404696584 ], [ 666085.118605797644705, 7187679.667452169582248 ], [ 666133.222751680063084, 7187610.34085263684392 ], [ 666157.274826334556565, 7187583.459108779206872 ], [ 666175.667590715223923, 7187569.31082128174603 ], [ 666201.134496753802523, 7187556.577360581606627 ], [ 666228.016233869246207, 7187556.577354687266052 ], [ 666236.505204732296988, 7187562.236666212789714 ], [ 666250.653493666090071, 7187590.533230046741664 ], [ 666274.7055754911853, 7187596.192538158036768 ], [ 666290.268684892565943, 7187589.118393011391163 ], [ 666304.416965087992139, 7187577.799763135612011 ], [ 666329.883870189660229, 7187560.821817389689386 ], [ 666358.180435574031435, 7187560.821811182424426 ], [ 666386.47700127097778, 7187562.236633321270347 ], [ 666411.94390730606392, 7187549.503172611817718 ], [ 666431.751495890086517, 7187516.962116291746497 ], [ 666437.41080146888271, 7187483.006234733387828 ], [ 666468.537010579719208, 7187424.998265693895519 ], [ 666462.877692816779017, 7187403.775841740891337 ], [ 666424.677326432662085, 7187389.627566660754383 ], [ 666372.328676423523575, 7187371.234809645451605 ], [ 666329.883827109239064, 7187365.575505573302507 ], [ 666271.875868397532031, 7187366.990346640348434 ], [ 666219.527223384939134, 7187371.23484315816313 ], [ 666185.571344309370033, 7187368.405193906277418 ], [ 666164.348917157272808, 7187354.256915096193552 ], [ 666157.274772382574156, 7187338.693804836831987 ], [ 666115.537325670011342, 7187280.685851786285639 ], [ 666084.411098771146499, 7187258.048605068586767 ], [ 666054.699702635989524, 7187246.729984804987907 ], [ 666020.743819514871575, 7187225.507567051798105 ], [ 666003.765873125637881, 7187192.966518810018897 ], [ 665975.469297474366613, 7187146.277189586311579 ], [ 665911.802017609355971, 7187110.906494876369834 ], [ 665880.675788544816896, 7187078.365449733100832 ], [ 665855.208876601187512, 7187064.217171845957637 ], [ 665827.619724436430261, 7187059.972692843526602 ], [ 665780.930384739069268, 7187028.846479447558522 ], [ 665749.804158481652848, 7187009.038889413699508 ], [ 665724.337241255794652, 7186970.838529650121927 ], [ 665705.944460086175241, 7186908.586086466908455 ], [ 665673.403399971779436, 7186863.311586526222527 ], [ 665645.106829016003758, 7186837.844682493247092 ], [ 665628.128888870356604, 7186833.600201167166233 ], [ 665608.321293431217782, 7186835.015033836476505 ], [ 665578.609902914729901, 7186849.163323778659105 ], [ 665554.557829196797684, 7186880.289552628062665 ], [ 665519.187138341250829, 7186952.445805968716741 ], [ 665512.113003525300883, 7186982.157202769070864 ], [ 665502.209217453608289, 7187035.920682065188885 ], [ 665486.646111782640219, 7187059.972767336294055 ], [ 665462.59403743292205, 7187088.269339501857758 ], [ 665447.030925860395655, 7187085.439686205238104 ], [ 665421.564012371469289, 7187064.217266578227282 ], [ 665397.511930570937693, 7187058.557958442717791 ], [ 665363.55605306266807, 7187062.802450885996222 ], [ 665311.207409617723897, 7187074.121089066378772 ], [ 665271.592217796249315, 7187072.706269355490804 ], [ 665233.391850209911354, 7187052.898680840618908 ], [ 665205.095278024673462, 7187021.772463401779532 ], [ 665186.702503405977041, 7186989.231415458023548 ], [ 665162.650415717856959, 7186956.690368752926588 ], [ 665128.694533874629997, 7186941.127264347858727 ], [ 665072.101400983170606, 7186931.223478250205517 ], [ 665026.826896407175809, 7186931.223488107323647 ], [ 664982.967222885927185, 7186943.956952759996057 ], [ 664957.50031808600761, 7186962.349726792424917 ], [ 664915.055478709749877, 7187001.964929701760411 ], [ 664876.855121039669029, 7187027.431848229840398 ], [ 664847.143729264382273, 7187035.92082476336509 ], [ 664828.750966417603195, 7187057.143253948539495 ], [ 664814.602683116099797, 7187054.313600331544876 ], [ 664807.528539918363094, 7187045.824631795287132 ], [ 664804.69887812435627, 7187021.772550534456968 ], [ 664810.358186247758567, 7186999.135295775718987 ], [ 664813.187839071732014, 7186982.157355013303459 ], [ 664806.113693399704061, 7186962.349759712815285 ], [ 664784.183851224603131, 7186943.95699598826468 ], [ 664758.716941472142935, 7186939.712516486644745 ], [ 664726.175892234081402, 7186943.95700859092176 ], [ 664693.634845469845459, 7186959.520127460360527 ], [ 664658.264145876979455, 7186992.061187090352178 ], [ 664605.915504898643121, 7187014.698451986536384 ], [ 664576.204110957914963, 7187013.283630091696978 ], [ 664552.152026383322664, 7186994.890866817906499 ], [ 664515.366486161248758, 7186970.838792925700545 ], [ 664463.017838390311226, 7186962.349834209308028 ], [ 664424.817473917501047, 7186956.690529111772776 ], [ 664402.180215149070136, 7186926.979138765484095 ], [ 664402.18020805134438, 7186894.43808682076633 ], [ 664405.009858416393399, 7186866.141519300639629 ], [ 664403.595020891632885, 7186823.696669248864055 ], [ 664392.276388267986476, 7186793.985276453197002 ], [ 664376.713269918458536, 7186760.029399544000626 ], [ 664354.076012081932276, 7186734.562494236975908 ], [ 664322.949784025549889, 7186706.265934085473418 ], [ 664294.653216823702678, 7186697.776970147155225 ], [ 664236.645247063599527, 7186648.257990641519427 ], [ 664189.955908072530292, 7186619.961433853954077 ], [ 664171.563139363424852, 7186614.30212445743382 ], [ 664127.703464305843227, 7186619.961447331123054 ], [ 664114.970008975011297, 7186615.716965054161847 ], [ 664076.062230697250925, 7186611.472488440573215 ], [ 664053.424974414985627, 7186593.079724856652319 ], [ 664035.032199857756495, 7186560.538676908239722 ], [ 664012.394940192927606, 7186526.582801530137658 ], [ 663978.43905746913515, 7186506.775212049484253 ], [ 663940.23869086895138, 7186491.212108518928289 ], [ 663909.112467453000136, 7186484.137973526492715 ], [ 663887.890038523823023, 7186461.500724602490664 ], [ 663838.371035335585475, 7186397.833459801971912 ], [ 663812.904123762156814, 7186385.100010205060244 ], [ 663791.681696989573538, 7186372.366559688001871 ], [ 663770.459264685283415, 7186334.16619897633791 ], [ 663754.896149446954951, 7186314.358605518005788 ], [ 663722.355095621431246, 7186297.380672413855791 ], [ 663695.473356093163602, 7186286.062051463872194 ], [ 663686.98438004066702, 7186256.350658070296049 ], [ 663695.473343801684678, 7186229.468917699530721 ], [ 663722.355076875421219, 7186211.0761434212327 ], [ 663754.896124548977241, 7186199.757509641349316 ], [ 663797.34097131784074, 7186194.098187097348273 ], [ 663839.785817780299112, 7186187.024036206305027 ], [ 663890.719630764680915, 7186165.801600037142634 ], [ 663913.35688148974441, 7186158.727453425526619 ], [ 663938.823785673128441, 7186137.50502275954932 ], [ 663965.705513811437413, 7186096.474994974210858 ], [ 663996.831728901481256, 7186065.348764676600695 ], [ 664032.202432174817659, 7186049.785645242780447 ], [ 664057.669339121552184, 7186041.296669671311975 ], [ 664081.721418724395335, 7186037.052179436199367 ], [ 664108.603155477321707, 7186035.637345273047686 ], [ 664135.484892537235282, 7186035.637339455075562 ], [ 664165.196285513695329, 7186032.807676335796714 ], [ 664179.344566637184471, 7186025.733531553298235 ], [ 664192.078015177394263, 7185998.851790264248848 ], [ 664194.907663388526998, 7185960.651424374431372 ], [ 664199.15214048163034, 7185925.280714865773916 ], [ 664199.152136167162098, 7185905.473118057474494 ], [ 664205.518853192683309, 7185858.783781344071031 ], [ 664215.422644581994973, 7185829.072383986786008 ], [ 664238.059890979435295, 7185802.190640561282635 ], [ 664262.111965640913695, 7185775.308896828442812 ], [ 664273.430584984249435, 7185744.182670826092362 ], [ 664280.504717370611615, 7185703.152647342532873 ], [ 664297.482648232602514, 7185664.952278399839997 ], [ 664318.705067280912772, 7185642.315020311623812 ], [ 664341.342317062895745, 7185630.996388660743833 ], [ 664361.149909696308896, 7185616.848100936040282 ], [ 664392.276128144003451, 7185601.284982416778803 ], [ 664423.402347516734153, 7185589.966348925605416 ], [ 664446.03959636867512, 7185574.403232243843377 ], [ 664455.235973612288944, 7185544.691835047677159 ], [ 664458.065623042057268, 7185512.15078255161643 ], [ 664469.384241755004041, 7185478.194899870082736 ], [ 664487.777003337629139, 7185451.313157369382679 ], [ 664508.999421449145302, 7185424.431414255872369 ], [ 664513.243900685803965, 7185398.964503168128431 ], [ 664511.829066862934269, 7185373.497593309730291 ], [ 664510.414229950401932, 7185333.882400028407574 ], [ 664510.41422068583779, 7185291.437549755908549 ], [ 664506.169717054115608, 7185205.133021801710129 ], [ 664516.073497922858223, 7185127.317460835911334 ], [ 664523.147620405536145, 7185041.012930442579091 ], [ 664531.63657578616403, 7184975.930824875831604 ], [ 664534.466217179782689, 7184906.604235521517694 ], [ 664566.29982130555436, 7184760.87690944224596 ], [ 664584.692583794356324, 7184738.239651987329125 ], [ 664620.063287300756201, 7184724.09136089682579 ], [ 664645.53018925129436, 7184692.965131858363748 ], [ 664645.53018090641126, 7184654.764766646549106 ], [ 664645.530171942315064, 7184613.734744755551219 ], [ 664645.530164833879098, 7184581.193692911416292 ], [ 664646.944983516586944, 7184537.334014035761356 ], [ 664655.433946915669367, 7184509.037445373833179 ], [ 664648.359801888698712, 7184492.059506818652153 ], [ 664635.626346591045149, 7184487.815024563111365 ], [ 664610.159438467235304, 7184490.644686774350703 ], [ 664594.59633004036732, 7184501.963316880166531 ], [ 664557.810796116944402, 7184506.207809887826443 ], [ 664546.492165685398504, 7184486.400215572677553 ], [ 664546.492162287584506, 7184470.837103823199868 ], [ 664540.832844909280539, 7184451.029508283361793 ], [ 664539.41801201319322, 7184429.807083478197455 ], [ 664550.7366239100229, 7184364.724977353587747 ], [ 664550.736618657712825, 7184340.672895562835038 ], [ 664523.854875791585073, 7184313.791162928566337 ], [ 664511.121421422343701, 7184313.791165691800416 ], [ 664465.846920398180373, 7184329.354287261143327 ], [ 664436.135528416605666, 7184336.428435408510268 ], [ 664403.594478054903448, 7184335.013614123687148 ], [ 664371.053426152211614, 7184326.524651139974594 ], [ 664358.319967771763913, 7184308.131885473616421 ], [ 664355.49030476633925, 7184278.420490937307477 ], [ 664358.319952653022483, 7184238.805296793580055 ], [ 664373.883055213838816, 7184200.60492823086679 ], [ 664375.297877614269964, 7184173.723189460113645 ], [ 664394.3980520630721, 7184141.182133495807648 ], [ 664418.450122345238924, 7184094.492793053388596 ], [ 664439.672538877232, 7184060.536908292211592 ], [ 664467.969098572619259, 7184035.06999203376472 ], [ 664497.680484983487986, 7184002.528933768160641 ], [ 664513.243583517614752, 7183945.935796800069511 ], [ 664540.125314016826451, 7183916.224395830184221 ], [ 664542.954965290147811, 7183892.172313440591097 ], [ 664533.051163747906685, 7183875.194375514984131 ], [ 664506.169425838743336, 7183870.949896328151226 ], [ 664472.213547233957797, 7183869.535075357183814 ], [ 664452.405949709471315, 7183861.046109615825117 ], [ 664450.991116199526004, 7183836.994028149172664 ], [ 664452.405935200047679, 7183794.549177657812834 ], [ 664463.724551725434139, 7183750.689496679231524 ], [ 664465.139370416756719, 7183706.829817852936685 ], [ 664472.213502461789176, 7183664.384966138750315 ], [ 664476.457979219034314, 7183627.599428398534656 ], [ 664487.776597285177559, 7183590.813889124430716 ], [ 664496.265559443738312, 7183556.85800714418292 ], [ 664500.510039595887065, 7183535.635581137612462 ], [ 664511.82865179143846, 7183471.968303429894149 ], [ 664508.99898260529153, 7183413.9603421529755 ], [ 664494.850691962521523, 7183377.174808416515589 ], [ 664489.191375210881233, 7183360.196869580075145 ], [ 664465.13928859308362, 7183331.900308025069535 ], [ 664453.820654475013725, 7183295.11477367952466 ], [ 664421.279590886551887, 7183232.862333844415843 ], [ 664359.027141844155267, 7183207.395437252707779 ], [ 664288.285728484624997, 7183205.980624249204993 ], [ 664241.596395563450642, 7183204.565806031227112 ], [ 664211.885000231675804, 7183196.076842434704304 ], [ 664197.736713305464946, 7183176.269248763099313 ], [ 664192.077393787680194, 7183146.557854885235429 ], [ 664190.662558436510153, 7183114.016803413629532 ], [ 664197.736694808234461, 7183091.379548470489681 ], [ 664210.47014514869079, 7183072.986777315847576 ], [ 664230.277737407828681, 7183057.423661305569112 ], [ 664248.670501096406952, 7183040.445717263966799 ], [ 664258.57428751164116, 7182988.097066611982882 ], [ 664272.722555005806498, 7182918.770474990829825 ], [ 664255.744607861270197, 7182881.984941887669265 ], [ 664224.61837996635586, 7182853.688381876796484 ], [ 664197.736639935639687, 7182839.540104322135448 ], [ 664187.832839956739917, 7182829.63630810379982 ], [ 664181.466106929117814, 7182802.754571067169309 ], [ 664182.880925940349698, 7182760.309720635414124 ], [ 664195.614368876093067, 7182707.961069390177727 ], [ 664205.518157449085265, 7182665.516217121854424 ], [ 664233.814708155230619, 7182599.019279141910374 ], [ 664236.644357891520485, 7182567.893055110238492 ], [ 664229.570210734265856, 7182541.011318238452077 ], [ 664218.251577564631589, 7182508.470268936827779 ], [ 664205.518114902544767, 7182470.269906596280634 ], [ 664185.710510021075606, 7182427.825060779228806 ], [ 664175.806708196992986, 7182409.432294545695186 ], [ 664163.073243380757049, 7182361.328133851289749 ], [ 664171.562207081587985, 7182334.446393614634871 ], [ 664184.295654017594643, 7182300.490510776638985 ], [ 664195.614270226447843, 7182255.216001553460956 ], [ 664195.614262828254141, 7182221.260121476836503 ], [ 664202.688397958176211, 7182192.96355321444571 ], [ 664218.251503258827142, 7182167.49663978908211 ], [ 664242.303579345811158, 7182147.68903786689043 ], [ 664277.674283662927337, 7182137.785231847316027 ], [ 664317.289472446311265, 7182126.466596570797265 ], [ 664358.31948763737455, 7182106.658990966156125 ], [ 664380.956735460669734, 7182086.851389348506927 ], [ 664398.642083757556975, 7182064.214132135733962 ], [ 664411.375529445125721, 7182024.598935959860682 ], [ 664422.694148106267676, 7181990.643053439445794 ], [ 664443.916567665059119, 7181970.835452130995691 ], [ 664494.850379727431573, 7181946.783359367400408 ], [ 664542.95453743240796, 7181932.635065567679703 ], [ 664572.665923139080405, 7181897.26435071695596 ], [ 664586.814195218030363, 7181849.160184226930141 ], [ 664592.473502689856105, 7181823.693272953853011 ], [ 664612.281091816723347, 7181793.981873603537679 ], [ 664629.259027516003698, 7181778.418758222833276 ], [ 664649.066621587844566, 7181771.344612240791321 ], [ 664673.118696413119324, 7181745.877696974202991 ], [ 664694.341115959337912, 7181726.070095665752888 ], [ 664716.978364689275622, 7181710.506979055702686 ], [ 664801.868051517638378, 7181670.891767207533121 ], [ 664840.068410774692893, 7181653.913818877190351 ], [ 664885.342906674835831, 7181615.713443974032998 ], [ 664906.565324353752658, 7181587.416872650384903 ], [ 664906.56531630223617, 7181550.631335931830108 ], [ 664903.735651116352528, 7181511.016143163666129 ], [ 664898.076331892632879, 7181482.719577692449093 ], [ 664898.076325700851157, 7181454.423010990023613 ], [ 664887.465106336749159, 7181420.46713325753808 ], [ 664895.954068452352658, 7181386.51125137321651 ], [ 664901.613374980865046, 7181356.79985510930419 ], [ 664911.517168139107525, 7181335.577427931129932 ], [ 664924.250618430203758, 7181317.18465680629015 ], [ 664946.887857851339504, 7181259.17669015750289 ], [ 664946.887851039646193, 7181228.050466794520617 ], [ 664936.984047353966162, 7181201.168730592355132 ], [ 664931.324725962243974, 7181162.968366792425513 ], [ 664934.154376901686192, 7181137.501456155441701 ], [ 664945.472993667470291, 7181095.056603658944368 ], [ 664962.450924079632387, 7181055.441406605765224 ], [ 664972.3547128951177, 7181014.41138275526464 ], [ 664992.162304154946469, 7180994.603781763464212 ], [ 665013.384727077325806, 7180990.359292141161859 ], [ 665077.051991817657836, 7180959.233054926618934 ], [ 665111.007864711107686, 7180935.180965851992369 ], [ 665152.037874234491028, 7180889.906450221315026 ], [ 665167.600979164824821, 7180863.024708485230803 ], [ 665204.386508564464748, 7180838.972618792206049 ], [ 665248.246179243316874, 7180814.920527555048466 ], [ 665285.031710810377263, 7180800.772236192598939 ], [ 665317.572756985668093, 7180783.794289091601968 ], [ 665352.943450046586804, 7180722.956663025543094 ], [ 665375.580693454016, 7180683.341464744880795 ], [ 665392.558625074801967, 7180649.385581033304334 ], [ 665408.121729682898149, 7180621.089010966941714 ], [ 665420.855177464429289, 7180591.377613184973598 ], [ 665442.785000833682716, 7180524.88067673239857 ], [ 665438.540494631044567, 7180427.257522666826844 ], [ 665427.221839383244514, 7180294.263661836273968 ], [ 665401.754920534323901, 7180247.574332411400974 ], [ 665356.480401454376988, 7180179.662582322955132 ], [ 665315.450375528656878, 7180149.951196288689971 ], [ 665284.324148636776954, 7180125.899121422320604 ], [ 665244.708950973581523, 7180096.187735078856349 ], [ 665204.386339806369506, 7180069.306005554273725 ], [ 665169.015631566056982, 7180060.817043269053102 ], [ 665140.719066464225762, 7180060.817049434408545 ], [ 665072.807310837553814, 7180063.646720893681049 ], [ 665014.799353306181729, 7180067.891218525357544 ], [ 664970.939676778274588, 7180065.061571408063173 ], [ 664925.665172304026783, 7180063.646752929314971 ], [ 664908.687229836126789, 7180048.083644967526197 ], [ 664908.68721899879165, 7179998.56465333327651 ], [ 664914.346518082194962, 7179934.897377153858542 ], [ 664922.835476152948104, 7179882.548727017827332 ], [ 664922.835467171855271, 7179841.518705390393734 ], [ 664903.027855192543939, 7179766.532808107323945 ], [ 664894.538872350007296, 7179705.695191688835621 ], [ 664867.657128085615113, 7179671.739317573606968 ], [ 664835.116075139027089, 7179657.591041335836053 ], [ 664822.382616826565936, 7179639.198275795206428 ], [ 664822.382606921717525, 7179593.923769185319543 ], [ 664822.382598254363984, 7179554.30857590213418 ], [ 664829.456726835225709, 7179496.300612779334188 ], [ 664836.530855723191053, 7179439.707477988675237 ], [ 664852.0939581572311, 7179401.507109662517905 ], [ 664877.560863012680784, 7179384.529164146631956 ], [ 664920.005707220756449, 7179368.96604327019304 ], [ 664951.131926638539881, 7179359.062238177284598 ], [ 664990.039699589717202, 7179340.669461404904723 ], [ 665023.995572411571629, 7179316.617372384294868 ], [ 665079.173868104931898, 7179288.320793747901917 ], [ 665147.085620872210711, 7179272.757667312398553 ], [ 665193.774952001171187, 7179267.098343811929226 ], [ 665241.879112314200029, 7179265.683504994958639 ], [ 665294.227755216415972, 7179254.364866930991411 ], [ 665356.480197755270638, 7179251.535196686163545 ], [ 665405.999186319997534, 7179250.120357550680637 ], [ 665434.295752323349006, 7179254.364836366847157 ], [ 665466.836804332444444, 7179264.268627578392625 ], [ 665496.54819610575214, 7179257.194479435682297 ], [ 665506.451984866755083, 7179216.164455677382648 ], [ 665490.88886195665691, 7179160.986154178157449 ], [ 665479.570227538933977, 7179122.785791721194983 ], [ 665476.740563884493895, 7179090.24474073573947 ], [ 665474.618315600557253, 7179063.363002919591963 ], [ 665471.788651325507089, 7179027.99229527451098 ], [ 665459.055187413701788, 7178984.132619811221957 ], [ 665440.662415774073452, 7178964.325027201324701 ], [ 665410.951019975123927, 7178953.006407045759261 ], [ 665376.99513972690329, 7178943.102616144344211 ], [ 665352.943055388634093, 7178924.709853099659085 ], [ 665344.45407997071743, 7178897.828116676770151 ], [ 665344.454071277170442, 7178858.212923432700336 ], [ 665357.187514373334125, 7178807.279100772924721 ], [ 665382.654409568756819, 7178746.441477023996413 ], [ 665405.291646079276688, 7178675.700055589899421 ], [ 665427.928879791405052, 7178592.225179197266698 ], [ 665435.003012041328475, 7178551.195156095549464 ], [ 665444.906802661018446, 7178518.65410235337913 ], [ 665438.540063160005957, 7178462.343936232849956 ], [ 665429.485156380920671, 7178435.179234283976257 ], [ 665414.770934607484378, 7178398.959632268175483 ], [ 665393.265530266449787, 7178331.047877159900963 ], [ 665370.628270037705079, 7178293.696414213627577 ], [ 665347.991011798498221, 7178265.399852571077645 ], [ 665295.925319716567174, 7178208.806730771437287 ], [ 665257.441985561861657, 7178182.7738979132846 ], [ 665197.453259998001158, 7178147.686168441548944 ], [ 665163.497375012608245, 7178115.994021278806031 ], [ 665160.101781502133235, 7178089.961180770769715 ], [ 665172.552263415651396, 7178059.400886158458889 ], [ 665198.585097282892093, 7178032.236176574602723 ], [ 665225.749794495408423, 7178008.467054732143879 ], [ 665258.007873906288296, 7177986.961657105945051 ], [ 665274.306690195342526, 7177963.418910166248679 ], [ 665288.794525328907184, 7177935.348712969571352 ], [ 665305.998830901458859, 7177908.184005313552916 ], [ 665328.636077156057581, 7177881.924786601215601 ], [ 665353.989792656619102, 7177851.138116648420691 ], [ 665398.358798854984343, 7177815.823991890996695 ], [ 665418.279574264772236, 7177786.848303384147584 ], [ 665441.822304228320718, 7177731.613400316797197 ], [ 665469.892490755068138, 7177704.448690289631486 ], [ 665476.230915551655926, 7177678.189475139603019 ], [ 665488.907770112389699, 7177648.308298088610172 ], [ 665497.962666937732138, 7177630.198493514209986 ], [ 665509.734032413223758, 7177604.844767307862639 ], [ 665531.918530626222491, 7177565.003196753561497 ], [ 665531.918524854816496, 7177538.743982993066311 ], [ 665533.729495862498879, 7177497.091436633840203 ], [ 665543.689883760293014, 7177483.50908251106739 ], [ 665554.555760146351531, 7177462.682807159610093 ], [ 665566.327129397308454, 7177454.533393420279026 ], [ 665587.15339905070141, 7177444.572997443377972 ], [ 665609.790649263071828, 7177436.423581331968307 ], [ 665618.845548272598535, 7177428.274168185889721 ], [ 665617.940056002931669, 7177418.313776956871152 ], [ 665609.790643092477694, 7177408.35338731482625 ], [ 665600.735741096548736, 7177402.920448517426848 ], [ 665585.342406948562711, 7177390.243590068072081 ], [ 665582.625935315503739, 7177383.905159754678607 ], [ 665585.342402569251135, 7177370.322807218879461 ], [ 665589.869847993832082, 7177347.685552993789315 ], [ 665582.625922974315472, 7177327.764771727845073 ], [ 665571.760039029060863, 7177314.182422162033617 ], [ 665559.083176318090409, 7177306.938503897748888 ], [ 665546.406313009094447, 7177296.978115241974592 ], [ 665543.689841176848859, 7177289.734194800257683 ], [ 665548.217287995386869, 7177273.435371484607458 ], [ 665556.819438182050362, 7177248.081645983271301 ], [ 665566.779822295531631, 7177217.294979410246015 ], [ 665586.700594497378916, 7177173.831448852084577 ], [ 665589.417054784367792, 7177128.556941797956824 ], [ 665590.322539092390798, 7177102.297727854922414 ], [ 665585.79508530953899, 7177086.904396647587419 ], [ 665573.118220810196362, 7177071.511067224666476 ], [ 665558.630377744091675, 7177063.361659226939082 ], [ 665529.654695194563828, 7177063.361665557138622 ], [ 665505.206464435090311, 7177069.700101801194251 ], [ 665496.151564435102046, 7177073.32206429541111 ], [ 665480.758235267712735, 7177083.282459077425301 ], [ 665468.986864032922313, 7177082.376971518620849 ], [ 665448.160590210929513, 7177073.322074776515365 ], [ 665441.82215627329424, 7177057.928743965923786 ], [ 665421.901368752238341, 7177031.669534569606185 ], [ 665413.751949684577994, 7176993.638950929977 ], [ 665402.886061571538448, 7176961.041308658197522 ], [ 665392.020172664080746, 7176924.821705874055624 ], [ 665386.587221849476919, 7176877.736220354214311 ], [ 665368.477415291010402, 7176855.098971085622907 ], [ 665340.407216666964814, 7176827.028783217072487 ], [ 665325.91937221668195, 7176812.540944319218397 ], [ 665310.526040072902106, 7176808.918987162411213 ], [ 665305.093099596910179, 7176808.918988347053528 ], [ 665299.66016051126644, 7176815.257420433685184 ], [ 665279.739384525688365, 7176841.516638515517116 ], [ 665261.629583534202538, 7176844.23311285302043 ], [ 665248.047230555908754, 7176836.083704655058682 ], [ 665245.330757338088006, 7176822.501353316009045 ], [ 665249.858204357791692, 7176807.108020137064159 ], [ 665260.724082330241799, 7176793.525665836408734 ], [ 665278.833879944053479, 7176775.415859310887754 ], [ 665288.794267438002862, 7176760.022524949163198 ], [ 665289.699755332083441, 7176750.062133335508406 ], [ 665285.172302353312261, 7176738.29076265078038 ], [ 665279.739357704296708, 7176719.27547113224864 ], [ 665274.306413454585709, 7176702.071159872226417 ], [ 665251.216412460897118, 7176683.961362336762249 ], [ 665230.390138056362048, 7176672.189995205961168 ], [ 665209.563860277179629, 7176645.025295889005065 ], [ 665209.563855311833322, 7176622.388042674399912 ], [ 665208.658358877524734, 7176593.412358758971095 ], [ 665203.225415224675089, 7176578.924517886713147 ], [ 665193.265018001897261, 7176549.948835946619511 ], [ 665199.603444781852886, 7176532.74452212639153 ], [ 665219.524223739281297, 7176520.067655982449651 ], [ 665231.295594370109029, 7176518.256673158146441 ], [ 665246.688925117719918, 7176515.540199416689575 ], [ 665269.778919748496264, 7176504.674312839284539 ], [ 665289.699697908945382, 7176488.375486182048917 ], [ 665299.660085003008135, 7176471.171171570196748 ], [ 665306.903999871923588, 7176444.911956267431378 ], [ 665315.958895096555352, 7176419.558230697177351 ], [ 665326.82477246702183, 7176403.259406019002199 ], [ 665330.446728609502316, 7176384.244112532585859 ], [ 665330.446725826477632, 7176371.567250739783049 ], [ 665335.879662920255214, 7176356.173917372711003 ], [ 665345.84005140257068, 7176345.308033658191562 ], [ 665361.233381748781539, 7176340.780579659156501 ], [ 665373.910240267287008, 7176329.00920522492379 ], [ 665382.965136880986392, 7176309.993910556659102 ], [ 665401.980423762230203, 7176288.262143330648541 ], [ 665407.413359462982044, 7176266.530379069969058 ], [ 665405.602375328540802, 7176248.420576902106404 ], [ 665400.169429686968215, 7176224.877834755927324 ], [ 665400.16942471684888, 7176202.24058155529201 ], [ 665410.129809814039618, 7176175.981365667656064 ], [ 665418.279216744238511, 7176158.777051454409957 ], [ 665441.821955406107008, 7176143.383714141324162 ], [ 665455.404305590782315, 7176138.856260535307229 ], [ 665476.230577397975139, 7176138.856255986727774 ], [ 665497.96233928296715, 7176138.856251239776611 ], [ 665508.828219430171885, 7176135.234288353472948 ], [ 665508.375471804407425, 7176123.462916789576411 ], [ 665509.280959296040237, 7176111.691544929519296 ], [ 665513.808404714800417, 7176089.05429074075073 ], [ 665513.808399343048222, 7176064.606057288125157 ], [ 665521.95780388044659, 7176036.535861546173692 ], [ 665532.823682036600076, 7176023.858997380360961 ], [ 665544.595051463576965, 7176016.615073785185814 ], [ 665568.137792109511793, 7176010.276637747883797 ], [ 665579.909160939278081, 7176000.316243767738342 ], [ 665596.207978767342865, 7175984.017417904920876 ], [ 665615.223267028690316, 7175968.62408157531172 ], [ 665628.805615614634007, 7175956.852706947363913 ], [ 665644.198942566872574, 7175936.93192077241838 ], [ 665654.159328051842749, 7175912.483685145154595 ], [ 665662.308735967846587, 7175899.80682157445699 ], [ 665681.324024424888194, 7175885.318975374102592 ], [ 665685.851469836430624, 7175862.681721192784607 ], [ 665682.229502951959148, 7175832.800547773949802 ], [ 665679.513028135057539, 7175811.974275432527065 ], [ 665666.836161663173698, 7175787.526044759899378 ], [ 665653.253806310007349, 7175768.510755050927401 ], [ 665647.368115625460632, 7175744.968013024888933 ], [ 665638.31320428987965, 7175696.977038247510791 ], [ 665634.69123441982083, 7175653.5135129224509 ], [ 665619.29789751896169, 7175628.159792721271515 ], [ 665600.282600905979052, 7175605.522543695755303 ], [ 665587.605738221202046, 7175598.278625447303057 ], [ 665574.023385858628899, 7175592.845687651075423 ], [ 665555.913583504618146, 7175589.223731099627912 ], [ 665539.614761505159549, 7175586.507264278829098 ], [ 665513.355545664438978, 7175570.208447724580765 ], [ 665488.907309581991285, 7175552.098650518804789 ], [ 665480.757896692724898, 7175542.138260899111629 ], [ 665476.230442723142914, 7175525.839439597912133 ], [ 665474.419458788470365, 7175508.635127576068044 ], [ 665471.702985968673602, 7175496.863756516948342 ], [ 665459.931613166234456, 7175488.714347940869629 ], [ 665448.160240962053649, 7175483.281409749761224 ], [ 665430.955929086892866, 7175481.470433251932263 ], [ 665408.318676942726597, 7175480.564948067069054 ], [ 665364.855151023948565, 7175470.604566155001521 ], [ 665334.973973884247243, 7175449.778299754485488 ], [ 665306.90377849387005, 7175436.195953970775008 ], [ 665282.455541626550257, 7175414.464196255430579 ], [ 665268.873186885728501, 7175398.165376928634942 ], [ 665260.723773206118494, 7175384.583026801235974 ], [ 665259.818279154598713, 7175366.473224455490708 ], [ 665266.156707512913272, 7175356.51283167861402 ], [ 665270.684156311908737, 7175349.268909675069153 ], [ 665274.306114634964615, 7175340.214007614180446 ], [ 665286.982973337057047, 7175329.348123324103653 ], [ 665294.226892368169501, 7175322.104200728237629 ], [ 665307.809240749455057, 7175309.427335988730192 ], [ 665316.86414073035121, 7175305.805373502895236 ], [ 665331.804725420195609, 7175298.561449227854609 ], [ 665340.859624208183959, 7175289.506545981392264 ], [ 665347.198051967425272, 7175276.829682822339237 ], [ 665350.820008699782193, 7175260.530859747901559 ], [ 665359.874906692537479, 7175247.853995993733406 ], [ 665369.835295953787863, 7175240.610072804614902 ], [ 665384.323135006125085, 7175230.649678247980773 ], [ 665390.661564156180248, 7175224.31124597415328 ], [ 665391.567048865719698, 7175199.863012352958322 ], [ 665385.228608581470326, 7175155.493997521698475 ], [ 665385.228603411465883, 7175131.951254226267338 ], [ 665391.567028982448392, 7175109.313999675214291 ], [ 665402.432900763116777, 7175067.66145147383213 ], [ 665402.432897182996385, 7175051.362629195675254 ], [ 665391.567011881736107, 7175031.441848780959845 ], [ 665377.079164881142788, 7175005.182638270780444 ], [ 665378.890141655108891, 7174989.789305723272264 ], [ 665382.512097192229703, 7174968.057541895657778 ], [ 665384.323070386890322, 7174936.365387072786689 ], [ 665389.756004686350934, 7174908.295191963203251 ], [ 665392.472469747299328, 7174884.75244808383286 ], [ 665385.228545353165828, 7174867.548137261532247 ], [ 665377.079129490652122, 7174844.005395754240453 ], [ 665369.835204898496158, 7174825.895594807341695 ], [ 665363.496772371348925, 7174816.840694927610457 ], [ 665351.725401370902546, 7174816.84069749712944 ], [ 665344.481480953632854, 7174817.746189203113317 ], [ 665331.804622260504402, 7174828.612073486670852 ], [ 665311.883845137199387, 7174849.438350740820169 ], [ 665295.585027725319378, 7174867.548156824894249 ], [ 665279.28621170448605, 7174891.996393794193864 ], [ 665268.420335547532886, 7174913.728159200400114 ], [ 665253.93250047264155, 7174941.798356283456087 ], [ 665243.066624515107833, 7174964.435611816123128 ], [ 665223.145848577958532, 7174990.694829830899835 ], [ 665202.772324224351905, 7175001.560715792700648 ], [ 665173.796642945380881, 7175006.993662869557738 ], [ 665141.199002349516377, 7175016.95406137034297 ], [ 665102.262933395802975, 7175036.874852640554309 ], [ 665049.744514670572244, 7175063.134077755734324 ], [ 665009.902952856966294, 7175070.378007447347045 ], [ 664964.628452563192695, 7175086.676839589141309 ], [ 664943.802184750209562, 7175104.786646656692028 ], [ 664925.692387368530035, 7175123.801943260245025 ], [ 664908.48807688918896, 7175128.329397639259696 ], [ 664889.472786851692945, 7175135.573322790674865 ], [ 664878.606905328691937, 7175132.856854777783155 ], [ 664864.119062703452073, 7175126.518427041359246 ], [ 664850.536710155662149, 7175120.179999111220241 ], [ 664838.765337366727181, 7175112.030590531416237 ], [ 664824.277497516479343, 7175118.369024569168687 ], [ 664807.978676322847605, 7175119.274518242105842 ], [ 664790.774363268632442, 7175112.030600969679654 ], [ 664777.192007947829552, 7175093.015311263501644 ], [ 664763.60965183598455, 7175070.37806105054915 ], [ 664750.932786594261415, 7175051.362771147862077 ], [ 664736.444941992405802, 7175035.969442144967616 ], [ 664725.579056312097237, 7175014.237681469880044 ], [ 664715.618656947510317, 7174975.30160819273442 ], [ 664704.752765527693555, 7174927.310633849352598 ], [ 664690.264918947708793, 7174902.862403582781553 ], [ 664676.682564228540286, 7174886.563584260642529 ], [ 664664.005700179026462, 7174872.981235118582845 ], [ 664640.010203439625911, 7174828.612224139273167 ], [ 664625.52235488477163, 7174795.109092611819506 ], [ 664622.805879310006276, 7174770.660859792493284 ], [ 664623.711362261557952, 7174738.063215048983693 ], [ 664625.522335883462802, 7174708.182040490210056 ], [ 664627.333308120490983, 7174671.96243504807353 ], [ 664613.750942322891206, 7174604.956168666481972 ], [ 664588.849957892205566, 7174571.453039411455393 ], [ 664580.700540870893747, 7174542.4773571472615 ], [ 664565.307203631848097, 7174515.31265670992434 ], [ 664553.535827491665259, 7174491.769915991462767 ], [ 664542.669937474187464, 7174450.117372559383512 ], [ 664527.276599051197991, 7174417.519731368869543 ], [ 664513.694236432085745, 7174365.001307021826506 ], [ 664507.355797788477503, 7174327.876213239505887 ], [ 664502.828341473126784, 7174300.711510451510549 ], [ 664504.639315494219773, 7174272.641316161490977 ], [ 664504.63930956076365, 7174245.476612390950322 ], [ 664508.261264920933172, 7174222.8393584638834 ], [ 664509.619493113132194, 7174191.147203771397471 ], [ 664516.863409766810946, 7174173.037399685010314 ], [ 664526.823794868658297, 7174146.778183882124722 ], [ 664532.256729589076713, 7174120.518969060853124 ], [ 664532.256724248174578, 7174096.070735675282776 ], [ 664533.162204432068393, 7174050.796229205094278 ], [ 664541.311607995186932, 7174018.198582919314504 ], [ 664544.933558606076986, 7173973.829565988853574 ], [ 664540.406100510270335, 7173938.515452088788152 ], [ 664535.878643008531071, 7173905.917808560654521 ], [ 664525.91824643756263, 7173879.658597091212869 ], [ 664510.524911391781643, 7173862.454288057051599 ], [ 664493.320599554106593, 7173860.643311543390155 ], [ 664461.628447098890319, 7173861.548808546736836 ], [ 664447.140603907639161, 7173852.493910439312458 ], [ 664430.841779973823577, 7173840.72254235111177 ], [ 664406.393545950646512, 7173831.66764640621841 ], [ 664387.378251789021306, 7173819.896278904750943 ], [ 664364.740992187871598, 7173784.582168936729431 ], [ 664347.536677587311715, 7173770.094330668449402 ], [ 664330.332364963134751, 7173764.661393649876118 ], [ 664311.31707337370608, 7173764.661397774703801 ], [ 664291.396293486002833, 7173772.810813222080469 ], [ 664276.908453655894846, 7173779.149247238412499 ], [ 664268.306296752183698, 7173773.716308353468776 ], [ 664256.534922806313261, 7173760.133959030732512 ], [ 664233.897662816569209, 7173723.008868809789419 ], [ 664216.693346443818882, 7173700.371619414538145 ], [ 664204.921970722032711, 7173678.639858966693282 ], [ 664197.678046958288178, 7173664.15201853774488 ], [ 664196.772553329821676, 7173647.853196484968066 ], [ 664191.339609915041365, 7173634.270845787599683 ], [ 664183.19019785290584, 7173627.932416682131588 ], [ 664169.607846126658842, 7173625.215949250385165 ], [ 664157.836475145071745, 7173625.215951804071665 ], [ 664150.592553357244469, 7173619.783012620173395 ], [ 664127.955300087109208, 7173613.444586651399732 ], [ 664109.845497392816469, 7173608.01164982561022 ], [ 664100.790594467427582, 7173598.051260413601995 ], [ 664083.586281257914379, 7173589.901853017508984 ], [ 664068.192948396434076, 7173582.657935351133347 ], [ 664043.744714386062697, 7173573.603039398789406 ], [ 664031.067851751111448, 7173566.359121144749224 ], [ 664024.729419447830878, 7173558.209711393341422 ], [ 664022.012946459464729, 7173545.532850233837962 ], [ 664022.012941924738698, 7173524.706577364355326 ], [ 664032.878817899152637, 7173502.06932189129293 ], [ 664046.461164295906201, 7173480.33755595702678 ], [ 664065.476451933733188, 7173462.227749345824122 ], [ 664071.814879698795266, 7173449.55088622495532 ], [ 664071.81487437163014, 7173425.102652860805392 ], [ 664057.327028236468323, 7173402.465402882546186 ], [ 664043.744673360604793, 7173385.26109345536679 ], [ 664024.72937862505205, 7173370.773255579173565 ], [ 664004.808595194015652, 7173362.623848770745099 ], [ 663982.171340948436409, 7173351.757972178049386 ], [ 663961.345067245536484, 7173342.703075437806547 ], [ 663921.050754171330482, 7173320.971321171149611 ], [ 663910.184865779709071, 7173286.562698790803552 ], [ 663911.995839821174741, 7173258.492504538968205 ], [ 663913.806812876020558, 7173225.894859667867422 ], [ 663907.4683726929361, 7173181.525844944640994 ], [ 663898.866210083244368, 7173149.833692454732955 ], [ 663878.94542252284009, 7173122.668993034400046 ], [ 663852.686201878124848, 7173083.732923371717334 ], [ 663842.725804750109091, 7173054.757241551764309 ], [ 663839.103840117109939, 7173034.836459601297975 ], [ 663822.805011285003275, 7173000.427838411182165 ], [ 663800.1677556730574, 7172983.223530946299434 ], [ 663779.341481983778067, 7172974.16863420791924 ], [ 663757.609717434854247, 7172961.49177716858685 ], [ 663714.146189909428358, 7172943.381984082050622 ], [ 663657.100298279663548, 7172865.509845742955804 ], [ 663633.557551224133931, 7172841.967107605189085 ], [ 663629.030096325906925, 7172821.140835733152926 ], [ 663630.841073326184414, 7172806.65299336053431 ], [ 663637.179502077284269, 7172798.503580875694752 ], [ 663645.328911765245721, 7172793.976128496229649 ], [ 663658.911262292880565, 7172791.259655190631747 ], [ 663679.737532629282214, 7172784.921219822019339 ], [ 663688.339685975108296, 7172774.055336478166282 ], [ 663695.583598107332364, 7172735.119259588420391 ], [ 663702.827511223498732, 7172700.71063331887126 ], [ 663708.26044635521248, 7172676.262398801743984 ], [ 663720.031811809865758, 7172650.908672791905701 ], [ 663737.236118300934322, 7172628.271415982395411 ], [ 663746.291014514514245, 7172607.445141181349754 ], [ 663750.818460162146948, 7172585.713377233594656 ], [ 663741.763554694829509, 7172563.981616225093603 ], [ 663727.275706024025567, 7172529.572994660586119 ], [ 663714.598841835162602, 7172515.085155424661934 ], [ 663677.473743085283786, 7172488.825949864462018 ], [ 663654.836488870554604, 7172477.96007327362895 ], [ 663616.805900051142089, 7172451.700867907144129 ], [ 663587.830214334418997, 7172436.307542067952454 ], [ 663557.043550241505727, 7172429.063627728261054 ], [ 663530.784337896853685, 7172428.15814327262342 ], [ 663507.241595970001072, 7172428.158148355782032 ], [ 663502.714145599864423, 7172428.158149332739413 ], [ 663485.50983517547138, 7172432.685603664256632 ], [ 663472.832975120167248, 7172437.213057016953826 ], [ 663454.723174031591043, 7172439.024041172116995 ], [ 663423.936511512147263, 7172439.024047814309597 ], [ 663405.826709635672159, 7172437.213071474805474 ], [ 663391.338867272250354, 7172431.780133858323097 ], [ 663380.472984811174683, 7172424.536215215921402 ], [ 663373.229062058031559, 7172414.575825419276953 ], [ 663367.796119256061502, 7172403.709945110604167 ], [ 663359.193957070587203, 7172373.828772895038128 ], [ 663341.084152054856531, 7172357.529954579658806 ], [ 663323.879837898188271, 7172344.853096561506391 ], [ 663298.526114059961401, 7172336.70369092002511 ], [ 663280.416310420492664, 7172326.743303466588259 ], [ 663271.361407324788161, 7172315.877423938363791 ], [ 663268.644934550044127, 7172304.106052922084928 ], [ 663268.644931997871026, 7172292.33468131814152 ], [ 663276.794340700260364, 7172283.279778328724205 ], [ 663289.471197611419484, 7172264.264483006671071 ], [ 663292.187664692755789, 7172249.776640451513231 ], [ 663279.510798945673741, 7172228.044880228117108 ], [ 663253.251583663513884, 7172213.557043913751841 ], [ 663236.047269119415432, 7172199.069205652922392 ], [ 663228.803344996180385, 7172182.77038499712944 ], [ 663231.519811880309135, 7172167.377052318304777 ], [ 663233.330788888270035, 7172152.889209958724678 ], [ 663246.913138424046338, 7172145.645286047831178 ], [ 663259.589999456191435, 7172145.645283315330744 ], [ 663266.833918868098408, 7172140.212341016158462 ], [ 663272.26685715187341, 7172130.251948490738869 ], [ 663279.510773421614431, 7172110.331164221279323 ], [ 663280.416259961901233, 7172094.032341811805964 ], [ 663283.132724292576313, 7172066.867637535557151 ], [ 663283.132719972752966, 7172046.946854829788208 ], [ 663279.510753199923784, 7172017.065681551583111 ], [ 663261.400944856111892, 7171985.373531153425574 ], [ 663243.291136122308671, 7171951.870400512591004 ], [ 663227.897799769300036, 7171928.327660634182394 ], [ 663227.897794468910433, 7171903.879427318461239 ], [ 663232.425241107237525, 7171886.675114010460675 ], [ 663241.480138897197321, 7171873.092760216444731 ], [ 663227.648775506066158, 7171861.474193065427244 ], [ 663210.093585785594769, 7171857.218393271788955 ], [ 663198.390125203295611, 7171850.834690427407622 ], [ 663183.494812112418003, 7171844.450988272204995 ], [ 663177.111105019343086, 7171834.875431600958109 ], [ 663172.323323721531779, 7171823.171972793526947 ], [ 663161.151834062766284, 7171796.041227400302887 ], [ 663161.683807521825656, 7171786.997644687071443 ], [ 663156.364051265642047, 7171777.422087786719203 ], [ 663144.12861457571853, 7171767.846532372757792 ], [ 663126.573424857808277, 7171763.590732579119503 ], [ 663106.358357243007049, 7171755.611105223186314 ], [ 663091.463045193115249, 7171754.01518209092319 ], [ 663073.375880863401107, 7171753.483210539445281 ], [ 663055.820691491360776, 7171750.823337082751095 ], [ 663045.181181172374636, 7171741.779756774194539 ], [ 663001.243331882054918, 7171720.500748349353671 ], [ 662980.463039237773046, 7171707.201366648077965 ], [ 662967.994862858322449, 7171695.564406426623464 ], [ 662944.720936701400205, 7171688.083506708964705 ], [ 662910.641259867465124, 7171680.602609317749739 ], [ 662868.24946820596233, 7171678.108983526006341 ], [ 662849.131601622560993, 7171678.108987637795508 ], [ 662825.0264640559908, 7171671.459299730136991 ], [ 662805.908595495740883, 7171662.315975845791399 ], [ 662790.946783450897783, 7171646.522957978770137 ], [ 662780.972240590141155, 7171629.067515771836042 ], [ 662772.66012180945836, 7171615.768131382763386 ], [ 662759.360734025132842, 7171604.962382975965738 ], [ 662727.774691429454833, 7171594.987850131466985 ], [ 662695.357435986399651, 7171579.194836015813053 ], [ 662675.40835655736737, 7171573.376358851790428 ], [ 662656.290486923186108, 7171559.245765148662031 ], [ 662634.67898144130595, 7171540.127902165986598 ], [ 662620.548381172586232, 7171525.166095757856965 ], [ 662580.234612754778937, 7171496.073697162792087 ], [ 662561.947955252602696, 7171484.43673818744719 ], [ 662549.479777269298211, 7171465.31887324154377 ], [ 662538.674023007042706, 7171448.694642849266529 ], [ 662518.724941429565661, 7171432.901626051403582 ], [ 662496.282226695097052, 7171424.589514510706067 ], [ 662480.489203789853491, 7171412.121343363076448 ], [ 662472.177087706397288, 7171411.290133511647582 ], [ 662453.890432898420841, 7171412.121349069289863 ], [ 662437.26620198879391, 7171416.277410815469921 ], [ 662418.979547001537867, 7171416.277414735406637 ], [ 662400.692891475744545, 7171413.783783748745918 ], [ 662384.068657159921713, 7171402.146824415773153 ], [ 662373.262901287642308, 7171378.041689299046993 ], [ 662360.794722774648108, 7171356.43018944747746 ], [ 662315.909282565349713, 7171289.93326822668314 ], [ 662304.272312777815387, 7171255.022382033988833 ], [ 662297.622615398839116, 7171233.410880936309695 ], [ 662276.011102052754723, 7171177.719705999828875 ], [ 662261.049290924216621, 7171166.082746310159564 ], [ 662249.412325798766688, 7171152.78336263820529 ], [ 662227.800821771961637, 7171140.315192738547921 ], [ 662203.695685301907361, 7171138.652774630114436 ], [ 662181.252972550923005, 7171139.483991069719195 ], [ 662171.278434008127078, 7171141.977628111839294 ], [ 662148.835721077630296, 7171141.977632917463779 ], [ 662135.536333488998935, 7171132.003096140921116 ], [ 662123.899367827689275, 7171116.210077562369406 ], [ 662114.756037117214873, 7171101.248270081356168 ], [ 662110.599973440053873, 7171074.649498647078872 ], [ 662112.262389998883009, 7171043.894667785614729 ], [ 662143.017210234072991, 7171003.996502716094255 ], [ 662152.160535575589165, 7170994.02196113858372 ], [ 662174.603246174519882, 7170983.216205076314509 ], [ 662188.733841948327608, 7170977.397720605134964 ], [ 662204.52685964864213, 7170965.760754331946373 ], [ 662212.007761271670461, 7170953.292578203603625 ], [ 662215.332605480332859, 7170943.318037869408727 ], [ 662215.332602973561734, 7170931.681074978783727 ], [ 662205.358061389881186, 7170920.044114224612713 ], [ 662181.252922421321273, 7170906.744733225554228 ], [ 662157.978993611875921, 7170886.795658968389034 ], [ 662134.705064804060385, 7170866.846584710292518 ], [ 662124.730523580103181, 7170856.872047225013375 ], [ 662111.431135998107493, 7170846.897510454058647 ], [ 662097.300536108901724, 7170833.598127317614853 ], [ 662087.325993275968358, 7170816.142685119062662 ], [ 662085.663565086666495, 7170792.868759695440531 ], [ 662084.832348664756864, 7170770.42604573071003 ], [ 662082.338709423784167, 7170749.645755392499268 ], [ 662079.013857875717804, 7170725.540618697181344 ], [ 662069.870525918551721, 7170704.760329782962799 ], [ 662059.895981119247153, 7170678.161559604108334 ], [ 662041.609321677824482, 7170657.38127264380455 ], [ 662024.569482125341892, 7170648.23794830776751 ], [ 662000.464346030727029, 7170648.237953463569283 ], [ 661978.021631684387103, 7170641.588265188969672 ], [ 661963.891033770050853, 7170637.432210033759475 ], [ 661947.266801980673335, 7170637.432213589549065 ], [ 661919.005611156113446, 7170652.394029057584703 ], [ 661888.250785204349086, 7170665.69342178851366 ], [ 661873.288976772688329, 7170666.524636621586978 ], [ 661850.846262426231988, 7170659.874948339536786 ], [ 661838.378086440614425, 7170649.900411386042833 ], [ 661837.546870741760358, 7170630.78254396468401 ], [ 661835.053233471000567, 7170619.145581611432135 ], [ 661823.416268361499533, 7170605.846197943203151 ], [ 661816.766573680797592, 7170596.702871384099126 ], [ 661809.285668126540259, 7170590.884391539730132 ], [ 661795.155068426509388, 7170578.416220037266612 ], [ 661784.349315620725974, 7170568.441682729870081 ], [ 661761.075389155070297, 7170559.298359718173742 ], [ 661749.438426366308704, 7170556.804727300070226 ], [ 661688.759978557354771, 7170548.492623912170529 ], [ 661658.005146717419848, 7170534.36203268636018 ], [ 661632.237585662864149, 7170526.049921840429306 ], [ 661595.664271809626371, 7170507.763273686170578 ], [ 661480.125852335710078, 7170467.865139868110418 ], [ 661426.097092973534018, 7170439.603955811820924 ], [ 661409.888462350470945, 7170417.992456769570708 ], [ 661405.732401910121553, 7170406.355494771152735 ], [ 661398.251494577503763, 7170392.224898581393063 ], [ 661391.601800439530052, 7170385.575206922367215 ], [ 661383.289683834998868, 7170382.25036215595901 ], [ 661369.159086641506292, 7170381.41915353294462 ], [ 661325.936085963388905, 7170390.562490718439221 ], [ 661299.337316888617352, 7170398.874612729996443 ], [ 661258.607949018944055, 7170398.87462140340358 ], [ 661229.515543040703051, 7170397.212204326875508 ], [ 661193.773442747537047, 7170388.068883956409991 ], [ 661170.499516115989536, 7170378.094349294900894 ], [ 661151.381647608242929, 7170368.951025385409594 ], [ 661135.588626702083275, 7170365.626182205975056 ], [ 661100.677739423699677, 7170363.132554732263088 ], [ 661084.053506039665081, 7170355.651653558015823 ], [ 661059.117155520711094, 7170342.352272709831595 ], [ 661038.336864370619878, 7170335.702584054321051 ], [ 661023.790662450133823, 7170339.858645318076015 ], [ 661009.660066679352894, 7170345.67712976410985 ], [ 660984.723720426904038, 7170352.326828140765429 ], [ 660963.943431053659879, 7170353.989255826920271 ], [ 660948.981622447958216, 7170353.989259006455541 ], [ 660932.357390488148667, 7170353.158050904981792 ], [ 660915.733155686641112, 7170339.02745665051043 ], [ 660896.615287536405958, 7170331.546556003391743 ], [ 660879.991055399528705, 7170329.884136267006397 ], [ 660860.041976372245699, 7170325.728082332760096 ], [ 660824.299875022494234, 7170311.597492137923837 ], [ 660800.194737163605168, 7170303.285380912013352 ], [ 660773.595965247252025, 7170298.298116752877831 ], [ 660751.153250568546355, 7170289.986005174927413 ], [ 660740.347498135990463, 7170281.673891123384237 ], [ 660723.723262450657785, 7170263.38723869714886 ], [ 660707.099028717377223, 7170254.243914247490466 ], [ 660683.825103337643668, 7170250.087861015461385 ], [ 660659.719967256765813, 7170250.087866127490997 ], [ 660635.614830997190438, 7170249.25665960740298 ], [ 660615.665753393317573, 7170251.750298741273582 ], [ 660595.716678624390624, 7170267.543324023485184 ], [ 660569.949123263941146, 7170285.829985439777374 ], [ 660542.519146672450006, 7170313.25997519120574 ], [ 660509.686295814346522, 7170345.677235888317227 ], [ 660484.749952392303385, 7170365.62632039655 ], [ 660462.30724285019096, 7170381.419346207752824 ], [ 660432.383627588744275, 7170390.562680525705218 ], [ 660419.915456761838868, 7170404.693280952051282 ], [ 660408.278497168677859, 7170417.161457933485508 ], [ 660388.329420622205362, 7170424.642366867512465 ], [ 660377.523671730887145, 7170432.95448550209403 ], [ 660362.56186631321907, 7170447.916298089548945 ], [ 660335.131887937663123, 7170467.034171491861343 ], [ 660311.026752381119877, 7170469.527811497449875 ], [ 660298.558578010182828, 7170467.034179231151938 ], [ 660282.765555867808871, 7170457.89085459522903 ], [ 660267.803741954732686, 7170432.954508727416396 ], [ 660242.036179149406962, 7170416.330281490460038 ], [ 660204.631655336474068, 7170405.524538155645132 ], [ 660176.370454762130976, 7170374.769713658839464 ], [ 660146.446834369329736, 7170359.80791056714952 ], [ 660106.548677030252293, 7170354.820649195462465 ], [ 660085.76838535699062, 7170345.677325610071421 ], [ 660052.935526349465363, 7170339.858851108700037 ], [ 660034.64887015230488, 7170334.040373533964157 ], [ 660014.6997904231539, 7170326.559473041445017 ], [ 659990.59465345647186, 7170322.403419960290194 ], [ 659973.970421144040301, 7170319.909788567572832 ], [ 659963.995882074348629, 7170319.909790674224496 ], [ 659944.878014466608874, 7170314.922524906694889 ], [ 659923.266512090456672, 7170309.935259664431214 ], [ 659903.317429539514706, 7170289.154973018914461 ], [ 659890.018040231312625, 7170270.868319872766733 ], [ 659882.537131869932637, 7170251.750453861430287 ], [ 659868.406532738241367, 7170241.775917233899236 ], [ 659838.482914297957905, 7170235.95744210947305 ], [ 659800.24717997002881, 7170230.138968737795949 ], [ 659785.285369427874684, 7170220.995643916539848 ], [ 659771.154766418738291, 7170192.734451334923506 ], [ 659761.180221177637577, 7170163.642046242952347 ], [ 659752.036888760630973, 7170140.368122415617108 ], [ 659737.906286810757592, 7170117.094199641607702 ], [ 659726.269320864928886, 7170099.638757777400315 ], [ 659717.125991447363049, 7170090.495431730523705 ], [ 659699.670545613975264, 7170078.858472535386682 ], [ 659683.04631207336206, 7170070.54635970108211 ], [ 659665.590868884464726, 7170071.377575015649199 ], [ 659651.460273284697905, 7170078.027271063998342 ], [ 659638.160890683531761, 7170091.326660014688969 ], [ 659629.017565498244949, 7170102.132413184270263 ], [ 659590.366230315761641, 7170119.587865646928549 ], [ 659576.235636826604605, 7170136.212101304903626 ], [ 659558.780197335872799, 7170154.498760933987796 ], [ 659539.662333961226977, 7170169.460574375465512 ], [ 659512.232353639788926, 7170179.435119765810668 ], [ 659494.776910447399132, 7170180.266335075721145 ], [ 659489.789640737930313, 7170179.435124492272735 ], [ 659477.321465846267529, 7170174.447857312858105 ], [ 659467.346925194957294, 7170166.96695470623672 ], [ 659459.866018783068284, 7170156.992416671477258 ], [ 659453.216322551947087, 7170140.368185387924314 ], [ 659446.566625613719225, 7170120.41910756751895 ], [ 659441.579350626678206, 7170094.651547960937023 ], [ 659428.279959923587739, 7170069.715201737359166 ], [ 659418.30541944981087, 7170063.065510764718056 ], [ 659395.862706023966894, 7170060.571880587376654 ], [ 659374.251203307299875, 7170053.922192060388625 ], [ 659349.314855466829613, 7170053.090985676273704 ], [ 659318.560026681167074, 7170053.090992145240307 ], [ 659296.53291623655241, 7170037.297975732013583 ], [ 659284.064737657899968, 7170014.85526423715055 ], [ 659274.090193492593244, 7169990.750128947198391 ], [ 659267.440497090690769, 7169973.29468603245914 ], [ 659261.622013507876545, 7169961.657724382355809 ], [ 659248.322624396416359, 7169944.20228286460042 ], [ 659230.0359654026106, 7169925.084419130347669 ], [ 659219.230211586458609, 7169910.122611992061138 ], [ 659202.605976474122144, 7169894.329594442620873 ], [ 659180.163263581343926, 7169894.329599160701036 ], [ 659161.87660863075871, 7169894.329603005200624 ], [ 659129.459356850478798, 7169895.160821449011564 ], [ 659101.198162837419659, 7169895.160827385261655 ], [ 659068.780910002999008, 7169891.004776027053595 ], [ 659043.013347069034353, 7169873.549337128177285 ], [ 659006.440035941195674, 7169867.730863371863961 ], [ 658985.659746226621792, 7169867.730867734178901 ], [ 658964.048244922189042, 7169867.730872268788517 ], [ 658942.436742743127979, 7169863.574818637222052 ], [ 658924.150086213950999, 7169856.093917770311236 ], [ 658899.21373539918568, 7169841.13211359269917 ], [ 658865.134057460585609, 7169827.832734603434801 ], [ 658824.404683836386539, 7169800.402759230695665 ], [ 658787.831366578000598, 7169765.491878281347454 ], [ 658779.519241579575464, 7169722.268875072710216 ], [ 658768.713487423141487, 7169705.644644664600492 ], [ 658756.245312195504084, 7169698.994954209774733 ], [ 658732.971386669203639, 7169694.007689286023378 ], [ 658708.035037964815274, 7169689.020424710586667 ], [ 658679.773843435104936, 7169686.526795729994774 ], [ 658651.512652230565436, 7169699.826187790371478 ], [ 658634.057210451224819, 7169707.30709614790976 ], [ 658619.926613447722048, 7169707.307099108584225 ], [ 658610.783284924924374, 7169702.319831222295761 ], [ 658593.327837365330197, 7169682.370755670592189 ], [ 658570.885118527919985, 7169654.109564827755094 ], [ 658543.455134360468946, 7169645.797454234212637 ], [ 658521.843632188858464, 7169641.641400591470301 ], [ 658503.972579015418887, 7169622.52353675942868 ], [ 658496.491674020770006, 7169619.198691790923476 ], [ 658484.854712133761495, 7169620.86111749149859 ], [ 658469.061694405041635, 7169632.498083667829633 ], [ 658458.255944456206635, 7169635.822932464070618 ], [ 658429.16353991383221, 7169640.810208352282643 ], [ 658412.539308322709985, 7169641.641423461027443 ], [ 658400.071134496014565, 7169641.641426069661975 ], [ 658378.04402565700002, 7169633.329314341768622 ], [ 658370.563119439291768, 7169624.185987935401499 ], [ 658362.251001982484013, 7169616.705084972083569 ], [ 658354.770096114487387, 7169609.224181834608316 ], [ 658348.120403406908736, 7169609.224183226004243 ], [ 658336.483441170537844, 7169609.224185657687485 ], [ 658326.508902985020541, 7169613.380245910957456 ], [ 658318.196789548033848, 7169625.017210518941283 ], [ 658302.403771643294021, 7169635.822965056635439 ], [ 658288.273175514535978, 7169639.979026176966727 ], [ 658275.805001690168865, 7169639.979028783738613 ], [ 658265.830460357945412, 7169629.173279630020261 ], [ 658253.362283913302235, 7169616.705107733607292 ], [ 658249.206224223598838, 7169608.392992266453803 ], [ 658240.894106069230475, 7169597.587242767214775 ], [ 658229.257140165194869, 7169580.131800895556808 ], [ 658227.594711922574788, 7169556.02666387334466 ], [ 658227.59470720635727, 7169533.583949768915772 ], [ 658225.932280012639239, 7169514.466082545928657 ], [ 658222.607429992873222, 7169497.010638939216733 ], [ 658219.282578923390247, 7169474.567925531417131 ], [ 658220.944997731829062, 7169453.78763435035944 ], [ 658232.581951929489151, 7169415.551896783523262 ], [ 658237.569215517956764, 7169387.29070021212101 ], [ 658243.387692441930994, 7169367.341619797050953 ], [ 658250.868591143283993, 7169340.74284596927464 ], [ 658250.868587998789735, 7169325.781036570668221 ], [ 658250.037372393533587, 7169306.663169180974364 ], [ 658239.231616682838649, 7169282.558034074492753 ], [ 658230.919495213311166, 7169255.959263551980257 ], [ 658212.632828226895072, 7169198.605664689093828 ], [ 658212.63282333558891, 7169175.33173896279186 ], [ 658212.632816348224878, 7169142.083273641765118 ], [ 658210.139176170923747, 7169116.315713539719582 ], [ 658195.177363400347531, 7169096.366637473925948 ], [ 658160.682076919823885, 7169069.767872423864901 ], [ 658133.252089812653139, 7169047.325164062902331 ], [ 658070.911216373089701, 7169026.544886255636811 ], [ 658006.076711140456609, 7169019.895206723362207 ], [ 657959.528859091806225, 7169004.933407040312886 ], [ 657919.630699399393052, 7168988.309182705357671 ], [ 657821.547721954295412, 7168940.098928449675441 ], [ 657784.143196681514382, 7168921.81228032335639 ], [ 657747.569879165384918, 7168885.238976100459695 ], [ 657711.827774635050446, 7168855.315364768728614 ], [ 657688.553844788344577, 7168829.54780900105834 ], [ 657683.566569692571647, 7168802.949037795886397 ], [ 657693.125493199331686, 7168756.401184380054474 ], [ 657697.2815450419439, 7168727.308776374906301 ], [ 657706.424866233719513, 7168697.385155700147152 ], [ 657716.399399012909271, 7168667.461534853093326 ], [ 657727.205144074512646, 7168640.862760363146663 ], [ 657742.998160226386972, 7168621.74488952755928 ], [ 657766.272077527130023, 7168587.665207750163972 ], [ 657788.71478254115209, 7168550.260679617524147 ], [ 657803.676584835746326, 7168520.337057735770941 ], [ 657806.170213674311526, 7168492.075861720368266 ], [ 657805.338999647996388, 7168480.438899040222168 ], [ 657793.702036034548655, 7168473.789208406582475 ], [ 657766.272053837077692, 7168474.620425753295422 ], [ 657738.010860400041565, 7168477.114066538400948 ], [ 657699.775128265842795, 7168481.270132662728429 ], [ 657660.708184197545052, 7168483.763775694184005 ], [ 657629.95335651980713, 7168488.75105188973248 ], [ 657585.899143100017682, 7168492.075907588936388 ], [ 657546.000987444305792, 7168494.569550787098706 ], [ 657511.921313243336044, 7168498.725616035982966 ], [ 657483.660120674874634, 7168505.37531497515738 ], [ 657431.293793990975246, 7168521.16834687627852 ], [ 657376.433835323667154, 7168550.260765410959721 ], [ 657341.522953876061365, 7168575.197121636010706 ], [ 657323.236304516089149, 7168601.795897670090199 ], [ 657320.742672707885504, 7168615.926495940424502 ], [ 657326.976762390229851, 7168629.225880762562156 ], [ 657328.639189386274666, 7168647.512536332011223 ], [ 657319.495864010765217, 7168657.487077821046114 ], [ 657298.715575024485588, 7168660.811928666196764 ], [ 657277.935285342507996, 7168660.811932983808219 ], [ 657259.648632507538423, 7168670.786476369947195 ], [ 657238.037132278666832, 7168675.773750651627779 ], [ 657218.088056268985383, 7168685.74829438701272 ], [ 657191.4892910287017, 7168712.347072146832943 ], [ 657141.616607241448946, 7168767.207050245255232 ], [ 657081.769392028334551, 7168858.640342252328992 ], [ 657021.090959317632951, 7168921.812438922934234 ], [ 656971.21827515703626, 7168975.009993760846555 ], [ 656937.969819276710041, 7169011.583312494680285 ], [ 656923.839229043805972, 7169044.000569107010961 ], [ 656925.917271007201634, 7169106.341441145166755 ], [ 656936.723036029026844, 7169175.332004443742335 ], [ 656947.528795853955671, 7169219.386218757368624 ], [ 656948.360010214149952, 7169232.685604715719819 ], [ 656945.866378915961832, 7169249.309837894514203 ], [ 656944.203959378297441, 7169266.765282534062862 ], [ 656942.54154989134986, 7169332.431001899763942 ], [ 656946.697619267273694, 7169387.290968831628561 ], [ 656940.359641304472461, 7169437.163668145425618 ], [ 656922.696400469867513, 7169463.139035347849131 ], [ 656895.682032950106077, 7169506.777651697397232 ], [ 656873.862735256669112, 7169537.948092469014227 ], [ 656856.199492685613222, 7169555.611343339085579 ], [ 656837.497236495371908, 7169577.430652591399848 ], [ 656829.185124509385787, 7169596.132916064932942 ], [ 656828.146112619433552, 7169608.60109078604728 ], [ 656845.809362551080994, 7169626.264334339648485 ], [ 656874.901772689307109, 7169648.083633692935109 ], [ 656913.345315578160807, 7169681.332091071642935 ], [ 656925.813495684182271, 7169711.46351020783186 ], [ 656942.437741313362494, 7169777.960437458008528 ], [ 656947.632817856851034, 7169797.701712681911886 ], [ 656972.569170710630715, 7169822.63805652782321 ], [ 656989.19340551411733, 7169837.184256670996547 ], [ 656994.388480542809702, 7169849.652430100366473 ], [ 656997.505530065507628, 7169878.744836638681591 ], [ 656999.583562720916234, 7169896.408083425834775 ], [ 657010.493221753044054, 7169929.656546519137919 ], [ 656989.193429561564699, 7169952.514870868064463 ], [ 656963.218073046533391, 7169979.529254353605211 ], [ 656937.242716530803591, 7170006.543637841939926 ], [ 656907.111302069621161, 7170033.558022188022733 ], [ 656885.292000895366073, 7170048.104230303317308 ], [ 656855.160581666743383, 7170052.260294714942575 ], [ 656819.834086763788946, 7170040.831142062321305 ], [ 656739.829966585268266, 7170017.972838690504432 ], [ 656695.152342177345417, 7170010.699746137484908 ], [ 656652.552745659369975, 7169998.231580441817641 ], [ 656620.343296596198343, 7169998.231587103568017 ], [ 656601.64103757950943, 7170006.543707308359444 ], [ 656590.211882555973716, 7170027.324000523425639 ], [ 656590.211888606776483, 7170056.416407711803913 ], [ 656607.875143728917465, 7170099.016000304371119 ], [ 656607.875149348052219, 7170126.03037841245532 ], [ 656607.875155398854986, 7170155.122785605490208 ], [ 656606.836144803091884, 7170173.825047588907182 ], [ 656604.758121017483063, 7170198.761397042311728 ], [ 656604.758125987136737, 7170222.658731525763869 ], [ 656612.031234090216458, 7170254.868180847726762 ], [ 656615.148285761009902, 7170294.350732833147049 ], [ 656610.992234948207624, 7170328.63821360655129 ], [ 656600.602111477172002, 7170431.500655509531498 ], [ 656581.899857635144144, 7170464.749124754220247 ], [ 656552.807460004813038, 7170503.19266886357218 ], [ 656529.949147347826511, 7170532.285080797970295 ], [ 656513.324918585363775, 7170546.831287836655974 ], [ 656444.230458676116541, 7170563.455534804612398 ], [ 656429.684256726643071, 7170567.61159598082304 ], [ 656406.825937156681903, 7170563.455542529001832 ], [ 656389.162689155200496, 7170555.143429830670357 ], [ 656361.10929952620063, 7170562.41653742454946 ], [ 656340.329013891518116, 7170582.157818036153913 ], [ 656315.392672897083685, 7170614.367274023592472 ], [ 656292.53435828560032, 7170634.108555067330599 ], [ 656277.988156549516134, 7170639.303630785085261 ], [ 656250.973781616892666, 7170647.615752704441547 ], [ 656220.842364950221963, 7170664.239991614595056 ], [ 656194.867006012238562, 7170679.825215121731162 ], [ 656167.852631508023478, 7170690.215366126969457 ], [ 656146.033326854230836, 7170688.137341539375484 ], [ 656117.979932908783667, 7170674.630158257670701 ], [ 656102.394711944274604, 7170656.966914232820272 ], [ 656090.965549142914824, 7170640.342683893628418 ], [ 656062.912151538883336, 7170609.172253376804292 ], [ 656054.600034999079071, 7170606.055211460217834 ], [ 656032.780730347032659, 7170603.977186868898571 ], [ 655989.142122118500993, 7170605.016210403293371 ], [ 655949.659573560813442, 7170614.367349420674145 ], [ 655918.489141108701006, 7170624.75750127248466 ], [ 655896.669840328511782, 7170641.381738455966115 ], [ 655864.460392528562807, 7170647.61583234462887 ], [ 655833.289957279572263, 7170644.498795127496123 ], [ 655807.314594680792652, 7170642.420771386474371 ], [ 655780.30021823849529, 7170643.459791487082839 ], [ 655764.715003515593708, 7170655.92796921171248 ], [ 655748.090776885161176, 7170680.864321671426296 ], [ 655733.544578367378563, 7170701.644615530967712 ], [ 655715.881334024947137, 7170710.995750054717064 ], [ 655706.530204287031665, 7170714.112795606255531 ], [ 655677.957311053061858, 7170739.0491505227983 ], [ 655654.059981075115502, 7170754.634373586624861 ], [ 655633.279695202596486, 7170773.336639639921486 ], [ 655632.240684796357527, 7170793.077916179783642 ], [ 655618.733503336086869, 7170826.326384348794818 ], [ 655618.733506771968678, 7170842.950617047958076 ], [ 655632.240698540350422, 7170859.574846969917417 ], [ 655654.060006850049831, 7170879.316118814051151 ], [ 655671.723259146208875, 7170908.408522407524288 ], [ 655684.19144094013609, 7170946.85205796174705 ], [ 655669.645243274630047, 7170971.788410003297031 ], [ 655642.63087197591085, 7170997.76377915032208 ], [ 655626.00664447422605, 7171018.544073443859816 ], [ 655609.382419118075632, 7171049.714513175189495 ], [ 655602.109326295554638, 7171091.275096423923969 ], [ 655598.992291421978734, 7171132.835678826086223 ], [ 655596.914266311912797, 7171151.537941044196486 ], [ 655591.19969779427629, 7171205.566698510199785 ], [ 655580.80955978774, 7171238.815166058018804 ], [ 655580.809567088028416, 7171274.141660558059812 ], [ 655608.862966842483729, 7171315.702236564829946 ], [ 655633.799318843055516, 7171336.482522327452898 ], [ 655638.994395363377407, 7171356.223797600716352 ], [ 655626.526227091555484, 7171383.238178317435086 ], [ 655607.823972323094495, 7171412.330589400604367 ], [ 655578.731572888791561, 7171442.462017166428268 ], [ 655555.873258019215427, 7171461.164283662103117 ], [ 655548.600162184331566, 7171488.178663311526179 ], [ 655556.912284741527401, 7171520.388112486340106 ], [ 655553.795246428926475, 7171545.324462193995714 ], [ 655531.975948618259281, 7171576.494903014972806 ], [ 655515.871228773961775, 7171599.35322630405426 ], [ 655506.520100955618545, 7171611.821402758359909 ], [ 655499.247004473698325, 7171635.718738781288266 ], [ 655503.403067789738998, 7171661.694101545959711 ], [ 655515.871248515322804, 7171694.942564418539405 ], [ 655518.988296056864783, 7171714.683840129524469 ], [ 655509.637171241571195, 7171741.69822021573782 ], [ 655490.934912813128904, 7171753.127384048886597 ], [ 655457.686452617985196, 7171769.751623591408134 ], [ 655441.062223806977272, 7171784.297830631956458 ], [ 655420.281939401640557, 7171810.273198519833386 ], [ 655409.891800949466415, 7171841.443637002259493 ], [ 655409.891807598178275, 7171873.653087895363569 ], [ 655414.047874557902105, 7171917.29169793613255 ], [ 655417.164921884424984, 7171935.993959108367562 ], [ 655427.5550740621984, 7171971.320451512932777 ], [ 655432.750154010835104, 7172007.685959529131651 ], [ 655446.77686462062411, 7172080.416974820196629 ], [ 655460.28405876737088, 7172108.470364773645997 ], [ 655469.635196245275438, 7172142.757842851802707 ], [ 655474.830276841414161, 7172182.240394512191415 ], [ 655466.518166077672504, 7172207.176745310425758 ], [ 655446.776894433074631, 7172224.839996635913849 ], [ 655429.113652840256691, 7172247.69832026399672 ], [ 655408.333371422020718, 7172288.219891803339124 ], [ 655401.060276858974248, 7172321.468358756974339 ], [ 655391.70915567711927, 7172366.145986141636968 ], [ 655389.631135060917586, 7172406.667553849518299 ], [ 655373.006910521537066, 7172441.99405181966722 ], [ 655373.526426126947626, 7172482.515619000419974 ], [ 655384.955593656632118, 7172521.998169399797916 ], [ 655389.111660618218593, 7172565.6367794778198 ], [ 655381.838564122910611, 7172589.53411553055048 ], [ 655369.370392821496353, 7172602.002292639575899 ], [ 655347.551093043526635, 7172623.821602582931519 ], [ 655337.160952006699517, 7172642.523866544477642 ], [ 655342.356027668807656, 7172658.109083671122789 ], [ 655357.941247370094061, 7172669.538240481168032 ], [ 655397.423799046315253, 7172674.733305114321411 ], [ 655427.555219244211912, 7172674.733298933133483 ], [ 655473.271855928469449, 7172670.577231364324689 ], [ 655505.481305963243358, 7172674.733282938599586 ], [ 655526.26159811578691, 7172686.162438677623868 ], [ 655535.612733886926435, 7172712.137800414115191 ], [ 655538.729781862697564, 7172733.957105245441198 ], [ 655529.378655746812001, 7172754.737398088909686 ], [ 655499.247239407384768, 7172773.439666108228266 ], [ 655456.647649833234027, 7172795.258980326354504 ], [ 655415.087076461524703, 7172825.390410698950291 ], [ 655373.526502013555728, 7172850.326768336817622 ], [ 655313.263667389284819, 7172878.380173448473215 ], [ 655255.598370912484825, 7172915.784708943217993 ], [ 655214.037793885916471, 7172928.252892017364502 ], [ 655155.852986301993951, 7172946.955165777355433 ], [ 655109.097337464685552, 7172962.540393549017608 ], [ 655051.951543510425836, 7172977.086608899757266 ], [ 655007.27392343361862, 7172991.632821695879102 ], [ 654984.415607004892081, 7173003.061986384913325 ], [ 654972.4669433622621, 7173017.608192482963204 ], [ 654971.427933362545446, 7173039.427498177625239 ], [ 654968.310895238537341, 7173065.4028624817729 ], [ 654965.193860747269355, 7173109.041474081575871 ], [ 654975.58400949719362, 7173127.743733797222376 ], [ 654988.052187015302479, 7173145.406978543847799 ], [ 654993.247265454148874, 7173174.499384791590273 ], [ 654993.247272296925075, 7173207.74785029143095 ], [ 654979.740088839665987, 7173231.645187633112073 ], [ 654963.115857636672445, 7173234.76223467476666 ], [ 654951.686697386670858, 7173230.606178826652467 ], [ 654927.789361757575534, 7173219.17702369671315 ], [ 654897.6579383329954, 7173203.591811656020582 ], [ 654873.760600567678921, 7173181.772511057555676 ], [ 654850.902276867767796, 7173157.875181153416634 ], [ 654821.809866014285944, 7173132.938837976194918 ], [ 654787.522382925730199, 7173109.041510407812893 ], [ 654721.025452564703301, 7173094.495320338755846 ], [ 654689.85501764586661, 7173093.456312157213688 ], [ 654650.37246574042365, 7173087.222232937812805 ], [ 654607.772873990237713, 7173098.651401648297906 ], [ 654552.705110703012906, 7173121.509732915088534 ], [ 654504.910448204260319, 7173141.251019053161144 ], [ 654452.959725184133276, 7173148.524131474085152 ], [ 654422.828304753638804, 7173147.485123071819544 ], [ 654395.294419698184356, 7173142.290055949240923 ], [ 654364.123982222285122, 7173128.782873194664717 ], [ 654330.87551363860257, 7173104.885545393452048 ], [ 654313.212263472843915, 7173086.183287151157856 ], [ 654300.74408639781177, 7173070.598071489483118 ], [ 654295.549011393450201, 7173058.129897987470031 ], [ 654292.431964303832501, 7173040.466651327908039 ], [ 654289.314915725495666, 7173015.530302844941616 ], [ 654287.236883764155209, 7173000.984099615365267 ], [ 654270.612647667527199, 7172980.203812070190907 ], [ 654246.715311843552627, 7172967.735642377287149 ], [ 654212.427830057684332, 7172950.072402067482471 ], [ 654178.140350612578914, 7172943.838321767747402 ], [ 654132.423713479191065, 7172945.916360164992511 ], [ 654109.565396614489146, 7172955.267495733685791 ], [ 654109.565400653402321, 7172975.008772119879723 ], [ 654133.462739877984859, 7173004.101174559444189 ], [ 654141.774865155573934, 7173049.817812921479344 ], [ 654157.360088888090104, 7173080.988246150314808 ], [ 654161.516157482634299, 7173132.938972640782595 ], [ 654161.51616684102919, 7173178.655612701550126 ], [ 654164.633219883078709, 7173225.411266677081585 ], [ 654179.179430192918517, 7173261.776772858574986 ], [ 654206.193810985190794, 7173281.51804375089705 ], [ 654245.676366090774536, 7173303.337341200560331 ], [ 654271.651731757447124, 7173319.961568662896752 ], [ 654293.471042018500157, 7173349.053971538320184 ], [ 654306.978238696232438, 7173389.5755361225456 ], [ 654309.056276619201526, 7173433.214146682992578 ], [ 654306.97825168329291, 7173452.955423504114151 ], [ 654299.705154292983934, 7173472.696701381355524 ], [ 654281.002897078520618, 7173490.359952494502068 ], [ 654261.2616251608124, 7173506.98418927192688 ], [ 654246.715424632304348, 7173518.413352254778147 ], [ 654249.312969582970254, 7173561.012948166579008 ], [ 654252.430020929779857, 7173599.456485787406564 ], [ 654264.89820248214528, 7173636.861006956547499 ], [ 654263.859194164164364, 7173666.992429045960307 ], [ 654252.430040084174834, 7173692.967795060947537 ], [ 654222.298624311806634, 7173714.787106695584953 ], [ 654191.128192772623152, 7173730.372331254184246 ], [ 654153.204168316093273, 7173752.191644473001361 ], [ 654117.87767732120119, 7173760.503768041729927 ], [ 654099.175418393802829, 7173769.85490277595818 ], [ 654090.863305229344405, 7173783.362093586474657 ], [ 654089.824294565245509, 7173802.064355655573308 ], [ 654092.941343778162263, 7173830.117747811600566 ], [ 654098.13642218708992, 7173859.210154092870653 ], [ 654099.175443693995476, 7173893.497633958235383 ], [ 654091.902350545162335, 7173934.019202806055546 ], [ 654099.175459213554859, 7173969.345695955678821 ], [ 654120.994770761113614, 7174004.672186148352921 ], [ 654143.853094887686893, 7174030.647545197978616 ], [ 654175.023533248342574, 7174048.310786171816289 ], [ 654223.857221155543812, 7174081.559241770766675 ], [ 654256.066677841125056, 7174117.92474439740181 ], [ 654273.729930157540366, 7174147.017148148268461 ], [ 654285.159097653231584, 7174186.499698654748499 ], [ 654302.822350397938862, 7174217.67013150639832 ], [ 654323.602644702536054, 7174239.489432786591351 ], [ 654342.304910025559366, 7174261.308734491467476 ], [ 654345.421957546379417, 7174281.050010275095701 ], [ 654338.148860787274316, 7174303.908331822603941 ], [ 654310.095473127788864, 7174321.571584859862924 ], [ 654277.886028988403268, 7174346.507940582931042 ], [ 654264.37884357268922, 7174361.054147014394403 ], [ 654242.040039869723842, 7174399.497689858078957 ], [ 654211.908627049531788, 7174435.863205191679299 ], [ 654188.011301178485155, 7174472.228719256818295 ], [ 654150.606787331867963, 7174510.672265170142055 ], [ 654114.241284359130077, 7174531.452563542872667 ], [ 654079.953807182144374, 7174536.647643262520432 ], [ 654062.290562516311184, 7174544.959763241931796 ], [ 654049.822391160181724, 7174557.427940364927053 ], [ 654045.666335528483614, 7174568.857101244851947 ], [ 654053.978456142474897, 7174591.715419627726078 ], [ 654085.148895798251033, 7174615.61274791136384 ], [ 654093.461015774519183, 7174635.354022651910782 ], [ 654091.382989978650585, 7174650.939241306856275 ], [ 654069.563690316746943, 7174673.797565820626915 ], [ 654055.017492099432275, 7174696.655888854525983 ], [ 654046.705381259554997, 7174721.592239720746875 ], [ 654032.159184315707535, 7174750.684650052338839 ], [ 654008.261854602023959, 7174768.347902243956923 ], [ 653970.857336270972155, 7174784.97214263305068 ], [ 653933.452816452481784, 7174794.323281174525619 ], [ 653905.918936859699897, 7174816.142592299729586 ], [ 653889.294707315624692, 7174827.571755718439817 ], [ 653882.021609475254081, 7174845.235004532150924 ], [ 653883.060628424747847, 7174867.054309854283929 ], [ 653902.801913127535954, 7174912.770946009084582 ], [ 653903.840933989384212, 7174943.941382277756929 ], [ 653903.840939297224395, 7174969.916746011003852 ], [ 653911.114046266884543, 7174996.931122815236449 ], [ 653917.348141291877255, 7175036.413674427196383 ], [ 653907.997017862508073, 7175070.701156459748745 ], [ 653891.372785551822744, 7175068.623130735009909 ], [ 653863.319392121280544, 7175058.232990941032767 ], [ 653835.266000602510758, 7175057.193982088007033 ], [ 653799.939507207716815, 7175054.076945612207055 ], [ 653755.26188528793864, 7175060.311041975393891 ], [ 653738.637654462596402, 7175065.506118097342551 ], [ 653704.350178529508412, 7175076.935285098850727 ], [ 653659.67255893885158, 7175094.59854150377214 ], [ 653637.853260945528746, 7175125.768982414156199 ], [ 653618.111991089535877, 7175152.783364707604051 ], [ 653595.253677116823383, 7175176.680703983642161 ], [ 653572.395363355870359, 7175201.617057805880904 ], [ 653555.771135702030733, 7175222.397352170199156 ], [ 653546.939519076840952, 7175254.606805002316833 ], [ 653546.939522889559157, 7175273.309066899120808 ], [ 653545.900510514504276, 7175283.699212605133653 ], [ 653545.90051559812855, 7175308.635561801493168 ], [ 653552.134605734841898, 7175324.220778785645962 ], [ 653584.344059473020025, 7175346.040077803656459 ], [ 653610.319427526090294, 7175374.093465384095907 ], [ 653633.177750617498532, 7175394.873751746490598 ], [ 653686.167497621849179, 7175433.317279349081218 ], [ 653712.142866317532025, 7175464.487710578367114 ], [ 653728.767106907442212, 7175507.087303757667542 ], [ 653728.767116238130257, 7175552.803943964652717 ], [ 653711.103884265758097, 7175623.456936960108578 ], [ 653708.506357996957377, 7175672.290621351450682 ], [ 653707.46735664899461, 7175736.709523683413863 ], [ 653723.052600986324251, 7175868.664368435740471 ], [ 653716.299018649151549, 7175926.849184643477201 ], [ 653698.635777126764879, 7175950.746522892266512 ], [ 653670.582391084637493, 7175976.721892351284623 ], [ 653659.153232709039003, 7175981.916967422701418 ], [ 653645.646046405425295, 7175992.30711567029357 ], [ 653642.529005889780819, 7176006.853320012800395 ], [ 653641.48999817785807, 7176040.101785847917199 ], [ 653669.54339545709081, 7176069.194187583401799 ], [ 653696.557778668007813, 7176100.364618632942438 ], [ 653719.416107718832791, 7176150.237312440760434 ], [ 653719.416115565574728, 7176188.680850828066468 ], [ 653719.416123623377644, 7176228.163403766229749 ], [ 653710.065002925228328, 7176275.958075016736984 ], [ 653704.869939145282842, 7176318.557672669179738 ], [ 653704.869946141843684, 7176352.845152862370014 ], [ 653715.260097449878231, 7176384.015587292611599 ], [ 653726.689261556253769, 7176406.873905102722347 ], [ 653753.7036443578545, 7176435.966307058930397 ], [ 653799.420286369509995, 7176456.746588807553053 ], [ 653838.90284417476505, 7176491.034060989506543 ], [ 653863.319690957898274, 7176521.165478026494384 ], [ 653882.021959082921967, 7176556.491968980059028 ], [ 653907.997326975688338, 7176583.506342044100165 ], [ 653936.050723011721857, 7176606.36465648189187 ], [ 653976.572292988654226, 7176629.222968382760882 ], [ 654023.327949727303348, 7176651.042264465242624 ], [ 654050.342329359962605, 7176664.549448143690825 ], [ 654098.136997623252682, 7176671.82254028879106 ], [ 654131.385461678844877, 7176672.861548077315092 ], [ 654178.141114808851853, 7176677.017596771940589 ], [ 654210.350566496956162, 7176688.446750286966562 ], [ 654251.911152897868305, 7176720.656192931346595 ], [ 654299.705826272955164, 7176752.865634306333959 ], [ 654338.149367492413148, 7176776.762961169704795 ], [ 654376.592905944213271, 7176787.153098857030272 ], [ 654413.997426922549494, 7176782.997033026069403 ], [ 654490.364990618545562, 7176774.684901043772697 ], [ 654551.666845837375149, 7176774.684888543561101 ], [ 654615.04673004639335, 7176774.68487561121583 ], [ 654661.802383825764991, 7176781.957967933267355 ], [ 654723.104242461267859, 7176798.582188246771693 ], [ 654779.211031824583188, 7176830.791627896949649 ], [ 654809.342456886079162, 7176853.649941885843873 ], [ 654865.449242838658392, 7176869.235148700885475 ], [ 654907.009826927212998, 7176890.015431243926287 ], [ 654951.68745450291317, 7176910.795713149942458 ], [ 654973.506760830874555, 7176920.146839655935764 ], [ 654997.923605108750053, 7176937.810082048177719 ], [ 655014.547845162102021, 7176977.292631627991796 ], [ 655018.703911909251474, 7177019.892227418720722 ], [ 655017.664906394667923, 7177063.530838826671243 ], [ 654992.728567265439779, 7177106.130440571345389 ], [ 654971.948284404585138, 7177140.417925048619509 ], [ 654954.28504289186094, 7177164.31526336632669 ], [ 654939.738844652893022, 7177187.173586495220661 ], [ 654935.582792439148761, 7177215.226980260573328 ], [ 654937.660824636463076, 7177230.812198124825954 ], [ 654960.519145042519085, 7177238.085295318625867 ], [ 655007.274800991173834, 7177255.748533146455884 ], [ 655031.172136321547441, 7177265.099659230560064 ], [ 655051.95242837886326, 7177275.489800505340099 ], [ 655076.888777991640382, 7177283.801911821588874 ], [ 655117.410345045500435, 7177292.11401994805783 ], [ 655196.375455086585134, 7177332.635571332648396 ], [ 655255.599283929797821, 7177345.103733832016587 ], [ 655300.276910043554381, 7177358.610913862474263 ], [ 655340.278972641914152, 7177380.430211268365383 ], [ 655349.630105248419568, 7177390.820354879833758 ], [ 655356.903211864177138, 7177415.756702654063702 ], [ 655357.942235145834275, 7177458.356299106031656 ], [ 655360.020269923610613, 7177486.409691609442234 ], [ 655365.215348404832184, 7177515.502098022028804 ], [ 655362.098313487949781, 7177557.062680779024959 ], [ 655344.435073048342019, 7177586.155091883614659 ], [ 655312.225636514602229, 7177648.495971671305597 ], [ 655285.211266674450599, 7177682.783457460813224 ], [ 655271.704084002412856, 7177710.836853165179491 ], [ 655268.587046509957872, 7177739.929261293262243 ], [ 655268.587052290095016, 7177767.982654230669141 ], [ 655277.93818618694786, 7177784.606885166838765 ], [ 655316.90123281092383, 7177799.153080927208066 ], [ 655383.398164025158621, 7177815.777300149202347 ], [ 655414.568600212456658, 7177822.011381074786186 ], [ 655462.363267060020007, 7177822.011371271684766 ], [ 655519.509062876459211, 7177814.738257672637701 ], [ 655561.069642958813347, 7177815.777263693511486 ], [ 655624.449526611249894, 7177812.660207020118833 ], [ 655674.322218587854877, 7177793.957934817299247 ], [ 655698.219548790017143, 7177778.372711607255042 ], [ 655714.84377901814878, 7177770.060591764748096 ], [ 655748.092243769555353, 7177774.216643143445253 ], [ 655775.106622399762273, 7177782.528754018247128 ], [ 655807.316072226269171, 7177784.606776501983404 ], [ 655826.018332950305194, 7177783.567758103832603 ], [ 655886.800677563995123, 7177766.943512748926878 ], [ 655926.283228435087949, 7177766.943504625931382 ], [ 655997.975230854703113, 7177777.333635402843356 ], [ 656047.847930350573733, 7177794.9968725387007 ], [ 656132.008105873013847, 7177801.230942523106933 ], [ 656188.114889339311048, 7177804.347974618896842 ], [ 656227.597440212965012, 7177804.347966481000185 ], [ 656280.587177818408236, 7177796.035839129239321 ], [ 656334.615928410319611, 7177780.450609683990479 ], [ 656384.488622524309903, 7177772.138482965528965 ], [ 656421.373637153417803, 7177772.138475351966918 ], [ 656463.973235400859267, 7177790.84072851575911 ], [ 656490.98761533619836, 7177805.386926684528589 ], [ 656526.314108654856682, 7177807.464948494918644 ], [ 656555.406514561502263, 7177807.464942483231425 ], [ 656579.303846256923862, 7177799.152821118943393 ], [ 656605.279205002239905, 7177781.489568345248699 ], [ 656610.474270357517526, 7177747.202087013050914 ], [ 656611.51327318965923, 7177691.095300924964249 ], [ 656617.74735563271679, 7177669.275994021445513 ], [ 656621.903406490455382, 7177634.988512909039855 ], [ 656620.864386593224481, 7177609.013149295002222 ], [ 656620.864382056519389, 7177587.193843680433929 ], [ 656628.137479211087339, 7177566.413551117293537 ], [ 656634.371564676403068, 7177559.140447959303856 ], [ 656654.112840105779469, 7177559.140443878248334 ], [ 656675.932148419786245, 7177577.842701319605112 ], [ 656702.94653224083595, 7177611.091161431744695 ], [ 656741.390073149232194, 7177632.910459095612168 ], [ 656785.028685242403299, 7177648.495668364688754 ], [ 656823.472224640776403, 7177663.04186415206641 ], [ 656851.525616910308599, 7177667.197916558943689 ], [ 656877.500983433914371, 7177686.939187691546977 ], [ 656912.827480427687988, 7177706.680456886067986 ], [ 656941.919888278469443, 7177716.031581839546561 ], [ 656988.15603748941794, 7177735.772848775610328 ], [ 657038.02873332425952, 7177735.772838440723717 ], [ 657070.238182935863733, 7177736.811846319586039 ], [ 657095.174531504977494, 7177739.928884807042778 ], [ 657124.266939359367825, 7177749.280009757727385 ], [ 657151.281320390058681, 7177769.0212806686759 ], [ 657218.817265705903992, 7177783.567470403388143 ], [ 657261.416863322956488, 7177799.152679864317179 ], [ 657297.78237569599878, 7177823.05000704433769 ], [ 657319.601686852634884, 7177855.259453669190407 ], [ 657317.523665670421906, 7177892.66397802438587 ], [ 657307.133527427446097, 7177924.873431337997317 ], [ 657280.119160922360606, 7177974.746135517954826 ], [ 657258.299861259991303, 7177997.604460226371884 ], [ 657239.597605518531054, 7178022.540813393890858 ], [ 657225.051407548598945, 7178046.438151146285236 ], [ 657204.271126497420482, 7178089.037752160802484 ], [ 657189.724934161058627, 7178139.949468312785029 ], [ 657185.568881158716977, 7178163.846803912892938 ], [ 657173.62022181157954, 7178199.173301223665476 ], [ 657173.62022376304958, 7178208.524432206526399 ], [ 657173.620226364466362, 7178220.992606855928898 ], [ 657173.620230049593374, 7178238.65585427172482 ], [ 657181.932349929935299, 7178257.358114520087838 ], [ 657198.556586656603031, 7178280.216431260108948 ], [ 657222.453925083158538, 7178304.1137610450387 ], [ 657231.8050592453219, 7178321.777006523683667 ], [ 657241.156194709939882, 7178345.674339326098561 ], [ 657245.312261374434456, 7178387.234920628368855 ], [ 657231.80508158064913, 7178428.795505598187447 ], [ 657220.375929914531298, 7178466.200031923130155 ], [ 657190.24451577058062, 7178496.331460246816278 ], [ 657173.100776992272586, 7178498.409492913633585 ], [ 657156.47654568112921, 7178501.526540025137365 ], [ 657138.813300954876468, 7178509.838660121895373 ], [ 657109.720897838240489, 7178523.345855360850692 ], [ 657096.213712185272016, 7178536.853047366254032 ], [ 657092.057656793040223, 7178549.321222880855203 ], [ 657097.252731665270403, 7178560.750381901860237 ], [ 657118.033023570198566, 7178570.10150858387351 ], [ 657160.632620577933267, 7178582.56967440340668 ], [ 657198.037149002077058, 7178613.740103278309107 ], [ 657230.246605806518346, 7178649.066591449081898 ], [ 657254.143946630880237, 7178684.393081345595419 ], [ 657296.743553843349218, 7178745.694931225851178 ], [ 657325.83596564445179, 7178773.74831816367805 ], [ 657358.045419857953675, 7178796.606631680391729 ], [ 657387.137829710147344, 7178815.308887623250484 ], [ 657417.269250588840805, 7178817.386910473927855 ], [ 657462.985884377849288, 7178797.645624436438084 ], [ 657496.234345275792293, 7178783.09941376093775 ], [ 657526.365765717229806, 7178783.099407497793436 ], [ 657563.770288517000154, 7178787.255457939580083 ], [ 657590.784666770603508, 7178793.489539651200175 ], [ 657604.29185763548594, 7178804.918696944601834 ], [ 657601.174819574691355, 7178830.894061461091042 ], [ 657594.940740629099309, 7178869.337601287290454 ], [ 657603.252867698669434, 7178922.327341856434941 ], [ 657626.111195573117584, 7178964.926933853887022 ], [ 657641.696419567568228, 7178996.097367263399065 ], [ 657644.293959510396235, 7179013.760614158585668 ], [ 657645.332978139282204, 7179033.501890487968922 ], [ 657639.098896366893314, 7179058.438241107389331 ], [ 657632.864813507650979, 7179078.179518952034414 ], [ 657632.864816985325888, 7179094.803751831874251 ], [ 657644.293979946756735, 7179111.427982338704169 ], [ 657664.035258028423414, 7179123.896152892149985 ], [ 657698.322738436749205, 7179133.247276755981147 ], [ 657724.298101551132277, 7179136.364315016195178 ], [ 657772.092769789276645, 7179142.598392398096621 ], [ 657824.043495151563548, 7179144.676410689949989 ], [ 657859.369988101301715, 7179144.67640333250165 ], [ 657904.047611973946914, 7179146.754423134028912 ], [ 657939.374104924732819, 7179146.754415774717927 ], [ 657965.349466297775507, 7179141.559337582439184 ], [ 658006.910044713993557, 7179134.286227032542229 ], [ 658026.651320185745135, 7179134.286222916096449 ], [ 658049.50964176969137, 7179146.754392812028527 ], [ 658069.250921383500099, 7179166.495665244758129 ], [ 658101.460373237263411, 7179177.924818633124232 ], [ 658140.942923747585155, 7179175.846781285479665 ], [ 658188.737590464530513, 7179174.807756754569709 ], [ 658237.571271023596637, 7179170.651688338257372 ], [ 658277.05382109596394, 7179166.495621873065829 ], [ 658312.380312519613653, 7179159.222512604668736 ], [ 658335.238632798427716, 7179165.456595160067081 ], [ 658360.174984258133918, 7179182.080822835676372 ], [ 658388.228383146459237, 7179217.407311853021383 ], [ 658410.047708589932881, 7179317.152704611420631 ], [ 658433.945056045311503, 7179383.649631170555949 ], [ 658468.232544341823086, 7179430.405279003083706 ], [ 658483.817771007772535, 7179474.0438870806247 ], [ 658526.417373554664664, 7179512.487416733987629 ], [ 658569.01697763625998, 7179558.204048275947571 ], [ 658615.772635346511379, 7179583.140387830324471 ], [ 658656.29420650145039, 7179610.154757802374661 ], [ 658676.035484612453729, 7179622.622928339056671 ], [ 658700.452325563062914, 7179623.661937780678272 ], [ 658709.803455399814993, 7179620.544892156496644 ], [ 658740.973888843203895, 7179613.271783737465739 ], [ 658772.144323599990457, 7179612.232762651517987 ], [ 658791.885601055459119, 7179621.583889518864453 ], [ 658806.431807329528965, 7179637.169104808010161 ], [ 658812.66590001876466, 7179664.183481957763433 ], [ 658807.470839349203743, 7179720.290269071236253 ], [ 658797.080701581900939, 7179754.577751596458256 ], [ 658792.924650373170152, 7179786.787203708663583 ], [ 658792.924656723160297, 7179816.918625837191939 ], [ 658810.587906717672013, 7179833.542855033650994 ], [ 658830.329185275943018, 7179848.089054684154689 ], [ 658841.758347398834303, 7179860.557226963341236 ], [ 658845.914409996476024, 7179882.376531774178147 ], [ 658842.797370660468005, 7179902.117808995768428 ], [ 658830.329202141612768, 7179928.093175517395139 ], [ 658814.743989026872441, 7179948.873469911515713 ], [ 658793.963703851797618, 7179971.731794505380094 ], [ 658788.768638578243554, 7180006.019275955855846 ], [ 658781.495541898300871, 7180028.877597721293569 ], [ 658781.495546715566888, 7180051.735917965881526 ], [ 658773.702947162557393, 7180095.374530972912908 ], [ 658768.50787838594988, 7180113.037779521197081 ], [ 658771.624925825744867, 7180131.740040889009833 ], [ 658779.937047517625615, 7180158.754417618736625 ], [ 658796.561285866890103, 7180188.885836279019713 ], [ 658807.99045390880201, 7180229.407401597127318 ], [ 658822.536661946796812, 7180253.304733354598284 ], [ 658837.082868233788759, 7180268.889948656782508 ], [ 658864.097251807805151, 7180300.060379701666534 ], [ 658894.228680857922882, 7180340.581941103562713 ], [ 658905.65784934326075, 7180383.181535541079938 ], [ 658922.282086169812828, 7180406.039852309040725 ], [ 658939.945334646385163, 7180415.390979617834091 ], [ 658953.452523808227852, 7180418.508020455017686 ], [ 658982.544929816038348, 7180418.508014354854822 ], [ 659004.364234322682023, 7180418.508009776473045 ], [ 659023.066497960244305, 7180430.976180537603796 ], [ 659040.729750167112797, 7180457.990555312484503 ], [ 659050.080886152805761, 7180483.965917278081179 ], [ 659053.197932067327201, 7180495.39507675357163 ], [ 659068.263646930339746, 7180517.214379291050136 ], [ 659084.887884202413261, 7180542.150725173763931 ], [ 659086.965917809749953, 7180563.970030440017581 ], [ 659084.887895171064883, 7180594.10145303606987 ], [ 659063.068596582161263, 7180622.154850662685931 ], [ 659044.366340615204535, 7180646.052189407870173 ], [ 659024.625070366077125, 7180670.988542924635112 ], [ 659010.078875470324419, 7180709.43208460137248 ], [ 658985.142536222352646, 7180750.99267212767154 ], [ 658964.362251468352042, 7180775.929025868885219 ], [ 658937.347878832137212, 7180796.709322683513165 ], [ 658912.411534756422043, 7180815.41158994846046 ], [ 658877.085047423839569, 7180842.425975853577256 ], [ 658859.421808137558401, 7180876.713459958322346 ], [ 658844.875612790230662, 7180913.078972524031997 ], [ 658842.797586854663678, 7180927.625176768749952 ], [ 658806.951593578327447, 7180960.873650128953159 ], [ 658794.483423506608233, 7180979.575914781540632 ], [ 658794.483427010825835, 7180996.200147705152631 ], [ 658804.873577715363353, 7181023.214524033479393 ], [ 658818.38077104720287, 7181046.072841476649046 ], [ 658828.770920001436025, 7181064.775101341307163 ], [ 658833.965996449347585, 7181083.477362293750048 ], [ 658838.122059273067862, 7181106.335681699216366 ], [ 658839.161080344580114, 7181137.506118219345808 ], [ 658840.200098788598552, 7181156.208380047231913 ], [ 658845.395175676210783, 7181176.988670120947063 ], [ 658854.746308817644604, 7181189.456842856481671 ], [ 658881.760692425188608, 7181220.627273939549923 ], [ 658901.501971457735635, 7181237.251502729952335 ], [ 658933.711430644383654, 7181282.968136536888778 ], [ 658967.998915988602675, 7181315.177580652758479 ], [ 659008.520490758121014, 7181358.816183602437377 ], [ 659046.444532347144559, 7181417.000990913249552 ], [ 659052.678621770581231, 7181428.430149748921394 ], [ 659051.63961165456567, 7181449.21044113393873 ], [ 659029.820310626528226, 7181465.834678648971021 ], [ 659008.001007406855933, 7181472.068770577199757 ], [ 658988.259731215657666, 7181468.951731042936444 ], [ 658971.635498749325052, 7181466.873705413192511 ], [ 658957.089296161546372, 7181468.951737579889596 ], [ 658945.660138395382091, 7181477.26385644543916 ], [ 658934.230982822366059, 7181495.966120895929635 ], [ 658927.996900193626061, 7181516.746413374319673 ], [ 658926.957889637211338, 7181535.448675645515323 ], [ 658927.996911370544694, 7181569.736155861057341 ], [ 658929.035932447179221, 7181600.906592402607203 ], [ 658926.438408244750462, 7181658.052393676713109 ], [ 658913.97024123207666, 7181691.300862169824541 ], [ 658887.994882624247111, 7181710.003129674121737 ], [ 658849.551349989837036, 7181728.705399792641401 ], [ 658836.044165185419843, 7181746.368650125339627 ], [ 658822.536980598699301, 7181765.070915015414357 ], [ 658814.2248683051439, 7181782.734164258465171 ], [ 658813.185857307515107, 7181799.358397416770458 ], [ 658820.458962106495164, 7181814.943614278919995 ], [ 658838.122209738823585, 7181820.138683371245861 ], [ 658859.941514287609607, 7181820.13867879845202 ], [ 658899.424064275575802, 7181814.943597728386521 ], [ 658923.321398265426978, 7181817.021621835418046 ], [ 658950.335777734406292, 7181828.450776319950819 ], [ 658973.194099852466024, 7181842.996975351125002 ], [ 659007.481588951894082, 7181892.869666993618011 ], [ 659017.871741429902613, 7181928.196159822866321 ], [ 659029.300903368042782, 7181939.625317574478686 ], [ 659053.198241308680736, 7181960.405603745952249 ], [ 659081.251637042732909, 7181980.146874481812119 ], [ 659090.602773267542943, 7182007.161251058802009 ], [ 659098.914893016917631, 7182024.824496820569038 ], [ 659115.53913054196164, 7182050.799857314676046 ], [ 659128.007308741798624, 7182070.541131322272122 ], [ 659133.202387836528942, 7182101.71156701259315 ], [ 659126.968306525377557, 7182128.725946866907179 ], [ 659102.031963507062756, 7182152.623286969028413 ], [ 659083.849216291098855, 7182183.793727565556765 ], [ 659064.107944906223565, 7182203.53500834107399 ], [ 659047.483720975578763, 7182241.978550532832742 ], [ 659028.781468256842345, 7182281.46110772062093 ], [ 659010.079211591160856, 7182302.241402837447822 ], [ 658987.220896254293621, 7182319.904655147343874 ], [ 658964.362579162116162, 7182329.25579097867012 ], [ 658932.153133296407759, 7182346.919045247137547 ], [ 658919.684961890452541, 7182359.387222576886415 ], [ 658904.09974960249383, 7182384.323575278744102 ], [ 658879.163405474973843, 7182403.0258425809443 ], [ 658844.875929721980356, 7182416.533039044588804 ], [ 658816.822540548047982, 7182427.962205082178116 ], [ 658779.418020625831559, 7182438.35235851816833 ], [ 658758.637733191135339, 7182450.820537587627769 ], [ 658740.974491234403104, 7182472.639847043901682 ], [ 658718.116177418269217, 7182497.576201267540455 ], [ 658698.374904264230281, 7182509.005365561693907 ], [ 658674.477574848453514, 7182528.746647203341126 ], [ 658666.165463198442012, 7182549.526940140873194 ], [ 658663.048426031600684, 7182579.658363034948707 ], [ 658641.748632651637308, 7182598.360629574395716 ], [ 658624.085387189290486, 7182603.555706070736051 ], [ 658613.695243687252514, 7182610.828810166567564 ], [ 658604.344114688225091, 7182618.10191404260695 ], [ 658586.680868787923828, 7182621.218961419537663 ], [ 658566.939593224320561, 7182621.218965547159314 ], [ 658543.042260959860869, 7182627.45305790938437 ], [ 658539.92522007226944, 7182639.921233281493187 ], [ 658544.081281582824886, 7182656.545465374365449 ], [ 658561.744532513432205, 7182677.325752882286906 ], [ 658580.446796634700149, 7182691.871952811256051 ], [ 658605.383148435386829, 7182709.535195117816329 ], [ 658622.007385739358142, 7182734.471541084349155 ], [ 658652.13881574687548, 7182779.14916087128222 ], [ 658659.411921865656041, 7182800.968465114943683 ], [ 658657.33389592228923, 7182815.514669395983219 ], [ 658657.33389789017383, 7182824.865800439380109 ], [ 658660.450943587697111, 7182835.255945391021669 ], [ 658668.763062461977825, 7182848.763132934458554 ], [ 658668.763065303908661, 7182862.270322220399976 ], [ 658661.489967936999165, 7182882.011600391939282 ], [ 658657.333913640235551, 7182899.674848789349198 ], [ 658665.646033170516603, 7182916.299080016091466 ], [ 658678.114208747050725, 7182923.572179330512881 ], [ 658685.387311585247517, 7182929.806265173479915 ], [ 658693.699429584667087, 7182939.15739447530359 ], [ 658700.972533954307437, 7182952.664582241326571 ], [ 658700.972536361659877, 7182964.093742405995727 ], [ 658688.504364505410194, 7182974.483890622854233 ], [ 658677.075206494075246, 7182981.756994938477874 ], [ 658668.763092651031911, 7182992.147142285481095 ], [ 658669.802109998418018, 7183005.654331356287003 ], [ 658670.841128003085032, 7183022.278564108535647 ], [ 658662.00950865750201, 7183040.980828048661351 ], [ 658651.619365806342103, 7183051.370975829660892 ], [ 658644.346266902983189, 7183063.83915208093822 ], [ 658642.26824139431119, 7183080.463385486975312 ], [ 658639.151200288673863, 7183091.892546308226883 ], [ 658643.307260709931143, 7183103.321705605834723 ], [ 658667.204594958922826, 7183106.438744287006557 ], [ 658671.360653850133531, 7183110.594801660627127 ], [ 658673.438684826367535, 7183119.945932272821665 ], [ 658673.438686796464026, 7183129.297063319012523 ], [ 658660.970515153720044, 7183140.726226096972823 ], [ 658648.50234504241962, 7183159.428490800783038 ], [ 658633.956147015327588, 7183183.325828745961189 ], [ 658618.370934264967218, 7183206.184152347967029 ], [ 658604.86374942807015, 7183223.847402709536254 ], [ 658587.200506355846301, 7183240.471639379858971 ], [ 658576.8103630640544, 7183248.783758040517569 ], [ 658559.147119989152998, 7183265.407994709908962 ], [ 658542.522891419706866, 7183282.032231165096164 ], [ 658525.898662411607802, 7183296.578438494354486 ], [ 658509.274432745995, 7183308.007602143101394 ], [ 658491.611190108000301, 7183326.709867934696376 ], [ 658483.299076914321631, 7183340.217058967798948 ], [ 658478.104010291979648, 7183368.270453203469515 ], [ 658477.065001250244677, 7183394.245817448943853 ], [ 658480.182051317184232, 7183425.416253633797169 ], [ 658483.299098326591775, 7183442.040485960431397 ], [ 658493.689246430294588, 7183456.58668764680624 ], [ 658520.184122195816599, 7183484.640075260773301 ], [ 658525.379199309158139, 7183506.459379961714149 ], [ 658550.315552882617339, 7183532.434738779440522 ], [ 658558.627671979716979, 7183546.980940900743008 ], [ 658579.407964695361443, 7183559.449111290276051 ], [ 658596.03220070595853, 7183578.151369918137789 ], [ 658626.163623090018518, 7183586.463480103760958 ], [ 658639.670814930694178, 7183602.04869569838047 ], [ 658664.60716720088385, 7183621.789967148564756 ], [ 658689.54351662658155, 7183628.024049298837781 ], [ 658710.323808033834212, 7183634.2581323152408 ], [ 658729.026074808207341, 7183661.27250700071454 ], [ 658751.884400260052644, 7183691.403924497775733 ], [ 658769.547652752720751, 7183719.457313964143395 ], [ 658785.132876236224547, 7183747.510703861713409 ], [ 658796.562038854463026, 7183762.056905331090093 ], [ 658811.108244331437163, 7183773.486062464304268 ], [ 658823.576417077332735, 7183767.251972482539713 ], [ 658849.551778167719021, 7183759.978865107521415 ], [ 658865.136996179353446, 7183762.056890964508057 ], [ 658886.956301658181474, 7183766.212944637984037 ], [ 658915.009696577326395, 7183781.798157185316086 ], [ 658938.907032819697633, 7183794.266326913610101 ], [ 658957.60929434816353, 7183796.344352116808295 ], [ 658967.999441151041538, 7183804.656466430984437 ], [ 658967.999443123000674, 7183814.007597487419844 ], [ 658954.492256969446316, 7183825.436760500073433 ], [ 658943.063100043917075, 7183837.904937636107206 ], [ 658936.829015862895176, 7183851.412128247320652 ], [ 658929.55591914744582, 7183874.270450131036341 ], [ 658929.555923529318534, 7183895.05074136890471 ], [ 658934.231493842904456, 7183918.948075311258435 ], [ 658932.153468337841332, 7183935.572308737784624 ], [ 658923.841355144279078, 7183949.079499787651002 ], [ 658920.72431820188649, 7183980.249937298707664 ], [ 658917.607279725722037, 7184004.147272879257798 ], [ 658922.802356195403263, 7184022.849533906206489 ], [ 658920.724331567529589, 7184043.629825583659112 ], [ 658912.412221878999844, 7184073.76124962605536 ], [ 658898.905038785422221, 7184099.736616510897875 ], [ 658881.241797451046295, 7184124.67296970449388 ], [ 658879.163770848303102, 7184136.102130325511098 ], [ 658884.358844909700565, 7184143.375231171026826 ], [ 658898.905048424610868, 7184145.453257247805595 ], [ 658914.490269073168747, 7184159.999457851983607 ], [ 658930.075491037452593, 7184180.779745828360319 ], [ 658942.543670141603798, 7184204.677078146487474 ], [ 658948.777759586460888, 7184216.106237025931478 ], [ 658965.401998468674719, 7184248.315684972330928 ], [ 658974.753132744925097, 7184265.97893057204783 ], [ 658976.831165482290089, 7184283.642177698202431 ], [ 658975.792154702008702, 7184301.305425477214158 ], [ 658978.90920084901154, 7184313.77359957061708 ], [ 658983.065261940704659, 7184328.319802574813366 ], [ 658999.169990285532549, 7184344.94403219781816 ], [ 659004.365065444726497, 7184357.41220585629344 ], [ 659017.872256650356576, 7184369.88037777505815 ], [ 659038.65254698425997, 7184370.919387977570295 ], [ 659056.315794022171758, 7184372.997413396835327 ], [ 659071.901012703427114, 7184378.192482940852642 ], [ 659087.486231825081632, 7184385.465581609867513 ], [ 659114.500610949471593, 7184394.816707001999021 ], [ 659120.734699739143252, 7184403.128822194412351 ], [ 659129.046816224348731, 7184405.206849573180079 ], [ 659136.319917764980346, 7184405.206848047673702 ], [ 659149.827104145777412, 7184394.816699584946036 ], [ 659161.256263710209168, 7184394.816697185859084 ], [ 659175.802467230707407, 7184396.894723257049918 ], [ 659193.465714486548677, 7184400.011763237416744 ], [ 659206.972902403329499, 7184396.894716709852219 ], [ 659247.494465055409819, 7184382.348504323512316 ], [ 659256.845596046885476, 7184384.426531486213207 ], [ 659268.274758245097473, 7184396.894703835248947 ], [ 659278.664906816324219, 7184413.518934654071927 ], [ 659294.250129673513584, 7184438.455280881375074 ], [ 659319.186480888631195, 7184453.001479518599808 ], [ 659348.278889909386635, 7184466.508662718348205 ], [ 659371.137212554458529, 7184483.132890917360783 ], [ 659382.566374536021613, 7184494.562048703432083 ], [ 659405.424696743604727, 7184509.108247775584459 ], [ 659428.283017412992194, 7184516.381344908848405 ], [ 659442.829222033848055, 7184523.654443787410855 ], [ 659466.726553912740201, 7184515.342322258278728 ], [ 659496.857974365586415, 7184514.303301356732845 ], [ 659519.716293056961149, 7184512.225267423316836 ], [ 659539.457567129284143, 7184504.952161330729723 ], [ 659559.198843623511493, 7184509.10821542609483 ], [ 659574.264556158450432, 7184519.498357882723212 ], [ 659590.888790675322525, 7184530.927514572627842 ], [ 659606.474010464269668, 7184541.317656919360161 ], [ 659615.825142998946831, 7184550.668786017224193 ], [ 659631.410362789873034, 7184561.058928363025188 ], [ 659640.761494664708152, 7184567.293013769201934 ], [ 659666.736859515425749, 7184577.683153929188848 ], [ 659686.47813755273819, 7184589.112309962511063 ], [ 659715.570548787014559, 7184613.009638778865337 ], [ 659737.389854294946417, 7184617.165692435577512 ], [ 659772.716349044814706, 7184624.438786929473281 ], [ 659784.145508612273261, 7184624.438784519210458 ], [ 659813.237912358134054, 7184613.009618196636438 ], [ 659832.979187533957884, 7184610.931584908626974 ], [ 659847.525388635578565, 7184601.580450776964426 ], [ 659855.837503361632116, 7184595.346361645497382 ], [ 659865.188633696641773, 7184594.307345112785697 ], [ 659874.539765574736521, 7184600.54143051803112 ], [ 659881.812869761604816, 7184613.009603735990822 ], [ 659891.164002080331556, 7184621.321718266233802 ], [ 659901.554148462950252, 7184627.555803455412388 ], [ 659916.100355296395719, 7184645.219047956168652 ], [ 659922.334444979554974, 7184657.687221396714449 ], [ 659922.334449167130515, 7184677.428498091176152 ], [ 659915.061351812444627, 7184697.169776322320104 ], [ 659902.593181485310197, 7184714.833026525564492 ], [ 659898.437128311023116, 7184737.691347788088024 ], [ 659895.320092728012241, 7184775.095872716978192 ], [ 659895.320098017575219, 7184800.032222231850028 ], [ 659910.905320241814479, 7184821.851524770259857 ], [ 659928.56856795377098, 7184827.046593860723078 ], [ 659949.348859183606692, 7184832.241662291809916 ], [ 659964.934079867089167, 7184846.78786288946867 ], [ 659981.558315277914517, 7184862.373077830299735 ], [ 659991.948465855792165, 7184888.348439717665315 ], [ 659997.14354169764556, 7184903.933657070621848 ], [ 660001.29960170853883, 7184913.284787263721228 ], [ 660013.76777755189687, 7184921.596901137381792 ], [ 660037.665112745016813, 7184928.869998035952449 ], [ 660064.159984647994861, 7184938.221123514696956 ], [ 660076.628160933731124, 7184948.611266514286399 ], [ 660097.40845415496733, 7184963.157466012984514 ], [ 660111.954660115065053, 7184976.664652267470956 ], [ 660127.539882129873149, 7184997.444940243847668 ], [ 660127.539885881007649, 7185015.108187822625041 ], [ 660124.422845230787061, 7185028.615377805195749 ], [ 660121.305806788033806, 7185052.512713424861431 ], [ 660122.344827034859918, 7185079.527091856114566 ], [ 660129.617933658650145, 7185103.424425279721618 ], [ 660133.773995659314096, 7185122.126686548814178 ], [ 660140.008085128385574, 7185133.555845430120826 ], [ 660147.281191091286018, 7185154.336135167628527 ], [ 660148.320207585231401, 7185163.687266020104289 ], [ 660138.969078568741679, 7185170.960369940847158 ], [ 660129.617949110921472, 7185176.155444735661149 ], [ 660124.422879887279123, 7185191.740664286538959 ], [ 660116.110766702331603, 7185205.247855370864272 ], [ 660107.798655722988769, 7185229.14519209228456 ], [ 660101.564578392542899, 7185274.861834215000272 ], [ 660103.642616013879888, 7185315.383401765488088 ], [ 660106.759662183700129, 7185327.851575874723494 ], [ 660106.759666818426922, 7185349.670881715603173 ], [ 660110.91572793701198, 7185364.217084731906652 ], [ 660119.747353896615095, 7185376.685257636010647 ], [ 660136.371587997535244, 7185386.036385199986398 ], [ 660152.99582121707499, 7185391.231454509310424 ], [ 660165.463996405829675, 7185396.426524695008993 ], [ 660170.659071591682732, 7185408.894698365591466 ], [ 660163.385973353637382, 7185424.479918361641467 ], [ 660154.034845438087359, 7185436.948095105588436 ], [ 660149.878792044008151, 7185458.767401828430593 ], [ 660146.761754262261093, 7185485.7817811537534 ], [ 660138.449643723317422, 7185511.757147012278438 ], [ 660138.449647475965321, 7185529.420394603163004 ], [ 660139.488667502533644, 7185555.395758489146829 ], [ 660143.644728622981347, 7185569.941961508244276 ], [ 660143.644730388652533, 7185578.254078023135662 ], [ 660137.410644448478706, 7185583.449152160435915 ], [ 660128.059513880638406, 7185583.449154134839773 ], [ 660107.279223070014268, 7185580.332114830613136 ], [ 660094.811048980802298, 7185580.3321174653247 ], [ 660072.99174410419073, 7185579.293107507750392 ], [ 660057.406527816550806, 7185585.527198184281588 ], [ 660052.211456381948665, 7185590.722272099927068 ], [ 660052.211458368459716, 7185600.073403179645538 ], [ 660057.406533332541585, 7185611.50256229005754 ], [ 660062.601609180448577, 7185627.087779657915235 ], [ 660067.796683923224919, 7185637.477924204431474 ], [ 660067.796686791582033, 7185650.985113540664315 ], [ 660062.60161800601054, 7185668.648362232372165 ], [ 660048.055422621546313, 7185705.013875054195523 ], [ 660025.197106763487682, 7185720.599098345264792 ], [ 660019.48252851574216, 7185727.872201503254473 ], [ 660016.365487860282883, 7185741.379391500726342 ], [ 660010.131403240375221, 7185752.808553024195135 ], [ 660004.936334672151133, 7185771.510816283524036 ], [ 659992.46816256432794, 7185780.861949995160103 ], [ 659986.234075519256294, 7185780.861951309256256 ], [ 659967.531813497771509, 7185776.705896997824311 ], [ 659956.10265391273424, 7185776.70589940994978 ], [ 659944.673496975214221, 7185789.174076594412327 ], [ 659933.244339814642444, 7185800.603239215910435 ], [ 659920.776168586337008, 7185814.110431184992194 ], [ 659913.503069679252803, 7185826.578607492148876 ], [ 659906.229969887412153, 7185834.89072554372251 ], [ 659902.073915383080021, 7185851.514959456399083 ], [ 659901.034904842730612, 7185870.217221836559474 ], [ 659905.190968824666925, 7185898.270614204928279 ], [ 659909.347032368183136, 7185924.245977448299527 ], [ 659902.073934338521212, 7185940.870212016627192 ], [ 659893.76182025950402, 7185950.221344852820039 ], [ 659882.332663757959381, 7185964.7675511687994 ], [ 659876.09858177928254, 7185988.66488747484982 ], [ 659870.903514087665826, 7186011.523208994418383 ], [ 659868.825489698676392, 7186033.342515295371413 ], [ 659857.39633363566827, 7186049.966750744730234 ], [ 659839.733091405243613, 7186070.747045766562223 ], [ 659824.147876207833178, 7186082.176209265366197 ], [ 659797.133500758325681, 7186090.488331479020417 ], [ 659772.197152563137934, 7186090.488336734473705 ], [ 659741.026717099593952, 7186089.449328736402094 ], [ 659727.519529814482667, 7186095.68341897148639 ], [ 659709.856286478810944, 7186111.268641167320311 ], [ 659702.583190865814686, 7186139.322035953402519 ], [ 659692.193050846923143, 7186163.219373138621449 ], [ 659684.919957873411477, 7186203.74094270914793 ], [ 659681.802918750792742, 7186224.521234665066004 ], [ 659675.049331709509715, 7186258.808716738596559 ], [ 659676.088350620935671, 7186279.589007823728025 ], [ 659685.439483617432415, 7186291.018166072666645 ], [ 659704.141745429486036, 7186294.135205828584731 ], [ 659731.15612176747527, 7186289.979141876101494 ], [ 659738.429223986458965, 7186293.09618404135108 ], [ 659742.585285102715716, 7186307.642387079074979 ], [ 659742.585288405651227, 7186323.227605558000505 ], [ 659740.5072642324958, 7186346.085926431231201 ], [ 659732.195153008680791, 7186368.944248620420694 ], [ 659718.687972324201837, 7186406.348775818012655 ], [ 659707.258818673435599, 7186434.402171490713954 ], [ 659699.985720416065305, 7186449.987391504459083 ], [ 659679.205435305135325, 7186473.884730888530612 ], [ 659670.893320336239412, 7186479.07980546541512 ], [ 659655.308103368501179, 7186482.196852443739772 ], [ 659640.761900906101801, 7186485.313899202272296 ], [ 659633.488800665829331, 7186491.547988127917051 ], [ 659633.488801985280588, 7186497.782075519673526 ], [ 659642.839934764313512, 7186508.172219205647707 ], [ 659664.659241647925228, 7186518.56236026622355 ], [ 659675.049389376305044, 7186531.030532866716385 ], [ 659680.244465663097799, 7186548.69377938657999 ], [ 659685.439540626946837, 7186560.122938511893153 ], [ 659689.595602404442616, 7186577.786185253411531 ], [ 659696.349200672819279, 7186596.488446014001966 ], [ 659701.544278720393777, 7186622.463809059932828 ], [ 659700.505267734872177, 7186639.088042329996824 ], [ 659691.154139135731384, 7186648.439175390638411 ], [ 659675.568922823644243, 7186654.673266069963574 ], [ 659664.139764544437639, 7186660.90735587105155 ], [ 659656.866664083208889, 7186666.102430230006576 ], [ 659653.749621656024829, 7186671.297503715381026 ], [ 659650.632579670287669, 7186678.570606332272291 ], [ 659649.593566922005266, 7186686.882723076269031 ], [ 659650.632584732258692, 7186702.467941345646977 ], [ 659658.94470234378241, 7186709.741041554138064 ], [ 659663.100762800779194, 7186721.17020090483129 ], [ 659674.529924600850791, 7186731.560344155877829 ], [ 659674.529925480484962, 7186735.716402418911457 ], [ 659677.646971648558974, 7186748.18457655236125 ], [ 659677.64697649073787, 7186771.042897000908852 ], [ 659678.685994522180408, 7186787.667129838839173 ], [ 659674.529939566622488, 7186802.213334634900093 ], [ 659665.178812286118045, 7186817.798555094748735 ], [ 659669.334874063264579, 7186835.461801839992404 ], [ 659682.842065543867648, 7186848.968988353386521 ], [ 659701.544328909832984, 7186859.359130072407424 ], [ 659721.285609868937172, 7186884.29547549970448 ], [ 659747.26097766449675, 7186908.192805049009621 ], [ 659754.534083412960172, 7186927.934080271050334 ], [ 659757.651132665923797, 7186954.948458334431052 ], [ 659753.495079912361689, 7186979.884808797389269 ], [ 659745.182969343150035, 7187005.860174704343081 ], [ 659745.182976169278845, 7187038.06962625682354 ], [ 659748.300026523182169, 7187070.279077154584229 ], [ 659756.612145901657641, 7187085.864293898455799 ], [ 659764.404761329526082, 7187117.03472924977541 ], [ 659765.443780024303123, 7187136.776005791500211 ], [ 659769.599842686555348, 7187158.595310810953379 ], [ 659772.716889077564701, 7187172.102499518543482 ], [ 659771.677879853523336, 7187197.038849333301187 ], [ 659763.365767960203812, 7187216.780127847567201 ], [ 659738.429423692170531, 7187235.482395297847688 ], [ 659712.454062269767746, 7187241.716488169506192 ], [ 659670.893482321174815, 7187243.794526055455208 ], [ 659666.737424282124266, 7187243.794526929035783 ], [ 659629.332903691916727, 7187252.106651337817311 ], [ 659616.864730455679819, 7187256.262712229043245 ], [ 659598.162471700110473, 7187267.691876398399472 ], [ 659591.928387721301988, 7187282.23808164242655 ], [ 659588.811347271548584, 7187296.784286230802536 ], [ 659586.733323971973732, 7187323.798665400594473 ], [ 659580.499242850928567, 7187351.852060013450682 ], [ 659565.953041031840257, 7187358.086150475777686 ], [ 659550.367823604494333, 7187359.125168320722878 ], [ 659529.587530768360011, 7187346.656997893936932 ], [ 659502.573151753400452, 7187338.344887042418122 ], [ 659471.402715138625354, 7187332.110806199721992 ], [ 659445.427351733786054, 7187328.993767959997058 ], [ 659412.178887419519015, 7187328.993774952366948 ], [ 659389.320568862603977, 7187332.1108234571293 ], [ 659358.15013466461096, 7187337.305902842432261 ], [ 659335.291815448785201, 7187337.3059076461941 ], [ 659310.355465455446392, 7187328.993796352297068 ], [ 659273.470447283005342, 7187314.447600169107318 ], [ 659253.729167866287753, 7187296.784356683492661 ], [ 659235.026905592530966, 7187291.589287778362632 ], [ 659211.12956989207305, 7187282.238161696121097 ], [ 659200.739425013540313, 7187283.277178443968296 ], [ 659188.271253309445456, 7187294.70634129550308 ], [ 659159.17885230074171, 7187319.642697001807392 ], [ 659145.67167113116011, 7187354.969195103272796 ], [ 659136.320549316122197, 7187396.529779735952616 ], [ 659116.579290295951068, 7187475.494890955276787 ], [ 659100.994079882279038, 7187509.782374932430685 ], [ 659088.525912119541317, 7187539.913799989968538 ], [ 659094.760006416589022, 7187574.201279392465949 ], [ 659113.462271547177806, 7187592.903537674807012 ], [ 659148.788767526391894, 7187605.371705064550042 ], [ 659180.998222827794962, 7187631.347062481567264 ], [ 659222.558813333045691, 7187679.141723843291402 ], [ 659236.066010306240059, 7187718.624274556525052 ], [ 659243.339116268558428, 7187739.404564375989139 ], [ 659254.248774773906916, 7187768.496969967149198 ], [ 659261.521881395834498, 7187792.394303489476442 ], [ 659260.482871274696663, 7187813.17459505237639 ], [ 659246.97569076041691, 7187851.618136880919337 ], [ 659235.546539045171812, 7187889.022663710638881 ], [ 659231.390488465200178, 7187924.349159875884652 ], [ 659224.117394570726901, 7187960.714671267196536 ], [ 659224.117400496732444, 7187988.768064590170979 ], [ 659239.702626716694795, 7188029.289629453793168 ], [ 659252.170805675676093, 7188052.147947324439883 ], [ 659276.068145570461638, 7188081.240350199863315 ], [ 659287.497313093394041, 7188118.644872238859534 ], [ 659283.860767355188727, 7188142.54220806248486 ], [ 659279.704713263199665, 7188161.244471155107021 ], [ 659277.626688411575742, 7188180.985748380422592 ], [ 659277.6266914854059, 7188195.531952330842614 ], [ 659295.289941466180608, 7188211.117167139425874 ], [ 659334.77249596058391, 7188225.663362793624401 ], [ 659363.864906882401556, 7188247.482662608847022 ], [ 659385.684216008754447, 7188268.262949381023645 ], [ 659424.127760171890259, 7188302.550422042608261 ], [ 659457.376233100192621, 7188343.071983207017183 ], [ 659478.156531897489913, 7188383.593546994030476 ], [ 659488.546686681103893, 7188429.310185806825757 ], [ 659492.183244724525139, 7188463.5976657923311 ], [ 659473.480987696908414, 7188483.338946524076164 ], [ 659456.856757931411266, 7188494.768110272474587 ], [ 659438.15449914324563, 7188506.197274455800653 ], [ 659422.569282349897549, 7188510.353336004540324 ], [ 659411.14012755616568, 7188533.211658913642168 ], [ 659404.906047518365085, 7188566.460126409307122 ], [ 659374.774638544768095, 7188622.566919440403581 ], [ 659352.955337754683569, 7188641.26918625831604 ], [ 659320.745893602608703, 7188668.28357180673629 ], [ 659297.887581809656695, 7188703.610071938484907 ], [ 659289.575468130060472, 7188715.03923393972218 ], [ 659265.678139409632422, 7188738.936574036255479 ], [ 659232.42967986036092, 7188761.794901529327035 ], [ 659205.415307161398232, 7188783.614213142544031 ], [ 659184.635022409143858, 7188809.589581723324955 ], [ 659161.776710606878623, 7188844.916081858798862 ], [ 659142.035443653003313, 7188886.476668754592538 ], [ 659131.645307305385359, 7188928.037253689020872 ], [ 659118.138127420912497, 7188969.597839280031621 ], [ 659123.852723026415333, 7189044.406887048855424 ], [ 659126.969773142365739, 7189075.577323467470706 ], [ 659130.086825450998731, 7189117.137905579060316 ], [ 659135.281909416313283, 7189171.166662085801363 ], [ 659139.437975363340229, 7189208.571185708045959 ], [ 659157.101227118517272, 7189232.46851709485054 ], [ 659180.99856331711635, 7189243.897672340273857 ], [ 659193.466739661176689, 7189254.287815418094397 ], [ 659204.895903687225655, 7189275.068104404956102 ], [ 659202.817882341332734, 7189311.433614770881832 ], [ 659183.076616036356427, 7189356.111245401203632 ], [ 659165.413375901873223, 7189387.281686194241047 ], [ 659163.854857861762866, 7189404.944934204220772 ], [ 659162.815849271370098, 7189432.998327801004052 ], [ 659166.971913902903907, 7189464.168764017522335 ], [ 659182.557139931828715, 7189503.65131439268589 ], [ 659188.791233371361159, 7189533.782735606655478 ], [ 659190.869267440517433, 7189557.680070273578167 ], [ 659189.83025885222014, 7189585.733463875949383 ], [ 659189.830263678566553, 7189608.591784412972629 ], [ 659190.869281702442095, 7189625.216017313301563 ], [ 659197.103373167105019, 7189645.996307400986552 ], [ 659208.532536101527512, 7189661.581523549742997 ], [ 659236.585929051972926, 7189666.776590511202812 ], [ 659269.834395005833358, 7189674.049685516394675 ], [ 659299.965817640535533, 7189682.361795748583972 ], [ 659330.097240935312584, 7189693.790949689224362 ], [ 659342.565417726989836, 7189706.259121907874942 ], [ 659345.682465659105219, 7189727.039412653073668 ], [ 659345.682473782915622, 7189765.482951747253537 ], [ 659345.68248146912083, 7189801.848461698740721 ], [ 659349.838543475372717, 7189820.55072308704257 ], [ 659353.475099981529638, 7189847.565101147629321 ], [ 659354.514118008315563, 7189864.189334051683545 ], [ 659354.514124815817922, 7189896.398785728961229 ], [ 659354.514131623785943, 7189928.608237408101559 ], [ 659354.51413996797055, 7189968.090791078284383 ], [ 659339.967944246483967, 7190003.417289528995752 ], [ 659320.226672660326585, 7190023.158570513129234 ], [ 659299.446386561496183, 7190042.899851717054844 ], [ 659284.900191054097377, 7190079.265364740043879 ], [ 659267.236948931124061, 7190101.084674428217113 ], [ 659248.534690758795477, 7190115.630882343277335 ], [ 659227.754402239574119, 7190123.943003268912435 ], [ 659205.935100085800514, 7190136.411182697862387 ], [ 659184.115800123894587, 7190159.269507832825184 ], [ 659183.076790436170995, 7190182.127828605473042 ], [ 659195.544969866285101, 7190207.064175683073699 ], [ 659225.676395154441707, 7190227.844460770487785 ], [ 659261.00289257557597, 7190246.546715627424419 ], [ 659294.77086756832432, 7190262.131927095353603 ], [ 659342.565536524401978, 7190268.366004480049014 ], [ 659358.150755111360922, 7190272.522059489041567 ], [ 659384.126118616200984, 7190275.639097741805017 ], [ 659424.647683780058287, 7190271.48303094226867 ], [ 659456.85713261179626, 7190266.28795131854713 ], [ 659491.144610691349953, 7190262.131885824725032 ], [ 659522.315046106930822, 7190262.131879268214107 ], [ 659551.407453814754263, 7190268.365960573777556 ], [ 659577.382819300866686, 7190280.834129955619574 ], [ 659599.202127391472459, 7190296.419343927875161 ], [ 659623.099464293103665, 7190310.965542888268828 ], [ 659650.113844074308872, 7190322.394697481766343 ], [ 659674.011181195732206, 7190337.979911015368998 ], [ 659701.025561200222, 7190350.44808017835021 ], [ 659728.039942966890521, 7190371.22836590744555 ], [ 659757.132351121283136, 7190379.540476346388459 ], [ 659792.4588448186405, 7190380.57948347274214 ], [ 659815.317164127598517, 7190380.579478656873107 ], [ 659870.904437984456308, 7190368.111292092129588 ], [ 659918.699104307917878, 7190361.877194589003921 ], [ 659954.025597786065191, 7190361.877187140285969 ], [ 659982.078992968890816, 7190377.46239978633821 ], [ 660003.898302394314669, 7190399.281701171770692 ], [ 660010.13239653641358, 7190432.530166128650308 ], [ 660008.054372578626499, 7190456.427501700818539 ], [ 659997.664234713185579, 7190490.714984739199281 ], [ 659982.079024275066331, 7190525.002468872815371 ], [ 659967.532827469403856, 7190555.133894503116608 ], [ 659954.025651347823441, 7190614.357727912254632 ], [ 659927.011285432847217, 7190668.386491315439343 ], [ 659924.93326191441156, 7190694.361856036819518 ], [ 659924.933266762527637, 7190717.220176607370377 ], [ 659924.933271831599995, 7190741.117511751130223 ], [ 659927.011306810425594, 7190769.17090474255383 ], [ 659933.245398086146452, 7190788.912180285900831 ], [ 659946.752592505421489, 7190815.926556296646595 ], [ 659980.520570404245518, 7190845.018957176245749 ], [ 659987.793674212298356, 7190855.409101359546185 ], [ 659999.222840267699212, 7190885.540521524846554 ], [ 660000.261859412654303, 7190907.359827309846878 ], [ 659999.222851071506739, 7190936.452235538512468 ], [ 659995.066799626103602, 7190967.622673566453159 ], [ 659990.910747519345023, 7190995.676067879423499 ], [ 659992.988781398860738, 7191018.534388022497296 ], [ 660003.378930296516046, 7191036.197633551433682 ], [ 660035.588382465299219, 7191046.587772473692894 ], [ 660066.758819678216241, 7191054.899882471188903 ], [ 660091.695171565981582, 7191071.524110356345773 ], [ 660103.124335646163672, 7191092.304399384185672 ], [ 660118.709556901711039, 7191108.9286292437464 ], [ 660139.489849186851643, 7191118.279756003059447 ], [ 660161.309157756739296, 7191135.942999119870365 ], [ 660177.933393308427185, 7191151.528214189223945 ], [ 660182.089455121429637, 7191169.191461036913097 ], [ 660183.128474933095276, 7191194.127810545265675 ], [ 660173.7773473871639, 7191208.674016527831554 ], [ 660152.997060613823123, 7191225.298254072666168 ], [ 660138.450859387172386, 7191234.649388291873038 ], [ 660132.216775165405124, 7191248.156579045578837 ], [ 660123.38515443331562, 7191260.624755777418613 ], [ 660122.346141903079115, 7191269.975887145847082 ], [ 660122.346145876450464, 7191288.678149444982409 ], [ 660121.307138199917972, 7191320.887601402588189 ], [ 660118.190100391046144, 7191347.901980940252542 ], [ 660116.112076876219362, 7191373.877345684915781 ], [ 660111.95602521172259, 7191404.008769161999226 ], [ 660101.565884468727745, 7191424.789062799885869 ], [ 660072.473483330453746, 7191449.725418681278825 ], [ 660053.771224255440757, 7191460.115568352863193 ], [ 660022.600794522906654, 7191487.129953812807798 ], [ 660003.898538974695839, 7191514.144336642697453 ], [ 659982.07924076076597, 7191545.314778421074152 ], [ 659965.455011375946924, 7191558.821971371769905 ], [ 659954.025853465660475, 7191567.134090362116694 ], [ 659941.557680159225129, 7191571.290151281282306 ], [ 659917.660347180208191, 7191575.44621461071074 ], [ 659901.036116030416451, 7191580.641290980391204 ], [ 659893.763015743345022, 7191586.875379947945476 ], [ 659888.567945587681606, 7191598.304541342891753 ], [ 659890.645977703854442, 7191612.8507449189201 ], [ 659898.958097134949639, 7191628.435961757786572 ], [ 659913.504302779212594, 7191639.865118989720941 ], [ 659931.167551089543849, 7191647.138217274099588 ], [ 659951.947842508554459, 7191652.333285758271813 ], [ 659975.845178796211258, 7191663.762441017664969 ], [ 659998.703500790987164, 7191676.230611068196595 ], [ 660021.561823003110476, 7191689.737795691005886 ], [ 660039.744579016114585, 7191699.088923010975122 ], [ 660048.056698451284319, 7191714.674139849841595 ], [ 660062.602906305226497, 7191736.493442807346582 ], [ 660063.641925893723965, 7191760.390777764841914 ], [ 660049.095726419473067, 7191778.054028573445976 ], [ 660033.510511106462218, 7191789.483192162588239 ], [ 659998.18402086943388, 7191805.068418208509684 ], [ 659984.676833704812452, 7191812.341523068957031 ], [ 659963.896545587689616, 7191822.731673181056976 ], [ 659939.999214804498479, 7191837.277882240712643 ], [ 659929.609072949388064, 7191852.863103026524186 ], [ 659923.374989159172401, 7191868.448322936892509 ], [ 659914.023864463437349, 7191896.501718379557133 ], [ 659901.555701066157781, 7191947.413435090333223 ], [ 659889.087532819481567, 7191975.466831192374229 ], [ 659878.697393825394101, 7192004.559241429902613 ], [ 659877.658384156529792, 7192027.417562259361148 ], [ 659877.658389443298802, 7192052.353912017308176 ], [ 659888.048538792529143, 7192072.095186717808247 ], [ 659900.516715852427296, 7192085.602373544126749 ], [ 659914.023908091709018, 7192102.226603869348764 ], [ 659917.140955386450514, 7192119.889850959181786 ], [ 659918.179972326382995, 7192131.319011046551168 ], [ 659919.738497187034227, 7192145.865214746445417 ], [ 659910.387372707249597, 7192174.957624771632254 ], [ 659907.270334005821496, 7192197.81594604626298 ], [ 659907.270341496914625, 7192233.142441544681787 ], [ 659910.387392316712067, 7192267.429921814240515 ], [ 659901.036265192436986, 7192284.054156962782145 ], [ 659885.451049425289966, 7192293.405291411094368 ], [ 659852.202588636195287, 7192311.068546169437468 ], [ 659825.188213623594493, 7192322.497712170705199 ], [ 659807.524967060657218, 7192323.53673046734184 ], [ 659777.393547176616266, 7192328.731809683144093 ], [ 659756.613259042496793, 7192339.121959795244038 ], [ 659734.793955071363598, 7192343.27802268601954 ], [ 659710.896622066618875, 7192347.434086014516652 ], [ 659698.428448746562935, 7192351.590146933682263 ], [ 659662.062938679708168, 7192342.239023426547647 ], [ 659648.555747981416062, 7192332.887895107269287 ], [ 659631.93151263485197, 7192318.341694572940469 ], [ 659612.190235718037002, 7192313.146625860594213 ], [ 659597.644032264593989, 7192312.107614347711205 ], [ 659589.331917669158429, 7192319.380718110129237 ], [ 659585.175862680887803, 7192333.926923017948866 ], [ 659579.980794714763761, 7192355.746230155229568 ], [ 659574.78572564967908, 7192372.370464428327978 ], [ 659563.356569921597838, 7192391.072729161009192 ], [ 659541.537271003937349, 7192419.126127243041992 ], [ 659522.835012997500598, 7192434.711349783465266 ], [ 659506.210782047128305, 7192440.945440718904138 ], [ 659468.806261855643243, 7192452.374608897604048 ], [ 659459.455132961622439, 7192460.686727453023195 ], [ 659456.338092268095352, 7192474.193917566910386 ], [ 659456.338097319938242, 7192498.091252766549587 ], [ 659460.49415890336968, 7192514.715485076420009 ], [ 659481.793957820278592, 7192520.94956804253161 ], [ 659498.418191630858928, 7192528.222666563466191 ], [ 659514.003411803161725, 7192539.651823598891497 ], [ 659514.003414659993723, 7192553.159013059921563 ], [ 659514.003419715329073, 7192577.056348261423409 ], [ 659509.847365603549406, 7192595.758611466735601 ], [ 659502.574265741626732, 7192604.070729587227106 ], [ 659481.79398001357913, 7192625.89004001300782 ], [ 659474.520882128505036, 7192643.553289302624762 ], [ 659462.052712097996846, 7192663.294568830169737 ], [ 659448.545528207789175, 7192686.152892300859094 ], [ 659439.194403265253641, 7192713.167273193597794 ], [ 659428.804261606186628, 7192729.791508565656841 ], [ 659412.18003306328319, 7192747.454759823158383 ], [ 659395.555804302217439, 7192764.078996501863003 ], [ 659376.853544745943509, 7192772.391117026098073 ], [ 659363.346357557573356, 7192779.664221884682775 ], [ 659344.644099758937955, 7192796.288459001109004 ], [ 659333.2149427018594, 7192808.75663629360497 ], [ 659307.239583059446886, 7192824.341860363259912 ], [ 659283.342250914312899, 7192832.653981977142394 ], [ 659255.808365105418488, 7192827.458914885297418 ], [ 659223.59891396923922, 7192822.263848775997758 ], [ 659191.389463929925114, 7192822.26385553739965 ], [ 659141.516764682950452, 7192810.834705683402717 ], [ 659112.42435731808655, 7192806.678653491660953 ], [ 659081.253921577706933, 7192805.639645455405116 ], [ 659033.459251150256023, 7192793.17148058488965 ], [ 658997.093741070129909, 7192783.820357039570808 ], [ 658984.625565766356885, 7192778.625286782160401 ], [ 658963.84527476306539, 7192775.508247415535152 ], [ 658934.752867619972676, 7192772.391209787689149 ], [ 658902.543416488799267, 7192767.196143665350974 ], [ 658883.841154301189817, 7192763.040089285001159 ], [ 658859.943819746025838, 7192759.923050569370389 ], [ 658849.553674135822803, 7192757.845023594796658 ], [ 658826.695354316616431, 7192755.766999233514071 ], [ 658791.368861384340562, 7192758.884050352498889 ], [ 658786.173790547065437, 7192767.196168033406138 ], [ 658779.939706069300883, 7192779.664344228804111 ], [ 658776.82266492350027, 7192791.09350520092994 ], [ 658776.82266995543614, 7192814.990840407088399 ], [ 658775.783656532643363, 7192820.185913497582078 ], [ 658777.861686880234629, 7192826.420000507496297 ], [ 658779.939717446104623, 7192833.693102091550827 ], [ 658778.900704897241667, 7192843.044233478605747 ], [ 658771.627605681307614, 7192854.473395319655538 ], [ 658768.510564316879027, 7192864.863541714847088 ], [ 658768.510566284414381, 7192874.214672885835171 ], [ 658772.666627417434938, 7192888.76087605766952 ], [ 658790.329875965369865, 7192897.072988955304027 ], [ 658810.071154860779643, 7192911.619188864715397 ], [ 658830.851448493893258, 7192927.204403130337596 ], [ 658852.670755332685076, 7192936.555529730394483 ], [ 658873.451046777889132, 7192941.750598253682256 ], [ 658898.387398264487274, 7192956.296797070652246 ], [ 658913.972619969397783, 7192974.999056147411466 ], [ 658927.479812640231103, 7192993.70131566002965 ], [ 658949.299120357842185, 7193007.208500558510423 ], [ 658974.235472067026421, 7193022.793713951483369 ], [ 658992.937734480481595, 7193027.988782902248204 ], [ 659004.366895489627495, 7193034.222867956385016 ], [ 659014.757044827798381, 7193053.964142696000636 ], [ 659019.952124209376052, 7193086.173593420535326 ], [ 659023.069172363961115, 7193107.992898834869266 ], [ 659028.264248896273784, 7193126.695160090923309 ], [ 659041.77144069573842, 7193141.24136130604893 ], [ 659060.473702893825248, 7193145.397415684536099 ], [ 659080.214979171287268, 7193147.475440694019198 ], [ 659098.917240930721164, 7193149.55346592143178 ], [ 659106.190343432244845, 7193153.709522693417966 ], [ 659110.34640238143038, 7193157.865580121055245 ], [ 659113.463447908172384, 7193167.216710641980171 ], [ 659114.502467029262334, 7193189.036016495898366 ], [ 659117.619512994540855, 7193200.46517616417259 ], [ 659132.165718876523897, 7193212.933348010294139 ], [ 659151.387491624453105, 7193232.674620903097093 ], [ 659159.699610619456507, 7193246.181808630004525 ], [ 659166.972717288765125, 7193270.079142329283059 ], [ 659166.972722552251071, 7193295.015492126345634 ], [ 659174.245829002931714, 7193317.873811250552535 ], [ 659185.674991554347798, 7193331.380998328328133 ], [ 659205.416268495609984, 7193336.576067060232162 ], [ 659218.923458545235917, 7193342.810151675716043 ], [ 659238.664736584527418, 7193353.200293282046914 ], [ 659244.898825008654967, 7193359.434379423037171 ], [ 659244.898826326010749, 7193365.668466873466969 ], [ 659236.586711715906858, 7193372.941570647060871 ], [ 659221.001493285526522, 7193369.824530190788209 ], [ 659204.377260996028781, 7193369.824533679522574 ], [ 659188.79204453912098, 7193376.058624401688576 ], [ 659174.245844793156721, 7193392.682860654778779 ], [ 659155.543586095911451, 7193405.151039481163025 ], [ 659137.880340602947399, 7193411.385130637325346 ], [ 659132.685270423302427, 7193422.814292054623365 ], [ 659126.451184848090634, 7193430.087395388633013 ], [ 659120.217098177061416, 7193432.165425846353173 ], [ 659104.631880405708216, 7193432.165429117158055 ], [ 659071.383412970695645, 7193418.658246612176299 ], [ 659070.344395385589451, 7193404.112042775377631 ], [ 659070.344392317580059, 7193389.565838724374771 ], [ 659070.344389906153083, 7193378.136678397655487 ], [ 659065.149314027396031, 7193362.551460861228406 ], [ 659060.993255735840648, 7193361.512447159737349 ], [ 659053.720155642251484, 7193368.785550709813833 ], [ 659051.642130550928414, 7193387.48781349696219 ], [ 659045.408045632764697, 7193397.877960555255413 ], [ 659029.822829394135624, 7193405.151065848767757 ], [ 658999.691408365732059, 7193405.151072163134813 ], [ 658974.755059491260909, 7193403.073048241436481 ], [ 658962.286881987471133, 7193387.48783222772181 ], [ 658949.818705579498783, 7193377.097689088433981 ], [ 658923.843340436113067, 7193366.707548781298101 ], [ 658910.336150824441575, 7193362.551493311300874 ], [ 658895.789946913253516, 7193359.434452631510794 ], [ 658877.087686243234202, 7193362.551500272937119 ], [ 658867.736557331867516, 7193370.863618833944201 ], [ 658854.229370345943607, 7193379.175738262012601 ], [ 658837.605139368213713, 7193385.409829194657505 ], [ 658820.980908390483819, 7193391.643920127302408 ], [ 658806.434706886531785, 7193399.95603977330029 ], [ 658789.810478314408101, 7193417.61929102987051 ], [ 658777.342307595186867, 7193434.243526841513813 ], [ 658769.030194730963558, 7193449.828747211024165 ], [ 658753.444980019354261, 7193464.374954525381327 ], [ 658736.82074969552923, 7193473.726089181378484 ], [ 658713.962431823136285, 7193480.999195990152657 ], [ 658697.338200405007228, 7193485.155257768929005 ], [ 658670.323822709615342, 7193484.116248844191432 ], [ 658650.582547737751156, 7193488.272311275824904 ], [ 658638.114377013873309, 7193504.896547087468207 ], [ 658621.490151495207101, 7193537.106002397835255 ], [ 658616.295084366458468, 7193563.081367865204811 ], [ 658614.217059919028543, 7193584.900674384087324 ], [ 658604.865936026675627, 7193617.110128177329898 ], [ 658604.865939305280335, 7193632.695346808061004 ], [ 658592.397769232629798, 7193652.436626347713172 ], [ 658578.371077165240422, 7193671.138891639187932 ], [ 658567.980936131440103, 7193690.880170745775104 ], [ 658550.317693465389311, 7193710.621451374143362 ], [ 658535.771490641403943, 7193712.699483565054834 ], [ 658529.537403748603538, 7193713.738499443046749 ], [ 658513.952185751404613, 7193712.699488123878837 ], [ 658502.523024516762234, 7193705.426388485357165 ], [ 658487.976819509873167, 7193697.114274917170405 ], [ 658471.352586775203235, 7193695.036249238997698 ], [ 658450.572296621860005, 7193696.075268156826496 ], [ 658429.792007777607068, 7193703.348374526947737 ], [ 658423.557922630570829, 7193712.699507009238005 ], [ 658419.40186630259268, 7193721.011624481528997 ], [ 658416.284826456801966, 7193738.674872918054461 ], [ 658416.284829292795621, 7193752.182062398642302 ], [ 658415.245817612623796, 7193765.689252099953592 ], [ 658422.518921426031739, 7193776.079396336339414 ], [ 658431.870053841383196, 7193784.391510987654328 ], [ 658447.455274022649974, 7193795.820668065920472 ], [ 658452.130843941587955, 7193817.63997317943722 ], [ 658434.467605197336525, 7193856.083516171202064 ], [ 658429.272534131770954, 7193863.356619287282228 ], [ 658420.96042147371918, 7193879.980854233726859 ], [ 658418.882398983114399, 7193911.151291942223907 ], [ 658418.88240160245914, 7193923.619466850534081 ], [ 658415.765361538855359, 7193940.243700717575848 ], [ 658405.375218967208639, 7193952.711877796798944 ], [ 658394.985076177516021, 7193964.141040302813053 ], [ 658383.555918870144524, 7193975.570203021168709 ], [ 658373.165776080451906, 7193986.999365527182817 ], [ 658365.892675973940641, 7193994.272469077259302 ], [ 658360.69760708801914, 7194011.935717953369021 ], [ 658364.853666909737512, 7194020.247833692468703 ], [ 658378.360858057509176, 7194031.676991209387779 ], [ 658393.946079334360547, 7194048.301221173256636 ], [ 658410.570314914453775, 7194063.886436340399086 ], [ 658421.999477461678907, 7194077.393623441457748 ], [ 658431.350610097753815, 7194086.744752675294876 ], [ 658447.974843932082877, 7194094.017851233482361 ], [ 658466.67710767837707, 7194105.447007665410638 ], [ 658471.872184641077183, 7194126.22729810141027 ], [ 658472.91120309010148, 7194144.929560255259275 ], [ 658465.638104293146171, 7194158.436751263216138 ], [ 658454.208950257510878, 7194185.451132632791996 ], [ 658454.208954405970871, 7194205.19240958057344 ], [ 658454.208957460941747, 7194219.738613650202751 ], [ 658453.169948399765417, 7194245.713978272862732 ], [ 658445.896854403661564, 7194282.07948996219784 ], [ 658445.896857896237634, 7194298.703723184764385 ], [ 658446.935876344563439, 7194317.405985343270004 ], [ 658444.857851236127317, 7194336.108248151838779 ], [ 658430.311650799936615, 7194349.615440683439374 ], [ 658402.258258991292678, 7194350.654461119323969 ], [ 658376.28289469529409, 7194344.420379083603621 ], [ 658352.385558565729298, 7194334.030238308012486 ], [ 658339.91738214972429, 7194323.640095144510269 ], [ 658323.293147658579983, 7194313.249952850863338 ], [ 658298.356797883752733, 7194307.015870598144829 ], [ 658290.044683035113849, 7194313.249959790147841 ], [ 658293.161729865008965, 7194328.835177786648273 ], [ 658301.473850163863972, 7194348.576453004032373 ], [ 658314.981042625731789, 7194366.239697984419763 ], [ 658323.293163798633032, 7194390.137031508609653 ], [ 658324.332183770602569, 7194416.112395703792572 ], [ 658333.163810241152532, 7194430.658597933128476 ], [ 658344.592972574639134, 7194443.126770467497408 ], [ 658346.671005759155378, 7194462.86804698780179 ], [ 658347.710025078966282, 7194485.726367456838489 ], [ 658354.983133478439413, 7194517.935817814432085 ], [ 658360.178212840575725, 7194550.145268606953323 ], [ 658366.412307157996111, 7194584.432748338207603 ], [ 658375.763443291187286, 7194610.408110806718469 ], [ 658389.270638814661652, 7194642.617559866979718 ], [ 658398.621773857390508, 7194663.397849453613162 ], [ 658410.05093728704378, 7194681.061094874516129 ], [ 658435.782253138604574, 7194709.25365936011076 ], [ 658466.004295559367165, 7194721.698023061268032 ], [ 658499.781871143379249, 7194729.69796815700829 ], [ 658543.337166049401276, 7194740.36456192471087 ], [ 658576.225861287093721, 7194763.475527935661376 ], [ 658593.114663378684781, 7194835.47509378194809 ], [ 658593.114667491056025, 7194855.030532377772033 ], [ 658586.003602478187531, 7194870.141554599627852 ], [ 658574.448117600171827, 7194874.585974879562855 ], [ 658554.892681196331978, 7194879.919280402362347 ], [ 658536.226128688082099, 7194887.030352883040905 ], [ 658521.115109715610743, 7194891.474773904308677 ], [ 658495.337487334851176, 7194890.585895719006658 ], [ 658474.004283321439289, 7194893.252550894394517 ], [ 658455.337728197686374, 7194887.91925335675478 ], [ 658436.671173634706065, 7194885.252606536261737 ], [ 658420.671270017162897, 7194884.363726306706667 ], [ 658399.338065442861989, 7194884.363730760291219 ], [ 658378.004860495915636, 7194882.585968067869544 ], [ 658353.116121825529262, 7194882.58597326464951 ], [ 658331.782919863238931, 7194895.030347732827067 ], [ 658315.507639912539162, 7194911.680200934410095 ], [ 658301.163508013356477, 7194944.837523592635989 ] ] ] ] } }
]
}
